complejo,hora,franja,share
LineaA:1059,5,05:00,0.00014772139744441984
LineaA:1059,5,05:15,0.1975035083831893
LineaA:1059,5,05:30,0.28783514292045204
LineaA:1059,5,05:45,0.5145136272989143
LineaA:1059,6,06:00,0.12554400747202957
LineaA:1059,6,06:15,0.2138471016076787
LineaA:1059,6,06:30,0.2571391665507442
LineaA:1059,6,06:45,0.4034697243695475
LineaA:1059,7,07:00,0.2081842319793348
LineaA:1059,7,07:15,0.27170550122609605
LineaA:1059,7,07:30,0.2701962081056571
LineaA:1059,7,07:45,0.24991405868891212
LineaA:1059,8,08:00,0.2507928042619322
LineaA:1059,8,08:15,0.27750442995509833
LineaA:1059,8,08:30,0.26484536732786257
LineaA:1059,8,08:45,0.20685739845510695
LineaA:1059,9,09:00,0.2906176934370072
LineaA:1059,9,09:15,0.28459572617040946
LineaA:1059,9,09:30,0.24082431624163994
LineaA:1059,9,09:45,0.18396226415094338
LineaA:1059,10,10:00,0.27419078075033154
LineaA:1059,10,10:15,0.26189844785898136
LineaA:1059,10,10:30,0.24002807893300057
LineaA:1059,10,10:45,0.22388269245768663
LineaA:1059,11,11:00,0.22677506268591632
LineaA:1059,11,11:15,0.26569484028718715
LineaA:1059,11,11:30,0.2591692753352334
LineaA:1059,11,11:45,0.24836082169166315
LineaA:1059,12,12:00,0.22669140098711604
LineaA:1059,12,12:15,0.24735448839901697
LineaA:1059,12,12:30,0.25888438284936666
LineaA:1059,12,12:45,0.2670697277645004
LineaA:1059,13,13:00,0.2682730127251694
LineaA:1059,13,13:15,0.2732242604528177
LineaA:1059,13,13:30,0.24454800859362089
LineaA:1059,13,13:45,0.21395471822839202
LineaA:1059,14,14:00,0.2551791509906186
LineaA:1059,14,14:15,0.2614118938819009
LineaA:1059,14,14:30,0.24875264407162814
LineaA:1059,14,14:45,0.2346563110558525
LineaA:1059,15,15:00,0.24260443224161599
LineaA:1059,15,15:15,0.2561129633261424
LineaA:1059,15,15:30,0.2485585408903707
LineaA:1059,15,15:45,0.252724063541871
LineaA:1059,16,16:00,0.22807916358323374
LineaA:1059,16,16:15,0.25505524879350805
LineaA:1059,16,16:30,0.2571361707241482
LineaA:1059,16,16:45,0.25972941689911005
LineaA:1059,17,17:00,0.2816151321075225
LineaA:1059,17,17:15,0.29014301127103276
LineaA:1059,17,17:30,0.23384523563574594
LineaA:1059,17,17:45,0.19439662098569888
LineaA:1059,18,18:00,0.34821522340338634
LineaA:1059,18,18:15,0.28240195106013044
LineaA:1059,18,18:30,0.2051413701763189
LineaA:1059,18,18:45,0.1642414553601643
LineaA:1059,19,19:00,0.31265908264505743
LineaA:1059,19,19:15,0.27406368500337647
LineaA:1059,19,19:30,0.2297283258012571
LineaA:1059,19,19:45,0.1835489065503091
LineaA:1059,20,20:00,0.29288413678680064
LineaA:1059,20,20:15,0.2678127016314868
LineaA:1059,20,20:30,0.24117430177896582
LineaA:1059,20,20:45,0.1981288598027468
LineaA:1059,21,21:00,0.2996868399970869
LineaA:1059,21,21:15,0.30544024470176967
LineaA:1059,21,21:30,0.22664044861991114
LineaA:1059,21,21:45,0.16823246668123226
LineaA:1059,22,22:00,0.35387767969735184
LineaA:1059,22,22:15,0.29933795712484235
LineaA:1059,22,22:30,0.22115384615384615
LineaA:1059,22,22:45,0.12563051702395964
LineaA:1059,23,23:00,0.5
LineaA:1059,23,23:15,0.2857142857142857
LineaA:1059,23,23:30,0.14285714285714285
LineaA:1059,23,23:45,0.07142857142857142
LineaA:1060,5,05:15,0.1347994298513541
LineaA:1060,5,05:30,0.32620647525962126
LineaA:1060,5,05:45,0.5389940948890246
LineaA:1060,6,06:00,0.11658493650194895
LineaA:1060,6,06:15,0.19132402866842702
LineaA:1060,6,06:30,0.30798440839934615
LineaA:1060,6,06:45,0.38410662643027793
LineaA:1060,7,07:00,0.19006835213703369
LineaA:1060,7,07:15,0.2457382854319361
LineaA:1060,7,07:30,0.27380383760191057
LineaA:1060,7,07:45,0.29038952482911967
LineaA:1060,8,08:00,0.2619347877870724
LineaA:1060,8,08:15,0.27678058486415286
LineaA:1060,8,08:30,0.2557554612075609
LineaA:1060,8,08:45,0.20552916614121372
LineaA:1060,9,09:00,0.29024553164787564
LineaA:1060,9,09:15,0.2806408517701355
LineaA:1060,9,09:30,0.24284962451672976
LineaA:1060,9,09:45,0.1862639920652592
LineaA:1060,10,10:00,0.26892117404535193
LineaA:1060,10,10:15,0.2635384967769379
LineaA:1060,10,10:30,0.24860115833905955
LineaA:1060,10,10:45,0.21893917083865055
LineaA:1060,11,11:00,0.23050072429621093
LineaA:1060,11,11:15,0.26484807232490354
LineaA:1060,11,11:30,0.2646037314344556
LineaA:1060,11,11:45,0.24004747194442988
LineaA:1060,12,12:00,0.23387293830177153
LineaA:1060,12,12:15,0.2520769700671961
LineaA:1060,12,12:30,0.250717776420281
LineaA:1060,12,12:45,0.2633323152107514
LineaA:1060,13,13:00,0.2829820947551894
LineaA:1060,13,13:15,0.2703691966407859
LineaA:1060,13,13:30,0.24153066075106958
LineaA:1060,13,13:45,0.20511804785295512
LineaA:1060,14,14:00,0.2587373393650666
LineaA:1060,14,14:15,0.2602586172384803
LineaA:1060,14,14:30,0.2424436526682413
LineaA:1060,14,14:45,0.2385603907282117
LineaA:1060,15,15:00,0.24529071348118225
LineaA:1060,15,15:15,0.24934943876956536
LineaA:1060,15,15:30,0.2547092865188177
LineaA:1060,15,15:45,0.25065056123043455
LineaA:1060,16,16:00,0.24120135225621012
LineaA:1060,16,16:15,0.2609299211183878
LineaA:1060,16,16:30,0.26014600447485753
LineaA:1060,16,16:45,0.23772272215054469
LineaA:1060,17,17:00,0.24679770969836493
LineaA:1060,17,17:15,0.257481848769258
LineaA:1060,17,17:30,0.2570243787261673
LineaA:1060,17,17:45,0.23869606280620978
LineaA:1060,18,18:00,0.310004918839154
LineaA:1060,18,18:15,0.27370388588293165
LineaA:1060,18,18:30,0.22545991146089522
LineaA:1060,18,18:45,0.19083128381701916
LineaA:1060,19,19:00,0.30462716995119543
LineaA:1060,19,19:15,0.2633594860072898
LineaA:1060,19,19:30,0.2270958176314326
LineaA:1060,19,19:45,0.20491752641008218
LineaA:1060,20,20:00,0.33254275940706957
LineaA:1060,20,20:15,0.27119726339794753
LineaA:1060,20,20:30,0.2174230330672748
LineaA:1060,20,20:45,0.1788369441277081
LineaA:1060,21,21:00,0.3227955989462265
LineaA:1060,21,21:15,0.30264993026499304
LineaA:1060,21,21:30,0.21447388811405546
LineaA:1060,21,21:45,0.16008058267472494
LineaA:1060,22,22:00,0.37014075067024127
LineaA:1060,22,22:15,0.2727882037533512
LineaA:1060,22,22:30,0.22017426273458446
LineaA:1060,22,22:45,0.13689678284182305
LineaA:1060,23,23:00,0.9
LineaA:1060,23,23:15,0.1
LineaA:1061,5,05:00,0.0003935458480913026
LineaA:1061,5,05:15,0.10428964974419519
LineaA:1061,5,05:30,0.44037780401416765
LineaA:1061,5,05:45,0.45493900039354584
LineaA:1061,6,06:00,0.1050328227571116
LineaA:1061,6,06:15,0.1625898718349484
LineaA:1061,6,06:30,0.26863863707408564
LineaA:1061,6,06:45,0.46373866833385435
LineaA:1061,7,07:00,0.1905779824056565
LineaA:1061,7,07:15,0.24412836745320507
LineaA:1061,7,07:30,0.2908091022865338
LineaA:1061,7,07:45,0.2744845478546046
LineaA:1061,8,08:00,0.24215236240552698
LineaA:1061,8,08:15,0.27036676403765014
LineaA:1061,8,08:30,0.27583808596466824
LineaA:1061,8,08:45,0.21164278759215469
LineaA:1061,9,09:00,0.28012433917450175
LineaA:1061,9,09:15,0.28987664590698636
LineaA:1061,9,09:30,0.2438076683121176
LineaA:1061,9,09:45,0.18619134660639428
LineaA:1061,10,10:00,0.27606232563435884
LineaA:1061,10,10:15,0.26423867453644834
LineaA:1061,10,10:30,0.24239433679375985
LineaA:1061,10,10:45,0.217304663035433
LineaA:1061,11,11:00,0.2258369167704859
LineaA:1061,11,11:15,0.2680143069565567
LineaA:1061,11,11:30,0.26493991882007795
LineaA:1061,11,11:45,0.2412088574528795
LineaA:1061,12,12:00,0.24664380563256968
LineaA:1061,12,12:15,0.2575331971399387
LineaA:1061,12,12:30,0.24025974025974026
LineaA:1061,12,12:45,0.2555632569677514
LineaA:1061,13,13:00,0.2850957978087082
LineaA:1061,13,13:15,0.27020868541480736
LineaA:1061,13,13:30,0.24033951730816702
LineaA:1061,13,13:45,0.20435599946831742
LineaA:1061,14,14:00,0.2505198233768661
LineaA:1061,14,14:15,0.2683223138565054
LineaA:1061,14,14:30,0.2556830128729295
LineaA:1061,14,14:45,0.22547484989369906
LineaA:1061,15,15:00,0.24521861117605798
LineaA:1061,15,15:15,0.25379939209726443
LineaA:1061,15,15:30,0.25059621229834
LineaA:1061,15,15:45,0.25038578442833764
LineaA:1061,16,16:00,0.22803609585533402
LineaA:1061,16,16:15,0.24548360322814206
LineaA:1061,16,16:30,0.2647147120631501
LineaA:1061,16,16:45,0.2617655888533738
LineaA:1061,17,17:00,0.2664444058209167
LineaA:1061,17,17:15,0.25555783785491953
LineaA:1061,17,17:30,0.25517862503752625
LineaA:1061,17,17:45,0.22281913128663752
LineaA:1061,18,18:00,0.3111725550435228
LineaA:1061,18,18:15,0.26142345110087045
LineaA:1061,18,18:30,0.2289196108550947
LineaA:1061,18,18:45,0.19848438300051202
LineaA:1061,19,19:00,0.30861266439661367
LineaA:1061,19,19:15,0.2647215019836931
LineaA:1061,19,19:30,0.22892130830027177
LineaA:1061,19,19:45,0.19774452531942144
LineaA:1061,20,20:00,0.341130604288499
LineaA:1061,20,20:15,0.27312107429066496
LineaA:1061,20,20:30,0.20736408923543426
LineaA:1061,20,20:45,0.17838423218540178
LineaA:1061,21,21:00,0.3397909967845659
LineaA:1061,21,21:15,0.2710610932475884
LineaA:1061,21,21:30,0.21840836012861736
LineaA:1061,21,21:45,0.1707395498392283
LineaA:1061,22,22:00,0.40452400777130165
LineaA:1061,22,22:15,0.24493477657507629
LineaA:1061,22,22:30,0.21371079655842354
LineaA:1061,22,22:45,0.13683041909519844
LineaA:1061,23,23:00,0.8
LineaA:1061,23,23:15,0.13
LineaA:1061,23,23:30,0.06
LineaA:1061,23,23:45,0.01
LineaA:1062,5,05:15,0.1631368059530624
LineaA:1062,5,05:30,0.34745277618775045
LineaA:1062,5,05:45,0.48941041785918726
LineaA:1062,6,06:00,0.09483970753655793
LineaA:1062,6,06:15,0.15783183352080987
LineaA:1062,6,06:30,0.28142575928009
LineaA:1062,6,06:45,0.4659026996625421
LineaA:1062,7,07:00,0.18630049682063762
LineaA:1062,7,07:15,0.2543345065832356
LineaA:1062,7,07:30,0.2763945016584829
LineaA:1062,7,07:45,0.282970494937644
LineaA:1062,8,08:00,0.2537419993236219
LineaA:1062,8,08:15,0.26859726693137265
LineaA:1062,8,08:30,0.2586269524155467
LineaA:1062,8,08:45,0.21903378132945878
LineaA:1062,9,09:00,0.28690142867398954
LineaA:1062,9,09:15,0.2854117309210999
LineaA:1062,9,09:30,0.24170794744777083
LineaA:1062,9,09:45,0.1859788929571398
LineaA:1062,10,10:00,0.2689083125222975
LineaA:1062,10,10:15,0.2638839338803663
LineaA:1062,10,10:30,0.2445594006421691
LineaA:1062,10,10:45,0.22264835295516708
LineaA:1062,11,11:00,0.2472474715145308
LineaA:1062,11,11:15,0.2570093457943925
LineaA:1062,11,11:30,0.24855972346690564
LineaA:1062,11,11:45,0.24718345922417106
LineaA:1062,12,12:00,0.23872190932916973
LineaA:1062,12,12:15,0.25595271287570404
LineaA:1062,12,12:30,0.26585066636926336
LineaA:1062,12,12:45,0.23947471142586296
LineaA:1062,13,13:00,0.31511962847569214
LineaA:1062,13,13:15,0.26162483099171124
LineaA:1062,13,13:30,0.22938098877197108
LineaA:1062,13,13:45,0.19387455176062543
LineaA:1062,14,14:00,0.2704097116843702
LineaA:1062,14,14:15,0.2648330804248862
LineaA:1062,14,14:30,0.2382018209408194
LineaA:1062,14,14:45,0.2265553869499241
LineaA:1062,15,15:00,0.2600076780790842
LineaA:1062,15,15:15,0.24046347677381077
LineaA:1062,15,15:30,0.23997487174117893
LineaA:1062,15,15:45,0.25955397340592606
LineaA:1062,16,16:00,0.2514390568835935
LineaA:1062,16,16:15,0.24110801095945505
LineaA:1062,16,16:30,0.2623231028328683
LineaA:1062,16,16:45,0.24512982932408314
LineaA:1062,17,17:00,0.2534313473500231
LineaA:1062,17,17:15,0.25088675268596106
LineaA:1062,17,17:30,0.2554361795095872
LineaA:1062,17,17:45,0.24024572045442863
LineaA:1062,18,18:00,0.32152873247181746
LineaA:1062,18,18:15,0.26640087984602695
LineaA:1062,18,18:30,0.226037943359912
LineaA:1062,18,18:45,0.1860324443222436
LineaA:1062,19,19:00,0.2788223350253807
LineaA:1062,19,19:15,0.25636548223350253
LineaA:1062,19,19:30,0.2377258883248731
LineaA:1062,19,19:45,0.22708629441624367
LineaA:1062,20,20:00,0.3768878166465621
LineaA:1062,20,20:15,0.2923039806996381
LineaA:1062,20,20:30,0.1775633293124246
LineaA:1062,20,20:45,0.15324487334137515
LineaA:1062,21,21:00,0.2896590066716086
LineaA:1062,21,21:15,0.24972201630837657
LineaA:1062,21,21:30,0.2223869532987398
LineaA:1062,21,21:45,0.23823202372127503
LineaA:1062,22,22:00,0.4814867559099972
LineaA:1062,22,22:15,0.2640273426374252
LineaA:1062,22,22:30,0.16078040444317857
LineaA:1062,22,22:45,0.09370549700939904
LineaA:1062,23,23:00,0.8554913294797688
LineaA:1062,23,23:15,0.08670520231213873
LineaA:1062,23,23:30,0.04624277456647399
LineaA:1062,23,23:45,0.011560693641618498
LineaA:1063,5,05:15,0.18249506154079925
LineaA:1063,5,05:30,0.34584409664184773
LineaA:1063,5,05:45,0.47166084181735296
LineaA:1063,6,06:00,0.14002892786114626
LineaA:1063,6,06:15,0.19981317423009703
LineaA:1063,6,06:30,0.29503405050322423
LineaA:1063,6,06:45,0.36512384740553244
LineaA:1063,7,07:00,0.17231523409912342
LineaA:1063,7,07:15,0.2473100411283287
LineaA:1063,7,07:30,0.29885754642515894
LineaA:1063,7,07:45,0.281517178347389
LineaA:1063,8,08:00,0.25400569337128914
LineaA:1063,8,08:15,0.2600379558085943
LineaA:1063,8,08:30,0.26199674664497763
LineaA:1063,8,08:45,0.22395960417513894
LineaA:1063,9,09:00,0.281989845907188
LineaA:1063,9,09:15,0.2748374454440189
LineaA:1063,9,09:30,0.2492651643359758
LineaA:1063,9,09:45,0.1939075443128173
LineaA:1063,10,10:00,0.2810439028747525
LineaA:1063,10,10:15,0.2629110776972205
LineaA:1063,10,10:30,0.242411159577794
LineaA:1063,10,10:45,0.21363385985023298
LineaA:1063,11,11:00,0.22734480821963063
LineaA:1063,11,11:15,0.25734249562258416
LineaA:1063,11,11:30,0.26705540321781357
LineaA:1063,11,11:45,0.24825729293997156
LineaA:1063,12,12:00,0.23892865389055645
LineaA:1063,12,12:15,0.25501423843608095
LineaA:1063,12,12:30,0.2605095051181406
LineaA:1063,12,12:45,0.24554760255522207
LineaA:1063,13,13:00,0.27230068617495923
LineaA:1063,13,13:15,0.25417705160158777
LineaA:1063,13,13:30,0.2434536447275301
LineaA:1063,13,13:45,0.23006861749592294
LineaA:1063,14,14:00,0.26164630482675744
LineaA:1063,14,14:15,0.26186661325856203
LineaA:1063,14,14:30,0.24598437812938115
LineaA:1063,14,14:45,0.23050270378529944
LineaA:1063,15,15:00,0.2503174018102142
LineaA:1063,15,15:15,0.24738911414178646
LineaA:1063,15,15:30,0.2467952655936438
LineaA:1063,15,15:45,0.25549821845435555
LineaA:1063,16,16:00,0.25211983181499653
LineaA:1063,16,16:15,0.2378241065171689
LineaA:1063,16,16:30,0.2543973370707779
LineaA:1063,16,16:45,0.2556587245970568
LineaA:1063,17,17:00,0.2652227482005058
LineaA:1063,17,17:15,0.24477984566500227
LineaA:1063,17,17:30,0.24163478373646327
LineaA:1063,17,17:45,0.24836262239802864
LineaA:1063,18,18:00,0.2852245907166673
LineaA:1063,18,18:15,0.27482860675083354
LineaA:1063,18,18:30,0.23457460757501966
LineaA:1063,18,18:45,0.2053721949574795
LineaA:1063,19,19:00,0.2925557136083452
LineaA:1063,19,19:15,0.2751699067488541
LineaA:1063,19,19:30,0.22886043938675515
LineaA:1063,19,19:45,0.2034139402560455
LineaA:1063,20,20:00,0.3062511948002294
LineaA:1063,20,20:15,0.2678264194226725
LineaA:1063,20,20:30,0.2245077423054865
LineaA:1063,20,20:45,0.20141464347161153
LineaA:1063,21,21:00,0.355959595959596
LineaA:1063,21,21:15,0.2740740740740741
LineaA:1063,21,21:30,0.2041077441077441
LineaA:1063,21,21:45,0.16585858585858584
LineaA:1063,22,22:00,0.3384341108304858
LineaA:1063,22,22:15,0.2760362501857079
LineaA:1063,22,22:30,0.2387461001337097
LineaA:1063,22,22:45,0.14678353885009657
LineaA:1063,23,23:00,0.8085106382978724
LineaA:1063,23,23:15,0.14420803782505912
LineaA:1063,23,23:30,0.04491725768321513
LineaA:1063,23,23:45,0.0023640661938534283
LineaA:1064,4,04:45,1.0
LineaA:1064,5,05:00,0.0002547770700636943
LineaA:1064,5,05:15,0.19923566878980892
LineaA:1064,5,05:30,0.3684076433121019
LineaA:1064,5,05:45,0.4321019108280255
LineaA:1064,6,06:00,0.09918818052402756
LineaA:1064,6,06:15,0.17152091108460624
LineaA:1064,6,06:30,0.29210111192335814
LineaA:1064,6,06:45,0.4371897964680082
LineaA:1064,7,07:00,0.18660237416724856
LineaA:1064,7,07:15,0.25272236586332497
LineaA:1064,7,07:30,0.30003585785192594
LineaA:1064,7,07:45,0.2606394021175005
LineaA:1064,8,08:00,0.21490909640923256
LineaA:1064,8,08:15,0.25721481078137765
LineaA:1064,8,08:30,0.28397162476933785
LineaA:1064,8,08:45,0.24390446804005203
LineaA:1064,9,09:00,0.2719928851997332
LineaA:1064,9,09:15,0.266601200622545
LineaA:1064,9,09:30,0.25299229229971093
LineaA:1064,9,09:45,0.2084136218780108
LineaA:1064,10,10:00,0.2716353644372681
LineaA:1064,10,10:15,0.260488371434237
LineaA:1064,10,10:30,0.24609784425370387
LineaA:1064,10,10:45,0.2217784198747911
LineaA:1064,11,11:00,0.22583593240008704
LineaA:1064,11,11:15,0.2509175310074708
LineaA:1064,11,11:30,0.2730108072822224
LineaA:1064,11,11:45,0.25023572931021976
LineaA:1064,12,12:00,0.22806421884852307
LineaA:1064,12,12:15,0.2586700295872338
LineaA:1064,12,12:30,0.23828636562060432
LineaA:1064,12,12:45,0.27497938594363874
LineaA:1064,13,13:00,0.2849180536955551
LineaA:1064,13,13:15,0.268222689879472
LineaA:1064,13,13:30,0.24003571200816273
LineaA:1064,13,13:45,0.20682354441681017
LineaA:1064,14,14:00,0.2657090415768893
LineaA:1064,14,14:15,0.25059452557657014
LineaA:1064,14,14:30,0.25177559652062886
LineaA:1064,14,14:45,0.23192083632591176
LineaA:1064,15,15:00,0.2563283816928132
LineaA:1064,15,15:15,0.24586977648202138
LineaA:1064,15,15:30,0.25497092260940657
LineaA:1064,15,15:45,0.24283091921575886
LineaA:1064,16,16:00,0.23551012172977334
LineaA:1064,16,16:15,0.2515703813302845
LineaA:1064,16,16:30,0.2780953661981303
LineaA:1064,16,16:45,0.23482413074181183
LineaA:1064,17,17:00,0.25376881119800226
LineaA:1064,17,17:15,0.25679174607347044
LineaA:1064,17,17:30,0.24876125386081357
LineaA:1064,17,17:45,0.24067818886771375
LineaA:1064,18,18:00,0.26377028181041845
LineaA:1064,18,18:15,0.26378362510674636
LineaA:1064,18,18:30,0.27372438087105033
LineaA:1064,18,18:45,0.1987217122117848
LineaA:1064,19,19:00,0.2887621615712568
LineaA:1064,19,19:15,0.2546004445578107
LineaA:1064,19,19:30,0.23927777575337975
LineaA:1064,19,19:45,0.21735961811755272
LineaA:1064,20,20:00,0.35140299708337525
LineaA:1064,20,20:15,0.26616715277079356
LineaA:1064,20,20:30,0.21075128230916224
LineaA:1064,20,20:45,0.17167856783666902
LineaA:1064,21,21:00,0.34279253314414937
LineaA:1064,21,21:15,0.26355695472886087
LineaA:1064,21,21:30,0.2137187957256241
LineaA:1064,21,21:45,0.17993171640136565
LineaA:1064,22,22:00,0.3684017930655933
LineaA:1064,22,22:15,0.2593541304546702
LineaA:1064,22,22:30,0.20977037782453573
LineaA:1064,22,22:45,0.1624736986552008
LineaA:1064,23,23:00,0.6992221261884183
LineaA:1064,23,23:15,0.20224719101123595
LineaA:1064,23,23:30,0.09766637856525495
LineaA:1064,23,23:45,0.000864304235090752
LineaA:1065,4,04:45,1.0
LineaA:1065,5,05:00,0.0007097232079489
LineaA:1065,5,05:15,0.1887863733144074
LineaA:1065,5,05:30,0.3364088005677786
LineaA:1065,5,05:45,0.4740951029098651
LineaA:1065,6,06:00,0.09406679764243615
LineaA:1065,6,06:15,0.17045186640471513
LineaA:1065,6,06:30,0.27591355599214146
LineaA:1065,6,06:45,0.45956777996070725
LineaA:1065,7,07:00,0.17135400570035367
LineaA:1065,7,07:15,0.23335393702139345
LineaA:1065,7,07:30,0.31597472614264616
LineaA:1065,7,07:45,0.2793173311356066
LineaA:1065,8,08:00,0.24298564285427027
LineaA:1065,8,08:15,0.25265091089454
LineaA:1065,8,08:30,0.2758019759507755
LineaA:1065,8,08:45,0.2285614703004142
LineaA:1065,9,09:00,0.2844192334199226
LineaA:1065,9,09:15,0.2661117885101345
LineaA:1065,9,09:30,0.25644559896799735
LineaA:1065,9,09:45,0.1930233791019456
LineaA:1065,10,10:00,0.26333503863862784
LineaA:1065,10,10:15,0.2604539702199844
LineaA:1065,10,10:30,0.25100298877191096
LineaA:1065,10,10:45,0.22520800236947683
LineaA:1065,11,11:00,0.2364890428101627
LineaA:1065,11,11:15,0.25299030878030326
LineaA:1065,11,11:30,0.2649224411396641
LineaA:1065,11,11:45,0.2455982072698699
LineaA:1065,12,12:00,0.23120985134853086
LineaA:1065,12,12:15,0.2645810625913128
LineaA:1065,12,12:30,0.24194707914937036
LineaA:1065,12,12:45,0.26226200691078594
LineaA:1065,13,13:00,0.2635436360665686
LineaA:1065,13,13:15,0.25619120976588944
LineaA:1065,13,13:30,0.25030926872534603
LineaA:1065,13,13:45,0.22995588544219592
LineaA:1065,14,14:00,0.25463738539794706
LineaA:1065,14,14:15,0.24306295878894946
LineaA:1065,14,14:30,0.25948036916329076
LineaA:1065,14,14:45,0.24281928664981267
LineaA:1065,15,15:00,0.25970359915314045
LineaA:1065,15,15:15,0.2480004704775347
LineaA:1065,15,15:30,0.24955892731122092
LineaA:1065,15,15:45,0.24273700305810397
LineaA:1065,16,16:00,0.24127730275155004
LineaA:1065,16,16:15,0.25398144020748065
LineaA:1065,16,16:30,0.26688819548567494
LineaA:1065,16,16:45,0.23785306155529443
LineaA:1065,17,17:00,0.2818948107823338
LineaA:1065,17,17:15,0.2382781631398718
LineaA:1065,17,17:30,0.2594389323030995
LineaA:1065,17,17:45,0.2203880937746949
LineaA:1065,18,18:00,0.31905476184621434
LineaA:1065,18,18:15,0.2847763542921779
LineaA:1065,18,18:30,0.21238350505323728
LineaA:1065,18,18:45,0.1837853788083704
LineaA:1065,19,19:00,0.28014493258544404
LineaA:1065,19,19:15,0.2699369403895064
LineaA:1065,19,19:30,0.25812632825837023
LineaA:1065,19,19:45,0.19179179876667946
LineaA:1065,20,20:00,0.3204640928185637
LineaA:1065,20,20:15,0.26785357071414284
LineaA:1065,20,20:30,0.23464692938587717
LineaA:1065,20,20:45,0.17703540708141627
LineaA:1065,21,21:00,0.34600452927855063
LineaA:1065,21,21:15,0.2538013587835652
LineaA:1065,21,21:30,0.2265448075056616
LineaA:1065,21,21:45,0.17364930443222257
LineaA:1065,22,22:00,0.3680454176804542
LineaA:1065,22,22:15,0.28126520681265205
LineaA:1065,22,22:30,0.21719383617193835
LineaA:1065,22,22:45,0.1334955393349554
LineaA:1065,23,23:00,0.7003012048192772
LineaA:1065,23,23:15,0.22740963855421684
LineaA:1065,23,23:30,0.07228915662650602
LineaA:1066,5,05:15,0.24960753532182103
LineaA:1066,5,05:30,0.37624280481423344
LineaA:1066,5,05:45,0.3741496598639456
LineaA:1066,6,06:00,0.11970161740100392
LineaA:1066,6,06:15,0.19694645844952594
LineaA:1066,6,06:30,0.29433909648633577
LineaA:1066,6,06:45,0.3890128276631344
LineaA:1066,7,07:00,0.15516602705626104
LineaA:1066,7,07:15,0.2314154899316926
LineaA:1066,7,07:30,0.3263791136333329
LineaA:1066,7,07:45,0.28703936937871355
LineaA:1066,8,08:00,0.21923257198596385
LineaA:1066,8,08:15,0.24218700515587988
LineaA:1066,8,08:30,0.2909081695993109
LineaA:1066,8,08:45,0.24767225325884543
LineaA:1066,9,09:00,0.2547134266724941
LineaA:1066,9,09:15,0.2676442662728136
LineaA:1066,9,09:30,0.26461501363917234
LineaA:1066,9,09:45,0.21302729341552
LineaA:1066,10,10:00,0.2544551247434928
LineaA:1066,10,10:15,0.25147424127875584
LineaA:1066,10,10:30,0.25922885840803545
LineaA:1066,10,10:45,0.23484177556971594
LineaA:1066,11,11:00,0.22259107379201112
LineaA:1066,11,11:15,0.24986439280522468
LineaA:1066,11,11:30,0.2639024496083664
LineaA:1066,11,11:45,0.2636420837943978
LineaA:1066,12,12:00,0.24399425339613376
LineaA:1066,12,12:15,0.26225245049009804
LineaA:1066,12,12:30,0.26418010874902254
LineaA:1066,12,12:45,0.22957318736474566
LineaA:1066,13,13:00,0.2531524902164097
LineaA:1066,13,13:15,0.28867444894136535
LineaA:1066,13,13:30,0.2595410910793725
LineaA:1066,13,13:45,0.19863196976285244
LineaA:1066,14,14:00,0.29662580858214027
LineaA:1066,14,14:15,0.24718817381845026
LineaA:1066,14,14:30,0.23732007226247598
LineaA:1066,14,14:45,0.21886594533693352
LineaA:1066,15,15:00,0.2545589877186454
LineaA:1066,15,15:15,0.2674544101228135
LineaA:1066,15,15:30,0.23855601042054334
LineaA:1066,15,15:45,0.23943059173799774
LineaA:1066,16,16:00,0.23954877239548772
LineaA:1066,16,16:15,0.24244828481578717
LineaA:1066,16,16:30,0.2624563630593462
LineaA:1066,16,16:45,0.25554657972937883
LineaA:1066,17,17:00,0.2886919415722961
LineaA:1066,17,17:15,0.25009325157035645
LineaA:1066,17,17:30,0.23890306312758308
LineaA:1066,17,17:45,0.2223117437297644
LineaA:1066,18,18:00,0.3175159078577418
LineaA:1066,18,18:15,0.25598908235913115
LineaA:1066,18,18:30,0.23463062529801537
LineaA:1066,18,18:45,0.19186438448511153
LineaA:1066,19,19:00,0.3002594193946881
LineaA:1066,19,19:15,0.2607535515750463
LineaA:1066,19,19:30,0.22949969116738728
LineaA:1066,19,19:45,0.20948733786287835
LineaA:1066,20,20:00,0.3003105590062112
LineaA:1066,20,20:15,0.2618944099378882
LineaA:1066,20,20:30,0.24972049689440992
LineaA:1066,20,20:45,0.1880745341614907
LineaA:1066,21,21:00,0.3085923217550274
LineaA:1066,21,21:15,0.2776965265082267
LineaA:1066,21,21:30,0.22605118829981719
LineaA:1066,21,21:45,0.1876599634369287
LineaA:1066,22,22:00,0.42033344792024746
LineaA:1066,22,22:15,0.2829150910965968
LineaA:1066,22,22:30,0.16749742179443106
LineaA:1066,22,22:45,0.12925403918872463
LineaA:1066,23,23:00,0.6914191419141914
LineaA:1066,23,23:15,0.23762376237623759
LineaA:1066,23,23:30,0.07095709570957096
LineaA:1067,1,01:15,0.25
LineaA:1067,1,01:30,0.5
LineaA:1067,1,01:45,0.25
LineaA:1067,5,05:00,0.0010515247108307045
LineaA:1067,5,05:15,0.14721345951629863
LineaA:1067,5,05:30,0.3901156677181914
LineaA:1067,5,05:45,0.46161934805467925
LineaA:1067,6,06:00,0.10268889159265117
LineaA:1067,6,06:15,0.15865677089670274
LineaA:1067,6,06:30,0.3068499817496046
LineaA:1067,6,06:45,0.43180435576104154
LineaA:1067,7,07:00,0.18754498680387086
LineaA:1067,7,07:15,0.26029697955266456
LineaA:1067,7,07:30,0.2907680413745301
LineaA:1067,7,07:45,0.26138999226893445
LineaA:1067,8,08:00,0.2360795023516917
LineaA:1067,8,08:15,0.24399433571031204
LineaA:1067,8,08:30,0.27352956051180904
LineaA:1067,8,08:45,0.24639660142618725
LineaA:1067,9,09:00,0.24230160662122688
LineaA:1067,9,09:15,0.248722005842259
LineaA:1067,9,09:30,0.26996105160662126
LineaA:1067,9,09:45,0.23901533592989288
LineaA:1067,10,10:00,0.26805158699513476
LineaA:1067,10,10:15,0.2502509846320179
LineaA:1067,10,10:30,0.2443818055448297
LineaA:1067,10,10:45,0.2373156228280176
LineaA:1067,11,11:00,0.23132924335378324
LineaA:1067,11,11:15,0.2549693251533742
LineaA:1067,11,11:30,0.25120654396728015
LineaA:1067,11,11:45,0.2624948875255624
LineaA:1067,12,12:00,0.22407143704758517
LineaA:1067,12,12:15,0.2311617420196986
LineaA:1067,12,12:30,0.2672065978402753
LineaA:1067,12,12:45,0.277560223092441
LineaA:1067,13,13:00,0.3307016070328686
LineaA:1067,13,13:15,0.25244974522649644
LineaA:1067,13,13:30,0.23075200179181365
LineaA:1067,13,13:45,0.1860966459488213
LineaA:1067,14,14:00,0.2918506349043365
LineaA:1067,14,14:15,0.2632029298011432
LineaA:1067,14,14:30,0.23215935927713316
LineaA:1067,14,14:45,0.21278707601738714
LineaA:1067,15,15:00,0.27154305312798865
LineaA:1067,15,15:15,0.23167232793589024
LineaA:1067,15,15:30,0.2558453978827952
LineaA:1067,15,15:45,0.24093922105332585
LineaA:1067,16,16:00,0.28684636118598383
LineaA:1067,16,16:15,0.24121293800539081
LineaA:1067,16,16:30,0.22962264150943396
LineaA:1067,16,16:45,0.2423180592991914
LineaA:1067,17,17:00,0.272207551792666
LineaA:1067,17,17:15,0.23521084583344679
LineaA:1067,17,17:30,0.23420357716494705
LineaA:1067,17,17:45,0.2583780252089402
LineaA:1067,18,18:00,0.298009608785175
LineaA:1067,18,18:15,0.2926012354152368
LineaA:1067,18,18:30,0.24444749485243653
LineaA:1067,18,18:45,0.16494166094715168
LineaA:1067,19,19:00,0.27219653449161646
LineaA:1067,19,19:15,0.2639764606977722
LineaA:1067,19,19:30,0.2556162720097146
LineaA:1067,19,19:45,0.20821073280089672
LineaA:1067,20,20:00,0.3377515363296783
LineaA:1067,20,20:15,0.253705265694662
LineaA:1067,20,20:30,0.21803831786962286
LineaA:1067,20,20:45,0.1905048801060369
LineaA:1067,21,21:00,0.33740272720782466
LineaA:1067,21,21:15,0.32405225958449346
LineaA:1067,21,21:30,0.191904047976012
LineaA:1067,21,21:45,0.1466409652316699
LineaA:1067,22,22:00,0.3945182724252492
LineaA:1067,22,22:15,0.2591362126245847
LineaA:1067,22,22:30,0.18588039867109632
LineaA:1067,22,22:45,0.16046511627906976
LineaA:1067,23,23:00,0.7472766884531591
LineaA:1067,23,23:15,0.20588235294117646
LineaA:1067,23,23:30,0.046840958605664486
LineaA:1069,5,05:15,0.21033868092691624
LineaA:1069,5,05:30,0.3137254901960785
LineaA:1069,5,05:45,0.47593582887700536
LineaA:1069,6,06:00,0.1278226641806505
LineaA:1069,6,06:15,0.23555003107520195
LineaA:1069,6,06:30,0.29272840273461775
LineaA:1069,6,06:45,0.3438989020095297
LineaA:1069,7,07:00,0.1821569734613213
LineaA:1069,7,07:15,0.25691699604743085
LineaA:1069,7,07:30,0.3140033879164314
LineaA:1069,7,07:45,0.24692264257481647
LineaA:1069,8,08:00,0.2101598173515982
LineaA:1069,8,08:15,0.24315068493150688
LineaA:1069,8,08:30,0.29081050228310507
LineaA:1069,8,08:45,0.25587899543378995
LineaA:1069,9,09:00,0.22699740409576005
LineaA:1069,9,09:15,0.2497836746466686
LineaA:1069,9,09:30,0.2622440149985578
LineaA:1069,9,09:45,0.2609749062590136
LineaA:1069,10,10:00,0.23423423423423423
LineaA:1069,10,10:15,0.24394785847299813
LineaA:1069,10,10:30,0.25673159192712264
LineaA:1069,10,10:45,0.265086315365645
LineaA:1069,11,11:00,0.22711351351351353
LineaA:1069,11,11:15,0.2479135135135135
LineaA:1069,11,11:30,0.25794594594594594
LineaA:1069,11,11:45,0.267027027027027
LineaA:1069,12,12:00,0.22507057047200157
LineaA:1069,12,12:15,0.26160309853607305
LineaA:1069,12,12:30,0.2564498129061905
LineaA:1069,12,12:45,0.256876518085735
LineaA:1069,13,13:00,0.26813278502890514
LineaA:1069,13,13:15,0.2625901424399547
LineaA:1069,13,13:30,0.2484951427379462
LineaA:1069,13,13:45,0.22078192979319386
LineaA:1069,14,14:00,0.26569561499938926
LineaA:1069,14,14:15,0.2560767069744717
LineaA:1069,14,14:30,0.24480884328813973
LineaA:1069,14,14:45,0.23341883473799924
LineaA:1069,15,15:00,0.21294048903272206
LineaA:1069,15,15:15,0.20415318230852214
LineaA:1069,15,15:30,0.2695747932398418
LineaA:1069,15,15:45,0.31333153541891406
LineaA:1069,16,16:00,0.2886189927756256
LineaA:1069,16,16:15,0.2416082085645482
LineaA:1069,16,16:30,0.2395560674274945
LineaA:1069,16,16:45,0.2302167312323317
LineaA:1069,17,17:00,0.2682469532610151
LineaA:1069,17,17:15,0.252979777688496
LineaA:1069,17,17:30,0.2424381564598519
LineaA:1069,17,17:45,0.2363351125906369
LineaA:1069,18,18:00,0.33447150606185033
LineaA:1069,18,18:15,0.2853715989886111
LineaA:1069,18,18:30,0.21403410196010633
LineaA:1069,18,18:45,0.16612279298943228
LineaA:1069,19,19:00,0.3144670379484523
LineaA:1069,19,19:15,0.2615377973492207
LineaA:1069,19,19:30,0.2275611967361741
LineaA:1069,19,19:45,0.19643396796615292
LineaA:1069,20,20:00,0.32807235325412304
LineaA:1069,20,20:15,0.2652361529822072
LineaA:1069,20,20:30,0.20807471773955194
LineaA:1069,20,20:45,0.19861677602411773
LineaA:1069,21,21:00,0.36565420560747663
LineaA:1069,21,21:15,0.25866433021806856
LineaA:1069,21,21:30,0.21475856697819315
LineaA:1069,21,21:45,0.16092289719626168
LineaA:1069,22,22:00,0.3524412296564195
LineaA:1069,22,22:15,0.28824593128390597
LineaA:1069,22,22:30,0.19168173598553345
LineaA:1069,22,22:45,0.16763110307414106
LineaA:1069,23,23:00,0.5987460815047022
LineaA:1069,23,23:15,0.3573667711598746
LineaA:1069,23,23:30,0.043887147335423204
LineaA:1070,1,01:15,1.0
LineaA:1070,5,05:15,0.06986899563318777
LineaA:1070,5,05:30,0.2903930131004367
LineaA:1070,5,05:45,0.6397379912663755
LineaA:1070,6,06:00,0.20541290770298404
LineaA:1070,6,06:15,0.16030534351145037
LineaA:1070,6,06:30,0.3178348369188064
LineaA:1070,6,06:45,0.31644691186675916
LineaA:1070,7,07:00,0.13201745685379884
LineaA:1070,7,07:15,0.21166435231104938
LineaA:1070,7,07:30,0.3004364213449712
LineaA:1070,7,07:45,0.3558817694901805
LineaA:1070,8,08:00,0.19136593591905565
LineaA:1070,8,08:15,0.21787521079258007
LineaA:1070,8,08:30,0.30286677908937604
LineaA:1070,8,08:45,0.2878920741989882
LineaA:1070,9,09:00,0.22918651171651747
LineaA:1070,9,09:15,0.22639232869752968
LineaA:1070,9,09:30,0.27535403568933764
LineaA:1070,9,09:45,0.2690671238966152
LineaA:1070,10,10:00,0.255170404893679
LineaA:1070,10,10:15,0.2520390329158171
LineaA:1070,10,10:30,0.24533935333527526
LineaA:1070,10,10:45,0.24745120885522864
LineaA:1070,11,11:00,0.2217427616926503
LineaA:1070,11,11:15,0.2472160356347439
LineaA:1070,11,11:30,0.26872216035634744
LineaA:1070,11,11:45,0.2623190423162583
LineaA:1070,12,12:00,0.23938485893594166
LineaA:1070,12,12:15,0.25334991801888396
LineaA:1070,12,12:30,0.25815570758183976
LineaA:1070,12,12:45,0.24910951546333465
LineaA:1070,13,13:00,0.2549064881089817
LineaA:1070,13,13:15,0.2409374278457631
LineaA:1070,13,13:30,0.25548372200415603
LineaA:1070,13,13:45,0.24867236204109902
LineaA:1070,14,14:00,0.2758440654368256
LineaA:1070,14,14:15,0.23889082260122985
LineaA:1070,14,14:30,0.2520594036431141
LineaA:1070,14,14:45,0.2332057083188305
LineaA:1070,15,15:00,0.25469840701628776
LineaA:1070,15,15:15,0.23399558498896245
LineaA:1070,15,15:30,0.25326651154465724
LineaA:1070,15,15:45,0.25803949645009244
LineaA:1070,16,16:00,0.30978033472803346
LineaA:1070,16,16:15,0.23148535564853556
LineaA:1070,16,16:30,0.22949790794979083
LineaA:1070,16,16:45,0.22923640167364018
LineaA:1070,17,17:00,0.2963442096689186
LineaA:1070,17,17:15,0.2604570935748167
LineaA:1070,17,17:30,0.23027166882276845
LineaA:1070,17,17:45,0.21292702793349622
LineaA:1070,18,18:00,0.3622051417969785
LineaA:1070,18,18:15,0.27304532202491383
LineaA:1070,18,18:30,0.2071561091969255
LineaA:1070,18,18:45,0.1575934269811821
LineaA:1070,19,19:00,0.2982640102528254
LineaA:1070,19,19:15,0.2551555400209717
LineaA:1070,19,19:30,0.23418385180006993
LineaA:1070,19,19:45,0.21239659792613305
LineaA:1070,20,20:00,0.3902231306421393
LineaA:1070,20,20:15,0.24936126724578436
LineaA:1070,20,20:30,0.19587804462612843
LineaA:1070,20,20:45,0.16453755748594787
LineaA:1070,21,21:00,0.3634610085422981
LineaA:1070,21,21:15,0.2581978506475613
LineaA:1070,21,21:30,0.21107743179939378
LineaA:1070,21,21:45,0.16726370901074677
LineaA:1070,22,22:00,0.44106463878326996
LineaA:1070,22,22:15,0.2598225602027883
LineaA:1070,22,22:30,0.16983523447401777
LineaA:1070,22,22:45,0.12927756653992395
LineaA:1070,23,23:00,0.9078947368421053
LineaA:1070,23,23:15,0.0855263157894737
LineaA:1070,23,23:30,0.006578947368421054
LineaA:1071,4,04:45,1.0
LineaA:1071,5,05:15,0.12538540596094552
LineaA:1071,5,05:30,0.30318602261048305
LineaA:1071,5,05:45,0.5714285714285714
LineaA:1071,6,06:00,0.1085897435897436
LineaA:1071,6,06:15,0.1917948717948718
LineaA:1071,6,06:30,0.33615384615384614
LineaA:1071,6,06:45,0.3634615384615385
LineaA:1071,7,07:00,0.18714217557251908
LineaA:1071,7,07:15,0.24232665394402036
LineaA:1071,7,07:30,0.29691475826972014
LineaA:1071,7,07:45,0.27361641221374045
LineaA:1071,8,08:00,0.22294165981922762
LineaA:1071,8,08:15,0.23674609695973706
LineaA:1071,8,08:30,0.2743467543138866
LineaA:1071,8,08:45,0.2659654889071487
LineaA:1071,9,09:00,0.22649521886321788
LineaA:1071,9,09:15,0.24389736888994473
LineaA:1071,9,09:30,0.2692581813862327
LineaA:1071,9,09:45,0.26034923086060463
LineaA:1071,10,10:00,0.2380539700564803
LineaA:1071,10,10:15,0.2447479305501599
LineaA:1071,10,10:30,0.25610375638765204
LineaA:1071,10,10:45,0.26109434300570783
LineaA:1071,11,11:00,0.23266536619968078
LineaA:1071,11,11:15,0.2565551136219694
LineaA:1071,11,11:30,0.25506042104729815
LineaA:1071,11,11:45,0.25571909913105156
LineaA:1071,12,12:00,0.2455518979957498
LineaA:1071,12,12:15,0.24426017750739612
LineaA:1071,12,12:30,0.2460310846285262
LineaA:1071,12,12:45,0.26415683986832783
LineaA:1071,13,13:00,0.2754370613096014
LineaA:1071,13,13:15,0.2457038595445998
LineaA:1071,13,13:30,0.2443819701737074
LineaA:1071,13,13:45,0.23447710897209137
LineaA:1071,14,14:00,0.28824729914433894
LineaA:1071,14,14:15,0.2407646651313449
LineaA:1071,14,14:30,0.23804976689322024
LineaA:1071,14,14:45,0.23293826883109586
LineaA:1071,15,15:00,0.28395081649777315
LineaA:1071,15,15:15,0.24498160459562382
LineaA:1071,15,15:30,0.2376395791647841
LineaA:1071,15,15:45,0.23342799974181888
LineaA:1071,16,16:00,0.2695934770623567
LineaA:1071,16,16:15,0.23857470330499375
LineaA:1071,16,16:30,0.23764617125612977
LineaA:1071,16,16:45,0.25418564837651975
LineaA:1071,17,17:00,0.2946261224718158
LineaA:1071,17,17:15,0.25441295773071865
LineaA:1071,17,17:30,0.23255098329929785
LineaA:1071,17,17:45,0.2184099364981677
LineaA:1071,18,18:00,0.3027673364579949
LineaA:1071,18,18:15,0.2775070768945195
LineaA:1071,18,18:30,0.22898200999272975
LineaA:1071,18,18:45,0.19074357665475583
LineaA:1071,19,19:00,0.2820578613124639
LineaA:1071,19,19:15,0.2534265614642804
LineaA:1071,19,19:30,0.24391130498000727
LineaA:1071,19,19:45,0.22060427224324847
LineaA:1071,20,20:00,0.3453889747552808
LineaA:1071,20,20:15,0.2686759402369912
LineaA:1071,20,20:30,0.2106646058732612
LineaA:1071,20,20:45,0.17527047913446678
LineaA:1071,21,21:00,0.3382535736482287
LineaA:1071,21,21:15,0.2557489123679304
LineaA:1071,21,21:30,0.20494095711622126
LineaA:1071,21,21:45,0.20105655686761964
LineaA:1071,22,22:00,0.38864247311827954
LineaA:1071,22,22:15,0.2721774193548387
LineaA:1071,22,22:30,0.17795698924731182
LineaA:1071,22,22:45,0.16122311827956987
LineaA:1071,23,23:00,0.6682977979727368
LineaA:1071,23,23:15,0.29709891646277525
LineaA:1071,23,23:30,0.03460328556448794
LineaA:1072,5,05:15,0.03960396039603961
LineaA:1072,5,05:30,0.424980959634425
LineaA:1072,5,05:45,0.5354150799695355
LineaA:1072,6,06:00,0.18454008924715706
LineaA:1072,6,06:15,0.19245717575932056
LineaA:1072,6,06:30,0.256657550021592
LineaA:1072,6,06:45,0.3663451849719303
LineaA:1072,7,07:00,0.15643518518518518
LineaA:1072,7,07:15,0.24791666666666665
LineaA:1072,7,07:30,0.3124074074074074
LineaA:1072,7,07:45,0.28324074074074074
LineaA:1072,8,08:00,0.20492963283276988
LineaA:1072,8,08:15,0.22458526613727495
LineaA:1072,8,08:30,0.2969573079644626
LineaA:1072,8,08:45,0.2735277930654926
LineaA:1072,9,09:00,0.2273751408186256
LineaA:1072,9,09:15,0.2494179496808111
LineaA:1072,9,09:30,0.2739016147202403
LineaA:1072,9,09:45,0.24930529478032293
LineaA:1072,10,10:00,0.22561163915863158
LineaA:1072,10,10:15,0.24843015475414337
LineaA:1072,10,10:30,0.2615722471948667
LineaA:1072,10,10:45,0.26438595889235833
LineaA:1072,11,11:00,0.2195651568720247
LineaA:1072,11,11:15,0.2404164694746805
LineaA:1072,11,11:30,0.27181871328749196
LineaA:1072,11,11:45,0.26819966036580273
LineaA:1072,12,12:00,0.23807346441091298
LineaA:1072,12,12:15,0.2518344329043918
LineaA:1072,12,12:30,0.2538158381779781
LineaA:1072,12,12:45,0.2562762645067172
LineaA:1072,13,13:00,0.24735495206447425
LineaA:1072,13,13:15,0.23920018333906268
LineaA:1072,13,13:30,0.2482907451968985
LineaA:1072,13,13:45,0.26515411939956457
LineaA:1072,14,14:00,0.27263418662262595
LineaA:1072,14,14:15,0.24815854665565645
LineaA:1072,14,14:30,0.2367134599504542
LineaA:1072,14,14:45,0.24249380677126345
LineaA:1072,15,15:00,0.2738631870304468
LineaA:1072,15,15:15,0.24375906155265584
LineaA:1072,15,15:30,0.23752471332542507
LineaA:1072,15,15:45,0.24485303809147224
LineaA:1072,16,16:00,0.28536128624774226
LineaA:1072,16,16:15,0.2400744623089964
LineaA:1072,16,16:30,0.24267842698372244
LineaA:1072,16,16:45,0.23188582445953881
LineaA:1072,17,17:00,0.3353447324875896
LineaA:1072,17,17:15,0.25612796469939325
LineaA:1072,17,17:30,0.21591836734693876
LineaA:1072,17,17:45,0.19260893546607832
LineaA:1072,18,18:00,0.362532573523095
LineaA:1072,18,18:15,0.2710833023109304
LineaA:1072,18,18:30,0.20174107270696717
LineaA:1072,18,18:45,0.16464305145900748
LineaA:1072,19,19:00,0.299966982170372
LineaA:1072,19,19:15,0.2599878934624697
LineaA:1072,19,19:30,0.22589698437156064
LineaA:1072,19,19:45,0.21414813999559762
LineaA:1072,20,20:00,0.3229608840554289
LineaA:1072,20,20:15,0.270443781792668
LineaA:1072,20,20:30,0.2155411331345378
LineaA:1072,20,20:45,0.19105420101736537
LineaA:1072,21,21:00,0.3459597532863996
LineaA:1072,21,21:15,0.2664631487134758
LineaA:1072,21,21:30,0.20466014578530933
LineaA:1072,21,21:45,0.18291695221481527
LineaA:1072,22,22:00,0.35560165975103736
LineaA:1072,22,22:15,0.26908713692946057
LineaA:1072,22,22:30,0.21452282157676347
LineaA:1072,22,22:45,0.16078838174273857
LineaA:1072,23,23:00,0.654228855721393
LineaA:1072,23,23:15,0.3208955223880597
LineaA:1072,23,23:30,0.02487562189054726
LineaA:1074,5,05:15,0.10294117647058826
LineaA:1074,5,05:30,0.29963235294117646
LineaA:1074,5,05:45,0.5974264705882354
LineaA:1074,6,06:00,0.1701449275362319
LineaA:1074,6,06:15,0.1782608695652174
LineaA:1074,6,06:30,0.2669565217391305
LineaA:1074,6,06:45,0.38463768115942026
LineaA:1074,7,07:00,0.22586750788643534
LineaA:1074,7,07:15,0.28033648790746585
LineaA:1074,7,07:30,0.24879074658254471
LineaA:1074,7,07:45,0.24500525762355418
LineaA:1074,8,08:00,0.19540229885057472
LineaA:1074,8,08:15,0.22954194544518788
LineaA:1074,8,08:30,0.2925030022302282
LineaA:1074,8,08:45,0.28255275347400927
LineaA:1074,9,09:00,0.22303417827510086
LineaA:1074,9,09:15,0.23841059602649006
LineaA:1074,9,09:30,0.2726649920073076
LineaA:1074,9,09:45,0.2658902336911015
LineaA:1074,10,10:00,0.22696556205328133
LineaA:1074,10,10:15,0.24658869395711502
LineaA:1074,10,10:30,0.26088369070825207
LineaA:1074,10,10:45,0.2655620532813515
LineaA:1074,11,11:00,0.2258720634597783
LineaA:1074,11,11:15,0.24890674260144413
LineaA:1074,11,11:30,0.2575511034272348
LineaA:1074,11,11:45,0.2676700905115428
LineaA:1074,12,12:00,0.2490974729241877
LineaA:1074,12,12:15,0.2563176895306859
LineaA:1074,12,12:30,0.24877657440834336
LineaA:1074,12,12:45,0.24580826313678297
LineaA:1074,13,13:00,0.2515337423312884
LineaA:1074,13,13:15,0.22633900875439444
LineaA:1074,13,13:30,0.2612876542358861
LineaA:1074,13,13:45,0.26083959467843115
LineaA:1074,14,14:00,0.27586558824279844
LineaA:1074,14,14:15,0.234174469930855
LineaA:1074,14,14:30,0.25343811394891946
LineaA:1074,14,14:45,0.2365218278774271
LineaA:1074,15,15:00,0.3051554391580581
LineaA:1074,15,15:15,0.2387765329712078
LineaA:1074,15,15:30,0.2292869036649046
LineaA:1074,15,15:45,0.2267811242058296
LineaA:1074,16,16:00,0.279984259493493
LineaA:1074,16,16:15,0.23470219523849678
LineaA:1074,16,16:30,0.2355735447058493
LineaA:1074,16,16:45,0.24974000056216095
LineaA:1074,17,17:00,0.3270832649219015
LineaA:1074,17,17:15,0.265907026127694
LineaA:1074,17,17:30,0.21269935091233483
LineaA:1074,17,17:45,0.1943103580380696
LineaA:1074,18,18:00,0.3872753586533463
LineaA:1074,18,18:15,0.28200480546305273
LineaA:1074,18,18:30,0.19830263176382976
LineaA:1074,18,18:45,0.13241720411977126
LineaA:1074,19,19:00,0.3259632299679211
LineaA:1074,19,19:15,0.25742471801593597
LineaA:1074,19,19:30,0.2202752578386396
LineaA:1074,19,19:45,0.19633679417750338
LineaA:1074,20,20:00,0.3254232768964138
LineaA:1074,20,20:15,0.2502333022263698
LineaA:1074,20,20:30,0.2294805137092832
LineaA:1074,20,20:45,0.19486290716793317
LineaA:1074,21,21:00,0.4373604564624162
LineaA:1074,21,21:15,0.24727114859836266
LineaA:1074,21,21:30,0.16497147109898289
LineaA:1074,21,21:45,0.15039692384023814
LineaA:1074,22,22:00,0.4381775765061067
LineaA:1074,22,22:15,0.25058323041031977
LineaA:1074,22,22:30,0.17428296967201864
LineaA:1074,22,22:45,0.13695622341155483
LineaA:1074,23,23:00,0.7225841476655809
LineaA:1074,23,23:15,0.27470141150922905
LineaA:1074,23,23:30,0.0027144408251900108
LineaA:1076,0,00:00,0.5
LineaA:1076,0,00:15,0.16666666666666669
LineaA:1076,0,00:30,0.16666666666666669
LineaA:1076,0,00:45,0.16666666666666669
LineaA:1076,1,01:00,0.16666666666666666
LineaA:1076,1,01:15,0.3333333333333333
LineaA:1076,1,01:30,0.16666666666666666
LineaA:1076,1,01:45,0.3333333333333333
LineaA:1076,2,02:00,0.33333333333333337
LineaA:1076,2,02:15,0.33333333333333337
LineaA:1076,2,02:45,0.33333333333333337
LineaA:1076,3,03:00,0.33333333333333337
LineaA:1076,3,03:15,0.33333333333333337
LineaA:1076,3,03:45,0.33333333333333337
LineaA:1076,4,04:15,0.5
LineaA:1076,4,04:45,0.5
LineaA:1076,5,05:00,0.0005871990604815032
LineaA:1076,5,05:15,0.21051086318261888
LineaA:1076,5,05:30,0.37580739870816204
LineaA:1076,5,05:45,0.4130945390487375
LineaA:1076,6,06:00,0.1391884951206985
LineaA:1076,6,06:15,0.21289162814586543
LineaA:1076,6,06:30,0.29106317411402155
LineaA:1076,6,06:45,0.3568567026194145
LineaA:1076,7,07:00,0.21965317919075142
LineaA:1076,7,07:15,0.25741811175337187
LineaA:1076,7,07:30,0.2721442334159097
LineaA:1076,7,07:45,0.250784475639967
LineaA:1076,8,08:00,0.23680516218013448
LineaA:1076,8,08:15,0.24963672635026968
LineaA:1076,8,08:30,0.2587000960520159
LineaA:1076,8,08:45,0.25485801541757996
LineaA:1076,9,09:00,0.23785388943467
LineaA:1076,9,09:15,0.2522327409127445
LineaA:1076,9,09:30,0.2679735643475931
LineaA:1076,9,09:45,0.2419398053049924
LineaA:1076,10,10:00,0.2537416258849242
LineaA:1076,10,10:15,0.2578277189148097
LineaA:1076,10,10:30,0.24751746092079632
LineaA:1076,10,10:45,0.24091319427946975
LineaA:1076,11,11:00,0.23979096842476627
LineaA:1076,11,11:15,0.25848915152584234
LineaA:1076,11,11:30,0.25130093490915506
LineaA:1076,11,11:45,0.2504189451402364
LineaA:1076,12,12:00,0.22087560760773825
LineaA:1076,12,12:15,0.2712785045509412
LineaA:1076,12,12:30,0.2553094313770268
LineaA:1076,12,12:45,0.2525364564642939
LineaA:1076,13,13:00,0.27468473216696015
LineaA:1076,13,13:15,0.2632309650216606
LineaA:1076,13,13:30,0.24142895707729684
LineaA:1076,13,13:45,0.22065534573408233
LineaA:1076,14,14:00,0.26182205780926704
LineaA:1076,14,14:15,0.25970280268355384
LineaA:1076,14,14:30,0.2394131293498025
LineaA:1076,14,14:45,0.23906201015737663
LineaA:1076,15,15:00,0.24691974555665622
LineaA:1076,15,15:15,0.23744770730828743
LineaA:1076,15,15:30,0.2505628371906442
LineaA:1076,15,15:45,0.26506970994441215
LineaA:1076,16,16:00,0.27317285382830625
LineaA:1076,16,16:15,0.2435904872389791
LineaA:1076,16,16:30,0.23417633410672856
LineaA:1076,16,16:45,0.24906032482598608
LineaA:1076,17,17:00,0.2687043266442408
LineaA:1076,17,17:15,0.3116034489425047
LineaA:1076,17,17:30,0.23913312454084987
LineaA:1076,17,17:45,0.1805590998724046
LineaA:1076,18,18:00,0.3525757757278064
LineaA:1076,18,18:15,0.3123697136695819
LineaA:1076,18,18:30,0.19722654846052473
LineaA:1076,18,18:45,0.13782796214208698
LineaA:1076,19,19:00,0.3363109955494585
LineaA:1076,19,19:15,0.26245433808164115
LineaA:1076,19,19:30,0.20962210276124998
LineaA:1076,19,19:45,0.19161256360765047
LineaA:1076,20,20:00,0.3242415363716272
LineaA:1076,20,20:15,0.2738193538076339
LineaA:1076,20,20:30,0.2155128785659111
LineaA:1076,20,20:45,0.18642623125482777
LineaA:1076,21,21:00,0.3157586144686993
LineaA:1076,21,21:15,0.2793162547357027
LineaA:1076,21,21:30,0.22582536532563594
LineaA:1076,21,21:45,0.17909976546996212
LineaA:1076,22,22:00,0.38058639339595784
LineaA:1076,22,22:15,0.3054369484770851
LineaA:1076,22,22:30,0.16680899516083117
LineaA:1076,22,22:45,0.14716766296612582
LineaA:1076,23,23:00,0.6552125800815376
LineaA:1076,23,23:15,0.34245777518928366
LineaA:1076,23,23:30,0.0011648223645894004
LineaA:1076,23,23:45,0.0011648223645894004
LineaB:1077,0,00:00,0.39999999999999997
LineaB:1077,0,00:15,0.5
LineaB:1077,0,00:30,0.09999999999999999
LineaB:1077,4,04:30,0.5
LineaB:1077,4,04:45,0.5
LineaB:1077,5,05:00,0.0014928304851699076
LineaB:1077,5,05:15,0.25401689255549004
LineaB:1077,5,05:30,0.21932822628167353
LineaB:1077,5,05:45,0.5251620506776665
LineaB:1077,6,06:00,0.13454416483144865
LineaB:1077,6,06:15,0.21962404836727456
LineaB:1077,6,06:30,0.23923819892938744
LineaB:1077,6,06:45,0.40659358787188943
LineaB:1077,7,07:00,0.23731012744218907
LineaB:1077,7,07:15,0.24913725170511672
LineaB:1077,7,07:30,0.23494266460150542
LineaB:1077,7,07:45,0.27860995625118884
LineaB:1077,8,08:00,0.26879054981168515
LineaB:1077,8,08:15,0.28675528100419545
LineaB:1077,8,08:30,0.23498421768861133
LineaB:1077,8,08:45,0.20946995149550812
LineaB:1077,9,09:00,0.30352212873013035
LineaB:1077,9,09:15,0.29920662589867053
LineaB:1077,9,09:30,0.22199398844802082
LineaB:1077,9,09:45,0.17527725692317841
LineaB:1077,10,10:00,0.291209630862227
LineaB:1077,10,10:15,0.2838574387883316
LineaB:1077,10,10:30,0.23075355723842836
LineaB:1077,10,10:45,0.194179373111013
LineaB:1077,11,11:00,0.2552557072041989
LineaB:1077,11,11:15,0.2822138402641257
LineaB:1077,11,11:30,0.2385597245868332
LineaB:1077,11,11:45,0.2239707279448421
LineaB:1077,12,12:00,0.2581293304621262
LineaB:1077,12,12:15,0.27443754673970827
LineaB:1077,12,12:30,0.24895708506401654
LineaB:1077,12,12:45,0.21847603773414906
LineaB:1077,13,13:00,0.29798837083318286
LineaB:1077,13,13:15,0.28348802773664633
LineaB:1077,13,13:30,0.2210444580880494
LineaB:1077,13,13:45,0.19747914334212144
LineaB:1077,14,14:00,0.2838385457209579
LineaB:1077,14,14:15,0.266049269655204
LineaB:1077,14,14:30,0.22614359631851277
LineaB:1077,14,14:45,0.22396858830532534
LineaB:1077,15,15:00,0.25859326143482503
LineaB:1077,15,15:15,0.2787255751697807
LineaB:1077,15,15:30,0.2320098302741725
LineaB:1077,15,15:45,0.23067133312122176
LineaB:1077,16,16:00,0.2379443060901064
LineaB:1077,16,16:15,0.25887741418644744
LineaB:1077,16,16:30,0.2581372668535901
LineaB:1077,16,16:45,0.245041012869856
LineaB:1077,17,17:00,0.26697511658381956
LineaB:1077,17,17:15,0.28205597487499723
LineaB:1077,17,17:30,0.23495391553255196
LineaB:1077,17,17:45,0.21601499300863122
LineaB:1077,18,18:00,0.2816474458278348
LineaB:1077,18,18:15,0.27774590242316444
LineaB:1077,18,18:30,0.2396580411957083
LineaB:1077,18,18:45,0.20094861055329238
LineaB:1077,19,19:00,0.30467444508525204
LineaB:1077,19,19:15,0.2737678008961448
LineaB:1077,19,19:30,0.21852032592461146
LineaB:1077,19,19:45,0.2030374280939917
LineaB:1077,20,20:00,0.31173735610013603
LineaB:1077,20,20:15,0.2778104887011959
LineaB:1077,20,20:30,0.2298540190445252
LineaB:1077,20,20:45,0.1805981361541429
LineaB:1077,21,21:00,0.3062245621896121
LineaB:1077,21,21:15,0.295620029125126
LineaB:1077,21,21:30,0.2153765729435047
LineaB:1077,21,21:45,0.1827788357417572
LineaB:1077,22,22:00,0.3510196491663051
LineaB:1077,22,22:15,0.2586623690572119
LineaB:1077,22,22:30,0.23430236161904172
LineaB:1077,22,22:45,0.1560156201574413
LineaB:1077,23,23:00,0.35887611749680715
LineaB:1077,23,23:15,0.24648786717752233
LineaB:1077,23,23:30,0.2247765006385696
LineaB:1077,23,23:45,0.1698595146871009
LineaB:1078,0,00:00,1.0
LineaB:1078,5,05:00,0.000546448087431694
LineaB:1078,5,05:15,0.2797814207650273
LineaB:1078,5,05:30,0.2792349726775956
LineaB:1078,5,05:45,0.44043715846994536
LineaB:1078,6,06:00,0.08899864419910905
LineaB:1078,6,06:15,0.15959713344954485
LineaB:1078,6,06:30,0.28520240170443545
LineaB:1078,6,06:45,0.46620182064691074
LineaB:1078,7,07:00,0.23390354366852315
LineaB:1078,7,07:15,0.2564569435093947
LineaB:1078,7,07:30,0.24366546300263173
LineaB:1078,7,07:45,0.2659740498194504
LineaB:1078,8,08:00,0.26425219617981105
LineaB:1078,8,08:15,0.2995748538943138
LineaB:1078,8,08:30,0.24544530072654652
LineaB:1078,8,08:45,0.19072764919932855
LineaB:1078,9,09:00,0.2995646382919508
LineaB:1078,9,09:15,0.2946543943701171
LineaB:1078,9,09:30,0.2327097787408306
LineaB:1078,9,09:45,0.17307118859710158
LineaB:1078,10,10:00,0.28457522883295194
LineaB:1078,10,10:15,0.26591104118993136
LineaB:1078,10,10:30,0.23873712814645306
LineaB:1078,10,10:45,0.21077660183066363
LineaB:1078,11,11:00,0.23737413160565143
LineaB:1078,11,11:15,0.27339786121302007
LineaB:1078,11,11:30,0.24916087737100934
LineaB:1078,11,11:45,0.24006712981031927
LineaB:1078,12,12:00,0.24550727732109176
LineaB:1078,12,12:15,0.2758264830433081
LineaB:1078,12,12:30,0.23461798512508455
LineaB:1078,12,12:45,0.24404825451051565
LineaB:1078,13,13:00,0.2705021542118556
LineaB:1078,13,13:15,0.28948150349130886
LineaB:1078,13,13:30,0.23644332194324763
LineaB:1078,13,13:45,0.20357302035358787
LineaB:1078,14,14:00,0.26528028933092224
LineaB:1078,14,14:15,0.2592224231464738
LineaB:1078,14,14:30,0.23874321880650998
LineaB:1078,14,14:45,0.23675406871609403
LineaB:1078,15,15:00,0.24773737041303276
LineaB:1078,15,15:15,0.26472766167516865
LineaB:1078,15,15:30,0.2443639953924634
LineaB:1078,15,15:45,0.2431709725193352
LineaB:1078,16,16:00,0.24455007375840024
LineaB:1078,16,16:15,0.26592361907883955
LineaB:1078,16,16:30,0.25799049336174396
LineaB:1078,16,16:45,0.2315358138010162
LineaB:1078,17,17:00,0.28209570464185435
LineaB:1078,17,17:15,0.26763844913077245
LineaB:1078,17,17:30,0.23660314236214827
LineaB:1078,17,17:45,0.21366270386522496
LineaB:1078,18,18:00,0.29863632994886236
LineaB:1078,18,18:15,0.2785888979470837
LineaB:1078,18,18:30,0.22748832728081225
LineaB:1078,18,18:45,0.19528644482324167
LineaB:1078,19,19:00,0.30391448793875486
LineaB:1078,19,19:15,0.2617843901969281
LineaB:1078,19,19:30,0.22947662381433867
LineaB:1078,19,19:45,0.20482449804997832
LineaB:1078,20,20:00,0.3215483510340973
LineaB:1078,20,20:15,0.2636948015651202
LineaB:1078,20,20:30,0.22729178311906093
LineaB:1078,20,20:45,0.1874650642817216
LineaB:1078,21,21:00,0.35653586603349163
LineaB:1078,21,21:15,0.2988002999250188
LineaB:1078,21,21:30,0.20294926268432892
LineaB:1078,21,21:45,0.1417145713571607
LineaB:1078,22,22:00,0.3048645660585959
LineaB:1078,22,22:15,0.2716970702045329
LineaB:1078,22,22:30,0.24295190713101159
LineaB:1078,22,22:45,0.1804864566058596
LineaB:1078,23,23:00,0.6091954022988506
LineaB:1078,23,23:15,0.2298850574712644
LineaB:1078,23,23:30,0.14942528735632185
LineaB:1078,23,23:45,0.011494252873563218
LineaB:1079,5,05:00,0.0003792188092529389
LineaB:1079,5,05:15,0.2036405005688282
LineaB:1079,5,05:30,0.2912400455062571
LineaB:1079,5,05:45,0.5047402351156617
LineaB:1079,6,06:00,0.11256105006105006
LineaB:1079,6,06:15,0.1878815628815629
LineaB:1079,6,06:30,0.258203601953602
LineaB:1079,6,06:45,0.44135378510378515
LineaB:1079,7,07:00,0.22542885114715022
LineaB:1079,7,07:15,0.2520183317016416
LineaB:1079,7,07:30,0.24601654393507286
LineaB:1079,7,07:45,0.27653627321613533
LineaB:1079,8,08:00,0.25341733826083085
LineaB:1079,8,08:15,0.28485239770248005
LineaB:1079,8,08:30,0.25431898125473085
LineaB:1079,8,08:45,0.20741128278195825
LineaB:1079,9,09:00,0.27545430145723804
LineaB:1079,9,09:15,0.2814221885410253
LineaB:1079,9,09:30,0.2413363014888142
LineaB:1079,9,09:45,0.20178720851292253
LineaB:1079,10,10:00,0.272530238411522
LineaB:1079,10,10:15,0.26835861940385464
LineaB:1079,10,10:30,0.24710433708545992
LineaB:1079,10,10:45,0.21200680509916334
LineaB:1079,11,11:00,0.22141039530372125
LineaB:1079,11,11:15,0.2681212365523671
LineaB:1079,11,11:30,0.2592275326900305
LineaB:1079,11,11:45,0.25124083545388126
LineaB:1079,12,12:00,0.25224277948052526
LineaB:1079,12,12:15,0.2702968746504396
LineaB:1079,12,12:30,0.24651558200407167
LineaB:1079,12,12:45,0.23094476386496343
LineaB:1079,13,13:00,0.2909586847175996
LineaB:1079,13,13:15,0.2716398488526313
LineaB:1079,13,13:30,0.22939866369710468
LineaB:1079,13,13:45,0.20800280273266436
LineaB:1079,14,14:00,0.2637860569803945
LineaB:1079,14,14:15,0.269442634602855
LineaB:1079,14,14:30,0.23627317419889832
LineaB:1079,14,14:45,0.23049813421785229
LineaB:1079,15,15:00,0.24385218838321138
LineaB:1079,15,15:15,0.26500964103647745
LineaB:1079,15,15:30,0.24628225785150162
LineaB:1079,15,15:45,0.24485591272880955
LineaB:1079,16,16:00,0.24235712046808067
LineaB:1079,16,16:15,0.24168843381046912
LineaB:1079,16,16:30,0.2634834395569951
LineaB:1079,16,16:45,0.2524710061644551
LineaB:1079,17,17:00,0.28459451875409225
LineaB:1079,17,17:15,0.2718922458142363
LineaB:1079,17,17:30,0.24368160134692732
LineaB:1079,17,17:45,0.1998316340847442
LineaB:1079,18,18:00,0.35549728833310923
LineaB:1079,18,18:15,0.2628748151136211
LineaB:1079,18,18:30,0.20590739993725068
LineaB:1079,18,18:45,0.17572049661601902
LineaB:1079,19,19:00,0.31342989844918523
LineaB:1079,19,19:15,0.26285129496969223
LineaB:1079,19,19:30,0.22722978823899864
LineaB:1079,19,19:45,0.1964890183421239
LineaB:1079,20,20:00,0.28652277645231095
LineaB:1079,20,20:15,0.27747877711812685
LineaB:1079,20,20:30,0.237085945736004
LineaB:1079,20,20:45,0.19891250069355826
LineaB:1079,21,21:00,0.31237341189467865
LineaB:1079,21,21:15,0.2790462161664518
LineaB:1079,21,21:30,0.2238077702080648
LineaB:1079,21,21:45,0.18477260173080465
LineaB:1079,22,22:00,0.35533333333333333
LineaB:1079,22,22:15,0.267
LineaB:1079,22,22:30,0.20350000000000001
LineaB:1079,22,22:45,0.17416666666666666
LineaB:1079,23,23:00,0.8445378151260504
LineaB:1079,23,23:15,0.08823529411764706
LineaB:1079,23,23:30,0.05042016806722689
LineaB:1079,23,23:45,0.016806722689075633
LineaB:1080,0,00:00,1.0
LineaB:1080,1,01:15,1.0
LineaB:1080,5,05:15,0.22475369458128075
LineaB:1080,5,05:30,0.2586206896551724
LineaB:1080,5,05:45,0.5166256157635468
LineaB:1080,6,06:00,0.15177965279798275
LineaB:1080,6,06:15,0.1779652797982737
LineaB:1080,6,06:30,0.28658713994762874
LineaB:1080,6,06:45,0.38366792745611483
LineaB:1080,7,07:00,0.21105527638190957
LineaB:1080,7,07:15,0.24500051276792126
LineaB:1080,7,07:30,0.2642464020784193
LineaB:1080,7,07:45,0.27969780877174993
LineaB:1080,8,08:00,0.2533761569976228
LineaB:1080,8,08:15,0.2867078043599211
LineaB:1080,8,08:30,0.26134237013808104
LineaB:1080,8,08:45,0.19857366850437508
LineaB:1080,9,09:00,0.2714076928187072
LineaB:1080,9,09:15,0.2844615691224341
LineaB:1080,9,09:30,0.24224407094931244
LineaB:1080,9,09:45,0.20188666710954628
LineaB:1080,10,10:00,0.2745896017193287
LineaB:1080,10,10:15,0.25703049979422926
LineaB:1080,10,10:30,0.24596460743518223
LineaB:1080,10,10:45,0.2224152910512598
LineaB:1080,11,11:00,0.22737905866941144
LineaB:1080,11,11:15,0.24604659867128287
LineaB:1080,11,11:30,0.26607092729484416
LineaB:1080,11,11:45,0.2605034153644615
LineaB:1080,12,12:00,0.2508010375343302
LineaB:1080,12,12:15,0.2493896856881294
LineaB:1080,12,12:30,0.2461473909063168
LineaB:1080,12,12:45,0.25366188587122374
LineaB:1080,13,13:00,0.3019420277903765
LineaB:1080,13,13:15,0.2619882076444151
LineaB:1080,13,13:30,0.22681730095245947
LineaB:1080,13,13:45,0.20925246361274893
LineaB:1080,14,14:00,0.3025600921962463
LineaB:1080,14,14:15,0.25539183404675664
LineaB:1080,14,14:30,0.21345077378992425
LineaB:1080,14,14:45,0.22859729996707276
LineaB:1080,15,15:00,0.29088946605052785
LineaB:1080,15,15:15,0.2511552602286909
LineaB:1080,15,15:30,0.22143893142645124
LineaB:1080,15,15:45,0.23651634229432994
LineaB:1080,16,16:00,0.3145295202952029
LineaB:1080,16,16:15,0.229520295202952
LineaB:1080,16,16:30,0.24024446494464943
LineaB:1080,16,16:45,0.21570571955719556
LineaB:1080,17,17:00,0.33833892926982256
LineaB:1080,17,17:15,0.2494188835184297
LineaB:1080,17,17:30,0.23995498653285616
LineaB:1080,17,17:45,0.17228720067889167
LineaB:1080,18,18:00,0.38852500634678855
LineaB:1080,18,18:15,0.2791317593297791
LineaB:1080,18,18:30,0.18702716425488705
LineaB:1080,18,18:45,0.14531607006854533
LineaB:1080,19,19:00,0.33698224852071007
LineaB:1080,19,19:15,0.2686390532544379
LineaB:1080,19,19:30,0.21538461538461537
LineaB:1080,19,19:45,0.17899408284023668
LineaB:1080,20,20:00,0.29801212938005395
LineaB:1080,20,20:15,0.2610343665768194
LineaB:1080,20,20:30,0.21925539083557952
LineaB:1080,20,20:45,0.22169811320754718
LineaB:1080,21,21:00,0.3137807858620042
LineaB:1080,21,21:15,0.2324685091182553
LineaB:1080,21,21:30,0.22617033276931753
LineaB:1080,21,21:45,0.22758037225042302
LineaB:1080,22,22:00,0.3866822429906542
LineaB:1080,22,22:15,0.24659267912772584
LineaB:1080,22,22:30,0.1911993769470405
LineaB:1080,22,22:45,0.17552570093457945
LineaB:1080,23,23:00,0.8727524204702628
LineaB:1080,23,23:15,0.08713692946058092
LineaB:1080,23,23:30,0.027662517289073308
LineaB:1080,23,23:45,0.012448132780082988
LineaB:1081,0,00:00,0.6
LineaB:1081,0,00:15,0.19999999999999998
LineaB:1081,0,00:45,0.19999999999999998
LineaB:1081,1,01:15,1.0
LineaB:1081,2,02:15,0.33333333333333337
LineaB:1081,2,02:30,0.33333333333333337
LineaB:1081,2,02:45,0.33333333333333337
LineaB:1081,4,04:45,1.0
LineaB:1081,5,05:00,4.857434303201049e-05
LineaB:1081,5,05:15,0.32399086802351
LineaB:1081,5,05:30,0.301063778112401
LineaB:1081,5,05:45,0.374896779521057
LineaB:1081,6,06:00,0.15485854858548587
LineaB:1081,6,06:15,0.20470479704797048
LineaB:1081,6,06:30,0.2337740877408774
LineaB:1081,6,06:45,0.40666256662566624
LineaB:1081,7,07:00,0.1932980776232433
LineaB:1081,7,07:15,0.25481959513580427
LineaB:1081,7,07:30,0.2981640937886842
LineaB:1081,7,07:45,0.2537182334522683
LineaB:1081,8,08:00,0.22788208439222704
LineaB:1081,8,08:15,0.26762774016059065
LineaB:1081,8,08:30,0.2772897447818533
LineaB:1081,8,08:45,0.227200430665329
LineaB:1081,9,09:00,0.30928260101307575
LineaB:1081,9,09:15,0.2632728327156411
LineaB:1081,9,09:30,0.2185724512264741
LineaB:1081,9,09:45,0.20887211504480913
LineaB:1081,10,10:00,0.26260407301723804
LineaB:1081,10,10:15,0.29277254426767774
LineaB:1081,10,10:30,0.22468045186256494
LineaB:1081,10,10:45,0.2199429308525192
LineaB:1081,11,11:00,0.24830838427168883
LineaB:1081,11,11:15,0.2592159621157332
LineaB:1081,11,11:30,0.2105033733244831
LineaB:1081,11,11:45,0.2819722802880948
LineaB:1081,12,12:00,0.24704094114261044
LineaB:1081,12,12:15,0.23271334004892788
LineaB:1081,12,12:30,0.2728719959706432
LineaB:1081,12,12:45,0.2473737228378184
LineaB:1081,13,13:00,0.25287397326246136
LineaB:1081,13,13:15,0.28151114361393775
LineaB:1081,13,13:30,0.252187251955372
LineaB:1081,13,13:45,0.21342763116822888
LineaB:1081,14,14:00,0.2779819763966078
LineaB:1081,14,14:15,0.24594247503487368
LineaB:1081,14,14:30,0.2411044439031951
LineaB:1081,14,14:45,0.2349711046653234
LineaB:1081,15,15:00,0.2625910603471535
LineaB:1081,15,15:15,0.234249932547891
LineaB:1081,15,15:30,0.2515851245615613
LineaB:1081,15,15:45,0.2515738825433942
LineaB:1081,16,16:00,0.24795677799607072
LineaB:1081,16,16:15,0.24823182711198427
LineaB:1081,16,16:30,0.2423968565815324
LineaB:1081,16,16:45,0.26141453831041256
LineaB:1081,17,17:00,0.2419928237181077
LineaB:1081,17,17:15,0.256345387502687
LineaB:1081,17,17:30,0.2551135142285497
LineaB:1081,17,17:45,0.24654827455065562
LineaB:1081,18,18:00,0.30825602575507266
LineaB:1081,18,18:15,0.2735841064091159
LineaB:1081,18,18:30,0.22367306307451182
LineaB:1081,18,18:45,0.19448680476129962
LineaB:1081,19,19:00,0.2946168436283999
LineaB:1081,19,19:15,0.27058524471559026
LineaB:1081,19,19:30,0.2261199429029546
LineaB:1081,19,19:45,0.20867796875305528
LineaB:1081,20,20:00,0.2803695150115474
LineaB:1081,20,20:15,0.2933602771362587
LineaB:1081,20,20:30,0.22999422632794458
LineaB:1081,20,20:45,0.1962759815242494
LineaB:1081,21,21:00,0.3004495026778883
LineaB:1081,21,21:15,0.24813504208110176
LineaB:1081,21,21:30,0.2431140015302219
LineaB:1081,21,21:45,0.20830145371078806
LineaB:1081,22,22:00,0.25067024128686327
LineaB:1081,22,22:15,0.30219504021447724
LineaB:1081,22,22:30,0.25502680965147456
LineaB:1081,22,22:45,0.19210790884718498
LineaB:1081,23,23:00,0.5510662177328844
LineaB:1081,23,23:15,0.1734006734006734
LineaB:1081,23,23:30,0.18686868686868688
LineaB:1081,23,23:45,0.08866442199775533
LineaB:1082,0,00:00,0.4545454545454546
LineaB:1082,0,00:15,0.36363636363636365
LineaB:1082,0,00:30,0.18181818181818182
LineaB:1082,1,01:00,1.0
LineaB:1082,5,05:00,0.0008176614881439084
LineaB:1082,5,05:15,0.18806214227309895
LineaB:1082,5,05:30,0.321340964840556
LineaB:1082,5,05:45,0.4897792313982011
LineaB:1082,6,06:00,0.1358611197442614
LineaB:1082,6,06:15,0.2099631487812458
LineaB:1082,6,06:30,0.2893930648670248
LineaB:1082,6,06:45,0.3647826666074679
LineaB:1082,7,07:00,0.19582790091264668
LineaB:1082,7,07:15,0.23579313342025204
LineaB:1082,7,07:30,0.2919426336375489
LineaB:1082,7,07:45,0.27643633202955237
LineaB:1082,8,08:00,0.21618841680790138
LineaB:1082,8,08:15,0.2654666588744083
LineaB:1082,8,08:30,0.27499269475775817
LineaB:1082,8,08:45,0.24335222955993221
LineaB:1082,9,09:00,0.24473241524819658
LineaB:1082,9,09:15,0.27642345964131954
LineaB:1082,9,09:30,0.25197445328315227
LineaB:1082,9,09:45,0.22686967182733153
LineaB:1082,10,10:00,0.25070103215798584
LineaB:1082,10,10:15,0.28011455163773047
LineaB:1082,10,10:30,0.2303561839985681
LineaB:1082,10,10:45,0.23882823220571567
LineaB:1082,11,11:00,0.2192797809012924
LineaB:1082,11,11:15,0.2691428442090491
LineaB:1082,11,11:30,0.260360788574274
LineaB:1082,11,11:45,0.2512165863153844
LineaB:1082,12,12:00,0.26643017568900734
LineaB:1082,12,12:15,0.23970949392330135
LineaB:1082,12,12:30,0.2487563233349426
LineaB:1082,12,12:45,0.24510400705274865
LineaB:1082,13,13:00,0.26371520575278057
LineaB:1082,13,13:15,0.27535115272921235
LineaB:1082,13,13:30,0.25235583476560186
LineaB:1082,13,13:45,0.20857780675240523
LineaB:1082,14,14:00,0.2539429234627262
LineaB:1082,14,14:15,0.2795175229528922
LineaB:1082,14,14:30,0.2431452197881909
LineaB:1082,14,14:45,0.22339433379619078
LineaB:1082,15,15:00,0.25321637426900584
LineaB:1082,15,15:15,0.25159403886059234
LineaB:1082,15,15:30,0.2529522731560083
LineaB:1082,15,15:45,0.2422373137143935
LineaB:1082,16,16:00,0.2600427858331352
LineaB:1082,16,16:15,0.23064733380873148
LineaB:1082,16,16:30,0.25646409423447697
LineaB:1082,16,16:45,0.2528457861236563
LineaB:1082,17,17:00,0.27140053288889376
LineaB:1082,17,17:15,0.2938344974287563
LineaB:1082,17,17:30,0.21346257168232805
LineaB:1082,17,17:45,0.22130239800002194
LineaB:1082,18,18:00,0.32065168625741863
LineaB:1082,18,18:15,0.2938612795303347
LineaB:1082,18,18:30,0.20919590324689474
LineaB:1082,18,18:45,0.17629113096535193
LineaB:1082,19,19:00,0.2968227220553398
LineaB:1082,19,19:15,0.2994846997338022
LineaB:1082,19,19:30,0.2161086282267321
LineaB:1082,19,19:45,0.1875839499841258
LineaB:1082,20,20:00,0.29402721444458985
LineaB:1082,20,20:15,0.2857516681931179
LineaB:1082,20,20:30,0.2304723276200445
LineaB:1082,20,20:45,0.18974878974224782
LineaB:1082,21,21:00,0.29804900181488203
LineaB:1082,21,21:15,0.2705989110707804
LineaB:1082,21,21:30,0.22835753176043555
LineaB:1082,21,21:45,0.202994555353902
LineaB:1082,22,22:00,0.29456989247311827
LineaB:1082,22,22:15,0.22231182795698926
LineaB:1082,22,22:30,0.22844086021505378
LineaB:1082,22,22:45,0.2546774193548387
LineaB:1082,23,23:00,0.43483205038488454
LineaB:1082,23,23:15,0.27055633310006993
LineaB:1082,23,23:30,0.18535689293212038
LineaB:1082,23,23:45,0.10925472358292512
LineaB:1083,0,00:00,1.0
LineaB:1083,5,05:00,0.0018726591760299626
LineaB:1083,5,05:15,0.11704119850187267
LineaB:1083,5,05:30,0.35143570536828966
LineaB:1083,5,05:45,0.5296504369538078
LineaB:1083,6,06:00,0.12067881835323696
LineaB:1083,6,06:15,0.19474931102838078
LineaB:1083,6,06:30,0.2776193008751148
LineaB:1083,6,06:45,0.4069525697432674
LineaB:1083,7,07:00,0.18248786204587308
LineaB:1083,7,07:15,0.24641840663940112
LineaB:1083,7,07:30,0.2934395254837244
LineaB:1083,7,07:45,0.2776542058310014
LineaB:1083,8,08:00,0.23860273442181637
LineaB:1083,8,08:15,0.260701214171791
LineaB:1083,8,08:30,0.2691829001834626
LineaB:1083,8,08:45,0.23151315122293004
LineaB:1083,9,09:00,0.260018738554576
LineaB:1083,9,09:15,0.2641710318981304
LineaB:1083,9,09:30,0.25786806354073505
LineaB:1083,9,09:45,0.21794216600655847
LineaB:1083,10,10:00,0.2614713068351111
LineaB:1083,10,10:15,0.2543799535188606
LineaB:1083,10,10:30,0.2512961086943567
LineaB:1083,10,10:45,0.23285263095167155
LineaB:1083,11,11:00,0.2439643810074903
LineaB:1083,11,11:15,0.25386568939467
LineaB:1083,11,11:30,0.25788407753881765
LineaB:1083,11,11:45,0.24428585205902206
LineaB:1083,12,12:00,0.23283480141732957
LineaB:1083,12,12:15,0.26039873066469343
LineaB:1083,12,12:30,0.2670727021758001
LineaB:1083,12,12:45,0.23969376574217693
LineaB:1083,13,13:00,0.27864165475391667
LineaB:1083,13,13:15,0.26506111970125745
LineaB:1083,13,13:30,0.24850482831052895
LineaB:1083,13,13:45,0.20779239723429704
LineaB:1083,14,14:00,0.2651887377794174
LineaB:1083,14,14:15,0.2541210403635571
LineaB:1083,14,14:30,0.2471785756208811
LineaB:1083,14,14:45,0.23351164623614445
LineaB:1083,15,15:00,0.26007210170134715
LineaB:1083,15,15:15,0.2548067800898109
LineaB:1083,15,15:30,0.2518974131933464
LineaB:1083,15,15:45,0.23322370501549552
LineaB:1083,16,16:00,0.23589186183187774
LineaB:1083,16,16:15,0.27038333691434635
LineaB:1083,16,16:30,0.26594709369194014
LineaB:1083,16,16:45,0.22777770756183566
LineaB:1083,17,17:00,0.27315427116423374
LineaB:1083,17,17:15,0.2529078031716995
LineaB:1083,17,17:30,0.2480006921869399
LineaB:1083,17,17:45,0.22593723347712694
LineaB:1083,18,18:00,0.3112715872399148
LineaB:1083,18,18:15,0.2685459344310615
LineaB:1083,18,18:30,0.22791034177842684
LineaB:1083,18,18:45,0.19227213655059686
LineaB:1083,19,19:00,0.29543465855050405
LineaB:1083,19,19:15,0.2586075708579037
LineaB:1083,19,19:30,0.2366178428761651
LineaB:1083,19,19:45,0.20933992771542703
LineaB:1083,20,20:00,0.3128107809459752
LineaB:1083,20,20:15,0.2746162530927959
LineaB:1083,20,20:30,0.2251555406087103
LineaB:1083,20,20:45,0.18741742535251868
LineaB:1083,21,21:00,0.34257663794830695
LineaB:1083,21,21:15,0.26387497495491885
LineaB:1083,21,21:30,0.21398517331196154
LineaB:1083,21,21:45,0.1795632137848127
LineaB:1083,22,22:00,0.33423099940155593
LineaB:1083,22,22:15,0.27737881508078993
LineaB:1083,22,22:30,0.2281567923399162
LineaB:1083,22,22:45,0.16023339317773788
LineaB:1083,23,23:00,0.7505731315910132
LineaB:1083,23,23:15,0.17744154057771663
LineaB:1083,23,23:30,0.06602475928473177
LineaB:1083,23,23:45,0.0059605685465382845
LineaB:1084,2,02:00,1.0
LineaB:1084,5,05:15,0.1662027833001988
LineaB:1084,5,05:30,0.35029821073558653
LineaB:1084,5,05:45,0.48349900596421475
LineaB:1084,6,06:00,0.10471204188481675
LineaB:1084,6,06:15,0.20135453191795957
LineaB:1084,6,06:30,0.2964599644555454
LineaB:1084,6,06:45,0.3974734617416783
LineaB:1084,7,07:00,0.17789672923674152
LineaB:1084,7,07:15,0.2399242890038217
LineaB:1084,7,07:30,0.29935983218199574
LineaB:1084,7,07:45,0.28281914957744103
LineaB:1084,8,08:00,0.23471955606459002
LineaB:1084,8,08:15,0.26462712329209076
LineaB:1084,8,08:30,0.27078930812537305
LineaB:1084,8,08:45,0.22986401251794616
LineaB:1084,9,09:00,0.2704688976182189
LineaB:1084,9,09:15,0.26807219929391873
LineaB:1084,9,09:30,0.2586644125105664
LineaB:1084,9,09:45,0.20279449057729598
LineaB:1084,10,10:00,0.2623795102003167
LineaB:1084,10,10:15,0.25535382108321675
LineaB:1084,10,10:30,0.2571832674835119
LineaB:1084,10,10:45,0.22508340123295462
LineaB:1084,11,11:00,0.23286775432183637
LineaB:1084,11,11:15,0.2553865758983216
LineaB:1084,11,11:30,0.25931018293398617
LineaB:1084,11,11:45,0.2524354868458559
LineaB:1084,12,12:00,0.23103393661900856
LineaB:1084,12,12:15,0.25805940708104763
LineaB:1084,12,12:30,0.2609534505348941
LineaB:1084,12,12:45,0.24995320576504976
LineaB:1084,13,13:00,0.26366171270877053
LineaB:1084,13,13:15,0.26660821571276627
LineaB:1084,13,13:30,0.25226377669819183
LineaB:1084,13,13:45,0.2174662948802714
LineaB:1084,14,14:00,0.2554540883359556
LineaB:1084,14,14:15,0.26586754472757945
LineaB:1084,14,14:30,0.24745746216606382
LineaB:1084,14,14:45,0.23122090477040116
LineaB:1084,15,15:00,0.24876146305470642
LineaB:1084,15,15:15,0.2515924046439489
LineaB:1084,15,15:30,0.2526314204400006
LineaB:1084,15,15:45,0.24701471186134408
LineaB:1084,16,16:00,0.23039525823315904
LineaB:1084,16,16:15,0.25893243648230163
LineaB:1084,16,16:30,0.2664246944823682
LineaB:1084,16,16:45,0.24424761080217108
LineaB:1084,17,17:00,0.26799178244662825
LineaB:1084,17,17:15,0.25441587597424603
LineaB:1084,17,17:30,0.24632539817011187
LineaB:1084,17,17:45,0.23126694340901388
LineaB:1084,18,18:00,0.3269708458622042
LineaB:1084,18,18:15,0.28803329411252016
LineaB:1084,18,18:30,0.21328496099708025
LineaB:1084,18,18:45,0.17171089902819542
LineaB:1084,19,19:00,0.30181455842248794
LineaB:1084,19,19:15,0.2822529893014475
LineaB:1084,19,19:30,0.23001887979861552
LineaB:1084,19,19:45,0.18591357247744913
LineaB:1084,20,20:00,0.2906032629315796
LineaB:1084,20,20:15,0.2780574174781839
LineaB:1084,20,20:30,0.2300999114708486
LineaB:1084,20,20:45,0.20123940811938787
LineaB:1084,21,21:00,0.3280157595890147
LineaB:1084,21,21:15,0.27656533662945654
LineaB:1084,21,21:30,0.21754413071188536
LineaB:1084,21,21:45,0.17787477306964347
LineaB:1084,22,22:00,0.3136775302439347
LineaB:1084,22,22:15,0.3153963112315727
LineaB:1084,22,22:30,0.21464930257156076
LineaB:1084,22,22:45,0.15627685595293184
LineaB:1084,23,23:00,0.7270610153702841
LineaB:1084,23,23:15,0.16953889147647883
LineaB:1084,23,23:30,0.08663251047973917
LineaB:1084,23,23:45,0.016767582673497903
LineaB:1085,0,00:00,0.5
LineaB:1085,0,00:15,0.16666666666666669
LineaB:1085,0,00:30,0.16666666666666669
LineaB:1085,0,00:45,0.16666666666666669
LineaB:1085,4,04:15,0.14285714285714285
LineaB:1085,4,04:30,0.2857142857142857
LineaB:1085,4,04:45,0.5714285714285714
LineaB:1085,5,05:00,0.0011283497884344146
LineaB:1085,5,05:15,0.17715091678420308
LineaB:1085,5,05:30,0.3746121297602256
LineaB:1085,5,05:45,0.4471086036671368
LineaB:1085,6,06:00,0.13542496151191805
LineaB:1085,6,06:15,0.1978021978021978
LineaB:1085,6,06:30,0.2802463237245846
LineaB:1085,6,06:45,0.3865265169612996
LineaB:1085,7,07:00,0.17289405973822575
LineaB:1085,7,07:15,0.24758082559570424
LineaB:1085,7,07:30,0.30585076630495583
LineaB:1085,7,07:45,0.2736743483611142
LineaB:1085,8,08:00,0.22016996778836267
LineaB:1085,8,08:15,0.243312087359788
LineaB:1085,8,08:30,0.2835195211660156
LineaB:1085,8,08:45,0.25299842368583375
LineaB:1085,9,09:00,0.23866666666666667
LineaB:1085,9,09:15,0.2538641975308642
LineaB:1085,9,09:30,0.26808641975308645
LineaB:1085,9,09:45,0.23938271604938272
LineaB:1085,10,10:00,0.2546557668277554
LineaB:1085,10,10:15,0.25405356578293664
LineaB:1085,10,10:30,0.2526383933276124
LineaB:1085,10,10:45,0.2386522740616955
LineaB:1085,11,11:00,0.22967544753311017
LineaB:1085,11,11:15,0.24724203172755055
LineaB:1085,11,11:30,0.26103915005093875
LineaB:1085,11,11:45,0.26204337068840056
LineaB:1085,12,12:00,0.24323619936457508
LineaB:1085,12,12:15,0.25346256949960283
LineaB:1085,12,12:30,0.2582530778395552
LineaB:1085,12,12:45,0.24504815329626686
LineaB:1085,13,13:00,0.26934747618670674
LineaB:1085,13,13:15,0.261998997335022
LineaB:1085,13,13:30,0.25005936832106385
LineaB:1085,13,13:45,0.2185941581572073
LineaB:1085,14,14:00,0.25741115041266627
LineaB:1085,14,14:15,0.2756863735893549
LineaB:1085,14,14:30,0.24386615013194093
LineaB:1085,14,14:45,0.22303632586603783
LineaB:1085,15,15:00,0.25663369346319964
LineaB:1085,15,15:15,0.253340595037554
LineaB:1085,15,15:30,0.2507694451129153
LineaB:1085,15,15:45,0.23925626638633113
LineaB:1085,16,16:00,0.25350972206156075
LineaB:1085,16,16:15,0.2491350572597352
LineaB:1085,16,16:30,0.26168067050150906
LineaB:1085,16,16:45,0.23567455017719496
LineaB:1085,17,17:00,0.292921512747439
LineaB:1085,17,17:15,0.26346953708695986
LineaB:1085,17,17:30,0.23817684664561353
LineaB:1085,17,17:45,0.2054321035199877
LineaB:1085,18,18:00,0.2981324094624587
LineaB:1085,18,18:15,0.28650462837654955
LineaB:1085,18,18:30,0.22702322308233638
LineaB:1085,18,18:45,0.18833973907865534
LineaB:1085,19,19:00,0.2778605322563307
LineaB:1085,19,19:15,0.276355595141203
LineaB:1085,19,19:30,0.2404828083969348
LineaB:1085,19,19:45,0.2053010642055314
LineaB:1085,20,20:00,0.30025807431022045
LineaB:1085,20,20:15,0.2776196440092603
LineaB:1085,20,20:30,0.23000872898402214
LineaB:1085,20,20:45,0.192113552696497
LineaB:1085,21,21:00,0.3109452736318408
LineaB:1085,21,21:15,0.28065856285582397
LineaB:1085,21,21:30,0.22136738985484944
LineaB:1085,21,21:45,0.1870287736574858
LineaB:1085,22,22:00,0.3691333669771069
LineaB:1085,22,22:15,0.2747625820066982
LineaB:1085,22,22:30,0.19828416754599257
LineaB:1085,22,22:45,0.15781988347020232
LineaB:1085,23,23:00,0.6312737006468883
LineaB:1085,23,23:15,0.2005353557885345
LineaB:1085,23,23:30,0.1148784296230203
LineaB:1085,23,23:45,0.053312513941557
LineaB:1086,0,00:15,1.0
LineaB:1086,2,02:15,1.0
LineaB:1086,3,03:45,1.0
LineaB:1086,4,04:00,0.0909090909090909
LineaB:1086,4,04:15,0.1818181818181818
LineaB:1086,4,04:30,0.3636363636363636
LineaB:1086,4,04:45,0.3636363636363636
LineaB:1086,5,05:00,0.0036954915003695496
LineaB:1086,5,05:15,0.21581670362158167
LineaB:1086,5,05:30,0.27272727272727276
LineaB:1086,5,05:45,0.5077605321507761
LineaB:1086,6,06:00,0.14104487791570045
LineaB:1086,6,06:15,0.2010639749011049
LineaB:1086,6,06:30,0.2726776701677806
LineaB:1086,6,06:45,0.385213477015414
LineaB:1086,7,07:00,0.18719439062644155
LineaB:1086,7,07:15,0.2296337300488975
LineaB:1086,7,07:30,0.30025832641387584
LineaB:1086,7,07:45,0.2829135529107851
LineaB:1086,8,08:00,0.2237290647695272
LineaB:1086,8,08:15,0.24299688750555803
LineaB:1086,8,08:30,0.28357047576700756
LineaB:1086,8,08:45,0.2497035719579072
LineaB:1086,9,09:00,0.247279792746114
LineaB:1086,9,09:15,0.25107944732297066
LineaB:1086,9,09:30,0.26070811744386874
LineaB:1086,9,09:45,0.24093264248704663
LineaB:1086,10,10:00,0.23488932719701952
LineaB:1086,10,10:15,0.24479509094893712
LineaB:1086,10,10:30,0.26241507779969314
LineaB:1086,10,10:45,0.2579005040543502
LineaB:1086,11,11:00,0.22168096826170045
LineaB:1086,11,11:15,0.24367669651890433
LineaB:1086,11,11:30,0.26769588189005883
LineaB:1086,11,11:45,0.26694645332933636
LineaB:1086,12,12:00,0.22250308954050108
LineaB:1086,12,12:15,0.24519716885743176
LineaB:1086,12,12:30,0.25643186158858555
LineaB:1086,12,12:45,0.27586788001348167
LineaB:1086,13,13:00,0.2540189664790304
LineaB:1086,13,13:15,0.25214260358030327
LineaB:1086,13,13:30,0.2535118413712663
LineaB:1086,13,13:45,0.2403265885694001
LineaB:1086,14,14:00,0.25829515130154573
LineaB:1086,14,14:15,0.24797341523588945
LineaB:1086,14,14:30,0.25200140979809676
LineaB:1086,14,14:45,0.24173002366446805
LineaB:1086,15,15:00,0.23348179538182132
LineaB:1086,15,15:15,0.24900544841304162
LineaB:1086,15,15:30,0.26271296376372916
LineaB:1086,15,15:45,0.25479979244140794
LineaB:1086,16,16:00,0.24225314689959815
LineaB:1086,16,16:15,0.23576007173934704
LineaB:1086,16,16:30,0.28091268391510843
LineaB:1086,16,16:45,0.2410740974459464
LineaB:1086,17,17:00,0.2865851722495634
LineaB:1086,17,17:15,0.25148436259723767
LineaB:1086,17,17:30,0.24257818701381173
LineaB:1086,17,17:45,0.21935227813938718
LineaB:1086,18,18:00,0.3195220158462138
LineaB:1086,18,18:15,0.2568028315365632
LineaB:1086,18,18:30,0.2252727626964541
LineaB:1086,18,18:45,0.19840238992076895
LineaB:1086,19,19:00,0.2803968205566059
LineaB:1086,19,19:15,0.2511028440161818
LineaB:1086,19,19:30,0.239007135451607
LineaB:1086,19,19:45,0.2294931999756053
LineaB:1086,20,20:00,0.30717001629549157
LineaB:1086,20,20:15,0.2627524566688065
LineaB:1086,20,20:30,0.22719865685645155
LineaB:1086,20,20:45,0.2028788701792504
LineaB:1086,21,21:00,0.277198980743799
LineaB:1086,21,21:15,0.25520110957004166
LineaB:1086,21,21:30,0.23084862755217236
LineaB:1086,21,21:45,0.23675128213398708
LineaB:1086,22,22:00,0.4422738067877116
LineaB:1086,22,22:15,0.24366046119665977
LineaB:1086,22,22:30,0.18635562705891365
LineaB:1086,22,22:45,0.12771010495671495
LineaB:1086,23,23:00,0.6621353724157462
LineaB:1086,23,23:15,0.280940243557066
LineaB:1086,23,23:30,0.05550835457377513
LineaB:1086,23,23:45,0.0014160294534126309
LineaB:1088,5,05:00,0.0005091649694501018
LineaB:1088,5,05:15,0.17260692464358451
LineaB:1088,5,05:30,0.38136456211812625
LineaB:1088,5,05:45,0.4455193482688391
LineaB:1088,6,06:00,0.15552887821795386
LineaB:1088,6,06:15,0.18794184340402828
LineaB:1088,6,06:30,0.29225023342670403
LineaB:1088,6,06:45,0.36427904495131386
LineaB:1088,7,07:00,0.17232880088731875
LineaB:1088,7,07:15,0.23653617056237933
LineaB:1088,7,07:30,0.3002505853838886
LineaB:1088,7,07:45,0.2908844431664133
LineaB:1088,8,08:00,0.22912544519192718
LineaB:1088,8,08:15,0.2336433188233742
LineaB:1088,8,08:30,0.27450204458514704
LineaB:1088,8,08:45,0.26272919139955153
LineaB:1088,9,09:00,0.22513615912858156
LineaB:1088,9,09:15,0.22892493488041676
LineaB:1088,9,09:30,0.26349751361591284
LineaB:1088,9,09:45,0.28244139237508875
LineaB:1088,10,10:00,0.2203877191355162
LineaB:1088,10,10:15,0.2386374176792505
LineaB:1088,10,10:30,0.2642843892032279
LineaB:1088,10,10:45,0.27669047398200536
LineaB:1088,11,11:00,0.23674758595794604
LineaB:1088,11,11:15,0.2511145203501489
LineaB:1088,11,11:30,0.25279306921757966
LineaB:1088,11,11:45,0.25934482447432544
LineaB:1088,12,12:00,0.21879580867582388
LineaB:1088,12,12:15,0.23634562136923828
LineaB:1088,12,12:30,0.2509772517509094
LineaB:1088,12,12:45,0.29388131820402846
LineaB:1088,13,13:00,0.3079037444248522
LineaB:1088,13,13:15,0.2506742039207551
LineaB:1088,13,13:30,0.2268177574940359
LineaB:1088,13,13:45,0.21460429416035684
LineaB:1088,14,14:00,0.2583728587383781
LineaB:1088,14,14:15,0.253600800661416
LineaB:1088,14,14:30,0.24663852747922196
LineaB:1088,14,14:45,0.241387813120984
LineaB:1088,15,15:00,0.23779914503127783
LineaB:1088,15,15:15,0.236946683548747
LineaB:1088,15,15:30,0.2566535872331357
LineaB:1088,15,15:45,0.2686005841868395
LineaB:1088,16,16:00,0.26409883720930233
LineaB:1088,16,16:15,0.24764087656529518
LineaB:1088,16,16:30,0.24503577817531305
LineaB:1088,16,16:45,0.24322450805008944
LineaB:1088,17,17:00,0.31213477875113455
LineaB:1088,17,17:15,0.23191613041394293
LineaB:1088,17,17:30,0.228224400093823
LineaB:1088,17,17:45,0.22772469074109958
LineaB:1088,18,18:00,0.39547009939709954
LineaB:1088,18,18:15,0.2585721269117065
LineaB:1088,18,18:30,0.19600083800833354
LineaB:1088,18,18:45,0.14995693568286042
LineaB:1088,19,19:00,0.33563237266332757
LineaB:1088,19,19:15,0.2533322385527
LineaB:1088,19,19:30,0.21397487478446509
LineaB:1088,19,19:45,0.19706051399950736
LineaB:1088,20,20:00,0.3077663077663078
LineaB:1088,20,20:15,0.2636252636252636
LineaB:1088,20,20:30,0.20897620897620897
LineaB:1088,20,20:45,0.21963221963221966
LineaB:1088,21,21:00,0.4203186237084542
LineaB:1088,21,21:15,0.259123530309971
LineaB:1088,21,21:30,0.18430294701481142
LineaB:1088,21,21:45,0.13625489896676338
LineaB:1088,22,22:00,0.23452089565769196
LineaB:1088,22,22:15,0.24286102801196627
LineaB:1088,22,22:30,0.2580001813072251
LineaB:1088,22,22:45,0.26461789502311667
LineaB:1088,23,23:00,0.7191011235955056
LineaB:1088,23,23:15,0.2406367041198502
LineaB:1088,23,23:30,0.03838951310861423
LineaB:1088,23,23:45,0.0018726591760299626
LineaB:1089,0,00:00,0.33333333333333337
LineaB:1089,0,00:15,0.26666666666666666
LineaB:1089,0,00:30,0.33333333333333337
LineaB:1089,0,00:45,0.06666666666666667
LineaB:1089,1,01:15,1.0
LineaB:1089,2,02:00,0.09090909090909091
LineaB:1089,2,02:15,0.2727272727272727
LineaB:1089,2,02:30,0.2727272727272727
LineaB:1089,2,02:45,0.36363636363636365
LineaB:1089,3,03:00,0.17142857142857143
LineaB:1089,3,03:15,0.28571428571428575
LineaB:1089,3,03:30,0.28571428571428575
LineaB:1089,3,03:45,0.2571428571428572
LineaB:1089,4,04:00,0.17307692307692307
LineaB:1089,4,04:15,0.3269230769230769
LineaB:1089,4,04:30,0.28846153846153844
LineaB:1089,4,04:45,0.21153846153846154
LineaB:1089,5,05:00,0.004263093788063338
LineaB:1089,5,05:15,0.19336175395858707
LineaB:1089,5,05:30,0.34652862362971987
LineaB:1089,5,05:45,0.4558465286236297
LineaB:1089,6,06:00,0.1597980959683087
LineaB:1089,6,06:15,0.23014503865567695
LineaB:1089,6,06:30,0.2865631589035844
LineaB:1089,6,06:45,0.32349370647242986
LineaB:1089,7,07:00,0.18688920610519383
LineaB:1089,7,07:15,0.25079609091907323
LineaB:1089,7,07:30,0.2985615460634677
LineaB:1089,7,07:45,0.2637531569122653
LineaB:1089,8,08:00,0.21628035086232467
LineaB:1089,8,08:15,0.23820924615449807
LineaB:1089,8,08:30,0.28541463621339885
LineaB:1089,8,08:45,0.26009576676977836
LineaB:1089,9,09:00,0.23971560226016972
LineaB:1089,9,09:15,0.2484310168678718
LineaB:1089,9,09:30,0.25994036821584204
LineaB:1089,9,09:45,0.25191301265611643
LineaB:1089,10,10:00,0.227877596344638
LineaB:1089,10,10:15,0.24038374019259826
LineaB:1089,10,10:30,0.25977099375603
LineaB:1089,10,10:45,0.27196766970673364
LineaB:1089,11,11:00,0.23196207502177546
LineaB:1089,11,11:15,0.24434195307926265
LineaB:1089,11,11:30,0.2562791826710265
LineaB:1089,11,11:45,0.26741678922793544
LineaB:1089,12,12:00,0.23049165072636096
LineaB:1089,12,12:15,0.24129659308276896
LineaB:1089,12,12:30,0.24586672181150804
LineaB:1089,12,12:45,0.28234503437936204
LineaB:1089,13,13:00,0.2985253242742434
LineaB:1089,13,13:15,0.24523239654107476
LineaB:1089,13,13:30,0.2303698270537369
LineaB:1089,13,13:45,0.22587245213094506
LineaB:1089,14,14:00,0.26970184080891885
LineaB:1089,14,14:15,0.2549442571947109
LineaB:1089,14,14:30,0.235882810474462
LineaB:1089,14,14:45,0.2394710915219082
LineaB:1089,15,15:00,0.251717590195063
LineaB:1089,15,15:15,0.2512169860176075
LineaB:1089,15,15:30,0.2465820818228897
LineaB:1089,15,15:45,0.25048334196443983
LineaB:1089,16,16:00,0.2645212910424206
LineaB:1089,16,16:15,0.2492677878016017
LineaB:1089,16,16:30,0.24887874272375599
LineaB:1089,16,16:45,0.23733217843222174
LineaB:1089,17,17:00,0.28790887605409266
LineaB:1089,17,17:15,0.26848420434363074
LineaB:1089,17,17:30,0.22626456151146043
LineaB:1089,17,17:45,0.21734235809081628
LineaB:1089,18,18:00,0.3108004520274062
LineaB:1089,18,18:15,0.27112161275792035
LineaB:1089,18,18:30,0.23008353023921102
LineaB:1089,18,18:45,0.18799440497546252
LineaB:1089,19,19:00,0.2908131234450206
LineaB:1089,19,19:15,0.2631432092450066
LineaB:1089,19,19:30,0.23456646592415187
LineaB:1089,19,19:45,0.21147720138582093
LineaB:1089,20,20:00,0.31685649202733485
LineaB:1089,20,20:15,0.2681093394077449
LineaB:1089,20,20:30,0.21695615034168564
LineaB:1089,20,20:45,0.19807801822323462
LineaB:1089,21,21:00,0.30120118989343675
LineaB:1089,21,21:15,0.25473509809089884
LineaB:1089,21,21:30,0.22858380088112362
LineaB:1089,21,21:45,0.21547991113454082
LineaB:1089,22,22:00,0.32334290500119645
LineaB:1089,22,22:15,0.24659009332376167
LineaB:1089,22,22:30,0.23190356544627902
LineaB:1089,22,22:45,0.19816343622876287
LineaB:1089,23,23:00,0.4925039872408294
LineaB:1089,23,23:15,0.3328017012227539
LineaB:1089,23,23:30,0.11749069643806487
LineaB:1089,23,23:45,0.057203615098351944
LineaB:1090,3,03:00,1.0
LineaB:1090,5,05:15,0.2494199535962877
LineaB:1090,5,05:30,0.3051044083526682
LineaB:1090,5,05:45,0.4454756380510441
LineaB:1090,6,06:00,0.14599341383095502
LineaB:1090,6,06:15,0.2649835345773875
LineaB:1090,6,06:30,0.27969264544456646
LineaB:1090,6,06:45,0.3093304061470911
LineaB:1090,7,07:00,0.18606947311731442
LineaB:1090,7,07:15,0.20464949286419531
LineaB:1090,7,07:30,0.32214343416210395
LineaB:1090,7,07:45,0.2871375998563863
LineaB:1090,8,08:00,0.2016629357211385
LineaB:1090,8,08:15,0.24227694275663578
LineaB:1090,8,08:30,0.2760473297089862
LineaB:1090,8,08:45,0.28001279181323957
LineaB:1090,9,09:00,0.2297721692457032
LineaB:1090,9,09:15,0.24044995146462628
LineaB:1090,9,09:30,0.26214811854051273
LineaB:1090,9,09:45,0.2676297607491578
LineaB:1090,10,10:00,0.2098019469620678
LineaB:1090,10,10:15,0.23867069486404835
LineaB:1090,10,10:30,0.2667841557569654
LineaB:1090,10,10:45,0.2847432024169184
LineaB:1090,11,11:00,0.22800491853673532
LineaB:1090,11,11:15,0.2438671995081463
LineaB:1090,11,11:30,0.25447279434368275
LineaB:1090,11,11:45,0.2736550876114356
LineaB:1090,12,12:00,0.2482881737259122
LineaB:1090,12,12:15,0.24506015846620366
LineaB:1090,12,12:30,0.2520541915289054
LineaB:1090,12,12:45,0.2545974762789788
LineaB:1090,13,13:00,0.22644694096081597
LineaB:1090,13,13:15,0.2172271729069493
LineaB:1090,13,13:30,0.2920742663206229
LineaB:1090,13,13:45,0.2642516198116118
LineaB:1090,14,14:00,0.27749855016431474
LineaB:1090,14,14:15,0.2501063212835879
LineaB:1090,14,14:30,0.2377343901024551
LineaB:1090,14,14:45,0.2346607384496424
LineaB:1090,15,15:00,0.26316303127897334
LineaB:1090,15,15:15,0.24566112005725535
LineaB:1090,15,15:30,0.24559605719026012
LineaB:1090,15,15:45,0.24557979147351128
LineaB:1090,16,16:00,0.27692262756666763
LineaB:1090,16,16:15,0.2438005666384321
LineaB:1090,16,16:30,0.2484154569617665
LineaB:1090,16,16:45,0.23086134883313375
LineaB:1090,17,17:00,0.3347332291550396
LineaB:1090,17,17:15,0.2506418127023105
LineaB:1090,17,17:30,0.21423987052126353
LineaB:1090,17,17:45,0.20038508762138632
LineaB:1090,18,18:00,0.3542903731963204
LineaB:1090,18,18:15,0.28302002892040734
LineaB:1090,18,18:30,0.20287358090022461
LineaB:1090,18,18:45,0.15981601698304773
LineaB:1090,19,19:00,0.3100042571306939
LineaB:1090,19,19:15,0.2685398041719881
LineaB:1090,19,19:30,0.22701858947069672
LineaB:1090,19,19:45,0.19443734922662126
LineaB:1090,20,20:00,0.3134777880030118
LineaB:1090,20,20:15,0.27114531916673634
LineaB:1090,20,20:30,0.2252990880950389
LineaB:1090,20,20:45,0.1900778047352129
LineaB:1090,21,21:00,0.2879320800485142
LineaB:1090,21,21:15,0.24705882352941178
LineaB:1090,21,21:30,0.2277744087325652
LineaB:1090,21,21:45,0.23723468768950878
LineaB:1090,22,22:00,0.30851810272242497
LineaB:1090,22,22:15,0.27273365141734496
LineaB:1090,22,22:30,0.24529890541678365
LineaB:1090,22,22:45,0.17344934044344654
LineaB:1090,23,23:00,0.633457249070632
LineaB:1090,23,23:15,0.3431226765799257
LineaB:1090,23,23:30,0.02342007434944238
LineaB:1092,5,05:00,0.0019193857965451057
LineaB:1092,5,05:15,0.15355086372360846
LineaB:1092,5,05:30,0.3608445297504798
LineaB:1092,5,05:45,0.4836852207293666
LineaB:1092,6,06:00,0.20868919420720386
LineaB:1092,6,06:15,0.19977720014853323
LineaB:1092,6,06:30,0.253249164500557
LineaB:1092,6,06:45,0.33828444114370587
LineaB:1092,7,07:00,0.19886510188289913
LineaB:1092,7,07:15,0.2514831054939386
LineaB:1092,7,07:30,0.28527211761671395
LineaB:1092,7,07:45,0.26437967500644827
LineaB:1092,8,08:00,0.21798753339269814
LineaB:1092,8,08:15,0.25075690115761357
LineaB:1092,8,08:30,0.2692787177203918
LineaB:1092,8,08:45,0.2619768477292965
LineaB:1092,9,09:00,0.20850601263672805
LineaB:1092,9,09:15,0.2407772267137713
LineaB:1092,9,09:30,0.26047965215028196
LineaB:1092,9,09:45,0.2902371084992187
LineaB:1092,10,10:00,0.1836014414682171
LineaB:1092,10,10:15,0.2445666307537987
LineaB:1092,10,10:30,0.2753278597169075
LineaB:1092,10,10:45,0.29650406806107665
LineaB:1092,11,11:00,0.22370650492350758
LineaB:1092,11,11:15,0.23927510252191633
LineaB:1092,11,11:30,0.26488716450163297
LineaB:1092,11,11:45,0.27213122805294304
LineaB:1092,12,12:00,0.23794940562481884
LineaB:1092,12,12:15,0.25172151348216876
LineaB:1092,12,12:30,0.25626993331400405
LineaB:1092,12,12:45,0.25405914757900844
LineaB:1092,13,13:00,0.2665641210256746
LineaB:1092,13,13:15,0.2494477262685932
LineaB:1092,13,13:30,0.2436386247974996
LineaB:1092,13,13:45,0.24034952790823255
LineaB:1092,14,14:00,0.2816185334661146
LineaB:1092,14,14:15,0.23972692489124167
LineaB:1092,14,14:30,0.24154829917710574
LineaB:1092,14,14:45,0.23710624246553802
LineaB:1092,15,15:00,0.2965813230723694
LineaB:1092,15,15:15,0.24863104928222587
LineaB:1092,15,15:30,0.23703196684919345
LineaB:1092,15,15:45,0.21775566079621134
LineaB:1092,16,16:00,0.28796935447166805
LineaB:1092,16,16:15,0.24904801638473792
LineaB:1092,16,16:30,0.23738147614351818
LineaB:1092,16,16:45,0.22560115300007588
LineaB:1092,17,17:00,0.26493532751852
LineaB:1092,17,17:15,0.2903830924847375
LineaB:1092,17,17:30,0.24453667769346984
LineaB:1092,17,17:45,0.20014490230327267
LineaB:1092,18,18:00,0.36797204011635476
LineaB:1092,18,18:15,0.26622671818694915
LineaB:1092,18,18:30,0.21015499500716364
LineaB:1092,18,18:45,0.1556462466895324
LineaB:1092,19,19:00,0.3547125093341125
LineaB:1092,19,19:15,0.25614428102983666
LineaB:1092,19,19:30,0.209392552189864
LineaB:1092,19,19:45,0.17975065744618682
LineaB:1092,20,20:00,0.3942707009068565
LineaB:1092,20,20:15,0.2605870554001751
LineaB:1092,20,20:30,0.1903833658219623
LineaB:1092,20,20:45,0.154758877871006
LineaB:1092,21,21:00,0.38013037180106224
LineaB:1092,21,21:15,0.2472235634958957
LineaB:1092,21,21:30,0.20207629164654753
LineaB:1092,21,21:45,0.17056977305649446
LineaB:1092,22,22:00,0.3712424849699399
LineaB:1092,22,22:15,0.2955911823647295
LineaB:1092,22,22:30,0.18925350701402804
LineaB:1092,22,22:45,0.1439128256513026
LineaB:1092,23,23:00,0.5823215152986887
LineaB:1092,23,23:15,0.39145216124332205
LineaB:1092,23,23:30,0.026226323457989316
LineaC:1094,2,02:45,1.0
LineaC:1094,3,03:00,0.04347826086956522
LineaC:1094,3,03:15,0.2347826086956522
LineaC:1094,3,03:30,0.28695652173913044
LineaC:1094,3,03:45,0.4347826086956522
LineaC:1094,4,04:00,0.2180232558139535
LineaC:1094,4,04:15,0.26453488372093026
LineaC:1094,4,04:30,0.2383720930232558
LineaC:1094,4,04:45,0.27906976744186046
LineaC:1094,5,05:00,0.001491986588163573
LineaC:1094,5,05:15,0.15177353889592993
LineaC:1094,5,05:30,0.29090529895881795
LineaC:1094,5,05:45,0.5558291755570884
LineaC:1094,6,06:00,0.1615023862083087
LineaC:1094,6,06:15,0.22200448682601068
LineaC:1094,6,06:30,0.3075056444558601
LineaC:1094,6,06:45,0.30898748250982055
LineaC:1094,7,07:00,0.23462442822275714
LineaC:1094,7,07:15,0.23407820292995696
LineaC:1094,7,07:30,0.2542628471853759
LineaC:1094,7,07:45,0.27703452166191
LineaC:1094,8,08:00,0.23592147825950413
LineaC:1094,8,08:15,0.265115886500322
LineaC:1094,8,08:30,0.26229331218692586
LineaC:1094,8,08:45,0.23666932305324812
LineaC:1094,9,09:00,0.31525792621915144
LineaC:1094,9,09:15,0.27139695732513386
LineaC:1094,9,09:30,0.21788210547842154
LineaC:1094,9,09:45,0.19546301097729316
LineaC:1094,10,10:00,0.2928325122483418
LineaC:1094,10,10:15,0.260186571524066
LineaC:1094,10,10:30,0.22542655206802006
LineaC:1094,10,10:45,0.2215543641595722
LineaC:1094,11,11:00,0.25361302763822985
LineaC:1094,11,11:15,0.2575038614281248
LineaC:1094,11,11:30,0.24936932586738972
LineaC:1094,11,11:45,0.2395137850662556
LineaC:1094,12,12:00,0.2582134336036904
LineaC:1094,12,12:15,0.2574745267025071
LineaC:1094,12,12:30,0.26904152725841374
LineaC:1094,12,12:45,0.2152705124353888
LineaC:1094,13,13:00,0.257103050985426
LineaC:1094,13,13:15,0.3132042391321363
LineaC:1094,13,13:30,0.24377201358776474
LineaC:1094,13,13:45,0.1859206962946729
LineaC:1094,14,14:00,0.2760402891173423
LineaC:1094,14,14:15,0.24194716280844458
LineaC:1094,14,14:30,0.25338091253203143
LineaC:1094,14,14:45,0.22863163554218172
LineaC:1094,15,15:00,0.277037427566761
LineaC:1094,15,15:15,0.22929621487782262
LineaC:1094,15,15:30,0.2520653181884512
LineaC:1094,15,15:45,0.24160103936696528
LineaC:1094,16,16:00,0.27630979729387833
LineaC:1094,16,16:15,0.24550919413437503
LineaC:1094,16,16:30,0.26842621922216714
LineaC:1094,16,16:45,0.2097547893495795
LineaC:1094,17,17:00,0.25402975237736564
LineaC:1094,17,17:15,0.26379813576876004
LineaC:1094,17,17:30,0.23370680726861878
LineaC:1094,17,17:45,0.24846530458525562
LineaC:1094,18,18:00,0.28552273621338303
LineaC:1094,18,18:15,0.26790334823778417
LineaC:1094,18,18:30,0.24470448740324574
LineaC:1094,18,18:45,0.20186942814558712
LineaC:1094,19,19:00,0.28697063147703233
LineaC:1094,19,19:15,0.28594864990855956
LineaC:1094,19,19:30,0.2156112166959515
LineaC:1094,19,19:45,0.21146950191845662
LineaC:1094,20,20:00,0.2943279700958882
LineaC:1094,20,20:15,0.25239720461563464
LineaC:1094,20,20:30,0.22979409668829465
LineaC:1094,20,20:45,0.2234807286001825
LineaC:1094,21,21:00,0.34245831069503074
LineaC:1094,21,21:15,0.2966941112550675
LineaC:1094,21,21:30,0.20217745642997453
LineaC:1094,21,21:45,0.1586701216199273
LineaC:1094,22,22:00,0.38161760629746666
LineaC:1094,22,22:15,0.2696934419868064
LineaC:1094,22,22:30,0.22041133100504462
LineaC:1094,22,22:45,0.1282776207106824
LineaC:1094,23,23:00,0.8687541638907395
LineaC:1094,23,23:15,0.12724850099933377
LineaC:1094,23,23:30,0.002664890073284477
LineaC:1094,23,23:45,0.0013324450366422385
LineaC:1095,5,05:15,0.11411889596602973
LineaC:1095,5,05:30,0.35138004246284504
LineaC:1095,5,05:45,0.5345010615711253
LineaC:1095,6,06:00,0.1738119834710744
LineaC:1095,6,06:15,0.1916322314049587
LineaC:1095,6,06:30,0.2807334710743802
LineaC:1095,6,06:45,0.35382231404958675
LineaC:1095,7,07:00,0.2033898305084746
LineaC:1095,7,07:15,0.24688023840566217
LineaC:1095,7,07:30,0.29186068169119017
LineaC:1095,7,07:45,0.25786924939467315
LineaC:1095,8,08:00,0.21135876225490194
LineaC:1095,8,08:15,0.23276654411764705
LineaC:1095,8,08:30,0.2891007965686274
LineaC:1095,8,08:45,0.26677389705882354
LineaC:1095,9,09:00,0.25545546322901297
LineaC:1095,9,09:15,0.28310165411198257
LineaC:1095,9,09:30,0.23840956744583364
LineaC:1095,9,09:45,0.22303331521317074
LineaC:1095,10,10:00,0.25447528711582273
LineaC:1095,10,10:15,0.24633840145069047
LineaC:1095,10,10:30,0.24406007346445346
LineaC:1095,10,10:45,0.25512623796903333
LineaC:1095,11,11:00,0.2480091946474017
LineaC:1095,11,11:15,0.23844511944832117
LineaC:1095,11,11:30,0.2477629094491421
LineaC:1095,11,11:45,0.26578277645513504
LineaC:1095,12,12:00,0.25122469729180147
LineaC:1095,12,12:15,0.24980743753273563
LineaC:1095,12,12:30,0.2728225036201744
LineaC:1095,12,12:45,0.22614536155528855
LineaC:1095,13,13:00,0.3061142397425583
LineaC:1095,13,13:15,0.25498793242156076
LineaC:1095,13,13:30,0.2339098954143202
LineaC:1095,13,13:45,0.20498793242156074
LineaC:1095,14,14:00,0.2889508874885757
LineaC:1095,14,14:15,0.25754004521622015
LineaC:1095,14,14:30,0.22771658088412144
LineaC:1095,14,14:45,0.2257924864110828
LineaC:1095,15,15:00,0.2885387437945176
LineaC:1095,15,15:15,0.2419166846535722
LineaC:1095,15,15:30,0.23349881286423485
LineaC:1095,15,15:45,0.23604575868767536
LineaC:1095,16,16:00,0.2691003460207612
LineaC:1095,16,16:15,0.23072664359861594
LineaC:1095,16,16:30,0.26892733564013843
LineaC:1095,16,16:45,0.23124567474048444
LineaC:1095,17,17:00,0.2925509372453138
LineaC:1095,17,17:15,0.24371638141809293
LineaC:1095,17,17:30,0.2521271393643032
LineaC:1095,17,17:45,0.21160554197229012
LineaC:1095,18,18:00,0.32245949604786234
LineaC:1095,18,18:15,0.2428927027381108
LineaC:1095,18,18:30,0.2366478885540853
LineaC:1095,18,18:45,0.1979999126599415
LineaC:1095,19,19:00,0.27495086263376284
LineaC:1095,19,19:15,0.2578073815243503
LineaC:1095,19,19:30,0.2328019218169906
LineaC:1095,19,19:45,0.23443983402489627
LineaC:1095,20,20:00,0.2571894758311238
LineaC:1095,20,20:15,0.2542321027942076
LineaC:1095,20,20:30,0.23256169692025289
LineaC:1095,20,20:45,0.25601672445441565
LineaC:1095,21,21:00,0.2499348109517601
LineaC:1095,21,21:15,0.24923946110386788
LineaC:1095,21,21:30,0.2777488048674489
LineaC:1095,21,21:45,0.22307692307692306
LineaC:1095,22,22:00,0.47497870528109026
LineaC:1095,22,22:15,0.26203151618398635
LineaC:1095,22,22:30,0.17791737649063033
LineaC:1095,22,22:45,0.08507240204429302
LineaC:1095,23,23:00,0.9222042139384116
LineaC:1095,23,23:15,0.06969205834683953
LineaC:1095,23,23:30,0.008103727714748784
LineaC:1097,5,05:00,0.001550387596899225
LineaC:1097,5,05:15,0.1813953488372093
LineaC:1097,5,05:30,0.3348837209302326
LineaC:1097,5,05:45,0.48217054263565895
LineaC:1097,6,06:00,0.18997599039615845
LineaC:1097,6,06:15,0.22118847539015607
LineaC:1097,6,06:30,0.281812725090036
LineaC:1097,6,06:45,0.3070228091236495
LineaC:1097,7,07:00,0.19964533766809517
LineaC:1097,7,07:15,0.26850894044628343
LineaC:1097,7,07:30,0.28047879414807153
LineaC:1097,7,07:45,0.2513669277375499
LineaC:1097,8,08:00,0.21350293542074364
LineaC:1097,8,08:15,0.25273972602739725
LineaC:1097,8,08:30,0.27690802348336596
LineaC:1097,8,08:45,0.2568493150684931
LineaC:1097,9,09:00,0.21949258531356083
LineaC:1097,9,09:15,0.2615686975165267
LineaC:1097,9,09:30,0.2674647132392353
LineaC:1097,9,09:45,0.25147400393067715
LineaC:1097,10,10:00,0.23598384842366826
LineaC:1097,10,10:15,0.25011647771393075
LineaC:1097,10,10:30,0.2663457058549464
LineaC:1097,10,10:45,0.24755396800745455
LineaC:1097,11,11:00,0.21717389962343353
LineaC:1097,11,11:15,0.23970615470090745
LineaC:1097,11,11:30,0.2584727452311871
LineaC:1097,11,11:45,0.28464720044447184
LineaC:1097,12,12:00,0.24707249486010546
LineaC:1097,12,12:15,0.25467059980334317
LineaC:1097,12,12:30,0.25462590506838295
LineaC:1097,12,12:45,0.2436310002681684
LineaC:1097,13,13:00,0.289885179030065
LineaC:1097,13,13:15,0.24048194591327995
LineaC:1097,13,13:30,0.24187943798156825
LineaC:1097,13,13:45,0.22775343707508686
LineaC:1097,14,14:00,0.3107677213637478
LineaC:1097,14,14:15,0.2255334805003679
LineaC:1097,14,14:30,0.22078121167525142
LineaC:1097,14,14:45,0.2429175864606328
LineaC:1097,15,15:00,0.2915418562641483
LineaC:1097,15,15:15,0.23115267646857063
LineaC:1097,15,15:30,0.23293622664806896
LineaC:1097,15,15:45,0.24436924061921203
LineaC:1097,16,16:00,0.30457960644007154
LineaC:1097,16,16:15,0.22658318425760285
LineaC:1097,16,16:30,0.23785330948121647
LineaC:1097,16,16:45,0.23098389982110915
LineaC:1097,17,17:00,0.34890258099321386
LineaC:1097,17,17:15,0.2233169595956728
LineaC:1097,17,17:30,0.2142593486470371
LineaC:1097,17,17:45,0.2135211107640762
LineaC:1097,18,18:00,0.428391098928842
LineaC:1097,18,18:15,0.26196487178562416
LineaC:1097,18,18:30,0.1734590832040971
LineaC:1097,18,18:45,0.13618494608143686
LineaC:1097,19,19:00,0.3630419977298524
LineaC:1097,19,19:15,0.258161180476731
LineaC:1097,19,19:30,0.2058115777525539
LineaC:1097,19,19:45,0.17298524404086266
LineaC:1097,20,20:00,0.4309638730437326
LineaC:1097,20,20:15,0.24901272487933301
LineaC:1097,20,20:30,0.1807810443176832
LineaC:1097,20,20:45,0.13924235775925112
LineaC:1097,21,21:00,0.321945018274273
LineaC:1097,21,21:15,0.24916573971078976
LineaC:1097,21,21:30,0.21802002224694106
LineaC:1097,21,21:45,0.2108692197679962
LineaC:1097,22,22:00,0.4151947737720784
LineaC:1097,22,22:15,0.2542947011855795
LineaC:1097,22,22:30,0.1710621824340673
LineaC:1097,22,22:45,0.15944834260827487
LineaC:1097,23,23:00,0.650924024640657
LineaC:1097,23,23:15,0.32443531827515404
LineaC:1097,23,23:30,0.02464065708418891
LineaC:1098,2,02:30,0.5
LineaC:1098,2,02:45,0.5
LineaC:1098,3,03:00,0.15384615384615385
LineaC:1098,3,03:15,0.3076923076923077
LineaC:1098,3,03:30,0.3076923076923077
LineaC:1098,3,03:45,0.23076923076923075
LineaC:1098,4,04:00,0.14285714285714285
LineaC:1098,4,04:15,0.4285714285714285
LineaC:1098,4,04:30,0.14285714285714285
LineaC:1098,4,04:45,0.2857142857142857
LineaC:1098,5,05:00,0.003955174686882004
LineaC:1098,5,05:15,0.17336849044166117
LineaC:1098,5,05:30,0.35794330916282135
LineaC:1098,5,05:45,0.4647330257086355
LineaC:1098,6,06:00,0.1496528290737184
LineaC:1098,6,06:15,0.21302998965873837
LineaC:1098,6,06:30,0.2731570394445266
LineaC:1098,6,06:45,0.3641601418230167
LineaC:1098,7,07:00,0.23168654173764905
LineaC:1098,7,07:15,0.2641113003975014
LineaC:1098,7,07:30,0.26218057921635435
LineaC:1098,7,07:45,0.24202157864849522
LineaC:1098,8,08:00,0.22138117932903467
LineaC:1098,8,08:15,0.23754789272030652
LineaC:1098,8,08:30,0.2712363330529857
LineaC:1098,8,08:45,0.26983459489767314
LineaC:1098,9,09:00,0.23032341736240575
LineaC:1098,9,09:15,0.24787225419469885
LineaC:1098,9,09:30,0.25845019048391016
LineaC:1098,9,09:45,0.26335413795898516
LineaC:1098,10,10:00,0.23191114245416075
LineaC:1098,10,10:15,0.245345557122708
LineaC:1098,10,10:30,0.2606840620592384
LineaC:1098,10,10:45,0.26205923836389283
LineaC:1098,11,11:00,0.2336378836737131
LineaC:1098,11,11:15,0.2531350770333214
LineaC:1098,11,11:30,0.2544488235996656
LineaC:1098,11,11:45,0.2587782156932999
LineaC:1098,12,12:00,0.24932043057518757
LineaC:1098,12,12:15,0.2454876590192454
LineaC:1098,12,12:30,0.25241926715233226
LineaC:1098,12,12:45,0.2527726432532348
LineaC:1098,13,13:00,0.25179165300482453
LineaC:1098,13,13:15,0.23869970490421094
LineaC:1098,13,13:30,0.25012881165394163
LineaC:1098,13,13:45,0.2593798304370228
LineaC:1098,14,14:00,0.2628109841965264
LineaC:1098,14,14:15,0.2308910968549523
LineaC:1098,14,14:30,0.2552026286966046
LineaC:1098,14,14:45,0.25109529025191674
LineaC:1098,15,15:00,0.2912751307419519
LineaC:1098,15,15:15,0.23289315726290516
LineaC:1098,15,15:30,0.23423162368395634
LineaC:1098,15,15:45,0.24160008831118654
LineaC:1098,16,16:00,0.3027914220678088
LineaC:1098,16,16:15,0.2314005031747933
LineaC:1098,16,16:30,0.2291002755481011
LineaC:1098,16,16:45,0.23670779920929672
LineaC:1098,17,17:00,0.3213235445328727
LineaC:1098,17,17:15,0.24517243506693812
LineaC:1098,17,17:30,0.22535834001686308
LineaC:1098,17,17:45,0.20814568038332615
LineaC:1098,18,18:00,0.375141707289423
LineaC:1098,18,18:15,0.2563626572950912
LineaC:1098,18,18:30,0.2067367645391679
LineaC:1098,18,18:45,0.16175887087631788
LineaC:1098,19,19:00,0.32061941087397505
LineaC:1098,19,19:15,0.25402131367675207
LineaC:1098,19,19:30,0.2225650695694409
LineaC:1098,19,19:45,0.20279420587983202
LineaC:1098,20,20:00,0.3077846489632594
LineaC:1098,20,20:15,0.2667879228810477
LineaC:1098,20,20:30,0.23957802837395417
LineaC:1098,20,20:45,0.18584939978173884
LineaC:1098,21,21:00,0.3288857032585323
LineaC:1098,21,21:15,0.25323923471356896
LineaC:1098,21,21:30,0.2140927386006506
LineaC:1098,21,21:45,0.20378232342724817
LineaC:1098,22,22:00,0.40106951871657753
LineaC:1098,22,22:15,0.27941176470588236
LineaC:1098,22,22:30,0.17335115864527628
LineaC:1098,22,22:45,0.14616755793226383
LineaC:1098,23,23:00,0.6452232357177149
LineaC:1098,23,23:15,0.33509361497839657
LineaC:1098,23,23:30,0.019203072491598656
LineaC:1098,23,23:45,0.0004800768122899664
LineaC:1100,5,05:00,0.000980392156862745
LineaC:1100,5,05:15,0.10490196078431373
LineaC:1100,5,05:30,0.3892156862745098
LineaC:1100,5,05:45,0.5049019607843137
LineaC:1100,6,06:00,0.2434782608695652
LineaC:1100,6,06:15,0.27744565217391304
LineaC:1100,6,06:30,0.1744565217391304
LineaC:1100,6,06:45,0.3046195652173913
LineaC:1100,7,07:00,0.21371756421958535
LineaC:1100,7,07:15,0.2356239405398357
LineaC:1100,7,07:30,0.26026861390011735
LineaC:1100,7,07:45,0.2903898813404616
LineaC:1100,8,08:00,0.2500619271736438
LineaC:1100,8,08:15,0.23841961852861032
LineaC:1100,8,08:30,0.24287837503096354
LineaC:1100,8,08:45,0.26864007926678224
LineaC:1100,9,09:00,0.2428658909981629
LineaC:1100,9,09:15,0.24543784445805267
LineaC:1100,9,09:30,0.24543784445805267
LineaC:1100,9,09:45,0.2662584200857318
LineaC:1100,10,10:00,0.22114958816756708
LineaC:1100,10,10:15,0.23992560446373218
LineaC:1100,10,10:30,0.2716322734921619
LineaC:1100,10,10:45,0.26729253387653884
LineaC:1100,11,11:00,0.22495036399735277
LineaC:1100,11,11:15,0.24162806088682992
LineaC:1100,11,11:30,0.26035737921906027
LineaC:1100,11,11:45,0.2730641958967571
LineaC:1100,12,12:00,0.24878653309924612
LineaC:1100,12,12:15,0.2448621295053186
LineaC:1100,12,12:30,0.2520396571310544
LineaC:1100,12,12:45,0.2543116802643809
LineaC:1100,13,13:00,0.26706193482340895
LineaC:1100,13,13:15,0.24108513905476883
LineaC:1100,13,13:30,0.2507677870670534
LineaC:1100,13,13:45,0.24108513905476883
LineaC:1100,14,14:00,0.28292870658413777
LineaC:1100,14,14:15,0.21878708187678395
LineaC:1100,14,14:30,0.2458227766909336
LineaC:1100,14,14:45,0.2524614348481447
LineaC:1100,15,15:00,0.3408075048284742
LineaC:1100,15,15:15,0.21850455256139062
LineaC:1100,15,15:30,0.21657316288052975
LineaC:1100,15,15:45,0.22411477972960547
LineaC:1100,16,16:00,0.336574268419841
LineaC:1100,16,16:15,0.22836404999526044
LineaC:1100,16,16:30,0.22197245656560183
LineaC:1100,16,16:45,0.21308922501929667
LineaC:1100,17,17:00,0.36698130291095116
LineaC:1100,17,17:15,0.2446353388564444
LineaC:1100,17,17:30,0.20110688578025263
LineaC:1100,17,17:45,0.18727647245235185
LineaC:1100,18,18:00,0.40026532373359436
LineaC:1100,18,18:15,0.24301593230380858
LineaC:1100,18,18:30,0.20943831223193934
LineaC:1100,18,18:45,0.14728043173065777
LineaC:1100,19,19:00,0.3667973410601671
LineaC:1100,19,19:15,0.26364979262541904
LineaC:1100,19,19:30,0.20032952673143573
LineaC:1100,19,19:45,0.16922333958297825
LineaC:1100,20,20:00,0.3826660134503185
LineaC:1100,20,20:15,0.24277379414777533
LineaC:1100,20,20:30,0.19921614038213156
LineaC:1100,20,20:45,0.17534405201977463
LineaC:1100,21,21:00,0.4339017177373686
LineaC:1100,21,21:15,0.24117536022148114
LineaC:1100,21,21:30,0.17793997357327124
LineaC:1100,21,21:45,0.14698294846787893
LineaC:1100,22,22:00,0.41090842085866963
LineaC:1100,22,22:15,0.26276027271052144
LineaC:1100,22,22:30,0.20398009950248755
LineaC:1100,22,22:45,0.12235120692832134
LineaC:1100,23,23:00,0.6457858769931664
LineaC:1100,23,23:15,0.3291571753986333
LineaC:1100,23,23:30,0.02505694760820046
LineaC:1101,2,02:30,1.0
LineaC:1101,3,03:15,1.0
LineaC:1101,4,04:00,0.25
LineaC:1101,4,04:30,0.75
LineaC:1101,5,05:00,0.001890359168241966
LineaC:1101,5,05:15,0.07561436672967864
LineaC:1101,5,05:30,0.23629489603024575
LineaC:1101,5,05:45,0.6862003780718336
LineaC:1101,6,06:00,0.20908050362457078
LineaC:1101,6,06:15,0.19687142312094622
LineaC:1101,6,06:30,0.29454406714994275
LineaC:1101,6,06:45,0.29950400610454025
LineaC:1101,7,07:00,0.19703923019985198
LineaC:1101,7,07:15,0.23330866025166544
LineaC:1101,7,07:30,0.27091043671354553
LineaC:1101,7,07:45,0.2987416728349371
LineaC:1101,8,08:00,0.22913825170489768
LineaC:1101,8,08:15,0.26088034717916925
LineaC:1101,8,08:30,0.24562926224426532
LineaC:1101,8,08:45,0.2643521388716677
LineaC:1101,9,09:00,0.25657732972707153
LineaC:1101,9,09:15,0.248586181460536
LineaC:1101,9,09:30,0.25436439636095404
LineaC:1101,9,09:45,0.24047209245143839
LineaC:1101,10,10:00,0.22403092888391496
LineaC:1101,10,10:15,0.24824498931732628
LineaC:1101,10,10:30,0.26289551327703736
LineaC:1101,10,10:45,0.2648285685217215
LineaC:1101,11,11:00,0.22283742577435403
LineaC:1101,11,11:15,0.2432996308778687
LineaC:1101,11,11:30,0.2615952495586583
LineaC:1101,11,11:45,0.2722676937891189
LineaC:1101,12,12:00,0.2362803039440357
LineaC:1101,12,12:15,0.24291400313593053
LineaC:1101,12,12:30,0.2582318176335786
LineaC:1101,12,12:45,0.2625738752864552
LineaC:1101,13,13:00,0.26280323450134774
LineaC:1101,13,13:15,0.25173276857912974
LineaC:1101,13,13:30,0.24855602618405853
LineaC:1101,13,13:45,0.236907970735464
LineaC:1101,14,14:00,0.2854641747275353
LineaC:1101,14,14:15,0.23801812054099009
LineaC:1101,14,14:30,0.24410207029369285
LineaC:1101,14,14:45,0.23241563443778177
LineaC:1101,15,15:00,0.28451768312712145
LineaC:1101,15,15:15,0.24208912734041388
LineaC:1101,15,15:30,0.23532793167633856
LineaC:1101,15,15:45,0.23806525785612614
LineaC:1101,16,16:00,0.2901293723047436
LineaC:1101,16,16:15,0.24079619869030505
LineaC:1101,16,16:30,0.22678086567640954
LineaC:1101,16,16:45,0.24229356332854177
LineaC:1101,17,17:00,0.30452648309191227
LineaC:1101,17,17:15,0.22925738800087866
LineaC:1101,17,17:30,0.23641602811769116
LineaC:1101,17,17:45,0.2298001007895179
LineaC:1101,18,18:00,0.4127061105722599
LineaC:1101,18,18:15,0.26774282943051125
LineaC:1101,18,18:30,0.1816682832201746
LineaC:1101,18,18:45,0.13788277677705418
LineaC:1101,19,19:00,0.35174027078755227
LineaC:1101,19,19:15,0.25494435386687464
LineaC:1101,19,19:30,0.20812362656837033
LineaC:1101,19,19:45,0.18519174877720282
LineaC:1101,20,20:00,0.3991381318425344
LineaC:1101,20,20:15,0.23817843000232936
LineaC:1101,20,20:30,0.19560913114372236
LineaC:1101,20,20:45,0.16707430701141393
LineaC:1101,21,21:00,0.378286491387126
LineaC:1101,21,21:15,0.24580689029918404
LineaC:1101,21,21:30,0.2096554850407978
LineaC:1101,21,21:45,0.1662511332728921
LineaC:1101,22,22:00,0.5076994867008866
LineaC:1101,22,22:15,0.2361175921605226
LineaC:1101,22,22:30,0.15468968735417638
LineaC:1101,22,22:45,0.10149323378441437
LineaC:1101,23,23:00,0.7303921568627451
LineaC:1101,23,23:15,0.25
LineaC:1101,23,23:30,0.0196078431372549
LineaD:1103,0,00:00,0.3863216266173752
LineaD:1103,0,00:15,0.1878003696857671
LineaD:1103,0,00:30,0.2134935304990758
LineaD:1103,0,00:45,0.2123844731977819
LineaD:1103,1,01:00,0.4636082928981032
LineaD:1103,1,01:15,0.5094838994265549
LineaD:1103,1,01:30,0.022496691662990734
LineaD:1103,1,01:45,0.004411116012351125
LineaD:1103,2,02:00,0.08333333333333334
LineaD:1103,2,02:15,0.16666666666666669
LineaD:1103,2,02:30,0.08333333333333334
LineaD:1103,2,02:45,0.6666666666666667
LineaD:1103,3,03:00,0.1264367816091954
LineaD:1103,3,03:15,0.2528735632183908
LineaD:1103,3,03:30,0.29885057471264365
LineaD:1103,3,03:45,0.3218390804597701
LineaD:1103,4,04:00,0.18723404255319148
LineaD:1103,4,04:15,0.23829787234042554
LineaD:1103,4,04:30,0.2553191489361702
LineaD:1103,4,04:45,0.3191489361702127
LineaD:1103,5,05:00,0.015806111696522653
LineaD:1103,5,05:15,0.19915700737618544
LineaD:1103,5,05:30,0.2785036880927292
LineaD:1103,5,05:45,0.5065331928345627
LineaD:1103,6,06:00,0.11019694373371518
LineaD:1103,6,06:15,0.1991737283162367
LineaD:1103,6,06:30,0.27670711955118427
LineaD:1103,6,06:45,0.4139222083988639
LineaD:1103,7,07:00,0.23104059344735214
LineaD:1103,7,07:15,0.26614877395425507
LineaD:1103,7,07:30,0.25771275499690915
LineaD:1103,7,07:45,0.24509787760148363
LineaD:1103,8,08:00,0.2337054477168282
LineaD:1103,8,08:15,0.2904945692689509
LineaD:1103,8,08:30,0.2636947844221532
LineaD:1103,8,08:45,0.2121051985920676
LineaD:1103,9,09:00,0.289861212694222
LineaD:1103,9,09:15,0.2827702160301122
LineaD:1103,9,09:30,0.2397381236955242
LineaD:1103,9,09:45,0.18763044758014166
LineaD:1103,10,10:00,0.28476349120595473
LineaD:1103,10,10:15,0.2694114292574584
LineaD:1103,10,10:30,0.2361486283690498
LineaD:1103,10,10:45,0.20967645116753705
LineaD:1103,11,11:00,0.23733339989018118
LineaD:1103,11,11:15,0.2662523502886903
LineaD:1103,11,11:30,0.25536198605634036
LineaD:1103,11,11:45,0.2410522637647881
LineaD:1103,12,12:00,0.2396811457137067
LineaD:1103,12,12:15,0.2589940477530831
LineaD:1103,12,12:30,0.25356721985783665
LineaD:1103,12,12:45,0.2477575866753736
LineaD:1103,13,13:00,0.27119815154644533
LineaD:1103,13,13:15,0.27825615346325006
LineaD:1103,13,13:30,0.2469037660012333
LineaD:1103,13,13:45,0.20364192898907127
LineaD:1103,14,14:00,0.251746556275929
LineaD:1103,14,14:15,0.2655932903503888
LineaD:1103,14,14:30,0.24435624360194683
LineaD:1103,14,14:45,0.23830390977173543
LineaD:1103,15,15:00,0.2533301926638292
LineaD:1103,15,15:15,0.2617287761135839
LineaD:1103,15,15:30,0.24624744143734364
LineaD:1103,15,15:45,0.23869358978524316
LineaD:1103,16,16:00,0.22197141653515087
LineaD:1103,16,16:15,0.26001144344611204
LineaD:1103,16,16:30,0.26388460982250084
LineaD:1103,16,16:45,0.2541325301962363
LineaD:1103,17,17:00,0.2435689051371847
LineaD:1103,17,17:15,0.2697650093063083
LineaD:1103,17,17:30,0.256100374816053
LineaD:1103,17,17:45,0.23056571074045398
LineaD:1103,18,18:00,0.28213608526033607
LineaD:1103,18,18:15,0.3023396464921649
LineaD:1103,18,18:30,0.2368905694919687
LineaD:1103,18,18:45,0.1786336987555304
LineaD:1103,19,19:00,0.31766180849396647
LineaD:1103,19,19:15,0.2757964492802293
LineaD:1103,19,19:30,0.22099088812770054
LineaD:1103,19,19:45,0.18555085409810376
LineaD:1103,20,20:00,0.3086291692747921
LineaD:1103,20,20:15,0.2778503085039793
LineaD:1103,20,20:30,0.23827237771617632
LineaD:1103,20,20:45,0.1752481445050523
LineaD:1103,21,21:00,0.33231274265332533
LineaD:1103,21,21:15,0.27650642340835196
LineaD:1103,21,21:30,0.21729112086108393
LineaD:1103,21,21:45,0.17388971307723874
LineaD:1103,22,22:00,0.3141639384767435
LineaD:1103,22,22:15,0.2936561862993391
LineaD:1103,22,22:30,0.24448699734387547
LineaD:1103,22,22:45,0.147692877880042
LineaD:1103,23,23:00,0.09616792775201367
LineaD:1103,23,23:15,0.16792775201366855
LineaD:1103,23,23:30,0.21235050036612155
LineaD:1103,23,23:45,0.5235538198681963
LineaD:1104,5,05:00,0.0003663003663003663
LineaD:1104,5,05:15,0.21208791208791208
LineaD:1104,5,05:30,0.2663003663003663
LineaD:1104,5,05:45,0.5212454212454213
LineaD:1104,6,06:00,0.13994421089851883
LineaD:1104,6,06:15,0.20531960869052762
LineaD:1104,6,06:30,0.24900797548422585
LineaD:1104,6,06:45,0.4057282049267277
LineaD:1104,7,07:00,0.2110722319420145
LineaD:1104,7,07:15,0.25889777555611093
LineaD:1104,7,07:30,0.26183454136465883
LineaD:1104,7,07:45,0.2681954511372157
LineaD:1104,8,08:00,0.2415830699464065
LineaD:1104,8,08:15,0.27972149695387294
LineaD:1104,8,08:30,0.25545325454628737
LineaD:1104,8,08:45,0.2232421785534332
LineaD:1104,9,09:00,0.26689525115720897
LineaD:1104,9,09:15,0.2771929824561403
LineaD:1104,9,09:30,0.25046002628721636
LineaD:1104,9,09:45,0.20545174009943423
LineaD:1104,10,10:00,0.26268321961081625
LineaD:1104,10,10:15,0.26658453373768004
LineaD:1104,10,10:30,0.2454510993176649
LineaD:1104,10,10:45,0.22528114733383875
LineaD:1104,11,11:00,0.22825904377968145
LineaD:1104,11,11:15,0.25730297616320796
LineaD:1104,11,11:30,0.26383862445981643
LineaD:1104,11,11:45,0.2505993555972941
LineaD:1104,12,12:00,0.23838381087264407
LineaD:1104,12,12:15,0.25502505719577295
LineaD:1104,12,12:30,0.25743545048480226
LineaD:1104,12,12:45,0.24915568144678069
LineaD:1104,13,13:00,0.2557928325969563
LineaD:1104,13,13:15,0.2785714285714286
LineaD:1104,13,13:30,0.2477540500736377
LineaD:1104,13,13:45,0.21788168875797742
LineaD:1104,14,14:00,0.2565837224907903
LineaD:1104,14,14:15,0.26063735089905643
LineaD:1104,14,14:30,0.24380657619041096
LineaD:1104,14,14:45,0.23897235041974224
LineaD:1104,15,15:00,0.2386155794212822
LineaD:1104,15,15:15,0.2503165595835483
LineaD:1104,15,15:30,0.2645500164142006
LineaD:1104,15,15:45,0.2465178445809689
LineaD:1104,16,16:00,0.23086456608860062
LineaD:1104,16,16:15,0.26601894319754665
LineaD:1104,16,16:30,0.2680091549741725
LineaD:1104,16,16:45,0.23510733573968032
LineaD:1104,17,17:00,0.2540287967866803
LineaD:1104,17,17:15,0.27211181834377984
LineaD:1104,17,17:30,0.2431692661516285
LineaD:1104,17,17:45,0.23069011871791137
LineaD:1104,18,18:00,0.2851529466032272
LineaD:1104,18,18:15,0.2880828927024695
LineaD:1104,18,18:30,0.23318270733853264
LineaD:1104,18,18:45,0.19358145335577062
LineaD:1104,19,19:00,0.3036659478533621
LineaD:1104,19,19:15,0.2643844344246226
LineaD:1104,19,19:30,0.22944030582238775
LineaD:1104,19,19:45,0.20250931189962754
LineaD:1104,20,20:00,0.3324822399388602
LineaD:1104,20,20:15,0.26284890486860163
LineaD:1104,20,20:30,0.21946051100342173
LineaD:1104,20,20:45,0.18520834418911641
LineaD:1104,21,21:00,0.3493468440971798
LineaD:1104,21,21:15,0.28244414601391776
LineaD:1104,21,21:30,0.20214259553168112
LineaD:1104,21,21:45,0.16606641435722133
LineaD:1104,22,22:00,0.3316163410301954
LineaD:1104,22,22:15,0.2791000592066311
LineaD:1104,22,22:30,0.24091178211959738
LineaD:1104,22,22:45,0.14837181764357607
LineaD:1104,23,23:00,0.9266055045871558
LineaD:1104,23,23:15,0.055045871559633024
LineaD:1104,23,23:30,0.013761467889908256
LineaD:1104,23,23:45,0.004587155963302752
LineaD:1105,5,05:15,0.08403908794788273
LineaD:1105,5,05:30,0.36938110749185665
LineaD:1105,5,05:45,0.5465798045602606
LineaD:1105,6,06:00,0.11821847507331378
LineaD:1105,6,06:15,0.19221957478005866
LineaD:1105,6,06:30,0.24280608504398826
LineaD:1105,6,06:45,0.44675586510263926
LineaD:1105,7,07:00,0.21000026096714425
LineaD:1105,7,07:15,0.25509538349121846
LineaD:1105,7,07:30,0.26788277355880896
LineaD:1105,7,07:45,0.2670215819828283
LineaD:1105,8,08:00,0.24977666788484185
LineaD:1105,8,08:15,0.2705364031347708
LineaD:1105,8,08:30,0.2636334104844276
LineaD:1105,8,08:45,0.21605351849595972
LineaD:1105,9,09:00,0.27418979421389156
LineaD:1105,9,09:15,0.2817202239960568
LineaD:1105,9,09:30,0.24738146418938348
LineaD:1105,9,09:45,0.19670851760066813
LineaD:1105,10,10:00,0.2617654745391311
LineaD:1105,10,10:15,0.26204692117483863
LineaD:1105,10,10:30,0.2502462658062441
LineaD:1105,10,10:45,0.2259413384797861
LineaD:1105,11,11:00,0.23838102455910368
LineaD:1105,11,11:15,0.2653161549333279
LineaD:1105,11,11:30,0.2522070420515762
LineaD:1105,11,11:45,0.2440957784559923
LineaD:1105,12,12:00,0.24139750178686906
LineaD:1105,12,12:15,0.25268030359756305
LineaD:1105,12,12:30,0.2643545148225043
LineaD:1105,12,12:45,0.2415676797930635
LineaD:1105,13,13:00,0.26823095992287566
LineaD:1105,13,13:15,0.2636517008676491
LineaD:1105,13,13:30,0.24412959647431484
LineaD:1105,13,13:45,0.22398774273516048
LineaD:1105,14,14:00,0.2630231047601373
LineaD:1105,14,14:15,0.2547647768395657
LineaD:1105,14,14:30,0.24585691750951097
LineaD:1105,14,14:45,0.23635520089078593
LineaD:1105,15,15:00,0.2510915951294261
LineaD:1105,15,15:15,0.24909788930813467
LineaD:1105,15,15:30,0.25203077886342296
LineaD:1105,15,15:45,0.24777973669901635
LineaD:1105,16,16:00,0.23809933929647994
LineaD:1105,16,16:15,0.23779174920334167
LineaD:1105,16,16:30,0.2668036467881442
LineaD:1105,16,16:45,0.25730526471203413
LineaD:1105,17,17:00,0.29740914449098343
LineaD:1105,17,17:15,0.2519124175465878
LineaD:1105,17,17:30,0.23079431165508765
LineaD:1105,17,17:45,0.2198841263073412
LineaD:1105,18,18:00,0.3155905555097441
LineaD:1105,18,18:15,0.26354415766471506
LineaD:1105,18,18:30,0.23244275858277672
LineaD:1105,18,18:45,0.18842252824276406
LineaD:1105,19,19:00,0.32250491720068525
LineaD:1105,19,19:15,0.2564135101410655
LineaD:1105,19,19:30,0.2196561131907874
LineaD:1105,19,19:45,0.20142545946746188
LineaD:1105,20,20:00,0.3496518316681804
LineaD:1105,20,20:15,0.25885558583106266
LineaD:1105,20,20:30,0.2186497123826824
LineaD:1105,20,20:45,0.17284287011807448
LineaD:1105,21,21:00,0.37927022739291383
LineaD:1105,21,21:15,0.2575356953992597
LineaD:1105,21,21:30,0.19777895293495504
LineaD:1105,21,21:45,0.1654151242728715
LineaD:1105,22,22:00,0.4214164601539064
LineaD:1105,22,22:15,0.2586409286552758
LineaD:1105,22,22:30,0.18912221207773575
LineaD:1105,22,22:45,0.13082039911308202
LineaD:1105,23,23:00,0.7414965986394557
LineaD:1105,23,23:15,0.17006802721088432
LineaD:1105,23,23:30,0.06802721088435373
LineaD:1105,23,23:45,0.020408163265306117
LineaD:1106,0,00:30,1.0
LineaD:1106,1,01:00,0.5
LineaD:1106,1,01:15,0.5
LineaD:1106,4,04:30,1.0
LineaD:1106,5,05:15,0.07678464307138572
LineaD:1106,5,05:30,0.30533893221355723
LineaD:1106,5,05:45,0.617876424715057
LineaD:1106,6,06:00,0.11790852731313603
LineaD:1106,6,06:15,0.1793777049947362
LineaD:1106,6,06:30,0.2761141653994619
LineaD:1106,6,06:45,0.42659960229266575
LineaD:1106,7,07:00,0.2082047116165719
LineaD:1106,7,07:15,0.24916328188464665
LineaD:1106,7,07:30,0.2627782290820471
LineaD:1106,7,07:45,0.27985377741673434
LineaD:1106,8,08:00,0.22798953160649577
LineaD:1106,8,08:15,0.2687894242383573
LineaD:1106,8,08:30,0.27659598264215096
LineaD:1106,8,08:45,0.22662506151299602
LineaD:1106,9,09:00,0.26573347472605163
LineaD:1106,9,09:15,0.2752774832096147
LineaD:1106,9,09:30,0.25691056910569104
LineaD:1106,9,09:45,0.20207847295864262
LineaD:1106,10,10:00,0.26303730738037306
LineaD:1106,10,10:15,0.2660178426601784
LineaD:1106,10,10:30,0.2493714517437145
LineaD:1106,10,10:45,0.221573398215734
LineaD:1106,11,11:00,0.23270478020658178
LineaD:1106,11,11:15,0.25654576026903675
LineaD:1106,11,11:30,0.26319160861558166
LineaD:1106,11,11:45,0.24755785090879975
LineaD:1106,12,12:00,0.234017377193279
LineaD:1106,12,12:15,0.26686162480137937
LineaD:1106,12,12:30,0.253862537611143
LineaD:1106,12,12:45,0.24525846039419857
LineaD:1106,13,13:00,0.26715867158671586
LineaD:1106,13,13:15,0.2738175109023817
LineaD:1106,13,13:30,0.2476182489097618
LineaD:1106,13,13:45,0.21140556860114054
LineaD:1106,14,14:00,0.2566279047637174
LineaD:1106,14,14:15,0.2657632795995661
LineaD:1106,14,14:30,0.24688350493881203
LineaD:1106,14,14:45,0.2307253106979046
LineaD:1106,15,15:00,0.24613623354321693
LineaD:1106,15,15:15,0.2508333613926395
LineaD:1106,15,15:30,0.2562207481733392
LineaD:1106,15,15:45,0.2468096568908044
LineaD:1106,16,16:00,0.23293040663564638
LineaD:1106,16,16:15,0.24462623912603682
LineaD:1106,16,16:30,0.261910782925349
LineaD:1106,16,16:45,0.26053257131296786
LineaD:1106,17,17:00,0.2945302355778149
LineaD:1106,17,17:15,0.267146633277685
LineaD:1106,17,17:30,0.23001298460396957
LineaD:1106,17,17:45,0.2083101465405305
LineaD:1106,18,18:00,0.3162260238465526
LineaD:1106,18,18:15,0.2741512897033892
LineaD:1106,18,18:30,0.22473484370840513
LineaD:1106,18,18:45,0.184887842741653
LineaD:1106,19,19:00,0.3158823529411765
LineaD:1106,19,19:15,0.26210084033613446
LineaD:1106,19,19:30,0.23109243697478993
LineaD:1106,19,19:45,0.19092436974789914
LineaD:1106,20,20:00,0.3265751715533375
LineaD:1106,20,20:15,0.29648953666420913
LineaD:1106,20,20:30,0.2134633925026938
LineaD:1106,20,20:45,0.16347189927975952
LineaD:1106,21,21:00,0.32442647908026667
LineaD:1106,21,21:15,0.2718252926662817
LineaD:1106,21,21:30,0.21066722662606963
LineaD:1106,21,21:45,0.193081001627382
LineaD:1106,22,22:00,0.3395878191325746
LineaD:1106,22,22:15,0.2919101814826207
LineaD:1106,22,22:30,0.22444376089408388
LineaD:1106,22,22:45,0.1440582384907208
LineaD:1106,23,23:00,0.7393715341959335
LineaD:1106,23,23:15,0.15157116451016633
LineaD:1106,23,23:30,0.07578558225508317
LineaD:1106,23,23:45,0.033271719038817
LineaD:1107,0,00:00,1.0
LineaD:1107,4,04:45,1.0
LineaD:1107,5,05:00,0.0006157635467980295
LineaD:1107,5,05:15,0.2463054187192118
LineaD:1107,5,05:30,0.25615763546798026
LineaD:1107,5,05:45,0.4969211822660098
LineaD:1107,6,06:00,0.10653032166202836
LineaD:1107,6,06:15,0.18296550385088345
LineaD:1107,6,06:30,0.2821176622872306
LineaD:1107,6,06:45,0.4283865121998576
LineaD:1107,7,07:00,0.1772947452326936
LineaD:1107,7,07:15,0.26512968299711814
LineaD:1107,7,07:30,0.2743423876387271
LineaD:1107,7,07:45,0.28323318413146115
LineaD:1107,8,08:00,0.2237023375699938
LineaD:1107,8,08:15,0.25528841880721714
LineaD:1107,8,08:30,0.27824193405030667
LineaD:1107,8,08:45,0.24276730957248246
LineaD:1107,9,09:00,0.26131309095751765
LineaD:1107,9,09:15,0.24795578638966573
LineaD:1107,9,09:30,0.27967772006925024
LineaD:1107,9,09:45,0.2110534025835664
LineaD:1107,10,10:00,0.26216643566869036
LineaD:1107,10,10:15,0.25976535811193313
LineaD:1107,10,10:30,0.2479161379741152
LineaD:1107,10,10:45,0.2301520682452613
LineaD:1107,11,11:00,0.19744643927029315
LineaD:1107,11,11:15,0.276511786459517
LineaD:1107,11,11:30,0.272813668574262
LineaD:1107,11,11:45,0.25322810569592796
LineaD:1107,12,12:00,0.22708478052330391
LineaD:1107,12,12:15,0.24598921636730506
LineaD:1107,12,12:30,0.2536799973537098
LineaD:1107,12,12:45,0.27324600575568125
LineaD:1107,13,13:00,0.230207105014034
LineaD:1107,13,13:15,0.2874391722442743
LineaD:1107,13,13:30,0.26212818255800435
LineaD:1107,13,13:45,0.22022554018368734
LineaD:1107,14,14:00,0.25396825396825395
LineaD:1107,14,14:15,0.2676660787771899
LineaD:1107,14,14:30,0.2432490691749951
LineaD:1107,14,14:45,0.23511659807956103
LineaD:1107,15,15:00,0.2353572962909924
LineaD:1107,15,15:15,0.24897966490047257
LineaD:1107,15,15:30,0.2659494486610339
LineaD:1107,15,15:45,0.24971359014750108
LineaD:1107,16,16:00,0.2255575489724179
LineaD:1107,16,16:15,0.2582447235228052
LineaD:1107,16,16:30,0.252468676614303
LineaD:1107,16,16:45,0.2637290508904739
LineaD:1107,17,17:00,0.2568891256020749
LineaD:1107,17,17:15,0.25599759170062986
LineaD:1107,17,17:30,0.24254353464246017
LineaD:1107,17,17:45,0.24456974805483514
LineaD:1107,18,18:00,0.30569737910088235
LineaD:1107,18,18:15,0.2829314272248841
LineaD:1107,18,18:30,0.23643075956327075
LineaD:1107,18,18:45,0.17494043411096274
LineaD:1107,19,19:00,0.2986556563198899
LineaD:1107,19,19:15,0.27312049939787164
LineaD:1107,19,19:30,0.2317825456511588
LineaD:1107,19,19:45,0.19644129863107967
LineaD:1107,20,20:00,0.2895487274541955
LineaD:1107,20,20:15,0.27247451343836887
LineaD:1107,20,20:30,0.2346189491694589
LineaD:1107,20,20:45,0.20335780993797678
LineaD:1107,21,21:00,0.33106752841542236
LineaD:1107,21,21:15,0.2999219968798752
LineaD:1107,21,21:30,0.20882549587697793
LineaD:1107,21,21:45,0.16018497882772453
LineaD:1107,22,22:00,0.38046479521398985
LineaD:1107,22,22:15,0.29049700874367235
LineaD:1107,22,22:30,0.19167050161067647
LineaD:1107,22,22:45,0.1373676944316613
LineaD:1107,23,23:00,0.7372159090909092
LineaD:1107,23,23:15,0.16051136363636362
LineaD:1107,23,23:30,0.08522727272727272
LineaD:1107,23,23:45,0.017045454545454544
LineaD:1108,0,00:00,0.5
LineaD:1108,0,00:15,0.25
LineaD:1108,0,00:45,0.25
LineaD:1108,1,01:00,0.39999999999999997
LineaD:1108,1,01:15,0.19999999999999998
LineaD:1108,1,01:30,0.19999999999999998
LineaD:1108,1,01:45,0.19999999999999998
LineaD:1108,2,02:30,1.0
LineaD:1108,5,05:15,0.11063508064516128
LineaD:1108,5,05:30,0.3621471774193548
LineaD:1108,5,05:45,0.5272177419354839
LineaD:1108,6,06:00,0.15387293298520452
LineaD:1108,6,06:15,0.21592689295039164
LineaD:1108,6,06:30,0.30317667536988685
LineaD:1108,6,06:45,0.32702349869451697
LineaD:1108,7,07:00,0.19413487868560148
LineaD:1108,7,07:15,0.22557791504807997
LineaD:1108,7,07:30,0.3000063682098962
LineaD:1108,7,07:45,0.28028083805642234
LineaD:1108,8,08:00,0.20943272828639126
LineaD:1108,8,08:15,0.2401389499415681
LineaD:1108,8,08:30,0.2934352585476729
LineaD:1108,8,08:45,0.25699306322436766
LineaD:1108,9,09:00,0.25842022265634196
LineaD:1108,9,09:15,0.255937110174877
LineaD:1108,9,09:30,0.257702356014781
LineaD:1108,9,09:45,0.22794031115400004
LineaD:1108,10,10:00,0.25493626994574115
LineaD:1108,10,10:15,0.2734131698076861
LineaD:1108,10,10:30,0.2306000577904774
LineaD:1108,10,10:45,0.24105050245609527
LineaD:1108,11,11:00,0.2249802294992011
LineaD:1108,11,11:15,0.2591146043478963
LineaD:1108,11,11:30,0.2699601362147157
LineaD:1108,11,11:45,0.2459450299381869
LineaD:1108,12,12:00,0.2443755951281213
LineaD:1108,12,12:15,0.23327601154015604
LineaD:1108,12,12:30,0.2659494336512087
LineaD:1108,12,12:45,0.2563989596805139
LineaD:1108,13,13:00,0.25493865112673425
LineaD:1108,13,13:15,0.2779411371595071
LineaD:1108,13,13:30,0.2462375364217167
LineaD:1108,13,13:45,0.22088267529204203
LineaD:1108,14,14:00,0.2700138696255201
LineaD:1108,14,14:15,0.2549514563106796
LineaD:1108,14,14:30,0.2626629680998613
LineaD:1108,14,14:45,0.21237170596393898
LineaD:1108,15,15:00,0.2570112864611325
LineaD:1108,15,15:15,0.24897395807885864
LineaD:1108,15,15:30,0.249157179850491
LineaD:1108,15,15:45,0.24485757560951776
LineaD:1108,16,16:00,0.23648668386971128
LineaD:1108,16,16:15,0.2529821315546034
LineaD:1108,16,16:30,0.25402405180388526
LineaD:1108,16,16:45,0.2565071327718
LineaD:1108,17,17:00,0.25941662171694124
LineaD:1108,17,17:15,0.2741877930376333
LineaD:1108,17,17:30,0.22810671756358658
LineaD:1108,17,17:45,0.2382888676818389
LineaD:1108,18,18:00,0.29887655078771647
LineaD:1108,18,18:15,0.2826944180942284
LineaD:1108,18,18:30,0.2259918531331957
LineaD:1108,18,18:45,0.19243717798485946
LineaD:1108,19,19:00,0.2965880883735989
LineaD:1108,19,19:15,0.278318249795717
LineaD:1108,19,19:30,0.23056998812845933
LineaD:1108,19,19:45,0.19452367370222476
LineaD:1108,20,20:00,0.3035512137855855
LineaD:1108,20,20:15,0.2672843905915895
LineaD:1108,20,20:30,0.23265271896356549
LineaD:1108,20,20:45,0.19651167665925956
LineaD:1108,21,21:00,0.40639056500274273
LineaD:1108,21,21:15,0.26154690071311026
LineaD:1108,21,21:30,0.1850246845858475
LineaD:1108,21,21:45,0.14703784969829953
LineaD:1108,22,22:00,0.39304731011689825
LineaD:1108,22,22:15,0.2524022277985189
LineaD:1108,22,22:30,0.20858069649305344
LineaD:1108,22,22:45,0.1459697655915295
LineaD:1108,23,23:00,0.7837150127226463
LineaD:1108,23,23:15,0.12913486005089056
LineaD:1108,23,23:30,0.07633587786259541
LineaD:1108,23,23:45,0.010814249363867684
LineaD:1109,0,00:30,1.0
LineaD:1109,1,01:00,0.5
LineaD:1109,1,01:15,0.5
LineaD:1109,3,03:00,1.0
LineaD:1109,5,05:15,0.13765978367748277
LineaD:1109,5,05:30,0.3303834808259587
LineaD:1109,5,05:45,0.5319567354965585
LineaD:1109,6,06:00,0.13975409836065575
LineaD:1109,6,06:15,0.20519125683060108
LineaD:1109,6,06:30,0.26202185792349725
LineaD:1109,6,06:45,0.3930327868852459
LineaD:1109,7,07:00,0.1859483502019698
LineaD:1109,7,07:15,0.2580220578223574
LineaD:1109,7,07:30,0.2873871011664322
LineaD:1109,7,07:45,0.2686424908092407
LineaD:1109,8,08:00,0.21783386202809635
LineaD:1109,8,08:15,0.24627880224491933
LineaD:1109,8,08:30,0.2828458883814968
LineaD:1109,8,08:45,0.2530414473454875
LineaD:1109,9,09:00,0.26761560239068893
LineaD:1109,9,09:15,0.25967285309845867
LineaD:1109,9,09:30,0.2534995281535074
LineaD:1109,9,09:45,0.21921201635734508
LineaD:1109,10,10:00,0.25554601040982367
LineaD:1109,10,10:15,0.25519227853858206
LineaD:1109,10,10:30,0.256354540401233
LineaD:1109,10,10:45,0.23290717065036134
LineaD:1109,11,11:00,0.23587821064896908
LineaD:1109,11,11:15,0.25457216677643246
LineaD:1109,11,11:30,0.26044885759157
LineaD:1109,11,11:45,0.24910076498302855
LineaD:1109,12,12:00,0.23826967402041488
LineaD:1109,12,12:15,0.2539101086598617
LineaD:1109,12,12:30,0.25959005597629237
LineaD:1109,12,12:45,0.248230161343431
LineaD:1109,13,13:00,0.24697905223682715
LineaD:1109,13,13:15,0.26250994355846813
LineaD:1109,13,13:30,0.2549338990113262
LineaD:1109,13,13:45,0.23557710519337852
LineaD:1109,14,14:00,0.2503347744576654
LineaD:1109,14,14:15,0.261238856793052
LineaD:1109,14,14:30,0.2438688449324712
LineaD:1109,14,14:45,0.24455752381681142
LineaD:1109,15,15:00,0.22440216880308395
LineaD:1109,15,15:15,0.25301657943398004
LineaD:1109,15,15:30,0.26426802895916257
LineaD:1109,15,15:45,0.2583132228037735
LineaD:1109,16,16:00,0.22232367547825313
LineaD:1109,16,16:15,0.24439347036946307
LineaD:1109,16,16:30,0.27730886577734226
LineaD:1109,16,16:45,0.25597398837494156
LineaD:1109,17,17:00,0.26315236574502054
LineaD:1109,17,17:15,0.26117740986637533
LineaD:1109,17,17:30,0.2501470711824523
LineaD:1109,17,17:45,0.22552315320615177
LineaD:1109,18,18:00,0.2886243006742218
LineaD:1109,18,18:15,0.2759049395113088
LineaD:1109,18,18:30,0.23483001004160092
LineaD:1109,18,18:45,0.20064074977286855
LineaD:1109,19,19:00,0.29199054891620724
LineaD:1109,19,19:15,0.2715816868129987
LineaD:1109,19,19:30,0.23079820566380171
LineaD:1109,19,19:45,0.20562955860699245
LineaD:1109,20,20:00,0.29750082364569114
LineaD:1109,20,20:15,0.28163976090742227
LineaD:1109,20,20:30,0.23104438273638633
LineaD:1109,20,20:45,0.1898150327105003
LineaD:1109,21,21:00,0.311367895065584
LineaD:1109,21,21:15,0.26405371642723297
LineaD:1109,21,21:30,0.2204871955028107
LineaD:1109,21,21:45,0.20409119300437226
LineaD:1109,22,22:00,0.39865208545269587
LineaD:1109,22,22:15,0.29348931841302134
LineaD:1109,22,22:30,0.18603763987792474
LineaD:1109,22,22:45,0.12182095625635808
LineaD:1109,23,23:00,0.685099846390169
LineaD:1109,23,23:15,0.2380952380952381
LineaD:1109,23,23:30,0.06758832565284179
LineaD:1109,23,23:45,0.009216589861751152
LineaD:1110,4,04:45,1.0
LineaD:1110,5,05:15,0.12790697674418605
LineaD:1110,5,05:30,0.3940568475452196
LineaD:1110,5,05:45,0.4780361757105943
LineaD:1110,6,06:00,0.08510802469135802
LineaD:1110,6,06:15,0.17469135802469138
LineaD:1110,6,06:30,0.3039351851851852
LineaD:1110,6,06:45,0.43626543209876545
LineaD:1110,7,07:00,0.16686015998982173
LineaD:1110,7,07:15,0.2583692488748231
LineaD:1110,7,07:30,0.2993527250751443
LineaD:1110,7,07:45,0.2754178660602109
LineaD:1110,8,08:00,0.23056446174414064
LineaD:1110,8,08:15,0.2405025850951812
LineaD:1110,8,08:30,0.27741561468476034
LineaD:1110,8,08:45,0.2515173384759178
LineaD:1110,9,09:00,0.26307549085985105
LineaD:1110,9,09:15,0.26198939291356355
LineaD:1110,9,09:30,0.262863913337847
LineaD:1110,9,09:45,0.2120712028887384
LineaD:1110,10,10:00,0.2654885357223211
LineaD:1110,10,10:15,0.25393221656337567
LineaD:1110,10,10:30,0.25399357755006036
LineaD:1110,10,10:45,0.22658567016424289
LineaD:1110,11,11:00,0.2345253144216142
LineaD:1110,11,11:15,0.250294602875324
LineaD:1110,11,11:30,0.26171448160606775
LineaD:1110,11,11:45,0.25346560109699395
LineaD:1110,12,12:00,0.2431960217727303
LineaD:1110,12,12:15,0.24571601370875612
LineaD:1110,12,12:30,0.2612727639271554
LineaD:1110,12,12:45,0.2498152005913581
LineaD:1110,13,13:00,0.2652080944559794
LineaD:1110,13,13:15,0.2703058663113204
LineaD:1110,13,13:30,0.24869069385478323
LineaD:1110,13,13:45,0.2157953453779169
LineaD:1110,14,14:00,0.24987679559019477
LineaD:1110,14,14:15,0.24914669538394144
LineaD:1110,14,14:30,0.2543669118586526
LineaD:1110,14,14:45,0.24660959716721123
LineaD:1110,15,15:00,0.2376991178274338
LineaD:1110,15,15:15,0.24622206846665512
LineaD:1110,15,15:30,0.2588964194172314
LineaD:1110,15,15:45,0.25718239428867956
LineaD:1110,16,16:00,0.22503346244506828
LineaD:1110,16,16:15,0.26001208201556447
LineaD:1110,16,16:30,0.2732430735699987
LineaD:1110,16,16:45,0.24171138196936853
LineaD:1110,17,17:00,0.2661694625012674
LineaD:1110,17,17:15,0.2534727307549317
LineaD:1110,17,17:30,0.25063370999177587
LineaD:1110,17,17:45,0.22972409675202504
LineaD:1110,18,18:00,0.28190146710231273
LineaD:1110,18,18:15,0.2778012684989429
LineaD:1110,18,18:30,0.23897751297328462
LineaD:1110,18,18:45,0.20131975142545966
LineaD:1110,19,19:00,0.2959344051203393
LineaD:1110,19,19:15,0.2691776023026378
LineaD:1110,19,19:30,0.23246037607226042
LineaD:1110,19,19:45,0.20242761650476243
LineaD:1110,20,20:00,0.31202195986461634
LineaD:1110,20,20:15,0.2710337659568798
LineaD:1110,20,20:30,0.2336167150814167
LineaD:1110,20,20:45,0.18332755909708712
LineaD:1110,21,21:00,0.3093484947338988
LineaD:1110,21,21:15,0.2711343088824681
LineaD:1110,21,21:30,0.22681517382794297
LineaD:1110,21,21:45,0.19270202255569022
LineaD:1110,22,22:00,0.3392947528260503
LineaD:1110,22,22:15,0.27610933018390416
LineaD:1110,22,22:30,0.22692761936898936
LineaD:1110,22,22:45,0.1576682976210562
LineaD:1110,23,23:00,0.7287472035794184
LineaD:1110,23,23:15,0.20022371364653246
LineaD:1110,23,23:30,0.06991051454138703
LineaD:1110,23,23:45,0.0011185682326621926
LineaD:1111,0,00:00,0.5
LineaD:1111,0,00:30,0.5
LineaD:1111,1,01:15,1.0
LineaD:1111,2,02:00,1.0
LineaD:1111,4,04:30,0.7999999999999999
LineaD:1111,4,04:45,0.19999999999999998
LineaD:1111,5,05:00,0.0007082152974504249
LineaD:1111,5,05:15,0.1196883852691218
LineaD:1111,5,05:30,0.29107648725212465
LineaD:1111,5,05:45,0.5885269121813032
LineaD:1111,6,06:00,0.12496343960222288
LineaD:1111,6,06:15,0.14770400701959638
LineaD:1111,6,06:30,0.2793945598128108
LineaD:1111,6,06:45,0.44793799356537
LineaD:1111,7,07:00,0.17512261799469325
LineaD:1111,7,07:15,0.25142719305298705
LineaD:1111,7,07:30,0.29508723968802764
LineaD:1111,7,07:45,0.278362949264292
LineaD:1111,8,08:00,0.21776284973323737
LineaD:1111,8,08:15,0.24425632061783825
LineaD:1111,8,08:30,0.28931464281226077
LineaD:1111,8,08:45,0.24866618683666356
LineaD:1111,9,09:00,0.2518637114124181
LineaD:1111,9,09:15,0.26218291889728323
LineaD:1111,9,09:30,0.2682743783459248
LineaD:1111,9,09:45,0.21767899134437385
LineaD:1111,10,10:00,0.2466204361266605
LineaD:1111,10,10:15,0.25203442225749856
LineaD:1111,10,10:30,0.2596206867741666
LineaD:1111,10,10:45,0.2417244548416743
LineaD:1111,11,11:00,0.23385068502217224
LineaD:1111,11,11:15,0.2428188496922364
LineaD:1111,11,11:30,0.2569495002978357
LineaD:1111,11,11:45,0.26638096498775565
LineaD:1111,12,12:00,0.23518846314035818
LineaD:1111,12,12:15,0.25736672219908374
LineaD:1111,12,12:30,0.26039931278633904
LineaD:1111,12,12:45,0.2470455018742191
LineaD:1111,13,13:00,0.27154374588504204
LineaD:1111,13,13:15,0.26384178685449505
LineaD:1111,13,13:30,0.24363035565659202
LineaD:1111,13,13:45,0.22098411160387083
LineaD:1111,14,14:00,0.2750150117364485
LineaD:1111,14,14:15,0.24825317975872047
LineaD:1111,14,14:30,0.2469021234783558
LineaD:1111,14,14:45,0.22982968502647524
LineaD:1111,15,15:00,0.2584349203301977
LineaD:1111,15,15:15,0.2566231522365137
LineaD:1111,15,15:30,0.2446846803609138
LineaD:1111,15,15:45,0.24025724707237472
LineaD:1111,16,16:00,0.25398582123056684
LineaD:1111,16,16:15,0.25074913601386556
LineaD:1111,16,16:30,0.2609707967466093
LineaD:1111,16,16:45,0.23429424600895832
LineaD:1111,17,17:00,0.26424461581491987
LineaD:1111,17,17:15,0.26566308386942106
LineaD:1111,17,17:30,0.24323730371199107
LineaD:1111,17,17:45,0.22685499660366806
LineaD:1111,18,18:00,0.2860660762222833
LineaD:1111,18,18:15,0.2615992728656281
LineaD:1111,18,18:30,0.23706905662770297
LineaD:1111,18,18:45,0.21526559428438563
LineaD:1111,19,19:00,0.2939864647115695
LineaD:1111,19,19:15,0.2627521753142121
LineaD:1111,19,19:30,0.22655494682565258
LineaD:1111,19,19:45,0.21670641314856592
LineaD:1111,20,20:00,0.35823308206707616
LineaD:1111,20,20:15,0.2624342765743844
LineaD:1111,20,20:30,0.20213037485749288
LineaD:1111,20,20:45,0.17720226650104645
LineaD:1111,21,21:00,0.34197027105800054
LineaD:1111,21,21:15,0.2627222384144564
LineaD:1111,21,21:30,0.20655785485281258
LineaD:1111,21,21:45,0.1887496356747304
LineaD:1111,22,22:00,0.5154037152841641
LineaD:1111,22,22:15,0.2223652749678131
LineaD:1111,22,22:30,0.16006069523634356
LineaD:1111,22,22:45,0.10217031451167922
LineaD:1111,23,23:00,0.716374269005848
LineaD:1111,23,23:15,0.2042606516290727
LineaD:1111,23,23:30,0.07811194653299917
LineaD:1111,23,23:45,0.0012531328320802006
LineaD:1112,5,05:15,0.15209790209790208
LineaD:1112,5,05:30,0.2622377622377622
LineaD:1112,5,05:45,0.5856643356643356
LineaD:1112,6,06:00,0.09993201903467029
LineaD:1112,6,06:15,0.17148198504418763
LineaD:1112,6,06:30,0.2702243371855881
LineaD:1112,6,06:45,0.45836165873555407
LineaD:1112,7,07:00,0.17395479644682238
LineaD:1112,7,07:15,0.25366121343073705
LineaD:1112,7,07:30,0.2943718489556539
LineaD:1112,7,07:45,0.27801214116678674
LineaD:1112,8,08:00,0.22089434111594777
LineaD:1112,8,08:15,0.22899353647276083
LineaD:1112,8,08:30,0.2852921778129534
LineaD:1112,8,08:45,0.2648199445983379
LineaD:1112,9,09:00,0.2593556981954705
LineaD:1112,9,09:15,0.2566912922368899
LineaD:1112,9,09:30,0.2651083928787696
LineaD:1112,9,09:45,0.21884461668887006
LineaD:1112,10,10:00,0.26313979973355106
LineaD:1112,10,10:15,0.2536851605139886
LineaD:1112,10,10:30,0.25299755038892946
LineaD:1112,10,10:45,0.23017748936353088
LineaD:1112,11,11:00,0.2437108388665482
LineaD:1112,11,11:15,0.24988310109417378
LineaD:1112,11,11:30,0.2548396147012064
LineaD:1112,11,11:45,0.25156644533807165
LineaD:1112,12,12:00,0.2424958727300015
LineaD:1112,12,12:15,0.23292811046075343
LineaD:1112,12,12:30,0.2630196608134474
LineaD:1112,12,12:45,0.2615563559957977
LineaD:1112,13,13:00,0.2677580071174377
LineaD:1112,13,13:15,0.2679003558718861
LineaD:1112,13,13:30,0.2502491103202847
LineaD:1112,13,13:45,0.21409252669039144
LineaD:1112,14,14:00,0.27850084357676547
LineaD:1112,14,14:15,0.2526311561018719
LineaD:1112,14,14:30,0.24254840523821003
LineaD:1112,14,14:45,0.22631959508315258
LineaD:1112,15,15:00,0.24505415162454872
LineaD:1112,15,15:15,0.24299638989169675
LineaD:1112,15,15:30,0.25223826714801445
LineaD:1112,15,15:45,0.25971119133574005
LineaD:1112,16,16:00,0.25310705408416906
LineaD:1112,16,16:15,0.24162166795234422
LineaD:1112,16,16:30,0.2600211422530785
LineaD:1112,16,16:45,0.2452501357104083
LineaD:1112,17,17:00,0.2842685006569935
LineaD:1112,17,17:15,0.24392630490089184
LineaD:1112,17,17:30,0.24154994548351927
LineaD:1112,17,17:45,0.23025524895859542
LineaD:1112,18,18:00,0.30010548523206754
LineaD:1112,18,18:15,0.27243112434847355
LineaD:1112,18,18:30,0.22831347728965004
LineaD:1112,18,18:45,0.19914991312980887
LineaD:1112,19,19:00,0.2924748820996514
LineaD:1112,19,19:15,0.2537625589501743
LineaD:1112,19,19:30,0.24392044289522247
LineaD:1112,19,19:45,0.20984211605495182
LineaD:1112,20,20:00,0.3729878288182175
LineaD:1112,20,20:15,0.2566044085478715
LineaD:1112,20,20:30,0.20096472039934937
LineaD:1112,20,20:45,0.1694430422345617
LineaD:1112,21,21:00,0.36541236541236544
LineaD:1112,21,21:15,0.2709512709512709
LineaD:1112,21,21:30,0.20235320235320234
LineaD:1112,21,21:45,0.16128316128316128
LineaD:1112,22,22:00,0.37694631652335575
LineaD:1112,22,22:15,0.23774111085289334
LineaD:1112,22,22:30,0.2019521264234255
LineaD:1112,22,22:45,0.18336044620032535
LineaD:1112,23,23:00,0.7052631578947368
LineaD:1112,23,23:15,0.25131578947368416
LineaD:1112,23,23:30,0.042105263157894736
LineaD:1112,23,23:45,0.0013157894736842105
LineaD:1114,0,00:00,1.0
LineaD:1114,2,02:30,0.14285714285714288
LineaD:1114,2,02:45,0.8571428571428572
LineaD:1114,3,03:00,0.6153846153846154
LineaD:1114,3,03:15,0.38461538461538464
LineaD:1114,4,04:15,0.011764705882352941
LineaD:1114,4,04:30,0.5176470588235293
LineaD:1114,4,04:45,0.47058823529411764
LineaD:1114,5,05:00,0.019948519948519948
LineaD:1114,5,05:15,0.09395109395109395
LineaD:1114,5,05:30,0.4157014157014157
LineaD:1114,5,05:45,0.4703989703989704
LineaD:1114,6,06:00,0.144793152639087
LineaD:1114,6,06:15,0.16975748930099854
LineaD:1114,6,06:30,0.2910128388017118
LineaD:1114,6,06:45,0.39443651925820256
LineaD:1114,7,07:00,0.19072128100650512
LineaD:1114,7,07:15,0.25827435842447644
LineaD:1114,7,07:30,0.27768246479376657
LineaD:1114,7,07:45,0.273321895775252
LineaD:1114,8,08:00,0.1738703339882122
LineaD:1114,8,08:15,0.22047820089453662
LineaD:1114,8,08:30,0.28324206830247045
LineaD:1114,8,08:45,0.32240939681478076
LineaD:1114,9,09:00,0.2616043839732318
LineaD:1114,9,09:15,0.21592092459497755
LineaD:1114,9,09:30,0.25052495006572545
LineaD:1114,9,09:45,0.2719497413660652
LineaD:1114,10,10:00,0.22473277743578263
LineaD:1114,10,10:15,0.24005260507023338
LineaD:1114,10,10:30,0.2634310817617102
LineaD:1114,10,10:45,0.27178353573227376
LineaD:1114,11,11:00,0.2567305479767266
LineaD:1114,11,11:15,0.22530488807074062
LineaD:1114,11,11:30,0.2468470245334911
LineaD:1114,11,11:45,0.27111753941904165
LineaD:1114,12,12:00,0.24899792340754334
LineaD:1114,12,12:15,0.25638672912541655
LineaD:1114,12,12:30,0.24444229809565202
LineaD:1114,12,12:45,0.25017304937138807
LineaD:1114,13,13:00,0.3219827504141043
LineaD:1114,13,13:15,0.24370275879138661
LineaD:1114,13,13:30,0.2207223502084801
LineaD:1114,13,13:45,0.21359214058602896
LineaD:1114,14,14:00,0.27432267353082324
LineaD:1114,14,14:15,0.2416561232057938
LineaD:1114,14,14:30,0.24406657650189784
LineaD:1114,14,14:45,0.2399546267614851
LineaD:1114,15,15:00,0.247046870252203
LineaD:1114,15,15:15,0.23284146156183533
LineaD:1114,15,15:30,0.25113947128532366
LineaD:1114,15,15:45,0.2689721969006381
LineaD:1114,16,16:00,0.2802877652540772
LineaD:1114,16,16:15,0.2410348844531201
LineaD:1114,16,16:30,0.2527155090989232
LineaD:1114,16,16:45,0.22596184119387946
LineaD:1114,17,17:00,0.29257999395972084
LineaD:1114,17,17:15,0.2354596175549586
LineaD:1114,17,17:30,0.229252435980989
LineaD:1114,17,17:45,0.2427079525043315
LineaD:1114,18,18:00,0.3100339100947744
LineaD:1114,18,18:15,0.24445700373880533
LineaD:1114,18,18:30,0.22703243196243808
LineaD:1114,18,18:45,0.2184766542039823
LineaD:1114,19,19:00,0.3316154856463819
LineaD:1114,19,19:15,0.22919507161173305
LineaD:1114,19,19:30,0.21115767089874288
LineaD:1114,19,19:45,0.22803177184314216
LineaD:1114,20,20:00,0.2575099441177188
LineaD:1114,20,20:15,0.22906854730471704
LineaD:1114,20,20:30,0.23032528856243442
LineaD:1114,20,20:45,0.2830962200151297
LineaD:1114,21,21:00,0.4377678932470683
LineaD:1114,21,21:15,0.22782046097856853
LineaD:1114,21,21:30,0.1699797816417307
LineaD:1114,21,21:45,0.16443186413263242
LineaD:1114,22,22:00,0.4449290477544958
LineaD:1114,22,22:15,0.22840618185265954
LineaD:1114,22,22:30,0.18463386112954713
LineaD:1114,22,22:45,0.14203090926329762
LineaD:1114,23,23:00,0.7192546583850932
LineaD:1114,23,23:15,0.2506832298136646
LineaD:1114,23,23:30,0.030062111801242235
LineaD:1115,5,05:00,0.000630119722747322
LineaD:1115,5,05:15,0.15374921235034658
LineaD:1115,5,05:30,0.4032766225582861
LineaD:1115,5,05:45,0.44234404536862004
LineaD:1115,6,06:00,0.13841389524707148
LineaD:1115,6,06:15,0.21206409048067862
LineaD:1115,6,06:30,0.2554194156456173
LineaD:1115,6,06:45,0.39410259862663255
LineaD:1115,7,07:00,0.16193992919410713
LineaD:1115,7,07:15,0.23841790703871485
LineaD:1115,7,07:30,0.29574783965891355
LineaD:1115,7,07:45,0.3038943241082645
LineaD:1115,8,08:00,0.19950397354525573
LineaD:1115,8,08:15,0.24718651661421942
LineaD:1115,8,08:30,0.2921222465198144
LineaD:1115,8,08:45,0.2611872633207104
LineaD:1115,9,09:00,0.23279564978980077
LineaD:1115,9,09:15,0.2513023213306525
LineaD:1115,9,09:30,0.2632059952476695
LineaD:1115,9,09:45,0.25269603363187715
LineaD:1115,10,10:00,0.23368670984941578
LineaD:1115,10,10:15,0.24478786995188803
LineaD:1115,10,10:30,0.2602003624018495
LineaD:1115,10,10:45,0.26132505779684667
LineaD:1115,11,11:00,0.23021496337216285
LineaD:1115,11,11:15,0.24579251659832904
LineaD:1115,11,11:30,0.25531403866938873
LineaD:1115,11,11:45,0.26867848136011946
LineaD:1115,12,12:00,0.24336460287679798
LineaD:1115,12,12:15,0.2519449656035022
LineaD:1115,12,12:30,0.25254534083802377
LineaD:1115,12,12:45,0.25214509068167607
LineaD:1115,13,13:00,0.2688562059028123
LineaD:1115,13,13:15,0.23447282122627447
LineaD:1115,13,13:30,0.27032197157905197
LineaD:1115,13,13:45,0.22634900129186128
LineaD:1115,14,14:00,0.284163439711577
LineaD:1115,14,14:15,0.24525303778875684
LineaD:1115,14,14:30,0.23992522366137004
LineaD:1115,14,14:45,0.2306582988382962
LineaD:1115,15,15:00,0.2513525724944101
LineaD:1115,15,15:15,0.24496912543299695
LineaD:1115,15,15:30,0.25120196485049295
LineaD:1115,15,15:45,0.25247633722209994
LineaD:1115,16,16:00,0.27200937295312605
LineaD:1115,16,16:15,0.24319861250772623
LineaD:1115,16,16:30,0.2563447327878078
LineaD:1115,16,16:45,0.22844728175133996
LineaD:1115,17,17:00,0.33165092803647017
LineaD:1115,17,17:15,0.2572623352585306
LineaD:1115,17,17:30,0.21258290630516377
LineaD:1115,17,17:45,0.19850383039983546
LineaD:1115,18,18:00,0.33044484090418963
LineaD:1115,18,18:15,0.2648754092575529
LineaD:1115,18,18:30,0.22272433195443764
LineaD:1115,18,18:45,0.1819554178838199
LineaD:1115,19,19:00,0.3136767152251986
LineaD:1115,19,19:15,0.25263910697905817
LineaD:1115,19,19:30,0.2262869047433964
LineaD:1115,19,19:45,0.20739727305234681
LineaD:1115,20,20:00,0.3252933763881232
LineaD:1115,20,20:15,0.25811215247696306
LineaD:1115,20,20:30,0.21650783649681027
LineaD:1115,20,20:45,0.2000866346381035
LineaD:1115,21,21:00,0.30114530150407065
LineaD:1115,21,21:15,0.24457016696564096
LineaD:1115,21,21:30,0.2407892921208776
LineaD:1115,21,21:45,0.2134952394094108
LineaD:1115,22,22:00,0.36266371518170076
LineaD:1115,22,22:15,0.27983766832687695
LineaD:1115,22,22:30,0.20611203345016296
LineaD:1115,22,22:45,0.15138658304125932
LineaD:1115,23,23:00,0.6322328718494853
LineaD:1115,23,23:15,0.31167909123180687
LineaD:1115,23,23:30,0.05573304934327299
LineaD:1115,23,23:45,0.00035498757543485983
LineaD:1116,0,00:00,0.5
LineaD:1116,0,00:45,0.5
LineaD:1116,4,04:45,1.0
LineaD:1116,5,05:00,0.002911208151382824
LineaD:1116,5,05:15,0.09315866084425037
LineaD:1116,5,05:30,0.2852983988355167
LineaD:1116,5,05:45,0.61863173216885
LineaD:1116,6,06:00,0.13725979535812327
LineaD:1116,6,06:15,0.21237833790865984
LineaD:1116,6,06:30,0.28300474170202145
LineaD:1116,6,06:45,0.36735712503119544
LineaD:1116,7,07:00,0.14806509482316763
LineaD:1116,7,07:15,0.2428241927216812
LineaD:1116,7,07:30,0.3140056381342901
LineaD:1116,7,07:45,0.29510507432086114
LineaD:1116,8,08:00,0.22435142706345662
LineaD:1116,8,08:15,0.25423247127603427
LineaD:1116,8,08:30,0.26763022207786935
LineaD:1116,8,08:45,0.25378587958263976
LineaD:1116,9,09:00,0.2258209782458085
LineaD:1116,9,09:15,0.24799085492586947
LineaD:1116,9,09:30,0.26728557572398504
LineaD:1116,9,09:45,0.25890259110433694
LineaD:1116,10,10:00,0.21668287937743191
LineaD:1116,10,10:15,0.24759511456982275
LineaD:1116,10,10:30,0.25545827929096415
LineaD:1116,10,10:45,0.28026372676178124
LineaD:1116,11,11:00,0.23578372333103922
LineaD:1116,11,11:15,0.24511785960082588
LineaD:1116,11,11:30,0.25445199587061257
LineaD:1116,11,11:45,0.26464642119752235
LineaD:1116,12,12:00,0.22039925521198986
LineaD:1116,12,12:15,0.2221238667928329
LineaD:1116,12,12:30,0.21666005311193187
LineaD:1116,12,12:45,0.34081682488324533
LineaD:1116,13,13:00,0.23623544555614065
LineaD:1116,13,13:15,0.16993349326156065
LineaD:1116,13,13:30,0.32839896241686656
LineaD:1116,13,13:45,0.2654320987654321
LineaD:1116,14,14:00,0.2820038409293175
LineaD:1116,14,14:15,0.2452573891048761
LineaD:1116,14,14:30,0.24283338798070167
LineaD:1116,14,14:45,0.22990538198510468
LineaD:1116,15,15:00,0.2864564580011316
LineaD:1116,15,15:15,0.2436191553932411
LineaD:1116,15,15:30,0.24790905817601974
LineaD:1116,15,15:45,0.22201532842960756
LineaD:1116,16,16:00,0.2829302312065943
LineaD:1116,16,16:15,0.2571362152633159
LineaD:1116,16,16:30,0.24913551786596405
LineaD:1116,16,16:45,0.21079803566412567
LineaD:1116,17,17:00,0.3287303851640514
LineaD:1116,17,17:15,0.24717070851165
LineaD:1116,17,17:30,0.21410366143604373
LineaD:1116,17,17:45,0.20999524488825488
LineaD:1116,18,18:00,0.3554371717021197
LineaD:1116,18,18:15,0.3386078307193682
LineaD:1116,18,18:30,0.17518533695935626
LineaD:1116,18,18:45,0.13076966061915582
LineaD:1116,19,19:00,0.32515939185875425
LineaD:1116,19,19:15,0.25820313412270257
LineaD:1116,19,19:30,0.2311824190195941
LineaD:1116,19,19:45,0.18545505499894907
LineaD:1116,20,20:00,0.3253411510138554
LineaD:1116,20,20:15,0.25742505147803024
LineaD:1116,20,20:30,0.2345304156632813
LineaD:1116,20,20:45,0.18270338184483298
LineaD:1116,21,21:00,0.28815962194801786
LineaD:1116,21,21:15,0.24216329745339985
LineaD:1116,21,21:30,0.2262011026516146
LineaD:1116,21,21:45,0.2434759779469677
LineaD:1116,22,22:00,0.33733663016601906
LineaD:1116,22,22:15,0.26407629812787003
LineaD:1116,22,22:30,0.23030731190392087
LineaD:1116,22,22:45,0.16827975980219004
LineaD:1116,23,23:00,0.6418400876232201
LineaD:1116,23,23:15,0.34866739686016796
LineaD:1116,23,23:30,0.009492515516611903
LineaD:1117,0,00:00,0.5
LineaD:1117,0,00:15,0.3
LineaD:1117,0,00:30,0.19999999999999998
LineaD:1117,1,01:00,0.6
LineaD:1117,1,01:15,0.19999999999999998
LineaD:1117,1,01:45,0.19999999999999998
LineaD:1117,2,02:00,1.0
LineaD:1117,4,04:30,0.6666666666666667
LineaD:1117,4,04:45,0.33333333333333337
LineaD:1117,5,05:00,0.0005523336095001381
LineaD:1117,5,05:15,0.34686550676608674
LineaD:1117,5,05:30,0.31137807235570286
LineaD:1117,5,05:45,0.3412040872687103
LineaD:1117,6,06:00,0.1396267589735872
LineaD:1117,6,06:15,0.18823839265557982
LineaD:1117,6,06:30,0.3068327187899767
LineaD:1117,6,06:45,0.3653021295808564
LineaD:1117,7,07:00,0.21326021045122168
LineaD:1117,7,07:15,0.2702871410736579
LineaD:1117,7,07:30,0.27160989239640926
LineaD:1117,7,07:45,0.24484275607871114
LineaD:1117,8,08:00,0.2238266241430401
LineaD:1117,8,08:15,0.2606539263202833
LineaD:1117,8,08:30,0.27270786770799327
LineaD:1117,8,08:45,0.24281158182868337
LineaD:1117,9,09:00,0.2464884703088527
LineaD:1117,9,09:15,0.2553128331062027
LineaD:1117,9,09:30,0.26050760325448974
LineaD:1117,9,09:45,0.23769109333045485
LineaD:1117,10,10:00,0.22649761163555704
LineaD:1117,10,10:15,0.2522465749971642
LineaD:1117,10,10:30,0.26215293094538905
LineaD:1117,10,10:45,0.2591028824218898
LineaD:1117,11,11:00,0.22302798461664347
LineaD:1117,11,11:15,0.2510841993290238
LineaD:1117,11,11:30,0.26274445626380816
LineaD:1117,11,11:45,0.26314335979052444
LineaD:1117,12,12:00,0.241713989858729
LineaD:1117,12,12:15,0.2494226707538564
LineaD:1117,12,12:30,0.2501705278556225
LineaD:1117,12,12:45,0.25869281153179213
LineaD:1117,13,13:00,0.2466968056167258
LineaD:1117,13,13:15,0.22279074587424547
LineaD:1117,13,13:30,0.27210549496100933
LineaD:1117,13,13:45,0.2584069535480194
LineaD:1117,14,14:00,0.28038142879474753
LineaD:1117,14,14:15,0.2421009848366422
LineaD:1117,14,14:30,0.24233234328591527
LineaD:1117,14,14:45,0.235185243082695
LineaD:1117,15,15:00,0.290096878363832
LineaD:1117,15,15:15,0.237842149777026
LineaD:1117,15,15:30,0.24047554974627092
LineaD:1117,15,15:45,0.23158542211287095
LineaD:1117,16,16:00,0.2820965314986978
LineaD:1117,16,16:15,0.24051032195637628
LineaD:1117,16,16:30,0.23839605792060428
LineaD:1117,16,16:45,0.2389970886243217
LineaD:1117,17,17:00,0.31417729259212634
LineaD:1117,17,17:15,0.26393180224088625
LineaD:1117,17,17:30,0.22013200726579502
LineaD:1117,17,17:45,0.20175889790119236
LineaD:1117,18,18:00,0.35969205086160505
LineaD:1117,18,18:15,0.2778999461894048
LineaD:1117,18,18:30,0.2076622897891218
LineaD:1117,18,18:45,0.1547457131598683
LineaD:1117,19,19:00,0.2952111471202724
LineaD:1117,19,19:15,0.25936466678730646
LineaD:1117,19,19:30,0.2355931366904108
LineaD:1117,19,19:45,0.2098310494020103
LineaD:1117,20,20:00,0.32272689373410596
LineaD:1117,20,20:15,0.2631425355400842
LineaD:1117,20,20:30,0.2203068328678034
LineaD:1117,20,20:45,0.1938237378580064
LineaD:1117,21,21:00,0.3362232936701021
LineaD:1117,21,21:15,0.25329912563955115
LineaD:1117,21,21:30,0.20860795328880438
LineaD:1117,21,21:45,0.20186962740154227
LineaD:1117,22,22:00,0.3077031802120141
LineaD:1117,22,22:15,0.27127713276123167
LineaD:1117,22,22:30,0.2230994447248864
LineaD:1117,22,22:45,0.19792024230186775
LineaD:1117,23,23:00,0.5268318537167086
LineaD:1117,23,23:15,0.37312839538889625
LineaD:1117,23,23:30,0.06413144295746655
LineaD:1117,23,23:45,0.035908307936928584
LineaE:1119,0,00:00,0.39999999999999997
LineaE:1119,0,00:15,0.19999999999999998
LineaE:1119,0,00:30,0.19999999999999998
LineaE:1119,0,00:45,0.19999999999999998
LineaE:1119,1,01:00,0.25
LineaE:1119,1,01:15,0.5
LineaE:1119,1,01:45,0.25
LineaE:1119,2,02:00,0.25
LineaE:1119,2,02:30,0.25
LineaE:1119,2,02:45,0.5
LineaE:1119,3,03:00,0.33333333333333337
LineaE:1119,3,03:15,0.33333333333333337
LineaE:1119,3,03:30,0.33333333333333337
LineaE:1119,4,04:30,0.5
LineaE:1119,4,04:45,0.5
LineaE:1119,5,05:00,0.0011198208286674132
LineaE:1119,5,05:15,0.16853303471444572
LineaE:1119,5,05:30,0.3266144083613289
LineaE:1119,5,05:45,0.503732736095558
LineaE:1119,6,06:00,0.16780911712926547
LineaE:1119,6,06:15,0.23987713975353037
LineaE:1119,6,06:30,0.2692811926433682
LineaE:1119,6,06:45,0.32303255047383606
LineaE:1119,7,07:00,0.2172062735027057
LineaE:1119,7,07:15,0.2692469962395671
LineaE:1119,7,07:30,0.271998532513987
LineaE:1119,7,07:45,0.24154819774374028
LineaE:1119,8,08:00,0.22641598563937834
LineaE:1119,8,08:15,0.2535153605114397
LineaE:1119,8,08:30,0.2670571747996284
LineaE:1119,8,08:45,0.2530114790495536
LineaE:1119,9,09:00,0.23179107306901528
LineaE:1119,9,09:15,0.26143571647297276
LineaE:1119,9,09:30,0.26290847052304644
LineaE:1119,9,09:45,0.24386473993496555
LineaE:1119,10,10:00,0.21240054803740116
LineaE:1119,10,10:15,0.2484195851260726
LineaE:1119,10,10:30,0.26818979400524
LineaE:1119,10,10:45,0.27099007283128623
LineaE:1119,11,11:00,0.23305510904042706
LineaE:1119,11,11:15,0.24540757996441254
LineaE:1119,11,11:30,0.2520093180782753
LineaE:1119,11,11:45,0.2695279929168852
LineaE:1119,12,12:00,0.21532401553215538
LineaE:1119,12,12:15,0.29704128106710836
LineaE:1119,12,12:30,0.2575842350861095
LineaE:1119,12,12:45,0.23005046831462686
LineaE:1119,13,13:00,0.25946582996914075
LineaE:1119,13,13:15,0.25460691929556134
LineaE:1119,13,13:30,0.24772690854392918
LineaE:1119,13,13:45,0.23820034219136868
LineaE:1119,14,14:00,0.2924729665367179
LineaE:1119,14,14:15,0.23959674716435286
LineaE:1119,14,14:30,0.23038861154721374
LineaE:1119,14,14:45,0.2375416747517155
LineaE:1119,15,15:00,0.29104797965900214
LineaE:1119,15,15:15,0.24518992636294593
LineaE:1119,15,15:30,0.23505244851460086
LineaE:1119,15,15:45,0.22870964546345116
LineaE:1119,16,16:00,0.2898742183165933
LineaE:1119,16,16:15,0.24046815739655444
LineaE:1119,16,16:30,0.2341909455320196
LineaE:1119,16,16:45,0.2354666787548326
LineaE:1119,17,17:00,0.28266173684363693
LineaE:1119,17,17:15,0.3013063316265812
LineaE:1119,17,17:30,0.2356160313188757
LineaE:1119,17,17:45,0.18041590021090617
LineaE:1119,18,18:00,0.35183546072859406
LineaE:1119,18,18:15,0.28798798099319856
LineaE:1119,18,18:30,0.20623078356470698
LineaE:1119,18,18:45,0.1539457747135004
LineaE:1119,19,19:00,0.3473871634219677
LineaE:1119,19,19:15,0.26323775609045963
LineaE:1119,19,19:30,0.20688245734858537
LineaE:1119,19,19:45,0.18249262313898734
LineaE:1119,20,20:00,0.3945679658209085
LineaE:1119,20,20:15,0.26488795884558375
LineaE:1119,20,20:30,0.17591769116749498
LineaE:1119,20,20:45,0.16462638416601272
LineaE:1119,21,21:00,0.3381882410852601
LineaE:1119,21,21:15,0.25058273370879236
LineaE:1119,21,21:30,0.22791041102633522
LineaE:1119,21,21:45,0.1833186141796123
LineaE:1119,22,22:00,0.4936643875574639
LineaE:1119,22,22:15,0.31640725270109443
LineaE:1119,22,22:30,0.10631694397125055
LineaE:1119,22,22:45,0.08361141577019111
LineaE:1119,23,23:00,0.6697601120644371
LineaE:1119,23,23:15,0.3181579408159692
LineaE:1119,23,23:30,0.011556645070915776
LineaE:1119,23,23:45,0.0005253020486779899
LineaE:1120,5,05:15,0.1169036334913112
LineaE:1120,5,05:30,0.4707740916271722
LineaE:1120,5,05:45,0.41232227488151657
LineaE:1120,6,06:00,0.18006993006993008
LineaE:1120,6,06:15,0.21608391608391606
LineaE:1120,6,06:30,0.24615384615384614
LineaE:1120,6,06:45,0.3576923076923077
LineaE:1120,7,07:00,0.19431225923408113
LineaE:1120,7,07:15,0.2631996374348516
LineaE:1120,7,07:30,0.26421935191479723
LineaE:1120,7,07:45,0.2782687514162701
LineaE:1120,8,08:00,0.21992374462561856
LineaE:1120,8,08:15,0.25034477163949054
LineaE:1120,8,08:30,0.2779265027987345
LineaE:1120,8,08:45,0.2518049809361564
LineaE:1120,9,09:00,0.26607355773640284
LineaE:1120,9,09:15,0.2474548289461616
LineaE:1120,9,09:30,0.2501146473447675
LineaE:1120,9,09:45,0.23635696597266806
LineaE:1120,10,10:00,0.24312301407172038
LineaE:1120,10,10:15,0.25320018157058555
LineaE:1120,10,10:30,0.25637766681797547
LineaE:1120,10,10:45,0.24729913753971855
LineaE:1120,11,11:00,0.21983855719584033
LineaE:1120,11,11:15,0.23823721911133736
LineaE:1120,11,11:30,0.2671805686859138
LineaE:1120,11,11:45,0.2747436550069086
LineaE:1120,12,12:00,0.2530704759896685
LineaE:1120,12,12:15,0.2544937009119182
LineaE:1120,12,12:30,0.24990775394022458
LineaE:1120,12,12:45,0.24252806915818884
LineaE:1120,13,13:00,0.289304058817605
LineaE:1120,13,13:15,0.23980259844898782
LineaE:1120,13,13:30,0.2402558162956995
LineaE:1120,13,13:45,0.23063752643770774
LineaE:1120,14,14:00,0.30741535161636285
LineaE:1120,14,14:15,0.2352918645625862
LineaE:1120,14,14:30,0.22372452888003677
LineaE:1120,14,14:45,0.23356825494101424
LineaE:1120,15,15:00,0.29714643731844853
LineaE:1120,15,15:15,0.23036395739591048
LineaE:1120,15,15:30,0.24397676140570715
LineaE:1120,15,15:45,0.22851284387993392
LineaE:1120,16,16:00,0.29342901901011903
LineaE:1120,16,16:15,0.22560226935941402
LineaE:1120,16,16:30,0.26203480248952116
LineaE:1120,16,16:45,0.21893390914094585
LineaE:1120,17,17:00,0.3583275156135021
LineaE:1120,17,17:15,0.2357025604256684
LineaE:1120,17,17:30,0.2117398441480028
LineaE:1120,17,17:45,0.19423007981282664
LineaE:1120,18,18:00,0.42674245782378556
LineaE:1120,18,18:15,0.25587338009439126
LineaE:1120,18,18:30,0.1803342807227973
LineaE:1120,18,18:45,0.13704988135902585
LineaE:1120,19,19:00,0.3215932672354162
LineaE:1120,19,19:15,0.2549573437860272
LineaE:1120,19,19:30,0.23218814848973948
LineaE:1120,19,19:45,0.19126124048881715
LineaE:1120,20,20:00,0.38734693877551024
LineaE:1120,20,20:15,0.2513469387755102
LineaE:1120,20,20:30,0.19338775510204081
LineaE:1120,20,20:45,0.16791836734693877
LineaE:1120,21,21:00,0.3197644649257552
LineaE:1120,21,21:15,0.28929851510496674
LineaE:1120,21,21:30,0.21774193548387097
LineaE:1120,21,21:45,0.17319508448540705
LineaE:1120,22,22:00,0.4180216802168022
LineaE:1120,22,22:15,0.25779132791327913
LineaE:1120,22,22:30,0.19241192411924118
LineaE:1120,22,22:45,0.13177506775067752
LineaE:1120,23,23:00,0.6060606060606061
LineaE:1120,23,23:15,0.3333333333333333
LineaE:1120,23,23:30,0.06060606060606061
LineaE:1121,1,01:00,0.5
LineaE:1121,1,01:45,0.5
LineaE:1121,3,03:00,1.0
LineaE:1121,4,04:15,0.5
LineaE:1121,4,04:45,0.5
LineaE:1121,5,05:00,0.0010145417653026716
LineaE:1121,5,05:15,0.10686506594521475
LineaE:1121,5,05:30,0.4098748731822794
LineaE:1121,5,05:45,0.4822455191072033
LineaE:1121,6,06:00,0.13277310924369748
LineaE:1121,6,06:15,0.20173862648507682
LineaE:1121,6,06:30,0.28565633149811653
LineaE:1121,6,06:45,0.3798319327731092
LineaE:1121,7,07:00,0.2014987709123887
LineaE:1121,7,07:15,0.221927877616286
LineaE:1121,7,07:30,0.2833106608434166
LineaE:1121,7,07:45,0.2932626906279086
LineaE:1121,8,08:00,0.22819469088125804
LineaE:1121,8,08:15,0.2500956754688098
LineaE:1121,8,08:30,0.2627422328914866
LineaE:1121,8,08:45,0.25896740075844554
LineaE:1121,9,09:00,0.23076163192729432
LineaE:1121,9,09:15,0.24814778227798084
LineaE:1121,9,09:30,0.2600184398564326
LineaE:1121,9,09:45,0.2610721459382923
LineaE:1121,10,10:00,0.25829278350515467
LineaE:1121,10,10:15,0.2508536082474227
LineaE:1121,10,10:30,0.24626804123711343
LineaE:1121,10,10:45,0.24458556701030928
LineaE:1121,11,11:00,0.11804029669876019
LineaE:1121,11,11:15,0.16022132555631016
LineaE:1121,11,11:30,0.2857989426444542
LineaE:1121,11,11:45,0.4359394351004754
LineaE:1121,12,12:00,0.4255943786697468
LineaE:1121,12,12:15,0.32275208668509275
LineaE:1121,12,12:30,0.14218335327200474
LineaE:1121,12,12:45,0.10947018137315567
LineaE:1121,13,13:00,0.2951052832414056
LineaE:1121,13,13:15,0.26686786693030845
LineaE:1121,13,13:30,0.23670517223436363
LineaE:1121,13,13:45,0.20132167759392236
LineaE:1121,14,14:00,0.24611114215987634
LineaE:1121,14,14:15,0.24286965107397682
LineaE:1121,14,14:30,0.2513273347118985
LineaE:1121,14,14:45,0.25969187205424843
LineaE:1121,15,15:00,0.23087664068648608
LineaE:1121,15,15:15,0.24765797557693775
LineaE:1121,15,15:30,0.2613800807331996
LineaE:1121,15,15:45,0.2600853030033766
LineaE:1121,16,16:00,0.2525613054363017
LineaE:1121,16,16:15,0.23546917887413155
LineaE:1121,16,16:30,0.24619700183991716
LineaE:1121,16,16:45,0.2657725138496496
LineaE:1121,17,17:00,0.1756807048519153
LineaE:1121,17,17:15,0.24505374668951546
LineaE:1121,17,17:30,0.3213420228142147
LineaE:1121,17,17:45,0.2579235256443544
LineaE:1121,18,18:00,0.47318162426134863
LineaE:1121,18,18:15,0.22232610491344956
LineaE:1121,18,18:30,0.1725743643740866
LineaE:1121,18,18:45,0.1319179064511151
LineaE:1121,19,19:00,0.25826751428754896
LineaE:1121,19,19:15,0.24796121492326462
LineaE:1121,19,19:30,0.24391575162139603
LineaE:1121,19,19:45,0.24985551916779045
LineaE:1121,20,20:00,0.24284390444810544
LineaE:1121,20,20:15,0.2595629118616145
LineaE:1121,20,20:30,0.26057969522240526
LineaE:1121,20,20:45,0.2370134884678748
LineaE:1121,21,21:00,0.1584115808706817
LineaE:1121,21,21:15,0.1685067477478113
LineaE:1121,21,21:30,0.24246742527389578
LineaE:1121,21,21:45,0.43061424610761123
LineaE:1121,22,22:00,0.7361965921358694
LineaE:1121,22,22:15,0.17290848181990182
LineaE:1121,22,22:30,0.05774003628228957
LineaE:1121,22,22:45,0.03315488976193921
LineaE:1121,23,23:00,0.7563941299790357
LineaE:1121,23,23:15,0.21048218029350105
LineaE:1121,23,23:30,0.03228511530398323
LineaE:1121,23,23:45,0.0008385744234800839
LineaE:1122,5,05:15,0.15421303656597773
LineaE:1122,5,05:30,0.36089030206677264
LineaE:1122,5,05:45,0.48489666136724957
LineaE:1122,6,06:00,0.2030700351774864
LineaE:1122,6,06:15,0.20834665813879116
LineaE:1122,6,06:30,0.24224496322353695
LineaE:1122,6,06:45,0.3463383434601855
LineaE:1122,7,07:00,0.18147170917619465
LineaE:1122,7,07:15,0.2525945470536499
LineaE:1122,7,07:30,0.2856640281442392
LineaE:1122,7,07:45,0.2802697156259161
LineaE:1122,8,08:00,0.26943958774270726
LineaE:1122,8,08:15,0.2603294377473084
LineaE:1122,8,08:30,0.25374988497285356
LineaE:1122,8,08:45,0.21648108953713074
LineaE:1122,9,09:00,0.28684937041276687
LineaE:1122,9,09:15,0.25425897245976703
LineaE:1122,9,09:30,0.2536529526631204
LineaE:1122,9,09:45,0.20523870446434586
LineaE:1122,10,10:00,0.2484214024592888
LineaE:1122,10,10:15,0.24418411432369558
LineaE:1122,10,10:30,0.2452642073778664
LineaE:1122,10,10:45,0.2621302758391492
LineaE:1122,11,11:00,0.28985298356875183
LineaE:1122,11,11:15,0.2505765350245028
LineaE:1122,11,11:30,0.2319112136062266
LineaE:1122,11,11:45,0.2276592678005189
LineaE:1122,12,12:00,0.23484271252857297
LineaE:1122,12,12:15,0.24110155654729507
LineaE:1122,12,12:30,0.23750952432785458
LineaE:1122,12,12:45,0.28654620659627733
LineaE:1122,13,13:00,0.3943313578974491
LineaE:1122,13,13:15,0.25292450399381605
LineaE:1122,13,13:30,0.19737181138881732
LineaE:1122,13,13:45,0.15537232671991755
LineaE:1122,14,14:00,0.2748496359607471
LineaE:1122,14,14:15,0.2426400759734093
LineaE:1122,14,14:30,0.24778410889521998
LineaE:1122,14,14:45,0.2347261791706236
LineaE:1122,15,15:00,0.2601865825216079
LineaE:1122,15,15:15,0.23425709973933323
LineaE:1122,15,15:30,0.25641377418027167
LineaE:1122,15,15:45,0.2491425435587872
LineaE:1122,16,16:00,0.2699643800988165
LineaE:1122,16,16:15,0.24922440537745605
LineaE:1122,16,16:30,0.2437665172928875
LineaE:1122,16,16:45,0.23704469723083993
LineaE:1122,17,17:00,0.35224107368954166
LineaE:1122,17,17:15,0.23524943023550268
LineaE:1122,17,17:30,0.2045581159787288
LineaE:1122,17,17:45,0.2079513800962269
LineaE:1122,18,18:00,0.2674954214995283
LineaE:1122,18,18:15,0.25101281980132084
LineaE:1122,18,18:30,0.23991342471835284
LineaE:1122,18,18:45,0.24157833398079806
LineaE:1122,19,19:00,0.3583445491251682
LineaE:1122,19,19:15,0.24528936742934054
LineaE:1122,19,19:30,0.2040152534768955
LineaE:1122,19,19:45,0.1923508299685958
LineaE:1122,20,20:00,0.20891334844070356
LineaE:1122,20,20:15,0.22224020718679183
LineaE:1122,20,20:30,0.25040466170281644
LineaE:1122,20,20:45,0.31844178266968814
LineaE:1122,21,21:00,0.4903811031291854
LineaE:1122,21,21:15,0.2410203336174358
LineaE:1122,21,21:30,0.14988432972117377
LineaE:1122,21,21:45,0.11871423353220505
LineaE:1122,22,22:00,0.3294400549639299
LineaE:1122,22,22:15,0.2830642390930952
LineaE:1122,22,22:30,0.22706973548608728
LineaE:1122,22,22:45,0.16042597045688767
LineaE:1122,23,23:00,0.6831530139103555
LineaE:1122,23,23:15,0.27202472952086554
LineaE:1122,23,23:30,0.04482225656877898
LineaE:1123,5,05:00,0.00046598322460391424
LineaE:1123,5,05:15,0.18173345759552656
LineaE:1123,5,05:30,0.38024231127679403
LineaE:1123,5,05:45,0.4375582479030755
LineaE:1123,6,06:00,0.15646870625874826
LineaE:1123,6,06:15,0.22665466906618678
LineaE:1123,6,06:30,0.28684263147370526
LineaE:1123,6,06:45,0.33003399320135973
LineaE:1123,7,07:00,0.18144872101362658
LineaE:1123,7,07:15,0.24421980123629658
LineaE:1123,7,07:30,0.28820736996687274
LineaE:1123,7,07:45,0.28612410778320413
LineaE:1123,8,08:00,0.23715344699777613
LineaE:1123,8,08:15,0.2432616753150482
LineaE:1123,8,08:30,0.2810378057820608
LineaE:1123,8,08:45,0.2385470719051149
LineaE:1123,9,09:00,0.2610372746715551
LineaE:1123,9,09:15,0.25549954170485795
LineaE:1123,9,09:30,0.2717308279865567
LineaE:1123,9,09:45,0.21173235563703022
LineaE:1123,10,10:00,0.25891488709512617
LineaE:1123,10,10:15,0.2547256564830898
LineaE:1123,10,10:30,0.24931030959435985
LineaE:1123,10,10:45,0.23704914682742412
LineaE:1123,11,11:00,0.22588534533359422
LineaE:1123,11,11:15,0.24144003130502836
LineaE:1123,11,11:30,0.27235374682058305
LineaE:1123,11,11:45,0.2603208765407944
LineaE:1123,12,12:00,0.22558586246638498
LineaE:1123,12,12:15,0.274644640799078
LineaE:1123,12,12:30,0.24006915097963893
LineaE:1123,12,12:45,0.2597003457548982
LineaE:1123,13,13:00,0.286982862359434
LineaE:1123,13,13:15,0.25171168928171295
LineaE:1123,13,13:30,0.2457778331051081
LineaE:1123,13,13:45,0.21552761525374498
LineaE:1123,14,14:00,0.28101455379287754
LineaE:1123,14,14:15,0.2601899948523562
LineaE:1123,14,14:30,0.23389021479713604
LineaE:1123,14,14:45,0.22490523655763023
LineaE:1123,15,15:00,0.2577319587628866
LineaE:1123,15,15:15,0.23825434986349375
LineaE:1123,15,15:30,0.24554826616682288
LineaE:1123,15,15:45,0.2584654252067968
LineaE:1123,16,16:00,0.28114262615374247
LineaE:1123,16,16:15,0.2573266859799232
LineaE:1123,16,16:30,0.23933840867749107
LineaE:1123,16,16:45,0.22219227918884318
LineaE:1123,17,17:00,0.2844704816157432
LineaE:1123,17,17:15,0.2739513205592957
LineaE:1123,17,17:30,0.23592050750906268
LineaE:1123,17,17:45,0.2056576903158985
LineaE:1123,18,18:00,0.30530075187969924
LineaE:1123,18,18:15,0.2592105263157895
LineaE:1123,18,18:30,0.2654887218045113
LineaE:1123,18,18:45,0.16999999999999998
LineaE:1123,19,19:00,0.2822433691030573
LineaE:1123,19,19:15,0.26753053924546133
LineaE:1123,19,19:30,0.24107444151987584
LineaE:1123,19,19:45,0.20915165013160558
LineaE:1123,20,20:00,0.2867383512544803
LineaE:1123,20,20:15,0.2925080863711863
LineaE:1123,20,20:30,0.22851647871317424
LineaE:1123,20,20:45,0.19223708366115919
LineaE:1123,21,21:00,0.30671659821212854
LineaE:1123,21,21:15,0.26081179028750906
LineaE:1123,21,21:30,0.2237255375694612
LineaE:1123,21,21:45,0.2087460739309012
LineaE:1123,22,22:00,0.3383329762159845
LineaE:1123,22,22:15,0.28690807799442897
LineaE:1123,22,22:30,0.19948575101778446
LineaE:1123,22,22:45,0.175273194771802
LineaE:1123,23,23:00,0.6654611211573237
LineaE:1123,23,23:15,0.244122965641953
LineaE:1123,23,23:30,0.08860759493670886
LineaE:1123,23,23:45,0.0018083182640144665
LineaE:1124,3,03:30,1.0
LineaE:1124,5,05:15,0.18874773139745915
LineaE:1124,5,05:30,0.35208711433756806
LineaE:1124,5,05:45,0.45916515426497273
LineaE:1124,6,06:00,0.13496251041377397
LineaE:1124,6,06:15,0.18439322410441544
LineaE:1124,6,06:30,0.3260205498472647
LineaE:1124,6,06:45,0.354623715634546
LineaE:1124,7,07:00,0.19320435414922216
LineaE:1124,7,07:15,0.23026750694107795
LineaE:1124,7,07:30,0.2942135648494998
LineaE:1124,7,07:45,0.28231457406020005
LineaE:1124,8,08:00,0.2335264174126733
LineaE:1124,8,08:15,0.2533614182903282
LineaE:1124,8,08:30,0.2806740389678778
LineaE:1124,8,08:45,0.23243812532912056
LineaE:1124,9,09:00,0.2732700401291964
LineaE:1124,9,09:15,0.2592248213761378
LineaE:1124,9,09:30,0.25751198982088674
LineaE:1124,9,09:45,0.20999314867377897
LineaE:1124,10,10:00,0.26715015170576484
LineaE:1124,10,10:15,0.25212758084807224
LineaE:1124,10,10:30,0.25767779175608674
LineaE:1124,10,10:45,0.22304447569007624
LineaE:1124,11,11:00,0.22949756888168557
LineaE:1124,11,11:15,0.26418152350081037
LineaE:1124,11,11:30,0.2559157212317666
LineaE:1124,11,11:45,0.25040518638573744
LineaE:1124,12,12:00,0.2563455149501661
LineaE:1124,12,12:15,0.2357475083056478
LineaE:1124,12,12:30,0.2689700996677741
LineaE:1124,12,12:45,0.23893687707641195
LineaE:1124,13,13:00,0.2878980891719745
LineaE:1124,13,13:15,0.2447275300778485
LineaE:1124,13,13:30,0.25498938428874734
LineaE:1124,13,13:45,0.21238499646142958
LineaE:1124,14,14:00,0.25415853545209555
LineaE:1124,14,14:15,0.25666759594833194
LineaE:1124,14,14:30,0.2528575411207137
LineaE:1124,14,14:45,0.23631632747885883
LineaE:1124,15,15:00,0.2614243560092511
LineaE:1124,15,15:15,0.24188531780843767
LineaE:1124,15,15:30,0.2520934683786586
LineaE:1124,15,15:45,0.24459685780365262
LineaE:1124,16,16:00,0.20870678617157493
LineaE:1124,16,16:15,0.29215609864721925
LineaE:1124,16,16:30,0.29449423815621
LineaE:1124,16,16:45,0.2046428770249958
LineaE:1124,17,17:00,0.3369812480786966
LineaE:1124,17,17:15,0.223731939747925
LineaE:1124,17,17:30,0.23449123885644022
LineaE:1124,17,17:45,0.2047955733169382
LineaE:1124,18,18:00,0.33681241184767274
LineaE:1124,18,18:15,0.25839210155148096
LineaE:1124,18,18:30,0.22101551480959095
LineaE:1124,18,18:45,0.18377997179125527
LineaE:1124,19,19:00,0.2834766584766585
LineaE:1124,19,19:15,0.26044226044226043
LineaE:1124,19,19:30,0.2526617526617526
LineaE:1124,19,19:45,0.20341932841932842
LineaE:1124,20,20:00,0.3135958608795631
LineaE:1124,20,20:15,0.262431733256683
LineaE:1124,20,20:30,0.2246335153779822
LineaE:1124,20,20:45,0.19933889048577177
LineaE:1124,21,21:00,0.2588635259834871
LineaE:1124,21,21:15,0.2938319572608062
LineaE:1124,21,21:30,0.303707301278938
LineaE:1124,21,21:45,0.14359721547676862
LineaE:1124,22,22:00,0.3712621359223301
LineaE:1124,22,22:15,0.3149514563106796
LineaE:1124,22,22:30,0.1871844660194175
LineaE:1124,22,22:45,0.1266019417475728
LineaE:1124,23,23:00,0.5343915343915343
LineaE:1124,23,23:15,0.36243386243386244
LineaE:1124,23,23:30,0.10052910052910052
LineaE:1124,23,23:45,0.0026455026455026454
LineaE:1126,5,05:00,0.0004314063848144953
LineaE:1126,5,05:15,0.1570319240724763
LineaE:1126,5,05:30,0.45297670405522
LineaE:1126,5,05:45,0.38955996548748917
LineaE:1126,6,06:00,0.14543791447518867
LineaE:1126,6,06:15,0.2107249028127144
LineaE:1126,6,06:30,0.303224331122799
LineaE:1126,6,06:45,0.340612851589298
LineaE:1126,7,07:00,0.19059405940594062
LineaE:1126,7,07:15,0.23439138031450205
LineaE:1126,7,07:30,0.26872451951077464
LineaE:1126,7,07:45,0.3062900407687828
LineaE:1126,8,08:00,0.2622643156424581
LineaE:1126,8,08:15,0.23574982541899442
LineaE:1126,8,08:30,0.26719622905027934
LineaE:1126,8,08:45,0.23478962988826815
LineaE:1126,9,09:00,0.2836877087397903
LineaE:1126,9,09:15,0.26788135312985684
LineaE:1126,9,09:30,0.256671406368837
LineaE:1126,9,09:45,0.1917595317615158
LineaE:1126,10,10:00,0.2591141133398649
LineaE:1126,10,10:15,0.2515856236786469
LineaE:1126,10,10:30,0.24493373897798174
LineaE:1126,10,10:45,0.24436652400350642
LineaE:1126,11,11:00,0.24254090471607317
LineaE:1126,11,11:15,0.24899507444941402
LineaE:1126,11,11:30,0.2552793976108249
LineaE:1126,11,11:45,0.25318462322368795
LineaE:1126,12,12:00,0.20814409976137327
LineaE:1126,12,12:15,0.24366869371103073
LineaE:1126,12,12:30,0.2619505811715803
LineaE:1126,12,12:45,0.28623662535601574
LineaE:1126,13,13:00,0.244258263515485
LineaE:1126,13,13:15,0.3046559126339044
LineaE:1126,13,13:30,0.25580425993080735
LineaE:1126,13,13:45,0.19528156391980328
LineaE:1126,14,14:00,0.2704459967759269
LineaE:1126,14,14:15,0.25292853304674906
LineaE:1126,14,14:30,0.2649650725416443
LineaE:1126,14,14:45,0.21166039763567976
LineaE:1126,15,15:00,0.25282042815475203
LineaE:1126,15,15:15,0.23856694733366351
LineaE:1126,15,15:30,0.24885807055197842
LineaE:1126,15,15:45,0.25975455395960595
LineaE:1126,16,16:00,0.27242910151073413
LineaE:1126,16,16:15,0.26848661542539093
LineaE:1126,16,16:30,0.26537238271932145
LineaE:1126,16,16:45,0.19371190034455338
LineaE:1126,17,17:00,0.290770150273224
LineaE:1126,17,17:15,0.23117315573770492
LineaE:1126,17,17:30,0.2305327868852459
LineaE:1126,17,17:45,0.2475239071038251
LineaE:1126,18,18:00,0.32148209394863314
LineaE:1126,18,18:15,0.2614335176476668
LineaE:1126,18,18:30,0.23761045940778253
LineaE:1126,18,18:45,0.17947392899591752
LineaE:1126,19,19:00,0.26407964537460943
LineaE:1126,19,19:15,0.23435796817091778
LineaE:1126,19,19:30,0.27621539132330497
LineaE:1126,19,19:45,0.2253469951311678
LineaE:1126,20,20:00,0.3071694105151354
LineaE:1126,20,20:15,0.2508762612851832
LineaE:1126,20,20:30,0.22973977695167283
LineaE:1126,20,20:45,0.21221455124800848
LineaE:1126,21,21:00,0.28145620022753126
LineaE:1126,21,21:15,0.3513083048919226
LineaE:1126,21,21:30,0.21626848691695108
LineaE:1126,21,21:45,0.15096700796359497
LineaE:1126,22,22:00,0.3716437459070072
LineaE:1126,22,22:15,0.28127046496398167
LineaE:1126,22,22:30,0.1994106090373281
LineaE:1126,22,22:45,0.14767518009168304
LineaE:1126,23,23:00,0.7056074766355139
LineaE:1126,23,23:15,0.21962616822429903
LineaE:1126,23,23:30,0.07476635514018691
LineaE:1127,5,05:00,0.002794271742927
LineaE:1127,5,05:15,0.16940272441494936
LineaE:1127,5,05:30,0.3705902899056933
LineaE:1127,5,05:45,0.4572127139364303
LineaE:1127,6,06:00,0.13219085006794504
LineaE:1127,6,06:15,0.21878302883889475
LineaE:1127,6,06:30,0.27759323569379435
LineaE:1127,6,06:45,0.37143288539936586
LineaE:1127,7,07:00,0.18264305239703213
LineaE:1127,7,07:15,0.247628236050812
LineaE:1127,7,07:30,0.29444329589047386
LineaE:1127,7,07:45,0.2752854156616819
LineaE:1127,8,08:00,0.21746389811541947
LineaE:1127,8,08:15,0.2681752784241283
LineaE:1127,8,08:30,0.2864171654913942
LineaE:1127,8,08:45,0.22794365796905808
LineaE:1127,9,09:00,0.2871363308487617
LineaE:1127,9,09:15,0.2826400577061794
LineaE:1127,9,09:30,0.24347198845876414
LineaE:1127,9,09:45,0.1867516229862948
LineaE:1127,10,10:00,0.25762588766946415
LineaE:1127,10,10:15,0.2559312459651388
LineaE:1127,10,10:30,0.25419625564880566
LineaE:1127,10,10:45,0.23224661071659136
LineaE:1127,11,11:00,0.23418493878675747
LineaE:1127,11,11:15,0.2661890327914026
LineaE:1127,11,11:30,0.2552848088808408
LineaE:1127,11,11:45,0.2443412195409991
LineaE:1127,12,12:00,0.23138492098267752
LineaE:1127,12,12:15,0.2562731866912044
LineaE:1127,12,12:30,0.24134606958198232
LineaE:1127,12,12:45,0.27099582274413575
LineaE:1127,13,13:00,0.2838026036936118
LineaE:1127,13,13:15,0.2620345140781108
LineaE:1127,13,13:30,0.2533151680290645
LineaE:1127,13,13:45,0.20084771419921285
LineaE:1127,14,14:00,0.2587900831974581
LineaE:1127,14,14:15,0.2619674735565868
LineaE:1127,14,14:30,0.25281157239015006
LineaE:1127,14,14:45,0.226430870855805
LineaE:1127,15,15:00,0.2541853426809179
LineaE:1127,15,15:15,0.23771214036700763
LineaE:1127,15,15:30,0.24771099107382294
LineaE:1127,15,15:45,0.26039152587825154
LineaE:1127,16,16:00,0.26195474690926057
LineaE:1127,16,16:15,0.23286347429104604
LineaE:1127,16,16:30,0.24765903562264655
LineaE:1127,16,16:45,0.25752274317704693
LineaE:1127,17,17:00,0.26177595241467216
LineaE:1127,17,17:15,0.22784308171647075
LineaE:1127,17,17:30,0.2182976915451069
LineaE:1127,17,17:45,0.2920832743237502
LineaE:1127,18,18:00,0.32388742191022096
LineaE:1127,18,18:15,0.24908224383332261
LineaE:1127,18,18:30,0.23909963289753336
LineaE:1127,18,18:45,0.18793070135892317
LineaE:1127,19,19:00,0.31286234672412905
LineaE:1127,19,19:15,0.25729824021343184
LineaE:1127,19,19:30,0.22435996100764455
LineaE:1127,19,19:45,0.2054794520547945
LineaE:1127,20,20:00,0.3264822134387352
LineaE:1127,20,20:15,0.25968379446640316
LineaE:1127,20,20:30,0.22108036890645585
LineaE:1127,20,20:45,0.1927536231884058
LineaE:1127,21,21:00,0.2931872320152453
LineaE:1127,21,21:15,0.28870890900428775
LineaE:1127,21,21:30,0.23020485945688424
LineaE:1127,21,21:45,0.18789899952358263
LineaE:1127,22,22:00,0.2950515115689917
LineaE:1127,22,22:15,0.29758486742104373
LineaE:1127,22,22:30,0.2585711872994427
LineaE:1127,22,22:45,0.14879243371052187
LineaE:1127,23,23:00,0.6177685950413224
LineaE:1127,23,23:15,0.19628099173553717
LineaE:1127,23,23:30,0.16735537190082647
LineaE:1127,23,23:45,0.01859504132231405
LineaE:1128,5,05:15,0.22872032426172556
LineaE:1128,5,05:30,0.2704111175448755
LineaE:1128,5,05:45,0.500868558193399
LineaE:1128,6,06:00,0.10403832991101984
LineaE:1128,6,06:15,0.19000684462696785
LineaE:1128,6,06:30,0.29774127310061604
LineaE:1128,6,06:45,0.40821355236139634
LineaE:1128,7,07:00,0.18428596880517
LineaE:1128,7,07:15,0.2892243403896924
LineaE:1128,7,07:30,0.29717691647365607
LineaE:1128,7,07:45,0.22931277433148153
LineaE:1128,8,08:00,0.2254316627424599
LineaE:1128,8,08:15,0.2723819934970288
LineaE:1128,8,08:30,0.27313880479874425
LineaE:1128,8,08:45,0.22904753896176702
LineaE:1128,9,09:00,0.2826237381960274
LineaE:1128,9,09:15,0.29627971344838816
LineaE:1128,9,09:30,0.24464750895473786
LineaE:1128,9,09:45,0.17644903940084664
LineaE:1128,10,10:00,0.28739025128670903
LineaE:1128,10,10:15,0.26373751135331513
LineaE:1128,10,10:30,0.23781410838631548
LineaE:1128,10,10:45,0.2110581289736603
LineaE:1128,11,11:00,0.24050632911392406
LineaE:1128,11,11:15,0.26826342351286503
LineaE:1128,11,11:30,0.2557706626954579
LineaE:1128,11,11:45,0.23545958467775296
LineaE:1128,12,12:00,0.23642119843023446
LineaE:1128,12,12:15,0.2650463344655872
LineaE:1128,12,12:30,0.2719717706031725
LineaE:1128,12,12:45,0.22656069650100583
LineaE:1128,13,13:00,0.278352145183218
LineaE:1128,13,13:15,0.2665907869360397
LineaE:1128,13,13:30,0.27572797116570236
LineaE:1128,13,13:45,0.17932909671504002
LineaE:1128,14,14:00,0.26487515084006313
LineaE:1128,14,14:15,0.25234382251926113
LineaE:1128,14,14:30,0.25201893622946253
LineaE:1128,14,14:45,0.23076209041121323
LineaE:1128,15,15:00,0.2312894125456356
LineaE:1128,15,15:15,0.25717723199468967
LineaE:1128,15,15:30,0.2563474941918354
LineaE:1128,15,15:45,0.2551858612678394
LineaE:1128,16,16:00,0.24444853957431123
LineaE:1128,16,16:15,0.22276482692957397
LineaE:1128,16,16:30,0.2751927270493565
LineaE:1128,16,16:45,0.25759390644675817
LineaE:1128,17,17:00,0.2716467092294566
LineaE:1128,17,17:15,0.25520021183324015
LineaE:1128,17,17:30,0.23501721145076349
LineaE:1128,17,17:45,0.23813586748653975
LineaE:1128,18,18:00,0.3495826955843706
LineaE:1128,18,18:15,0.2792618476911081
LineaE:1128,18,18:30,0.20304964334190084
LineaE:1128,18,18:45,0.1681058133826205
LineaE:1128,19,19:00,0.3009235358228647
LineaE:1128,19,19:15,0.2584753054551712
LineaE:1128,19,19:30,0.24046348878563642
LineaE:1128,19,19:45,0.20013766993632764
LineaE:1128,20,20:00,0.29406322282189673
LineaE:1128,20,20:15,0.2542791056283732
LineaE:1128,20,20:30,0.24533538936006172
LineaE:1128,20,20:45,0.2063222821896685
LineaE:1128,21,21:00,0.3086922268907563
LineaE:1128,21,21:15,0.2563025210084034
LineaE:1128,21,21:30,0.241202731092437
LineaE:1128,21,21:45,0.19380252100840337
LineaE:1128,22,22:00,0.3037735849056604
LineaE:1128,22,22:15,0.25683962264150945
LineaE:1128,22,22:30,0.2660377358490566
LineaE:1128,22,22:45,0.1733490566037736
LineaE:1128,23,23:00,0.4616822429906542
LineaE:1128,23,23:15,0.23551401869158875
LineaE:1128,23,23:30,0.2523364485981308
LineaE:1128,23,23:45,0.05046728971962617
LineaE:1129,0,00:00,0.4285714285714285
LineaE:1129,0,00:15,0.14285714285714285
LineaE:1129,0,00:30,0.14285714285714285
LineaE:1129,0,00:45,0.2857142857142857
LineaE:1129,1,01:00,0.19999999999999998
LineaE:1129,1,01:15,0.19999999999999998
LineaE:1129,1,01:30,0.19999999999999998
LineaE:1129,1,01:45,0.39999999999999997
LineaE:1129,2,02:00,0.25
LineaE:1129,2,02:30,0.25
LineaE:1129,2,02:45,0.5
LineaE:1129,4,04:30,0.5
LineaE:1129,4,04:45,0.5
LineaE:1129,5,05:00,0.0006464124111182936
LineaE:1129,5,05:15,0.1803490627020039
LineaE:1129,5,05:30,0.3206205559146736
LineaE:1129,5,05:45,0.4983839689722043
LineaE:1129,6,06:00,0.11660272323779432
LineaE:1129,6,06:15,0.18167456556082145
LineaE:1129,6,06:30,0.27488151658767773
LineaE:1129,6,06:45,0.42684119461370645
LineaE:1129,7,07:00,0.20446955094562874
LineaE:1129,7,07:15,0.2544895894959827
LineaE:1129,7,07:30,0.28095956029695224
LineaE:1129,7,07:45,0.2600812992614363
LineaE:1129,8,08:00,0.23147821626647003
LineaE:1129,8,08:15,0.27720963036578716
LineaE:1129,8,08:30,0.2695316256852499
LineaE:1129,8,08:45,0.22178052768249287
LineaE:1129,9,09:00,0.29338681948424067
LineaE:1129,9,09:15,0.2886189111747851
LineaE:1129,9,09:30,0.23830372492836674
LineaE:1129,9,09:45,0.17969054441260746
LineaE:1129,10,10:00,0.2921211024120921
LineaE:1129,10,10:15,0.266597275648278
LineaE:1129,10,10:30,0.24030411368059013
LineaE:1129,10,10:45,0.20097750825903968
LineaE:1129,11,11:00,0.23986362444269604
LineaE:1129,11,11:15,0.2615788093364805
LineaE:1129,11,11:30,0.2602150537634409
LineaE:1129,11,11:45,0.23834251245738267
LineaE:1129,12,12:00,0.22398279418864944
LineaE:1129,12,12:15,0.24285651582320153
LineaE:1129,12,12:30,0.2536101479173068
LineaE:1129,12,12:45,0.2795505420708423
LineaE:1129,13,13:00,0.32582282374653954
LineaE:1129,13,13:15,0.275761304214088
LineaE:1129,13,13:30,0.22569978468163646
LineaE:1129,13,13:45,0.1727160873577361
LineaE:1129,14,14:00,0.26504270800379626
LineaE:1129,14,14:15,0.2692186017083201
LineaE:1129,14,14:30,0.2361278076558051
LineaE:1129,14,14:45,0.22961088263207843
LineaE:1129,15,15:00,0.24415478138882393
LineaE:1129,15,15:15,0.25146130465279404
LineaE:1129,15,15:30,0.25473462707505257
LineaE:1129,15,15:45,0.24964928688332944
LineaE:1129,16,16:00,0.24149832037181904
LineaE:1129,16,16:15,0.24223459573880632
LineaE:1129,16,16:30,0.2669918549537527
LineaE:1129,16,16:45,0.24927522893562193
LineaE:1129,17,17:00,0.23906933166770772
LineaE:1129,17,17:15,0.22895846346033732
LineaE:1129,17,17:30,0.2583931917551531
LineaE:1129,17,17:45,0.27357901311680205
LineaE:1129,18,18:00,0.35856108385891144
LineaE:1129,18,18:15,0.2706922058709024
LineaE:1129,18,18:30,0.21548703573931324
LineaE:1129,18,18:45,0.15525967453087286
LineaE:1129,19,19:00,0.2908159685680208
LineaE:1129,19,19:15,0.2752403002876587
LineaE:1129,19,19:30,0.2323019715147688
LineaE:1129,19,19:45,0.20164175962955166
LineaE:1129,20,20:00,0.3054757896821467
LineaE:1129,20,20:15,0.26329339538568175
LineaE:1129,20,20:30,0.22645806515496583
LineaE:1129,20,20:45,0.20477274977720564
LineaE:1129,21,21:00,0.3269737862571739
LineaE:1129,21,21:15,0.2849387311928029
LineaE:1129,21,21:30,0.2010237319683574
LineaE:1129,21,21:45,0.1870637505816659
LineaE:1129,22,22:00,0.3226751931787903
LineaE:1129,22,22:15,0.3543831601385558
LineaE:1129,22,22:30,0.2059685584865441
LineaE:1129,22,22:45,0.11697308819610977
LineaE:1129,23,23:00,0.5069767441860465
LineaE:1129,23,23:15,0.3116279069767442
LineaE:1129,23,23:30,0.14418604651162792
LineaE:1129,23,23:45,0.037209302325581395
LineaE:1130,5,05:15,0.17258629314657328
LineaE:1130,5,05:30,0.34417208604302146
LineaE:1130,5,05:45,0.48324162081040517
LineaE:1130,6,06:00,0.08672014851156933
LineaE:1130,6,06:15,0.1682026122124246
LineaE:1130,6,06:30,0.2834979778558642
LineaE:1130,6,06:45,0.46157926142014194
LineaE:1130,7,07:00,0.22333035886130212
LineaE:1130,7,07:15,0.2642730915262541
LineaE:1130,7,07:30,0.2744912777981908
LineaE:1130,7,07:45,0.23790527181425297
LineaE:1130,8,08:00,0.2436407858352757
LineaE:1130,8,08:15,0.2765769548159194
LineaE:1130,8,08:30,0.2609123680743561
LineaE:1130,8,08:45,0.21886989127444878
LineaE:1130,9,09:00,0.29975670156840595
LineaE:1130,9,09:15,0.2939349176695486
LineaE:1130,9,09:30,0.23682495546769777
LineaE:1130,9,09:45,0.16948342529434762
LineaE:1130,10,10:00,0.29164015778088814
LineaE:1130,10,10:15,0.2639012597022522
LineaE:1130,10,10:30,0.2324299105060016
LineaE:1130,10,10:45,0.21202867201085804
LineaE:1130,11,11:00,0.23745331997449678
LineaE:1130,11,11:15,0.26509700337007014
LineaE:1130,11,11:30,0.24933964841971037
LineaE:1130,11,11:45,0.24811002823572276
LineaE:1130,12,12:00,0.25017184909627593
LineaE:1130,12,12:15,0.25377057134770126
LineaE:1130,12,12:30,0.2529618697181675
LineaE:1130,12,12:45,0.2430957098378553
LineaE:1130,13,13:00,0.3032519981392988
LineaE:1130,13,13:15,0.29158032731424705
LineaE:1130,13,13:30,0.22366473548441662
LineaE:1130,13,13:45,0.1815029390620375
LineaE:1130,14,14:00,0.2986169071181591
LineaE:1130,14,14:15,0.26135686180994394
LineaE:1130,14,14:30,0.22248718254441396
LineaE:1130,14,14:45,0.21753904852748301
LineaE:1130,15,15:00,0.2593019726858877
LineaE:1130,15,15:15,0.2604552352048558
LineaE:1130,15,15:30,0.24400606980273143
LineaE:1130,15,15:45,0.23623672230652504
LineaE:1130,16,16:00,0.25285707218126946
LineaE:1130,16,16:15,0.25765596398357493
LineaE:1130,16,16:30,0.26210854400633254
LineaE:1130,16,16:45,0.22737841982882304
LineaE:1130,17,17:00,0.23602457409263214
LineaE:1130,17,17:15,0.24090453575007625
LineaE:1130,17,17:30,0.2577665461199948
LineaE:1130,17,17:45,0.26530434403729686
LineaE:1130,18,18:00,0.3232611699677568
LineaE:1130,18,18:15,0.2852141870105942
LineaE:1130,18,18:30,0.22164900967296172
LineaE:1130,18,18:45,0.16987563334868724
LineaE:1130,19,19:00,0.2921165508060938
LineaE:1130,19,19:15,0.24804023073509834
LineaE:1130,19,19:30,0.23021742345806834
LineaE:1130,19,19:45,0.22962579500073954
LineaE:1130,20,20:00,0.32439196058496905
LineaE:1130,20,20:15,0.2731680613122703
LineaE:1130,20,20:30,0.2333620082896692
LineaE:1130,20,20:45,0.16907796981309142
LineaE:1130,21,21:00,0.27086945751795893
LineaE:1130,21,21:15,0.25191974238295767
LineaE:1130,21,21:30,0.23693336636115928
LineaE:1130,21,21:45,0.2402774337379242
LineaE:1130,22,22:00,0.44212904845593776
LineaE:1130,22,22:15,0.2889781571679639
LineaE:1130,22,22:30,0.17875972884760233
LineaE:1130,22,22:45,0.0901330655284961
LineaE:1130,23,23:00,0.7313432835820894
LineaE:1130,23,23:15,0.20895522388059704
LineaE:1130,23,23:30,0.05970149253731343
LineaE:1131,5,05:00,0.0008650519031141869
LineaE:1131,5,05:15,0.13927335640138408
LineaE:1131,5,05:30,0.3884083044982699
LineaE:1131,5,05:45,0.47145328719723184
LineaE:1131,6,06:00,0.10754284172176494
LineaE:1131,6,06:15,0.1577384968290379
LineaE:1131,6,06:30,0.24544595871002567
LineaE:1131,6,06:45,0.4892727027391715
LineaE:1131,7,07:00,0.21711877611728878
LineaE:1131,7,07:15,0.27335505347404204
LineaE:1131,7,07:30,0.26829095545010273
LineaE:1131,7,07:45,0.24123521495856648
LineaE:1131,8,08:00,0.25344597598932855
LineaE:1131,8,08:15,0.2809502636092231
LineaE:1131,8,08:30,0.2575430349996824
LineaE:1131,8,08:45,0.20806072540176587
LineaE:1131,9,09:00,0.29918531697724504
LineaE:1131,9,09:15,0.300028092518026
LineaE:1131,9,09:30,0.22895402191216405
LineaE:1131,9,09:45,0.17183256859256485
LineaE:1131,10,10:00,0.29630335365853655
LineaE:1131,10,10:15,0.2867759146341463
LineaE:1131,10,10:30,0.2273246951219512
LineaE:1131,10,10:45,0.18959603658536583
LineaE:1131,11,11:00,0.20019129603060737
LineaE:1131,11,11:15,0.268675274988044
LineaE:1131,11,11:30,0.2769010043041607
LineaE:1131,11,11:45,0.25423242467718793
LineaE:1131,12,12:00,0.24667340407613272
LineaE:1131,12,12:15,0.24995789119083714
LineaE:1131,12,12:30,0.23395654370894392
LineaE:1131,12,12:45,0.2694121610240862
LineaE:1131,13,13:00,0.3177408747122657
LineaE:1131,13,13:15,0.29324235448865504
LineaE:1131,13,13:30,0.22615915817165408
LineaE:1131,13,13:45,0.16285761262742518
LineaE:1131,14,14:00,0.2678636863319897
LineaE:1131,14,14:15,0.27067301819958467
LineaE:1131,14,14:30,0.2395260779284231
LineaE:1131,14,14:45,0.22193721754000245
LineaE:1131,15,15:00,0.26288361320208453
LineaE:1131,15,15:15,0.25199768384481763
LineaE:1131,15,15:30,0.2422698320787493
LineaE:1131,15,15:45,0.2428488708743486
LineaE:1131,16,16:00,0.2648933222499307
LineaE:1131,16,16:15,0.23977094301283827
LineaE:1131,16,16:30,0.25639604691973766
LineaE:1131,16,16:45,0.23893968781749328
LineaE:1131,17,17:00,0.24769576892372455
LineaE:1131,17,17:15,0.2705566441686625
LineaE:1131,17,17:30,0.24609913636693517
LineaE:1131,17,17:45,0.23564845054067785
LineaE:1131,18,18:00,0.3938336790495946
LineaE:1131,18,18:15,0.26136149349424853
LineaE:1131,18,18:30,0.19206109749198566
LineaE:1131,18,18:45,0.1527437299641712
LineaE:1131,19,19:00,0.3102741884651749
LineaE:1131,19,19:15,0.25622439331862595
LineaE:1131,19,19:30,0.23069650173337536
LineaE:1131,19,19:45,0.2028049164828238
LineaE:1131,20,20:00,0.3171549988816819
LineaE:1131,20,20:15,0.2853947662715276
LineaE:1131,20,20:30,0.22522925520017895
LineaE:1131,20,20:45,0.1722209796466115
LineaE:1131,21,21:00,0.23936471922858762
LineaE:1131,21,21:15,0.23652864435621102
LineaE:1131,21,21:30,0.33295519001701646
LineaE:1131,21,21:45,0.19115144639818493
LineaE:1131,22,22:00,0.41827221876942206
LineaE:1131,22,22:15,0.3144810441267868
LineaE:1131,22,22:30,0.17650714729645742
LineaE:1131,22,22:45,0.09073958980733375
LineaE:1131,23,23:00,0.2857142857142857
LineaE:1131,23,23:15,0.5306122448979591
LineaE:1131,23,23:30,0.14285714285714285
LineaE:1131,23,23:45,0.04081632653061224
LineaE:1132,5,05:15,0.12472357363998231
LineaE:1132,5,05:30,0.35117204776647504
LineaE:1132,5,05:45,0.5241043785935426
LineaE:1132,6,06:00,0.1491672109732201
LineaE:1132,6,06:15,0.21668843892880468
LineaE:1132,6,06:30,0.2365284128020901
LineaE:1132,6,06:45,0.39761593729588507
LineaE:1132,7,07:00,0.2063169768753525
LineaE:1132,7,07:15,0.27611393119007327
LineaE:1132,7,07:30,0.2760575296108291
LineaE:1132,7,07:45,0.24151156232374504
LineaE:1132,8,08:00,0.2612457221081451
LineaE:1132,8,08:15,0.2902943189596167
LineaE:1132,8,08:30,0.24334017796030116
LineaE:1132,8,08:45,0.20511978097193703
LineaE:1132,9,09:00,0.31076352291411946
LineaE:1132,9,09:15,0.27458999114633836
LineaE:1132,9,09:30,0.22724398161811205
LineaE:1132,9,09:45,0.1874025043214301
LineaE:1132,10,10:00,0.28369390184134985
LineaE:1132,10,10:15,0.2575789399985997
LineaE:1132,10,10:30,0.2402856542743121
LineaE:1132,10,10:45,0.21844150388573827
LineaE:1132,11,11:00,0.22103714600956237
LineaE:1132,11,11:15,0.27892607576314826
LineaE:1132,11,11:30,0.26274365575579256
LineaE:1132,11,11:45,0.2372931224714969
LineaE:1132,12,12:00,0.2290445686247785
LineaE:1132,12,12:15,0.24969333515060652
LineaE:1132,12,12:30,0.24942074417336785
LineaE:1132,12,12:45,0.2718413520512471
LineaE:1132,13,13:00,0.30767490952955373
LineaE:1132,13,13:15,0.29010856453558503
LineaE:1132,13,13:30,0.22655307599517494
LineaE:1132,13,13:45,0.17566344993968638
LineaE:1132,14,14:00,0.26287803256895975
LineaE:1132,14,14:15,0.262324138695026
LineaE:1132,14,14:30,0.23928215353938184
LineaE:1132,14,14:45,0.23551567519663233
LineaE:1132,15,15:00,0.2578158923143725
LineaE:1132,15,15:15,0.24652627008250108
LineaE:1132,15,15:30,0.25086843247937474
LineaE:1132,15,15:45,0.24478940512375164
LineaE:1132,16,16:00,0.23440488115836444
LineaE:1132,16,16:15,0.2641835898369912
LineaE:1132,16,16:30,0.24369365267279847
LineaE:1132,16,16:45,0.2577178763318459
LineaE:1132,17,17:00,0.28603069134630593
LineaE:1132,17,17:15,0.24212940990349627
LineaE:1132,17,17:30,0.2342983705109951
LineaE:1132,17,17:45,0.23754152823920266
LineaE:1132,18,18:00,0.3405869880593684
LineaE:1132,18,18:15,0.2824461555629952
LineaE:1132,18,18:30,0.20745452516460217
LineaE:1132,18,18:45,0.16951233121303425
LineaE:1132,19,19:00,0.3089815995627619
LineaE:1132,19,19:15,0.2572417562397522
LineaE:1132,19,19:30,0.2251776279832392
LineaE:1132,19,19:45,0.20859901621424665
LineaE:1132,20,20:00,0.3389152711822045
LineaE:1132,20,20:15,0.2669332666833292
LineaE:1132,20,20:30,0.20694826293426644
LineaE:1132,20,20:45,0.18720319920019995
LineaE:1132,21,21:00,0.35698924731182796
LineaE:1132,21,21:15,0.2860215053763441
LineaE:1132,21,21:30,0.20609318996415768
LineaE:1132,21,21:45,0.15089605734767023
LineaE:1132,22,22:00,0.3519163763066202
LineaE:1132,22,22:15,0.34494773519163763
LineaE:1132,22,22:30,0.20818815331010454
LineaE:1132,22,22:45,0.09494773519163763
LineaE:1132,23,23:00,1.0
LineaE:1133,5,05:00,7.127075760815338e-05
LineaE:1133,5,05:15,0.14218516142826598
LineaE:1133,5,05:30,0.31237973059653623
LineaE:1133,5,05:45,0.5453638372175896
LineaE:1133,6,06:00,0.1595993373895004
LineaE:1133,6,06:15,0.19907729939776755
LineaE:1133,6,06:30,0.2597495084606691
LineaE:1133,6,06:45,0.3815738547520629
LineaE:1133,7,07:00,0.2480302911681601
LineaE:1133,7,07:15,0.2718091428652769
LineaE:1133,7,07:30,0.2543433236301004
LineaE:1133,7,07:45,0.22581724233646255
LineaE:1133,8,08:00,0.2648316369865972
LineaE:1133,8,08:15,0.2927169860213351
LineaE:1133,8,08:30,0.24461943768625022
LineaE:1133,8,08:45,0.19783193930581747
LineaE:1133,9,09:00,0.30563889814917705
LineaE:1133,9,09:15,0.2896988554283809
LineaE:1133,9,09:30,0.2245558148436246
LineaE:1133,9,09:45,0.18010643157881742
LineaE:1133,10,10:00,0.2898200435059656
LineaE:1133,10,10:15,0.2639581639603612
LineaE:1133,10,10:30,0.2325371888114961
LineaE:1133,10,10:45,0.21368460372217704
LineaE:1133,11,11:00,0.23545750158070636
LineaE:1133,11,11:15,0.28055279559208746
LineaE:1133,11,11:30,0.24318038117604554
LineaE:1133,11,11:45,0.2408093216511607
LineaE:1133,12,12:00,0.21653628642928924
LineaE:1133,12,12:15,0.25031035094287574
LineaE:1133,12,12:30,0.2573843819582652
LineaE:1133,12,12:45,0.27576898066956984
LineaE:1133,13,13:00,0.3085113477226754
LineaE:1133,13,13:15,0.2931513548358414
LineaE:1133,13,13:30,0.2193078000311201
LineaE:1133,13,13:45,0.179029497410363
LineaE:1133,14,14:00,0.28094181880225216
LineaE:1133,14,14:15,0.26620030711482684
LineaE:1133,14,14:30,0.23064323494284253
LineaE:1133,14,14:45,0.2222146391400785
LineaE:1133,15,15:00,0.23940848722710864
LineaE:1133,15,15:15,0.25083225286470195
LineaE:1133,15,15:30,0.2472579458247188
LineaE:1133,15,15:45,0.26250131408347055
LineaE:1133,16,16:00,0.23333439703864442
LineaE:1133,16,16:15,0.2507898011934774
LineaE:1133,16,16:30,0.2770207741647254
LineaE:1133,16,16:45,0.2388550276031528
LineaE:1133,17,17:00,0.21780740900048387
LineaE:1133,17,17:15,0.2512231840421528
LineaE:1133,17,17:30,0.2777837518146137
LineaE:1133,17,17:45,0.2531856551427496
LineaE:1133,18,18:00,0.32414005623820347
LineaE:1133,18,18:15,0.28951118986171565
LineaE:1133,18,18:30,0.22684026039058586
LineaE:1133,18,18:45,0.159508493509495
LineaE:1133,19,19:00,0.2882902454920704
LineaE:1133,19,19:15,0.2616409587949888
LineaE:1133,19,19:30,0.22927076544282712
LineaE:1133,19,19:45,0.2207980302701137
LineaE:1133,20,20:00,0.29783262470185623
LineaE:1133,20,20:15,0.2769884890594213
LineaE:1133,20,20:30,0.22658923571502645
LineaE:1133,20,20:45,0.19858965052369593
LineaE:1133,21,21:00,0.32964709708895756
LineaE:1133,21,21:15,0.27630509025857863
LineaE:1133,21,21:30,0.2062123922589039
LineaE:1133,21,21:45,0.18783542039355997
LineaE:1133,22,22:00,0.3022222222222222
LineaE:1133,22,22:15,0.3622222222222222
LineaE:1133,22,22:30,0.2625925925925926
LineaE:1133,22,22:45,0.07296296296296297
LineaE:1133,23,23:00,1.0
LineaE:1164,0,00:15,1.0
LineaE:1164,4,04:45,1.0
LineaE:1164,5,05:00,0.0004008819402685909
LineaE:1164,5,05:15,0.1539386650631389
LineaE:1164,5,05:30,0.4418387118326986
LineaE:1164,5,05:45,0.4038217411638939
LineaE:1164,6,06:00,0.19912535458597863
LineaE:1164,6,06:15,0.2320511954612995
LineaE:1164,6,06:30,0.2571086046197487
LineaE:1164,6,06:45,0.3117148453329731
LineaE:1164,7,07:00,0.1922542376262643
LineaE:1164,7,07:15,0.25232911510250766
LineaE:1164,7,07:30,0.29581258021399265
LineaE:1164,7,07:45,0.2596040670572354
LineaE:1164,8,08:00,0.21231770080998086
LineaE:1164,8,08:15,0.23775666334970413
LineaE:1164,8,08:30,0.2676146759541617
LineaE:1164,8,08:45,0.2823109598861533
LineaE:1164,9,09:00,0.27291060218146107
LineaE:1164,9,09:15,0.26795964413893075
LineaE:1164,9,09:30,0.24042249734039445
LineaE:1164,9,09:45,0.21870725633921367
LineaE:1164,10,10:00,0.2947689119898855
LineaE:1164,10,10:15,0.24023670717145465
LineaE:1164,10,10:30,0.24487251527709486
LineaE:1164,10,10:45,0.22012186556156493
LineaE:1164,11,11:00,0.2432660685365684
LineaE:1164,11,11:15,0.237185410394746
LineaE:1164,11,11:30,0.2638926147823581
LineaE:1164,11,11:45,0.25565590628632745
LineaE:1164,12,12:00,0.22423015175106695
LineaE:1164,12,12:15,0.23590393132881013
LineaE:1164,12,12:30,0.25128072737247187
LineaE:1164,12,12:45,0.2885851895476511
LineaE:1164,13,13:00,0.2705190555041266
LineaE:1164,13,13:15,0.23541337992359546
LineaE:1164,13,13:30,0.2644627560400016
LineaE:1164,13,13:45,0.22960480853227636
LineaE:1164,14,14:00,0.25817822503784266
LineaE:1164,14,14:15,0.25890704714918433
LineaE:1164,14,14:30,0.24766636766272357
LineaE:1164,14,14:45,0.23524836015024947
LineaE:1164,15,15:00,0.24262227860428762
LineaE:1164,15,15:15,0.2509258191417112
LineaE:1164,15,15:30,0.2469021899306757
LineaE:1164,15,15:45,0.2595497123233255
LineaE:1164,16,16:00,0.23038567962394277
LineaE:1164,16,16:15,0.23442341425684043
LineaE:1164,16,16:30,0.2679591714586949
LineaE:1164,16,16:45,0.2672317346605218
LineaE:1164,17,17:00,0.241299552395434
LineaE:1164,17,17:15,0.239104362538282
LineaE:1164,17,17:30,0.2745629252064906
LineaE:1164,17,17:45,0.2450331598597934
LineaE:1164,18,18:00,0.3232683246455684
LineaE:1164,18,18:15,0.24816680508662026
LineaE:1164,18,18:30,0.2435217374973394
LineaE:1164,18,18:45,0.18504313277047188
LineaE:1164,19,19:00,0.32661582094765995
LineaE:1164,19,19:15,0.2725707584440212
LineaE:1164,19,19:30,0.2237987906814269
LineaE:1164,19,19:45,0.1770146299268919
LineaE:1164,20,20:00,0.3025892378284965
LineaE:1164,20,20:15,0.26395923961623263
LineaE:1164,20,20:30,0.2351766879208629
LineaE:1164,20,20:45,0.19827483463440795
LineaE:1164,21,21:00,0.3151490672254058
LineaE:1164,21,21:15,0.26998712543861864
LineaE:1164,21,21:30,0.23578118294499278
LineaE:1164,21,21:45,0.17908262439098274
LineaE:1164,22,22:00,0.39824527007156163
LineaE:1164,22,22:15,0.333986864032938
LineaE:1164,22,22:30,0.16336633663366337
LineaE:1164,22,22:45,0.10440152926183707
LineaE:1164,23,23:00,0.6680761099365751
LineaE:1164,23,23:15,0.3171247357293869
LineaE:1164,23,23:30,0.01409443269908386
LineaE:1164,23,23:45,0.000704721634954193
LineaE:1165,0,00:00,1.0
LineaE:1165,5,05:00,0.004310344827586208
LineaE:1165,5,05:15,0.09051724137931035
LineaE:1165,5,05:30,0.2974137931034483
LineaE:1165,5,05:45,0.6077586206896551
LineaE:1165,6,06:00,0.19572261827608556
LineaE:1165,6,06:15,0.22683084899546338
LineaE:1165,6,06:30,0.24173687621516526
LineaE:1165,6,06:45,0.33570965651328577
LineaE:1165,7,07:00,0.24314390726604468
LineaE:1165,7,07:15,0.2782018659881255
LineaE:1165,7,07:30,0.23748939779474135
LineaE:1165,7,07:45,0.24116482895108848
LineaE:1165,8,08:00,0.19778085991678226
LineaE:1165,8,08:15,0.24798890429958392
LineaE:1165,8,08:30,0.2793342579750347
LineaE:1165,8,08:45,0.2748959778085992
LineaE:1165,9,09:00,0.23479370480646533
LineaE:1165,9,09:15,0.25202041684389626
LineaE:1165,9,09:30,0.2564866014461931
LineaE:1165,9,09:45,0.25669927690344535
LineaE:1165,10,10:00,0.21735604217356047
LineaE:1165,10,10:15,0.23584752635847528
LineaE:1165,10,10:30,0.264882400648824
LineaE:1165,10,10:45,0.28191403081914035
LineaE:1165,11,11:00,0.21117078410311493
LineaE:1165,11,11:15,0.23490870032223418
LineaE:1165,11,11:30,0.2612244897959184
LineaE:1165,11,11:45,0.29269602577873255
LineaE:1165,12,12:00,0.24052469673225377
LineaE:1165,12,12:15,0.2426722386673632
LineaE:1165,12,12:30,0.2510302397121133
LineaE:1165,12,12:45,0.2657728248882698
LineaE:1165,13,13:00,0.31970170796247294
LineaE:1165,13,13:15,0.2716382006254511
LineaE:1165,13,13:30,0.2134712533076738
LineaE:1165,13,13:45,0.1951888381044022
LineaE:1165,14,14:00,0.2765324340408649
LineaE:1165,14,14:15,0.2390398730410633
LineaE:1165,14,14:30,0.23427891291410438
LineaE:1165,14,14:45,0.25014878000396745
LineaE:1165,15,15:00,0.2900016048788317
LineaE:1165,15,15:15,0.23537152944952658
LineaE:1165,15,15:30,0.23402343123094207
LineaE:1165,15,15:45,0.24060343444069973
LineaE:1165,16,16:00,0.23967669123016663
LineaE:1165,16,16:15,0.22812520746199294
LineaE:1165,16,16:30,0.24634866892385318
LineaE:1165,16,16:45,0.28584943238398725
LineaE:1165,17,17:00,0.27664306288079443
LineaE:1165,17,17:15,0.24595556722445733
LineaE:1165,17,17:30,0.24581657001212362
LineaE:1165,17,17:45,0.23158479988262456
LineaE:1165,18,18:00,0.41958112287230026
LineaE:1165,18,18:15,0.2929038962780446
LineaE:1165,18,18:30,0.16996454881452241
LineaE:1165,18,18:45,0.1175504320351327
LineaE:1165,19,19:00,0.3778385682739528
LineaE:1165,19,19:15,0.27428232424771765
LineaE:1165,19,19:30,0.19280841106094065
LineaE:1165,19,19:45,0.15507069641738902
LineaE:1165,20,20:00,0.3625839156048774
LineaE:1165,20,20:15,0.28702561994793807
LineaE:1165,20,20:30,0.1946157007809289
LineaE:1165,20,20:45,0.15577476366625564
LineaE:1165,21,21:00,0.41642872831100375
LineaE:1165,21,21:15,0.2163408741489128
LineaE:1165,21,21:30,0.18108939160992749
LineaE:1165,21,21:45,0.18614100593015592
LineaE:1165,22,22:00,0.42554956449605974
LineaE:1165,22,22:15,0.2548734964744919
LineaE:1165,22,22:30,0.18747407714641226
LineaE:1165,22,22:45,0.13210286188303608
LineaE:1165,23,23:00,0.6312323612417685
LineaE:1165,23,23:15,0.34995296331138287
LineaE:1165,23,23:30,0.01881467544684854
LineaE:1166,0,00:00,0.3
LineaE:1166,0,00:15,0.19999999999999998
LineaE:1166,0,00:45,0.5
LineaE:1166,4,04:00,0.049999999999999996
LineaE:1166,4,04:15,0.049999999999999996
LineaE:1166,4,04:30,0.39999999999999997
LineaE:1166,4,04:45,0.5
LineaE:1166,5,05:00,0.0009061701952384877
LineaE:1166,5,05:15,0.2548809621879891
LineaE:1166,5,05:30,0.35315923881703604
LineaE:1166,5,05:45,0.3910536287997364
LineaE:1166,6,06:00,0.18556196394747482
LineaE:1166,6,06:15,0.22759486666524784
LineaE:1166,6,06:30,0.2560921105837785
LineaE:1166,6,06:45,0.3307510588034988
LineaE:1166,7,07:00,0.21982779296781313
LineaE:1166,7,07:15,0.26916342879071326
LineaE:1166,7,07:30,0.266968868422315
LineaE:1166,7,07:45,0.24403990981915863
LineaE:1166,8,08:00,0.24714359746316902
LineaE:1166,8,08:15,0.25764380722059077
LineaE:1166,8,08:30,0.2515485033191027
LineaE:1166,8,08:45,0.2436640919971374
LineaE:1166,9,09:00,0.2602083362779325
LineaE:1166,9,09:15,0.27500671368602564
LineaE:1166,9,09:30,0.25760766632273746
LineaE:1166,9,09:45,0.20717728371330443
LineaE:1166,10,10:00,0.24218666476604536
LineaE:1166,10,10:15,0.25530095149852106
LineaE:1166,10,10:30,0.2659384911442928
LineaE:1166,10,10:45,0.23657389259114073
LineaE:1166,11,11:00,0.2173716718540857
LineaE:1166,11,11:15,0.2493670273669951
LineaE:1166,11,11:30,0.25376961408827753
LineaE:1166,11,11:45,0.27949168669064167
LineaE:1166,12,12:00,0.24142374364834313
LineaE:1166,12,12:15,0.2555493423451898
LineaE:1166,12,12:30,0.2502492037635846
LineaE:1166,12,12:45,0.2527777102428825
LineaE:1166,13,13:00,0.26967598293713735
LineaE:1166,13,13:15,0.2743160570206981
LineaE:1166,13,13:30,0.2390672564453683
LineaE:1166,13,13:45,0.2169407035967963
LineaE:1166,14,14:00,0.2669036726209556
LineaE:1166,14,14:15,0.2619789997183126
LineaE:1166,14,14:30,0.23621917222756456
LineaE:1166,14,14:45,0.23489815543316722
LineaE:1166,15,15:00,0.26654191064517646
LineaE:1166,15,15:15,0.2535096015185357
LineaE:1166,15,15:30,0.23961875633002666
LineaE:1166,15,15:45,0.2403297315062613
LineaE:1166,16,16:00,0.2558809728074624
LineaE:1166,16,16:15,0.2546201718670756
LineaE:1166,16,16:30,0.24073240211018263
LineaE:1166,16,16:45,0.24876645321527935
LineaE:1166,17,17:00,0.2633732405119128
LineaE:1166,17,17:15,0.2902243435674416
LineaE:1166,17,17:30,0.23955334875330125
LineaE:1166,17,17:45,0.20684906716734436
LineaE:1166,18,18:00,0.35899829389718635
LineaE:1166,18,18:15,0.30160611400123066
LineaE:1166,18,18:30,0.20101946635341503
LineaE:1166,18,18:45,0.13837612574816804
LineaE:1166,19,19:00,0.3292244802405885
LineaE:1166,19,19:15,0.26830300465509943
LineaE:1166,19,19:30,0.21429664778815244
LineaE:1166,19,19:45,0.18817586731615957
LineaE:1166,20,20:00,0.34293842341928976
LineaE:1166,20,20:15,0.2767887186075679
LineaE:1166,20,20:30,0.20638707901257228
LineaE:1166,20,20:45,0.1738857789605702
LineaE:1166,21,21:00,0.2877888894205464
LineaE:1166,21,21:15,0.27965452892482895
LineaE:1166,21,21:30,0.23556151012010146
LineaE:1166,21,21:45,0.19699507153452317
LineaE:1166,22,22:00,0.4044910621953021
LineaE:1166,22,22:15,0.2686265819668095
LineaE:1166,22,22:30,0.18998374944600385
LineaE:1166,22,22:45,0.1368986063918846
LineaE:1166,23,23:00,0.5816368078175895
LineaE:1166,23,23:15,0.3513843648208469
LineaE:1166,23,23:30,0.0388843648208469
LineaE:1166,23,23:45,0.028094462540716608
LineaH:1134,5,05:00,8.530967411704487e-05
LineaH:1134,5,05:15,0.07532844224535061
LineaH:1134,5,05:30,0.31291588466132053
LineaH:1134,5,05:45,0.6116703634192117
LineaH:1134,6,06:00,0.14550505660543103
LineaH:1134,6,06:15,0.22903512721123542
LineaH:1134,6,06:30,0.28962654690399586
LineaH:1134,6,06:45,0.3358332692793376
LineaH:1134,7,07:00,0.2111076241783915
LineaH:1134,7,07:15,0.2671905783077916
LineaH:1134,7,07:30,0.2691476192966857
LineaH:1134,7,07:45,0.25255417821713133
LineaH:1134,8,08:00,0.24737867428353455
LineaH:1134,8,08:15,0.27473854858704977
LineaH:1134,8,08:30,0.2684219369428689
LineaH:1134,8,08:45,0.20946084018654665
LineaH:1134,9,09:00,0.30450461370626825
LineaH:1134,9,09:15,0.2872467764663101
LineaH:1134,9,09:30,0.2301246988590736
LineaH:1134,9,09:45,0.178123910968348
LineaH:1134,10,10:00,0.2694622065625589
LineaH:1134,10,10:15,0.27102817289428277
LineaH:1134,10,10:30,0.23801238273377123
LineaH:1134,10,10:45,0.2214972378093871
LineaH:1134,11,11:00,0.21820960104089443
LineaH:1134,11,11:15,0.2855802835227015
LineaH:1134,11,11:30,0.2424013192731894
LineaH:1134,11,11:45,0.25380879616321467
LineaH:1134,12,12:00,0.228488238449161
LineaH:1134,12,12:15,0.25738768421321484
LineaH:1134,12,12:30,0.25107909994125616
LineaH:1134,12,12:45,0.2630449773963681
LineaH:1134,13,13:00,0.30398901457472266
LineaH:1134,13,13:15,0.2768653469654122
LineaH:1134,13,13:30,0.2259082010006526
LineaH:1134,13,13:45,0.19323743745921254
LineaH:1134,14,14:00,0.2641054159518917
LineaH:1134,14,14:15,0.2746055384847399
LineaH:1134,14,14:30,0.2270439421644956
LineaH:1134,14,14:45,0.2342451033988727
LineaH:1134,15,15:00,0.250950293727152
LineaH:1134,15,15:15,0.27330265718494806
LineaH:1134,15,15:30,0.2446028772529691
LineaH:1134,15,15:45,0.23114417183493077
LineaH:1134,16,16:00,0.2560402082211452
LineaH:1134,16,16:15,0.2700412852270687
LineaH:1134,16,16:30,0.24753186142523784
LineaH:1134,16,16:45,0.22638664512654819
LineaH:1134,17,17:00,0.2729272892365719
LineaH:1134,17,17:15,0.2722462806453866
LineaH:1134,17,17:30,0.23066983306558633
LineaH:1134,17,17:45,0.2241565970524551
LineaH:1134,18,18:00,0.3531026392961877
LineaH:1134,18,18:15,0.28314369501466274
LineaH:1134,18,18:30,0.20398826979472143
LineaH:1134,18,18:45,0.15976539589442815
LineaH:1134,19,19:00,0.3009166302924487
LineaH:1134,19,19:15,0.27154081187254475
LineaH:1134,19,19:30,0.2278481012658228
LineaH:1134,19,19:45,0.19969445656918378
LineaH:1134,20,20:00,0.30066207084840624
LineaH:1134,20,20:15,0.261756876663709
LineaH:1134,20,20:30,0.22298819193229133
LineaH:1134,20,20:45,0.21459286055559348
LineaH:1134,21,21:00,0.37063077541181194
LineaH:1134,21,21:15,0.2753113700281237
LineaH:1134,21,21:30,0.20439935717155486
LineaH:1134,21,21:45,0.14965849738850945
LineaH:1134,22,22:00,0.39138802020687996
LineaH:1134,22,22:15,0.27231176329083473
LineaH:1134,22,22:30,0.18619196535963436
LineaH:1134,22,22:45,0.15010825114265094
LineaH:1134,23,23:00,0.6222071767095464
LineaH:1134,23,23:15,0.24644549763033177
LineaH:1134,23,23:30,0.1022342586323629
LineaH:1134,23,23:45,0.02911306702775897
LineaH:1135,0,00:00,1.0
LineaH:1135,5,05:15,0.1639593137999089
LineaH:1135,5,05:30,0.36207681797479885
LineaH:1135,5,05:45,0.4739638682252922
LineaH:1135,6,06:00,0.13225991949396204
LineaH:1135,6,06:15,0.23454571592869464
LineaH:1135,6,06:30,0.28265765765765766
LineaH:1135,6,06:45,0.35053670691968564
LineaH:1135,7,07:00,0.1997936210131332
LineaH:1135,7,07:15,0.26892120075046905
LineaH:1135,7,07:30,0.2871575984990619
LineaH:1135,7,07:45,0.24412757973733584
LineaH:1135,8,08:00,0.24893627239110597
LineaH:1135,8,08:15,0.27490755414685686
LineaH:1135,8,08:30,0.26511069490467265
LineaH:1135,8,08:45,0.2110454785573644
LineaH:1135,9,09:00,0.291561288777816
LineaH:1135,9,09:15,0.2728252248477321
LineaH:1135,9,09:30,0.24395791868069377
LineaH:1135,9,09:45,0.19165556769375813
LineaH:1135,10,10:00,0.2835124102660348
LineaH:1135,10,10:15,0.26150706141791397
LineaH:1135,10,10:30,0.2354900764791442
LineaH:1135,10,10:45,0.21949045183690707
LineaH:1135,11,11:00,0.23681782534483553
LineaH:1135,11,11:15,0.2585459242515108
LineaH:1135,11,11:30,0.25508603589057527
LineaH:1135,11,11:45,0.24955021451307835
LineaH:1135,12,12:00,0.2444786944696283
LineaH:1135,12,12:15,0.25249320036264733
LineaH:1135,12,12:30,0.24197642792384405
LineaH:1135,12,12:45,0.26105167724388034
LineaH:1135,13,13:00,0.3024486627619787
LineaH:1135,13,13:15,0.28348387552042903
LineaH:1135,13,13:30,0.23052360454449225
LineaH:1135,13,13:45,0.18354385717309998
LineaH:1135,14,14:00,0.2789873074664619
LineaH:1135,14,14:15,0.2561091286869326
LineaH:1135,14,14:30,0.2419260129183793
LineaH:1135,14,14:45,0.22297755092822621
LineaH:1135,15,15:00,0.26885194845641763
LineaH:1135,15,15:15,0.24831626892980885
LineaH:1135,15,15:30,0.2520341028535835
LineaH:1135,15,15:45,0.23079767976018997
LineaH:1135,16,16:00,0.28474319200275766
LineaH:1135,16,16:15,0.23867631851085833
LineaH:1135,16,16:30,0.25476732161323684
LineaH:1135,16,16:45,0.2218131678731472
LineaH:1135,17,17:00,0.29736717606803753
LineaH:1135,17,17:15,0.25756125468968327
LineaH:1135,17,17:30,0.22699717243731501
LineaH:1135,17,17:45,0.2180743968049642
LineaH:1135,18,18:00,0.37925998052580334
LineaH:1135,18,18:15,0.300744756440959
LineaH:1135,18,18:30,0.18567593884049582
LineaH:1135,18,18:45,0.1343193241927419
LineaH:1135,19,19:00,0.32754144787303086
LineaH:1135,19,19:15,0.2716679450115051
LineaH:1135,19,19:30,0.2133754203787834
LineaH:1135,19,19:45,0.18741518673668062
LineaH:1135,20,20:00,0.32797197229078745
LineaH:1135,20,20:15,0.27561907795206625
LineaH:1135,20,20:30,0.2047137510948324
LineaH:1135,20,20:45,0.19169519866231388
LineaH:1135,21,21:00,0.32743189390474947
LineaH:1135,21,21:15,0.2624942836610701
LineaH:1135,21,21:30,0.21637159469523748
LineaH:1135,21,21:45,0.19370222773894297
LineaH:1135,22,22:00,0.4231389721133902
LineaH:1135,22,22:15,0.24556349389260196
LineaH:1135,22,22:30,0.1982023507720673
LineaH:1135,22,22:45,0.13309518322194056
LineaH:1135,23,23:00,0.6213872832369942
LineaH:1135,23,23:15,0.2052023121387283
LineaH:1135,23,23:30,0.14017341040462428
LineaH:1135,23,23:45,0.03323699421965318
LineaH:1136,0,00:00,0.5820668693009119
LineaH:1136,0,00:15,0.3130699088145897
LineaH:1136,0,00:30,0.08510638297872342
LineaH:1136,0,00:45,0.019756838905775075
LineaH:1136,1,01:00,1.0
LineaH:1136,5,05:00,0.019206145966709345
LineaH:1136,5,05:15,0.21286811779769527
LineaH:1136,5,05:30,0.29545454545454547
LineaH:1136,5,05:45,0.4724711907810499
LineaH:1136,6,06:00,0.15896008602694667
LineaH:1136,6,06:15,0.22025428553355683
LineaH:1136,6,06:30,0.2621291669302296
LineaH:1136,6,06:45,0.3586564615092669
LineaH:1136,7,07:00,0.1855573776743831
LineaH:1136,7,07:15,0.23286678616376186
LineaH:1136,7,07:30,0.3012089546546661
LineaH:1136,7,07:45,0.28036688150718886
LineaH:1136,8,08:00,0.23819779462439697
LineaH:1136,8,08:15,0.27355272226051003
LineaH:1136,8,08:30,0.2625947622329428
LineaH:1136,8,08:45,0.22565472088215024
LineaH:1136,9,09:00,0.2836966220522626
LineaH:1136,9,09:15,0.2668451242829828
LineaH:1136,9,09:30,0.25080943275971956
LineaH:1136,9,09:45,0.19864882090503505
LineaH:1136,10,10:00,0.25766266671358695
LineaH:1136,10,10:15,0.25245451666256113
LineaH:1136,10,10:30,0.24545166625611434
LineaH:1136,10,10:45,0.24443115036773763
LineaH:1136,11,11:00,0.2253119317825569
LineaH:1136,11,11:15,0.2503291742428992
LineaH:1136,11,11:30,0.2590131042698602
LineaH:1136,11,11:45,0.26534578970468364
LineaH:1136,12,12:00,0.24345357030181933
LineaH:1136,12,12:15,0.2744557787359344
LineaH:1136,12,12:30,0.2355663056052161
LineaH:1136,12,12:45,0.24652434535703016
LineaH:1136,13,13:00,0.29401693998918726
LineaH:1136,13,13:15,0.2623220400072085
LineaH:1136,13,13:30,0.2617588754730582
LineaH:1136,13,13:45,0.18190214453054604
LineaH:1136,14,14:00,0.280249041652731
LineaH:1136,14,14:15,0.28310478787722865
LineaH:1136,14,14:30,0.22799660397746277
LineaH:1136,14,14:45,0.20864956649257763
LineaH:1136,15,15:00,0.2778341709786834
LineaH:1136,15,15:15,0.2652818697234533
LineaH:1136,15,15:30,0.23257656408605878
LineaH:1136,15,15:45,0.22430739521180462
LineaH:1136,16,16:00,0.2731362721496507
LineaH:1136,16,16:15,0.26259915545206997
LineaH:1136,16,16:30,0.25963929121117646
LineaH:1136,16,16:45,0.20462528118710288
LineaH:1136,17,17:00,0.29138659010302315
LineaH:1136,17,17:15,0.27166019253504475
LineaH:1136,17,17:30,0.22063840567471707
LineaH:1136,17,17:45,0.216314811687215
LineaH:1136,18,18:00,0.4062848472661463
LineaH:1136,18,18:15,0.2898926932709358
LineaH:1136,18,18:30,0.17708352375555272
LineaH:1136,18,18:45,0.12673893570736522
LineaH:1136,19,19:00,0.30886464063486335
LineaH:1136,19,19:15,0.2763098566146632
LineaH:1136,19,19:30,0.22323924609973847
LineaH:1136,19,19:45,0.19158625665073498
LineaH:1136,20,20:00,0.37192013593882756
LineaH:1136,20,20:15,0.28642735768903993
LineaH:1136,20,20:30,0.18776550552251486
LineaH:1136,20,20:45,0.15388700084961768
LineaH:1136,21,21:00,0.4069548872180451
LineaH:1136,21,21:15,0.25828776486671223
LineaH:1136,21,21:30,0.1841250854408749
LineaH:1136,21,21:45,0.15063226247436773
LineaH:1136,22,22:00,0.42070520045081305
LineaH:1136,22,22:15,0.3099339880856545
LineaH:1136,22,22:30,0.15585251972307196
LineaH:1136,22,22:45,0.11350829174046047
LineaH:1136,23,23:00,0.36075381393957523
LineaH:1136,23,23:15,0.28686808256057433
LineaH:1136,23,23:30,0.19264134011367037
LineaH:1136,23,23:45,0.15973676338618006
LineaH:1137,3,03:30,0.5
LineaH:1137,3,03:45,0.5
LineaH:1137,5,05:00,0.0010337698139214334
LineaH:1137,5,05:15,0.1864231564438318
LineaH:1137,5,05:30,0.3573397656788421
LineaH:1137,5,05:45,0.45520330806340453
LineaH:1137,6,06:00,0.15817138114669066
LineaH:1137,6,06:15,0.19593332872259492
LineaH:1137,6,06:30,0.2596306798533785
LineaH:1137,6,06:45,0.38626461027733594
LineaH:1137,7,07:00,0.17563629298620556
LineaH:1137,7,07:15,0.2514474451136584
LineaH:1137,7,07:30,0.3092675344861084
LineaH:1137,7,07:45,0.26364872741402756
LineaH:1137,8,08:00,0.23362759187025256
LineaH:1137,8,08:15,0.27942740896959745
LineaH:1137,8,08:30,0.2822828987887498
LineaH:1137,8,08:45,0.2046621003714003
LineaH:1137,9,09:00,0.2550769485812173
LineaH:1137,9,09:15,0.2687536263918437
LineaH:1137,9,09:30,0.2567070980576354
LineaH:1137,9,09:45,0.21946232696930348
LineaH:1137,10,10:00,0.2776594873474736
LineaH:1137,10,10:15,0.26541642781099006
LineaH:1137,10,10:30,0.2524363279010728
LineaH:1137,10,10:45,0.2044877569404635
LineaH:1137,11,11:00,0.22841150182819484
LineaH:1137,11,11:15,0.2603259152259288
LineaH:1137,11,11:30,0.27233331828646234
LineaH:1137,11,11:45,0.23892926465941408
LineaH:1137,12,12:00,0.2376219600990243
LineaH:1137,12,12:15,0.2544779379641765
LineaH:1137,12,12:30,0.2550968399592253
LineaH:1137,12,12:45,0.2528032619775739
LineaH:1137,13,13:00,0.2812754008719427
LineaH:1137,13,13:15,0.2514963422744403
LineaH:1137,13,13:30,0.2562994162417794
LineaH:1137,13,13:45,0.21092884061183778
LineaH:1137,14,14:00,0.2620104610786339
LineaH:1137,14,14:15,0.2545382620544152
LineaH:1137,14,14:30,0.2588018109094106
LineaH:1137,14,14:45,0.22464946595754035
LineaH:1137,15,15:00,0.22589750095141445
LineaH:1137,15,15:15,0.2416592667766079
LineaH:1137,15,15:30,0.24733603957884054
LineaH:1137,15,15:45,0.28510719269313717
LineaH:1137,16,16:00,0.27849740932642486
LineaH:1137,16,16:15,0.26311822892133774
LineaH:1137,16,16:30,0.2313942534149788
LineaH:1137,16,16:45,0.22699010833725858
LineaH:1137,17,17:00,0.32825035718210793
LineaH:1137,17,17:15,0.247472249697769
LineaH:1137,17,17:30,0.23648203099241674
LineaH:1137,17,17:45,0.18779536212770634
LineaH:1137,18,18:00,0.3690828402366864
LineaH:1137,18,18:15,0.24653534724384926
LineaH:1137,18,18:30,0.21671597633136097
LineaH:1137,18,18:45,0.1676658361881034
LineaH:1137,19,19:00,0.28952433324168264
LineaH:1137,19,19:15,0.26457244982128125
LineaH:1137,19,19:30,0.23728347539180641
LineaH:1137,19,19:45,0.20861974154522958
LineaH:1137,20,20:00,0.32127096204766104
LineaH:1137,20,20:15,0.26046876532313423
LineaH:1137,20,20:30,0.2285966460723742
LineaH:1137,20,20:45,0.18966362655683044
LineaH:1137,21,21:00,0.2862777321281841
LineaH:1137,21,21:15,0.2657354149548069
LineaH:1137,21,21:30,0.23385373870172554
LineaH:1137,21,21:45,0.21413311421528347
LineaH:1137,22,22:00,0.2742782152230971
LineaH:1137,22,22:15,0.3291776027996501
LineaH:1137,22,22:30,0.24956255468066493
LineaH:1137,22,22:45,0.14698162729658792
LineaH:1137,23,23:00,0.45569620253164556
LineaH:1137,23,23:15,0.27848101265822783
LineaH:1137,23,23:30,0.17332035053554043
LineaH:1137,23,23:45,0.09250243427458617
LineaH:1138,0,00:00,1.0
LineaH:1138,1,01:00,1.0
LineaH:1138,4,04:45,1.0
LineaH:1138,5,05:00,0.005999077065066912
LineaH:1138,5,05:15,0.2062759575449931
LineaH:1138,5,05:30,0.3133364097831103
LineaH:1138,5,05:45,0.47438855560682963
LineaH:1138,6,06:00,0.13858172415690156
LineaH:1138,6,06:15,0.2206084612422292
LineaH:1138,6,06:30,0.29966441106893327
LineaH:1138,6,06:45,0.34114540353193595
LineaH:1138,7,07:00,0.16920003196675454
LineaH:1138,7,07:15,0.25611763765683687
LineaH:1138,7,07:30,0.3028690162231279
LineaH:1138,7,07:45,0.2718133141532805
LineaH:1138,8,08:00,0.2276476994282603
LineaH:1138,8,08:15,0.2524094745439695
LineaH:1138,8,08:30,0.28385515927035115
LineaH:1138,8,08:45,0.23608766675741902
LineaH:1138,9,09:00,0.26752599810922845
LineaH:1138,9,09:15,0.2575449058250309
LineaH:1138,9,09:30,0.26438077230746854
LineaH:1138,9,09:45,0.21054832375827215
LineaH:1138,10,10:00,0.26826049439114763
LineaH:1138,10,10:15,0.25821024313486624
LineaH:1138,10,10:30,0.2520176640779656
LineaH:1138,10,10:45,0.22151159839602053
LineaH:1138,11,11:00,0.22390432215577927
LineaH:1138,11,11:15,0.26016198622360154
LineaH:1138,11,11:30,0.26667171296646736
LineaH:1138,11,11:45,0.24926197865415187
LineaH:1138,12,12:00,0.24621901895761847
LineaH:1138,12,12:15,0.25938775901397376
LineaH:1138,12,12:30,0.24510724759914887
LineaH:1138,12,12:45,0.24928597442925876
LineaH:1138,13,13:00,0.25624448412454076
LineaH:1138,13,13:15,0.26353057077766145
LineaH:1138,13,13:30,0.2711245202471112
LineaH:1138,13,13:45,0.20910042485068653
LineaH:1138,14,14:00,0.2623936389420863
LineaH:1138,14,14:15,0.2560907614360864
LineaH:1138,14,14:30,0.2472667329276866
LineaH:1138,14,14:45,0.23424886669414074
LineaH:1138,15,15:00,0.26415788448637767
LineaH:1138,15,15:15,0.2584016792538573
LineaH:1138,15,15:30,0.24799290212287114
LineaH:1138,15,15:45,0.2294475341368938
LineaH:1138,16,16:00,0.2699017585567947
LineaH:1138,16,16:15,0.2616508757822606
LineaH:1138,16,16:30,0.2540642589938118
LineaH:1138,16,16:45,0.21438310666713278
LineaH:1138,17,17:00,0.27441802603138077
LineaH:1138,17,17:15,0.23757911269379697
LineaH:1138,17,17:30,0.24160666801436861
LineaH:1138,17,17:45,0.24639619326045376
LineaH:1138,18,18:00,0.3303494700658837
LineaH:1138,18,18:15,0.26351690060154687
LineaH:1138,18,18:30,0.24085147522199946
LineaH:1138,18,18:45,0.16528215411057004
LineaH:1138,19,19:00,0.30412639975456357
LineaH:1138,19,19:15,0.263844147875441
LineaH:1138,19,19:30,0.22497315539193127
LineaH:1138,19,19:45,0.20705629697806416
LineaH:1138,20,20:00,0.3045043570756454
LineaH:1138,20,20:15,0.3000040911508407
LineaH:1138,20,20:30,0.22754980976148592
LineaH:1138,20,20:45,0.16794174201202797
LineaH:1138,21,21:00,0.2799318278653601
LineaH:1138,21,21:15,0.27962748797857445
LineaH:1138,21,21:30,0.2529064459188021
LineaH:1138,21,21:45,0.18753423823726337
LineaH:1138,22,22:00,0.3948305688409484
LineaH:1138,22,22:15,0.273735626335606
LineaH:1138,22,22:30,0.2031138699501374
LineaH:1138,22,22:45,0.12831993487330823
LineaH:1138,23,23:00,0.6411172458590451
LineaH:1138,23,23:15,0.2413121143228321
LineaH:1138,23,23:30,0.10003247807729783
LineaH:1138,23,23:45,0.017538161740824943
LineaH:1139,0,00:45,1.0
LineaH:1139,1,01:30,0.19999999999999998
LineaH:1139,1,01:45,0.7999999999999999
LineaH:1139,2,02:00,0.12499999999999999
LineaH:1139,2,02:15,0.16666666666666666
LineaH:1139,2,02:30,0.2916666666666667
LineaH:1139,2,02:45,0.41666666666666663
LineaH:1139,3,03:00,0.26829268292682923
LineaH:1139,3,03:15,0.2195121951219512
LineaH:1139,3,03:30,0.19512195121951217
LineaH:1139,3,03:45,0.3170731707317073
LineaH:1139,4,04:00,0.19512195121951217
LineaH:1139,4,04:15,0.24390243902439024
LineaH:1139,4,04:30,0.26829268292682923
LineaH:1139,4,04:45,0.2926829268292683
LineaH:1139,5,05:00,0.002663115845539281
LineaH:1139,5,05:15,0.18541944074567246
LineaH:1139,5,05:30,0.3728362183754993
LineaH:1139,5,05:45,0.43908122503328895
LineaH:1139,6,06:00,0.1423977630199231
LineaH:1139,6,06:15,0.21300244669695909
LineaH:1139,6,06:30,0.2933939182104159
LineaH:1139,6,06:45,0.3512058720727018
LineaH:1139,7,07:00,0.16615796624854773
LineaH:1139,7,07:15,0.24480633282791484
LineaH:1139,7,07:30,0.31683831203355456
LineaH:1139,7,07:45,0.27219738888998285
LineaH:1139,8,08:00,0.22017501045879234
LineaH:1139,8,08:15,0.25902942406916746
LineaH:1139,8,08:30,0.2848975038348905
LineaH:1139,8,08:45,0.23589806163714963
LineaH:1139,9,09:00,0.24320971812310194
LineaH:1139,9,09:15,0.2553573720005133
LineaH:1139,9,09:30,0.2753753368407545
LineaH:1139,9,09:45,0.2260575730356303
LineaH:1139,10,10:00,0.24244672049299593
LineaH:1139,10,10:15,0.24960771447319618
LineaH:1139,10,10:30,0.26010670166329064
LineaH:1139,10,10:45,0.24783886337051728
LineaH:1139,11,11:00,0.23001525848915094
LineaH:1139,11,11:15,0.24667028732510923
LineaH:1139,11,11:30,0.24935991931104043
LineaH:1139,11,11:45,0.27395453487469934
LineaH:1139,12,12:00,0.25082134774038106
LineaH:1139,12,12:15,0.24373950500109512
LineaH:1139,12,12:30,0.2621376943856319
LineaH:1139,12,12:45,0.2433014528728919
LineaH:1139,13,13:00,0.26707378687696326
LineaH:1139,13,13:15,0.2633613777650858
LineaH:1139,13,13:30,0.2571227731037058
LineaH:1139,13,13:45,0.21244206225424508
LineaH:1139,14,14:00,0.26937979387964894
LineaH:1139,14,14:15,0.2616305121379056
LineaH:1139,14,14:30,0.2519043728089828
LineaH:1139,14,14:45,0.21708532117346266
LineaH:1139,15,15:00,0.2537131540863737
LineaH:1139,15,15:15,0.2504379617640338
LineaH:1139,15,15:30,0.2565821210043923
LineaH:1139,15,15:45,0.23926676314520018
LineaH:1139,16,16:00,0.266320458725522
LineaH:1139,16,16:15,0.2618846694796062
LineaH:1139,16,16:30,0.2567564643514011
LineaH:1139,16,16:45,0.21503840744347075
LineaH:1139,17,17:00,0.2546787392029095
LineaH:1139,17,17:15,0.22272313986967723
LineaH:1139,17,17:30,0.2557016214577967
LineaH:1139,17,17:45,0.26689649946961663
LineaH:1139,18,18:00,0.33749063046556177
LineaH:1139,18,18:15,0.24483634546514535
LineaH:1139,18,18:30,0.23879820104938787
LineaH:1139,18,18:45,0.17887482301990507
LineaH:1139,19,19:00,0.27276927138331575
LineaH:1139,19,19:15,0.25362988384371704
LineaH:1139,19,19:30,0.24290522703273498
LineaH:1139,19,19:45,0.23069561774023234
LineaH:1139,20,20:00,0.33859291690146953
LineaH:1139,20,20:15,0.2550609042437904
LineaH:1139,20,20:30,0.22749143872729635
LineaH:1139,20,20:45,0.17885474012744376
LineaH:1139,21,21:00,0.2723428994239205
LineaH:1139,21,21:15,0.2768881137360604
LineaH:1139,21,21:30,0.25500766344273557
LineaH:1139,21,21:45,0.19576132339728342
LineaH:1139,22,22:00,0.3555797364284851
LineaH:1139,22,22:15,0.2686494982468867
LineaH:1139,22,22:30,0.19598597509370091
LineaH:1139,22,22:45,0.17978479023092733
LineaH:1139,23,23:00,0.5496453900709221
LineaH:1139,23,23:15,0.32826747720364746
LineaH:1139,23,23:30,0.0972644376899696
LineaH:1139,23,23:45,0.024822695035460994
LineaH:1140,0,00:00,1.0
LineaH:1140,4,04:30,1.0
LineaH:1140,5,05:00,9.381743127873159e-05
LineaH:1140,5,05:15,0.10207336523125995
LineaH:1140,5,05:30,0.33342715076461205
LineaH:1140,5,05:45,0.5644056665728492
LineaH:1140,6,06:00,0.1651419580322208
LineaH:1140,6,06:15,0.19250316777364693
LineaH:1140,6,06:30,0.24150270827241463
LineaH:1140,6,06:45,0.40085216592171774
LineaH:1140,7,07:00,0.2055500827901323
LineaH:1140,7,07:15,0.2523457204138808
LineaH:1140,7,07:30,0.29311200072659693
LineaH:1140,7,07:45,0.24899219606939002
LineaH:1140,8,08:00,0.225871885074817
LineaH:1140,8,08:15,0.22925751354741347
LineaH:1140,8,08:30,0.26498544816705705
LineaH:1140,8,08:45,0.2798851532107125
LineaH:1140,9,09:00,0.2549480662454528
LineaH:1140,9,09:15,0.26552627800114875
LineaH:1140,9,09:30,0.24772041929925326
LineaH:1140,9,09:45,0.2318052364541451
LineaH:1140,10,10:00,0.2689462566358379
LineaH:1140,10,10:15,0.25071006432114684
LineaH:1140,10,10:30,0.23893763301344176
LineaH:1140,10,10:45,0.24140604602957347
LineaH:1140,11,11:00,0.22743954919696652
LineaH:1140,11,11:15,0.25212328878351387
LineaH:1140,11,11:30,0.26250020299127946
LineaH:1140,11,11:45,0.25793695902824015
LineaH:1140,12,12:00,0.2176330420969023
LineaH:1140,12,12:15,0.25149762829125616
LineaH:1140,12,12:30,0.25644889505838336
LineaH:1140,12,12:45,0.27442043455345805
LineaH:1140,13,13:00,0.2513412868078064
LineaH:1140,13,13:15,0.2562995655472036
LineaH:1140,13,13:30,0.25527894627956693
LineaH:1140,13,13:45,0.23708020136542307
LineaH:1140,14,14:00,0.25672113006118996
LineaH:1140,14,14:15,0.24667198281473765
LineaH:1140,14,14:30,0.26256346829839866
LineaH:1140,14,14:45,0.23404341882567373
LineaH:1140,15,15:00,0.25469369802314884
LineaH:1140,15,15:15,0.24591312280587432
LineaH:1140,15,15:30,0.2509468848506569
LineaH:1140,15,15:45,0.24844629432031992
LineaH:1140,16,16:00,0.24624173416285167
LineaH:1140,16,16:15,0.24975544860507884
LineaH:1140,16,16:30,0.2617599874789686
LineaH:1140,16,16:45,0.24224282975310088
LineaH:1140,17,17:00,0.24694652938272313
LineaH:1140,17,17:15,0.2538655828962714
LineaH:1140,17,17:30,0.24092187265220844
LineaH:1140,17,17:45,0.258266015068797
LineaH:1140,18,18:00,0.32301271189548814
LineaH:1140,18,18:15,0.2586977092181414
LineaH:1140,18,18:30,0.23545247159445168
LineaH:1140,18,18:45,0.18283710729191882
LineaH:1140,19,19:00,0.3076551265784545
LineaH:1140,19,19:15,0.27749078605522326
LineaH:1140,19,19:30,0.22513745393027615
LineaH:1140,19,19:45,0.18971663343604617
LineaH:1140,20,20:00,0.30709014232999476
LineaH:1140,20,20:15,0.2526357406431207
LineaH:1140,20,20:30,0.23421191354770693
LineaH:1140,20,20:45,0.20606220347917767
LineaH:1140,21,21:00,0.2900988520408163
LineaH:1140,21,21:15,0.2900988520408163
LineaH:1140,21,21:30,0.22895408163265304
LineaH:1140,21,21:45,0.19084821428571427
LineaH:1140,22,22:00,0.3034292940563862
LineaH:1140,22,22:15,0.26906196533511867
LineaH:1140,22,22:30,0.2356616826601205
LineaH:1140,22,22:45,0.19184705794837462
LineaH:1140,23,23:00,0.5646687697160884
LineaH:1140,23,23:15,0.36474763406940064
LineaH:1140,23,23:30,0.06585173501577286
LineaH:1140,23,23:45,0.00473186119873817
LineaH:1141,0,00:00,0.25
LineaH:1141,0,00:30,0.5
LineaH:1141,0,00:45,0.25
LineaH:1141,1,01:00,1.0
LineaH:1141,2,02:30,1.0
LineaH:1141,3,03:30,0.5
LineaH:1141,3,03:45,0.5
LineaH:1141,4,04:00,0.33333333333333337
LineaH:1141,4,04:45,0.6666666666666667
LineaH:1141,5,05:00,0.00033921302578019
LineaH:1141,5,05:15,0.20013568521031208
LineaH:1141,5,05:30,0.3690637720488467
LineaH:1141,5,05:45,0.430461329715061
LineaH:1141,6,06:00,0.14944970071442365
LineaH:1141,6,06:15,0.1977859303597863
LineaH:1141,6,06:30,0.2680697689386625
LineaH:1141,6,06:45,0.38469459998712746
LineaH:1141,7,07:00,0.1819371427259579
LineaH:1141,7,07:15,0.21465139236437936
LineaH:1141,7,07:30,0.3255125232443353
LineaH:1141,7,07:45,0.27789894166532747
LineaH:1141,8,08:00,0.21445477756863038
LineaH:1141,8,08:15,0.23849637512346947
LineaH:1141,8,08:30,0.28350448217380775
LineaH:1141,8,08:45,0.2635443651340925
LineaH:1141,9,09:00,0.23122702608086818
LineaH:1141,9,09:15,0.24429663340918373
LineaH:1141,9,09:30,0.26253962697162414
LineaH:1141,9,09:45,0.2619367135383239
LineaH:1141,10,10:00,0.2310729388870177
LineaH:1141,10,10:15,0.2432543692227087
LineaH:1141,10,10:30,0.25955241196063017
LineaH:1141,10,10:45,0.2661202799296433
LineaH:1141,11,11:00,0.21903937308307525
LineaH:1141,11,11:15,0.24294498334385042
LineaH:1141,11,11:30,0.2644438900547378
LineaH:1141,11,11:45,0.27357175351833646
LineaH:1141,12,12:00,0.22393698922184058
LineaH:1141,12,12:15,0.244770816060642
LineaH:1141,12,12:30,0.2632476607840815
LineaH:1141,12,12:45,0.268044533933436
LineaH:1141,13,13:00,0.25705194628484107
LineaH:1141,13,13:15,0.25278152834908574
LineaH:1141,13,13:30,0.25131618886132656
LineaH:1141,13,13:45,0.23885033650474666
LineaH:1141,14,14:00,0.2561820864821357
LineaH:1141,14,14:15,0.25082725931225686
LineaH:1141,14,14:30,0.2497316996825113
LineaH:1141,14,14:45,0.24325895452309618
LineaH:1141,15,15:00,0.25048236628011056
LineaH:1141,15,15:15,0.24663338173572297
LineaH:1141,15,15:30,0.25099954249796114
LineaH:1141,15,15:45,0.25188470948620534
LineaH:1141,16,16:00,0.24826860773341186
LineaH:1141,16,16:15,0.24492784112424792
LineaH:1141,16,16:30,0.25834139773635717
LineaH:1141,16,16:45,0.2484621534059831
LineaH:1141,17,17:00,0.30584318117747455
LineaH:1141,17,17:15,0.2483180567936791
LineaH:1141,17,17:30,0.23407773130052503
LineaH:1141,17,17:45,0.2117610307283214
LineaH:1141,18,18:00,0.345142071084671
LineaH:1141,18,18:15,0.2620610802940572
LineaH:1141,18,18:30,0.2207394306437638
LineaH:1141,18,18:45,0.172057417977508
LineaH:1141,19,19:00,0.3141485607239032
LineaH:1141,19,19:15,0.25550705002759794
LineaH:1141,19,19:30,0.2243297037817586
LineaH:1141,19,19:45,0.20601468546674023
LineaH:1141,20,20:00,0.3452953602606195
LineaH:1141,20,20:15,0.27703545341172275
LineaH:1141,20,20:30,0.20416889363976481
LineaH:1141,20,20:45,0.17350029268789288
LineaH:1141,21,21:00,0.3102083631335527
LineaH:1141,21,21:15,0.2637677013302818
LineaH:1141,21,21:30,0.2337290802460306
LineaH:1141,21,21:45,0.19229485529013493
LineaH:1141,22,22:00,0.3248654736578651
LineaH:1141,22,22:15,0.30252784382430237
LineaH:1141,22,22:30,0.21392816919033913
LineaH:1141,22,22:45,0.15867851332749344
LineaH:1141,23,23:00,0.5333713633770678
LineaH:1141,23,23:15,0.3320022818026241
LineaH:1141,23,23:30,0.10496292070735881
LineaH:1141,23,23:45,0.02966343411294923
LineaH:1160,0,00:00,1.0
LineaH:1160,1,01:00,1.0
LineaH:1160,2,02:45,1.0
LineaH:1160,4,04:15,1.0
LineaH:1160,5,05:15,0.1214723926380368
LineaH:1160,5,05:30,0.4404907975460122
LineaH:1160,5,05:45,0.4380368098159509
LineaH:1160,6,06:00,0.20026564344746162
LineaH:1160,6,06:15,0.22269775678866585
LineaH:1160,6,06:30,0.2777449822904368
LineaH:1160,6,06:45,0.29929161747343563
LineaH:1160,7,07:00,0.16365046535677352
LineaH:1160,7,07:15,0.2269045156842468
LineaH:1160,7,07:30,0.3187263012754223
LineaH:1160,7,07:45,0.2907187176835574
LineaH:1160,8,08:00,0.21669262118551408
LineaH:1160,8,08:15,0.24237102813028066
LineaH:1160,8,08:30,0.29392664258970874
LineaH:1160,8,08:45,0.24700970809449652
LineaH:1160,9,09:00,0.24639927418440258
LineaH:1160,9,09:15,0.2370619589460553
LineaH:1160,9,09:30,0.26526291913960615
LineaH:1160,9,09:45,0.2512758477299361
LineaH:1160,10,10:00,0.23461012311901508
LineaH:1160,10,10:15,0.24533803729570167
LineaH:1160,10,10:30,0.264561883504932
LineaH:1160,10,10:45,0.25548995608035135
LineaH:1160,11,11:00,0.22377580232032546
LineaH:1160,11,11:15,0.24715986138315502
LineaH:1160,11,11:30,0.2617748982974235
LineaH:1160,11,11:45,0.267289437999096
LineaH:1160,12,12:00,0.23349876983116993
LineaH:1160,12,12:15,0.2725248154746755
LineaH:1160,12,12:30,0.2449520658352422
LineaH:1160,12,12:45,0.24902434885891234
LineaH:1160,13,13:00,0.2743159679854404
LineaH:1160,13,13:15,0.25109093541248734
LineaH:1160,13,13:30,0.25944615639153723
LineaH:1160,13,13:45,0.21514694021053504
LineaH:1160,14,14:00,0.28924037460978147
LineaH:1160,14,14:15,0.25972944849115503
LineaH:1160,14,14:30,0.23132154006243497
LineaH:1160,14,14:45,0.2197086368366285
LineaH:1160,15,15:00,0.2597737914025318
LineaH:1160,15,15:15,0.2339736796470067
LineaH:1160,15,15:30,0.258598431569009
LineaH:1160,15,15:45,0.24765409738145244
LineaH:1160,16,16:00,0.2511570321021136
LineaH:1160,16,16:15,0.2440969253898535
LineaH:1160,16,16:30,0.27272057306252395
LineaH:1160,16,16:45,0.23202546944550892
LineaH:1160,17,17:00,0.2911795226565202
LineaH:1160,17,17:15,0.2542234520927015
LineaH:1160,17,17:30,0.23665167762020062
LineaH:1160,17,17:45,0.21794534763057766
LineaH:1160,18,18:00,0.3191537215857974
LineaH:1160,18,18:15,0.24293768368020155
LineaH:1160,18,18:30,0.2546782222755353
LineaH:1160,18,18:45,0.1832303724584658
LineaH:1160,19,19:00,0.3262469722267949
LineaH:1160,19,19:15,0.2519812807186699
LineaH:1160,19,19:30,0.21802318745149682
LineaH:1160,19,19:45,0.20374855960303834
LineaH:1160,20,20:00,0.3615513540533388
LineaH:1160,20,20:15,0.25899026728219005
LineaH:1160,20,20:30,0.20153488782381138
LineaH:1160,20,20:45,0.17792349084065984
LineaH:1160,21,21:00,0.41543492478744276
LineaH:1160,21,21:15,0.2581207761063876
LineaH:1160,21,21:30,0.18098975365162415
LineaH:1160,21,21:45,0.14545454545454545
LineaH:1160,22,22:00,0.4338087401718779
LineaH:1160,22,22:15,0.26366794660815507
LineaH:1160,22,22:30,0.17507771073322362
LineaH:1160,22,22:45,0.12744560248674347
LineaH:1160,23,23:00,0.6356495468277945
LineaH:1160,23,23:15,0.313595166163142
LineaH:1160,23,23:30,0.03927492447129909
LineaH:1160,23,23:45,0.01148036253776435
LineaH:1161,0,00:00,0.4444444444444445
LineaH:1161,0,00:15,0.3333333333333333
LineaH:1161,0,00:30,0.22222222222222224
LineaH:1161,2,02:00,1.0
LineaH:1161,5,05:15,0.14450000000000002
LineaH:1161,5,05:30,0.40700000000000003
LineaH:1161,5,05:45,0.4485
LineaH:1161,6,06:00,0.148284483956105
LineaH:1161,6,06:15,0.16342547576052227
LineaH:1161,6,06:30,0.2696207806639811
LineaH:1161,6,06:45,0.41866925961939155
LineaH:1161,7,07:00,0.16920187215174284
LineaH:1161,7,07:15,0.2494611405345486
LineaH:1161,7,07:30,0.30100689740115777
LineaH:1161,7,07:45,0.2803300899125508
LineaH:1161,8,08:00,0.20650972231254472
LineaH:1161,8,08:15,0.23483124146452494
LineaH:1161,8,08:30,0.29615659751577034
LineaH:1161,8,08:45,0.26250243870716006
LineaH:1161,9,09:00,0.24664504088162104
LineaH:1161,9,09:15,0.2494667614646285
LineaH:1161,9,09:30,0.26557500888730895
LineaH:1161,9,09:45,0.2383131887664415
LineaH:1161,10,10:00,0.24667426833903458
LineaH:1161,10,10:15,0.250095020904599
LineaH:1161,10,10:30,0.2562650449765615
LineaH:1161,10,10:45,0.24696566577980492
LineaH:1161,11,11:00,0.2358450696181567
LineaH:1161,11,11:15,0.2512193171823779
LineaH:1161,11,11:30,0.2570217820877452
LineaH:1161,11,11:45,0.2559138311117203
LineaH:1161,12,12:00,0.24541368115719303
LineaH:1161,12,12:15,0.25292467871755964
LineaH:1161,12,12:30,0.2563536123864225
LineaH:1161,12,12:45,0.24530802773882474
LineaH:1161,13,13:00,0.2558791422280608
LineaH:1161,13,13:15,0.26331711288323123
LineaH:1161,13,13:30,0.2570817991747923
LineaH:1161,13,13:45,0.22372194571391565
LineaH:1161,14,14:00,0.282664440849482
LineaH:1161,14,14:15,0.25556741128282795
LineaH:1161,14,14:30,0.23809933569682995
LineaH:1161,14,14:45,0.22366881217086018
LineaH:1161,15,15:00,0.253889404443474
LineaH:1161,15,15:15,0.24446905242800218
LineaH:1161,15,15:30,0.2554568636778365
LineaH:1161,15,15:45,0.24618467945068742
LineaH:1161,16,16:00,0.26920331421287447
LineaH:1161,16,16:15,0.24274059910771192
LineaH:1161,16,16:30,0.2570490758444869
LineaH:1161,16,16:45,0.2310070108349267
LineaH:1161,17,17:00,0.2977237358891387
LineaH:1161,17,17:15,0.24943186028703404
LineaH:1161,17,17:30,0.23156633648692046
LineaH:1161,17,17:45,0.22127806733690686
LineaH:1161,18,18:00,0.2997947446501514
LineaH:1161,18,18:15,0.2692977286429437
LineaH:1161,18,18:30,0.23548140169759044
LineaH:1161,18,18:45,0.1954261250093144
LineaH:1161,19,19:00,0.30839164850292533
LineaH:1161,19,19:15,0.2562234713777676
LineaH:1161,19,19:30,0.22971396887308324
LineaH:1161,19,19:45,0.20567091124622386
LineaH:1161,20,20:00,0.3770269579006599
LineaH:1161,20,20:15,0.26773748017801424
LineaH:1161,20,20:30,0.2011611847153307
LineaH:1161,20,20:45,0.15407437720599518
LineaH:1161,21,21:00,0.4156721983964199
LineaH:1161,21,21:15,0.2683432780160358
LineaH:1161,21,21:30,0.17893436509416372
LineaH:1161,21,21:45,0.13705015849338056
LineaH:1161,22,22:00,0.41861207125764427
LineaH:1161,22,22:15,0.24057431534166446
LineaH:1161,22,22:30,0.190321722946025
LineaH:1161,22,22:45,0.15049189045466632
LineaH:1161,23,23:00,0.6108162749557746
LineaH:1161,23,23:15,0.2999747283295426
LineaH:1161,23,23:30,0.0768258781905484
LineaH:1161,23,23:45,0.012383118524134444
LineaH:1162,1,01:15,1.0
LineaH:1162,5,05:15,0.1811320754716981
LineaH:1162,5,05:30,0.369811320754717
LineaH:1162,5,05:45,0.4490566037735849
LineaH:1162,6,06:00,0.15173697270471465
LineaH:1162,6,06:15,0.20037220843672457
LineaH:1162,6,06:30,0.28151364764267994
LineaH:1162,6,06:45,0.3663771712158809
LineaH:1162,7,07:00,0.1676438873163499
LineaH:1162,7,07:15,0.2600080873433077
LineaH:1162,7,07:30,0.30496023722873705
LineaH:1162,7,07:45,0.26738778811160535
LineaH:1162,8,08:00,0.19580954462261319
LineaH:1162,8,08:15,0.24724779413773323
LineaH:1162,8,08:30,0.29925970442811484
LineaH:1162,8,08:45,0.2576829568115388
LineaH:1162,9,09:00,0.2250582590815627
LineaH:1162,9,09:15,0.24712816997943798
LineaH:1162,9,09:30,0.28194653872515424
LineaH:1162,9,09:45,0.24586703221384512
LineaH:1162,10,10:00,0.2671816201227966
LineaH:1162,10,10:15,0.24451800922389158
LineaH:1162,10,10:30,0.25207254619019326
LineaH:1162,10,10:45,0.23622782446311857
LineaH:1162,11,11:00,0.2225567333721254
LineaH:1162,11,11:15,0.2502340172540289
LineaH:1162,11,11:30,0.25342171174134137
LineaH:1162,11,11:45,0.27378753763250435
LineaH:1162,12,12:00,0.22722726430820525
LineaH:1162,12,12:15,0.2545286164104464
LineaH:1162,12,12:30,0.2535654750879793
LineaH:1162,12,12:45,0.2646786441933692
LineaH:1162,13,13:00,0.29365249366320373
LineaH:1162,13,13:15,0.25898754060904644
LineaH:1162,13,13:30,0.23355110492306594
LineaH:1162,13,13:45,0.21380886080468386
LineaH:1162,14,14:00,0.25475973022340875
LineaH:1162,14,14:15,0.26763383448082056
LineaH:1162,14,14:30,0.24358929324153433
LineaH:1162,14,14:45,0.23401714205423635
LineaH:1162,15,15:00,0.2550800052035905
LineaH:1162,15,15:15,0.24576557824899178
LineaH:1162,15,15:30,0.23743983348510472
LineaH:1162,15,15:45,0.261714583062313
LineaH:1162,16,16:00,0.2794898934366426
LineaH:1162,16,16:15,0.2574373413624079
LineaH:1162,16,16:30,0.2534810354217833
LineaH:1162,16,16:45,0.2095917297791662
LineaH:1162,17,17:00,0.2839120874666883
LineaH:1162,17,17:15,0.2595628692154141
LineaH:1162,17,17:30,0.2399051566030662
LineaH:1162,17,17:45,0.21661988671483146
LineaH:1162,18,18:00,0.29996793691885665
LineaH:1162,18,18:15,0.2841382750062345
LineaH:1162,18,18:30,0.22366967901293208
LineaH:1162,18,18:45,0.19222410906197673
LineaH:1162,19,19:00,0.29916551459933044
LineaH:1162,19,19:15,0.2581574695604377
LineaH:1162,19,19:30,0.225161150623782
LineaH:1162,19,19:45,0.21751586521644986
LineaH:1162,20,20:00,0.3255214774507379
LineaH:1162,20,20:15,0.2639953829664441
LineaH:1162,20,20:30,0.20953912111468379
LineaH:1162,20,20:45,0.2009440184681342
LineaH:1162,21,21:00,0.34462371854613233
LineaH:1162,21,21:15,0.26936742777260014
LineaH:1162,21,21:30,0.21909948741845295
LineaH:1162,21,21:45,0.16690936626281455
LineaH:1162,22,22:00,0.36492465917244676
LineaH:1162,22,22:15,0.2598660607510165
LineaH:1162,22,22:30,0.21316670652953837
LineaH:1162,22,22:45,0.16204257354699833
LineaH:1162,23,23:00,0.6302199553713739
LineaH:1162,23,23:15,0.36053554351291045
LineaH:1162,23,23:30,0.007013069811922218
LineaH:1162,23,23:45,0.0022314313037934334
LineaH:1163,0,00:00,0.375
LineaH:1163,0,00:15,0.5
LineaH:1163,0,00:45,0.125
LineaH:1163,1,01:00,0.33333333333333337
LineaH:1163,1,01:15,0.33333333333333337
LineaH:1163,1,01:30,0.16666666666666669
LineaH:1163,1,01:45,0.16666666666666669
LineaH:1163,5,05:00,0.009132420091324202
LineaH:1163,5,05:15,0.1095890410958904
LineaH:1163,5,05:30,0.273972602739726
LineaH:1163,5,05:45,0.6073059360730594
LineaH:1163,6,06:00,0.14695550351288056
LineaH:1163,6,06:15,0.2289227166276347
LineaH:1163,6,06:30,0.29683840749414525
LineaH:1163,6,06:45,0.3272833723653396
LineaH:1163,7,07:00,0.23417140759772434
LineaH:1163,7,07:15,0.2596806753532758
LineaH:1163,7,07:30,0.2633510735914847
LineaH:1163,7,07:45,0.24279684345751515
LineaH:1163,8,08:00,0.12226006462317703
LineaH:1163,8,08:15,0.25395161994585624
LineaH:1163,8,08:30,0.4384769889092656
LineaH:1163,8,08:45,0.18531132652170115
LineaH:1163,9,09:00,0.12563615181801457
LineaH:1163,9,09:15,0.16855723833466182
LineaH:1163,9,09:30,0.24556993071310318
LineaH:1163,9,09:45,0.4602366791342204
LineaH:1163,10,10:00,0.5573462261616975
LineaH:1163,10,10:15,0.18011588196922604
LineaH:1163,10,10:30,0.13050151567476304
LineaH:1163,10,10:45,0.13203637619431333
LineaH:1163,11,11:00,0.11805164606535308
LineaH:1163,11,11:15,0.236201199363603
LineaH:1163,11,11:30,0.4714967568229103
LineaH:1163,11,11:45,0.17425039774813367
LineaH:1163,12,12:00,0.2496302975653742
LineaH:1163,12,12:15,0.20743011722272317
LineaH:1163,12,12:30,0.23159603246167718
LineaH:1163,12,12:45,0.3113435527502254
LineaH:1163,13,13:00,0.429272602336311
LineaH:1163,13,13:15,0.22037891430254242
LineaH:1163,13,13:30,0.17571414547953274
LineaH:1163,13,13:45,0.1746343378816138
LineaH:1163,14,14:00,0.28504384339878963
LineaH:1163,14,14:15,0.24902227162323495
LineaH:1163,14,14:30,0.23074389691655345
LineaH:1163,14,14:45,0.23518998806142194
LineaH:1163,15,15:00,0.1944835426591598
LineaH:1163,15,15:15,0.23776526634906886
LineaH:1163,15,15:30,0.3254655695106106
LineaH:1163,15,15:45,0.2422856214811607
LineaH:1163,16,16:00,0.2235608245220549
LineaH:1163,16,16:15,0.23372850582078394
LineaH:1163,16,16:30,0.23552280252055968
LineaH:1163,16,16:45,0.3071878671366015
LineaH:1163,17,17:00,0.3470533649989777
LineaH:1163,17,17:15,0.2351331372579859
LineaH:1163,17,17:30,0.20444786964659256
LineaH:1163,17,17:45,0.2133656280964439
LineaH:1163,18,18:00,0.21848531378473424
LineaH:1163,18,18:15,0.27211600376442613
LineaH:1163,18,18:30,0.34815988904849177
LineaH:1163,18,18:45,0.1612387934023478
LineaH:1163,19,19:00,0.22984562607204115
LineaH:1163,19,19:15,0.2050572677474686
LineaH:1163,19,19:30,0.2223205887235102
LineaH:1163,19,19:45,0.34277651745697996
LineaH:1163,20,20:00,0.5157042019991472
LineaH:1163,20,20:15,0.20589953732215324
LineaH:1163,20,20:30,0.1466041340976203
LineaH:1163,20,20:45,0.13179212658107917
LineaH:1163,21,21:00,0.22458771910865194
LineaH:1163,21,21:15,0.28988263773315753
LineaH:1163,21,21:30,0.38154624246223007
LineaH:1163,21,21:45,0.1039834006959604
LineaH:1163,22,22:00,0.30938687981284724
LineaH:1163,22,22:15,0.25402085973291744
LineaH:1163,22,22:30,0.20859732917438345
LineaH:1163,22,22:45,0.22799493127985185
LineaH:1163,23,23:00,0.6461232604373757
LineaH:1163,23,23:15,0.3404572564612326
LineaH:1163,23,23:30,0.012425447316103379
LineaH:1163,23,23:45,0.0009940357852882703
