tipo_dia,franja,franja_idx,nodo_id,pax_medio,n_dias
habil,00:00,0,LineaA:1076,0.03,193
habil,00:00,0,LineaB:1077,0.04,193
habil,00:00,0,LineaB:1078,0.01,193
habil,00:00,0,LineaB:1080,0.02,193
habil,00:00,0,LineaB:1081,0.03,193
habil,00:00,0,LineaB:1082,0.05,193
habil,00:00,0,LineaB:1083,0.01,193
habil,00:00,0,LineaB:1085,0.03,193
habil,00:00,0,LineaB:1089,0.05,193
habil,00:00,0,LineaB:1091,0.02,193
habil,00:00,0,LineaB:1093,0.03,193
habil,00:00,0,LineaC:1099,0.02,193
habil,00:00,0,LineaD:1103,20.9,193
habil,00:00,0,LineaD:1107,0.01,193
habil,00:00,0,LineaD:1108,0.02,193
habil,00:00,0,LineaD:1111,0.01,193
habil,00:00,0,LineaD:1113,0.01,193
habil,00:00,0,LineaD:1114,0.01,193
habil,00:00,0,LineaD:1116,0.01,193
habil,00:00,0,LineaD:1117,0.01,193
habil,00:00,0,LineaD:1118,0.01,193
habil,00:00,0,LineaE:1119,0.01,193
habil,00:00,0,LineaE:1129,0.03,193
habil,00:00,0,LineaE:1165,0.01,193
habil,00:00,0,LineaH:1135,0.01,193
habil,00:00,0,LineaH:1136,3.83,193
habil,00:00,0,LineaH:1138,0.02,193
habil,00:00,0,LineaH:1140,0.01,193
habil,00:00,0,LineaH:1141,0.01,193
habil,00:00,0,LineaH:1160,0.02,193
habil,00:00,0,LineaH:1161,0.03,193
habil,00:00,0,LineaH:1163,0.06,193
habil,00:15,1,LineaA:1076,0.01,193
habil,00:15,1,LineaB:1077,0.05,193
habil,00:15,1,LineaB:1081,0.01,193
habil,00:15,1,LineaB:1082,0.04,193
habil,00:15,1,LineaB:1085,0.01,193
habil,00:15,1,LineaB:1086,0.02,193
habil,00:15,1,LineaB:1089,0.04,193
habil,00:15,1,LineaB:1091,0.02,193
habil,00:15,1,LineaB:1093,0.02,193
habil,00:15,1,LineaC:1099,0.01,193
habil,00:15,1,LineaD:1103,10.16,193
habil,00:15,1,LineaD:1108,0.01,193
habil,00:15,1,LineaD:1113,0.02,193
habil,00:15,1,LineaD:1118,0.01,193
habil,00:15,1,LineaE:1129,0.01,193
habil,00:15,1,LineaE:1164,0.01,193
habil,00:15,1,LineaH:1136,2.06,193
habil,00:15,1,LineaH:1161,0.01,193
habil,00:15,1,LineaH:1163,0.08,193
habil,00:30,2,LineaA:1076,0.01,193
habil,00:30,2,LineaB:1077,0.01,193
habil,00:30,2,LineaB:1082,0.02,193
habil,00:30,2,LineaB:1085,0.01,193
habil,00:30,2,LineaB:1087,0.01,193
habil,00:30,2,LineaB:1089,0.05,193
habil,00:30,2,LineaB:1091,0.02,193
habil,00:30,2,LineaD:1103,11.55,193
habil,00:30,2,LineaD:1106,0.01,193
habil,00:30,2,LineaD:1109,0.01,193
habil,00:30,2,LineaD:1111,0.01,193
habil,00:30,2,LineaD:1113,0.01,193
habil,00:30,2,LineaD:1118,0.01,193
habil,00:30,2,LineaE:1129,0.01,193
habil,00:30,2,LineaH:1136,0.56,193
habil,00:30,2,LineaH:1141,0.01,193
habil,00:30,2,LineaH:1161,0.01,193
habil,00:45,3,LineaA:1076,0.01,193
habil,00:45,3,LineaB:1081,0.01,193
habil,00:45,3,LineaB:1085,0.01,193
habil,00:45,3,LineaB:1087,0.01,193
habil,00:45,3,LineaB:1089,0.01,193
habil,00:45,3,LineaB:1093,0.05,193
habil,00:45,3,LineaD:1103,11.49,193
habil,00:45,3,LineaD:1108,0.01,193
habil,00:45,3,LineaD:1116,0.01,193
habil,00:45,3,LineaD:1118,0.01,193
habil,00:45,3,LineaE:1129,0.02,193
habil,00:45,3,LineaH:1136,0.13,193
habil,00:45,3,LineaH:1139,0.01,193
habil,00:45,3,LineaH:1163,0.02,193
habil,01:00,4,LineaA:1076,0.01,193
habil,01:00,4,LineaB:1082,0.01,193
habil,01:00,4,LineaB:1091,0.01,193
habil,01:00,4,LineaC:1099,0.01,193
habil,01:00,4,LineaD:1103,10.51,193
habil,01:00,4,LineaD:1106,0.01,193
habil,01:00,4,LineaD:1108,0.02,193
habil,01:00,4,LineaD:1109,0.01,193
habil,01:00,4,LineaD:1117,0.01,193
habil,01:00,4,LineaD:1118,0.01,193
habil,01:00,4,LineaE:1121,0.01,193
habil,01:00,4,LineaE:1129,0.01,193
habil,01:00,4,LineaH:1136,0.01,193
habil,01:00,4,LineaH:1138,0.01,193
habil,01:00,4,LineaH:1141,0.01,193
habil,01:00,4,LineaH:1160,0.01,193
habil,01:00,4,LineaH:1163,0.02,193
habil,01:15,5,LineaA:1067,0.01,193
habil,01:15,5,LineaA:1070,0.01,193
habil,01:15,5,LineaA:1076,0.02,193
habil,01:15,5,LineaB:1080,0.01,193
habil,01:15,5,LineaB:1081,0.01,193
habil,01:15,5,LineaB:1089,0.02,193
habil,01:15,5,LineaD:1103,11.55,193
habil,01:15,5,LineaD:1106,0.01,193
habil,01:15,5,LineaD:1108,0.01,193
habil,01:15,5,LineaD:1109,0.01,193
habil,01:15,5,LineaD:1111,0.01,193
habil,01:15,5,LineaD:1117,0.01,193
habil,01:15,5,LineaD:1118,0.02,193
habil,01:15,5,LineaE:1129,0.01,193
habil,01:15,5,LineaH:1162,0.01,193
habil,01:15,5,LineaH:1163,0.02,193
habil,01:30,6,LineaA:1067,0.02,193
habil,01:30,6,LineaA:1076,0.01,193
habil,01:30,6,LineaD:1103,0.51,193
habil,01:30,6,LineaD:1108,0.01,193
habil,01:30,6,LineaE:1129,0.01,193
habil,01:30,6,LineaH:1139,0.01,193
habil,01:30,6,LineaH:1163,0.01,193
habil,01:45,7,LineaA:1067,0.01,193
habil,01:45,7,LineaA:1076,0.02,193
habil,01:45,7,LineaC:1096,0.01,193
habil,01:45,7,LineaC:1099,0.01,193
habil,01:45,7,LineaD:1103,0.1,193
habil,01:45,7,LineaD:1108,0.01,193
habil,01:45,7,LineaD:1118,0.01,193
habil,01:45,7,LineaE:1129,0.02,193
habil,01:45,7,LineaH:1139,0.04,193
habil,01:45,7,LineaH:1163,0.01,193
habil,02:00,8,LineaA:1076,0.01,193
habil,02:00,8,LineaB:1084,0.01,193
habil,02:00,8,LineaB:1089,0.01,193
habil,02:00,8,LineaC:1099,0.01,193
habil,02:00,8,LineaD:1103,0.01,193
habil,02:00,8,LineaD:1111,0.03,193
habil,02:00,8,LineaD:1113,0.01,193
habil,02:00,8,LineaD:1118,0.01,193
habil,02:00,8,LineaE:1129,0.01,193
habil,02:00,8,LineaH:1139,0.03,193
habil,02:15,9,LineaA:1076,0.01,193
habil,02:15,9,LineaB:1081,0.01,193
habil,02:15,9,LineaB:1086,0.02,193
habil,02:15,9,LineaB:1089,0.03,193
habil,02:15,9,LineaD:1103,0.02,193
habil,02:15,9,LineaH:1139,0.04,193
habil,02:30,10,LineaB:1081,0.01,193
habil,02:30,10,LineaB:1089,0.03,193
habil,02:30,10,LineaC:1098,0.02,193
habil,02:30,10,LineaC:1101,0.02,193
habil,02:30,10,LineaD:1103,0.01,193
habil,02:30,10,LineaD:1108,0.01,193
habil,02:30,10,LineaD:1114,0.02,193
habil,02:30,10,LineaD:1118,0.01,193
habil,02:30,10,LineaE:1129,0.01,193
habil,02:30,10,LineaH:1139,0.07,193
habil,02:30,10,LineaH:1141,0.01,193
habil,02:45,11,LineaA:1076,0.01,193
habil,02:45,11,LineaB:1081,0.01,193
habil,02:45,11,LineaB:1089,0.04,193
habil,02:45,11,LineaC:1094,0.02,193
habil,02:45,11,LineaC:1098,0.02,193
habil,02:45,11,LineaD:1103,0.08,193
habil,02:45,11,LineaD:1114,0.12,193
habil,02:45,11,LineaD:1118,0.01,193
habil,02:45,11,LineaE:1119,0.01,193
habil,02:45,11,LineaE:1129,0.02,193
habil,02:45,11,LineaH:1139,0.1,193
habil,02:45,11,LineaH:1160,0.02,193
habil,03:00,12,LineaA:1076,0.01,193
habil,03:00,12,LineaB:1089,0.06,193
habil,03:00,12,LineaB:1090,0.01,193
habil,03:00,12,LineaC:1094,0.05,193
habil,03:00,12,LineaC:1098,0.02,193
habil,03:00,12,LineaD:1103,0.11,193
habil,03:00,12,LineaD:1109,0.01,193
habil,03:00,12,LineaD:1114,0.16,193
habil,03:00,12,LineaD:1118,0.01,193
habil,03:00,12,LineaE:1121,0.01,193
habil,03:00,12,LineaH:1139,0.11,193
habil,03:15,13,LineaA:1073,0.01,193
habil,03:15,13,LineaA:1076,0.01,193
habil,03:15,13,LineaB:1089,0.1,193
habil,03:15,13,LineaC:1094,0.27,193
habil,03:15,13,LineaC:1098,0.03,193
habil,03:15,13,LineaC:1101,0.01,193
habil,03:15,13,LineaD:1103,0.22,193
habil,03:15,13,LineaD:1114,0.1,193
habil,03:15,13,LineaD:1118,0.01,193
habil,03:15,13,LineaH:1139,0.09,193
habil,03:30,14,LineaB:1087,0.01,193
habil,03:30,14,LineaB:1089,0.1,193
habil,03:30,14,LineaC:1094,0.33,193
habil,03:30,14,LineaC:1098,0.04,193
habil,03:30,14,LineaD:1103,0.26,193
habil,03:30,14,LineaD:1118,0.01,193
habil,03:30,14,LineaE:1124,0.01,193
habil,03:30,14,LineaH:1137,0.01,193
habil,03:30,14,LineaH:1139,0.08,193
habil,03:45,15,LineaA:1076,0.01,193
habil,03:45,15,LineaB:1086,0.01,193
habil,03:45,15,LineaB:1087,0.01,193
habil,03:45,15,LineaB:1089,0.09,193
habil,03:45,15,LineaC:1094,0.5,193
habil,03:45,15,LineaC:1098,0.03,193
habil,03:45,15,LineaD:1103,0.28,193
habil,03:45,15,LineaH:1137,0.01,193
habil,03:45,15,LineaH:1139,0.13,193
habil,04:00,16,LineaB:1086,0.01,193
habil,04:00,16,LineaB:1087,0.01,193
habil,04:00,16,LineaB:1089,0.09,193
habil,04:00,16,LineaC:1094,0.75,193
habil,04:00,16,LineaC:1098,0.01,193
habil,04:00,16,LineaC:1101,0.01,193
habil,04:00,16,LineaD:1103,0.44,193
habil,04:00,16,LineaE:1166,0.01,193
habil,04:00,16,LineaH:1139,0.08,193
habil,04:15,17,LineaA:1076,0.01,193
habil,04:15,17,LineaB:1085,0.01,193
habil,04:15,17,LineaB:1086,0.02,193
habil,04:15,17,LineaB:1089,0.17,193
habil,04:15,17,LineaC:1094,0.91,193
habil,04:15,17,LineaC:1096,0.01,193
habil,04:15,17,LineaC:1098,0.03,193
habil,04:15,17,LineaD:1103,0.56,193
habil,04:15,17,LineaD:1114,0.01,193
habil,04:15,17,LineaE:1166,0.01,193
habil,04:15,17,LineaH:1139,0.1,193
habil,04:15,17,LineaH:1160,0.01,193
habil,04:30,18,LineaA:1068,0.01,193
habil,04:30,18,LineaB:1077,0.01,193
habil,04:30,18,LineaB:1085,0.02,193
habil,04:30,18,LineaB:1086,0.04,193
habil,04:30,18,LineaB:1089,0.15,193
habil,04:30,18,LineaB:1091,0.01,193
habil,04:30,18,LineaB:1093,0.07,193
habil,04:30,18,LineaC:1094,0.82,193
habil,04:30,18,LineaC:1098,0.01,193
habil,04:30,18,LineaC:1101,0.03,193
habil,04:30,18,LineaD:1103,0.6,193
habil,04:30,18,LineaD:1106,0.01,193
habil,04:30,18,LineaD:1111,0.04,193
habil,04:30,18,LineaD:1114,0.44,193
habil,04:30,18,LineaD:1117,0.01,193
habil,04:30,18,LineaD:1118,0.01,193
habil,04:30,18,LineaE:1129,0.01,193
habil,04:30,18,LineaE:1166,0.01,193
habil,04:30,18,LineaH:1139,0.11,193
habil,04:45,19,LineaA:1064,0.01,193
habil,04:45,19,LineaA:1065,0.01,193
habil,04:45,19,LineaA:1071,0.01,193
habil,04:45,19,LineaA:1073,0.01,193
habil,04:45,19,LineaA:1076,0.01,193
habil,04:45,19,LineaB:1077,0.01,193
habil,04:45,19,LineaB:1081,0.01,193
habil,04:45,19,LineaB:1085,0.04,193
habil,04:45,19,LineaB:1086,0.04,193
habil,04:45,19,LineaB:1089,0.11,193
habil,04:45,19,LineaB:1093,0.08,193
habil,04:45,19,LineaC:1094,0.96,193
habil,04:45,19,LineaC:1098,0.01,193
habil,04:45,19,LineaC:1099,0.01,193
habil,04:45,19,LineaC:1102,0.01,193
habil,04:45,19,LineaD:1103,0.75,193
habil,04:45,19,LineaD:1107,0.01,193
habil,04:45,19,LineaD:1110,0.01,193
habil,04:45,19,LineaD:1111,0.01,193
habil,04:45,19,LineaD:1114,0.4,193
habil,04:45,19,LineaD:1116,0.01,193
habil,04:45,19,LineaD:1118,0.01,193
habil,04:45,19,LineaE:1121,0.01,193
habil,04:45,19,LineaE:1129,0.01,193
habil,04:45,19,LineaE:1166,0.02,193
habil,04:45,19,LineaH:1138,0.01,193
habil,04:45,19,LineaH:1139,0.12,193
habil,04:45,19,LineaH:1141,0.02,193
habil,05:00,20,LineaA:1059,0.02,193
habil,05:00,20,LineaA:1061,0.01,193
habil,05:00,20,LineaA:1064,0.01,193
habil,05:00,20,LineaA:1065,0.01,193
habil,05:00,20,LineaA:1067,0.01,193
habil,05:00,20,LineaA:1068,0.01,193
habil,05:00,20,LineaA:1073,0.01,193
habil,05:00,20,LineaA:1076,0.02,193
habil,05:00,20,LineaB:1077,0.38,193
habil,05:00,20,LineaB:1078,0.01,193
habil,05:00,20,LineaB:1079,0.01,193
habil,05:00,20,LineaB:1081,0.01,193
habil,05:00,20,LineaB:1082,0.03,193
habil,05:00,20,LineaB:1083,0.06,193
habil,05:00,20,LineaB:1085,0.04,193
habil,05:00,20,LineaB:1086,0.05,193
habil,05:00,20,LineaB:1088,0.01,193
habil,05:00,20,LineaB:1089,0.14,193
habil,05:00,20,LineaB:1091,0.01,193
habil,05:00,20,LineaB:1092,0.01,193
habil,05:00,20,LineaB:1093,0.07,193
habil,05:00,20,LineaC:1094,1.86,193
habil,05:00,20,LineaC:1096,0.02,193
habil,05:00,20,LineaC:1097,0.01,193
habil,05:00,20,LineaC:1098,0.05,193
habil,05:00,20,LineaC:1099,0.01,193
habil,05:00,20,LineaC:1100,0.01,193
habil,05:00,20,LineaC:1101,0.01,193
habil,05:00,20,LineaC:1102,0.04,193
habil,05:00,20,LineaD:1103,1.5,193
habil,05:00,20,LineaD:1104,0.01,193
habil,05:00,20,LineaD:1107,0.01,193
habil,05:00,20,LineaD:1111,0.01,193
habil,05:00,20,LineaD:1114,0.31,193
habil,05:00,20,LineaD:1115,0.01,193
habil,05:00,20,LineaD:1116,0.02,193
habil,05:00,20,LineaD:1117,0.02,193
habil,05:00,20,LineaD:1118,0.04,193
habil,05:00,20,LineaE:1119,0.02,193
habil,05:00,20,LineaE:1121,0.01,193
habil,05:00,20,LineaE:1123,0.01,193
habil,05:00,20,LineaE:1125,0.01,193
habil,05:00,20,LineaE:1126,0.01,193
habil,05:00,20,LineaE:1127,0.08,193
habil,05:00,20,LineaE:1129,0.01,193
habil,05:00,20,LineaE:1131,0.01,193
habil,05:00,20,LineaE:1133,0.01,193
habil,05:00,20,LineaE:1164,0.02,193
habil,05:00,20,LineaE:1165,0.01,193
habil,05:00,20,LineaE:1166,0.04,193
habil,05:00,20,LineaH:1134,0.01,193
habil,05:00,20,LineaH:1136,0.6,193
habil,05:00,20,LineaH:1137,0.03,193
habil,05:00,20,LineaH:1138,0.25,193
habil,05:00,20,LineaH:1139,0.08,193
habil,05:00,20,LineaH:1141,0.01,193
habil,05:00,20,LineaH:1163,0.02,193
habil,05:15,21,LineaA:1059,26.74,193
habil,05:15,21,LineaA:1060,6.62,193
habil,05:15,21,LineaA:1061,2.65,193
habil,05:15,21,LineaA:1062,2.85,193
habil,05:15,21,LineaA:1063,12.01,193
habil,05:15,21,LineaA:1064,7.82,193
habil,05:15,21,LineaA:1065,2.66,193
habil,05:15,21,LineaA:1066,4.77,193
habil,05:15,21,LineaA:1067,1.4,193
habil,05:15,21,LineaA:1068,3.59,193
habil,05:15,21,LineaA:1069,1.18,193
habil,05:15,21,LineaA:1070,0.32,193
habil,05:15,21,LineaA:1071,1.22,193
habil,05:15,21,LineaA:1072,0.52,193
habil,05:15,21,LineaA:1073,0.51,193
habil,05:15,21,LineaA:1074,0.56,193
habil,05:15,21,LineaA:1075,1.06,193
habil,05:15,21,LineaA:1076,7.17,193
habil,05:15,21,LineaB:1077,64.66,193
habil,05:15,21,LineaB:1078,5.12,193
habil,05:15,21,LineaB:1079,5.37,193
habil,05:15,21,LineaB:1080,3.65,193
habil,05:15,21,LineaB:1081,66.7,193
habil,05:15,21,LineaB:1082,6.9,193
habil,05:15,21,LineaB:1083,3.75,193
habil,05:15,21,LineaB:1084,4.18,193
habil,05:15,21,LineaB:1085,6.28,193
habil,05:15,21,LineaB:1086,2.92,193
habil,05:15,21,LineaB:1087,4.37,193
habil,05:15,21,LineaB:1088,3.39,193
habil,05:15,21,LineaB:1089,6.35,193
habil,05:15,21,LineaB:1090,2.15,193
habil,05:15,21,LineaB:1091,22.16,193
habil,05:15,21,LineaB:1092,0.8,193
habil,05:15,21,LineaB:1093,28.24,193
habil,05:15,21,LineaC:1094,189.21,193
habil,05:15,21,LineaC:1095,2.15,193
habil,05:15,21,LineaC:1096,1.67,193
habil,05:15,21,LineaC:1097,1.17,193
habil,05:15,21,LineaC:1098,2.12,193
habil,05:15,21,LineaC:1099,0.16,193
habil,05:15,21,LineaC:1100,1.07,193
habil,05:15,21,LineaC:1101,0.4,193
habil,05:15,21,LineaC:1102,20.82,193
habil,05:15,21,LineaD:1103,18.9,193
habil,05:15,21,LineaD:1104,5.79,193
habil,05:15,21,LineaD:1105,2.58,193
habil,05:15,21,LineaD:1106,1.28,193
habil,05:15,21,LineaD:1107,4.0,193
habil,05:15,21,LineaD:1108,4.39,193
habil,05:15,21,LineaD:1109,1.4,193
habil,05:15,21,LineaD:1110,1.98,193
habil,05:15,21,LineaD:1111,1.69,193
habil,05:15,21,LineaD:1112,0.87,193
habil,05:15,21,LineaD:1113,0.44,193
habil,05:15,21,LineaD:1114,1.46,193
habil,05:15,21,LineaD:1115,2.44,193
habil,05:15,21,LineaD:1116,0.64,193
habil,05:15,21,LineaD:1117,2.8,193
habil,05:15,21,LineaD:1118,5.68,193
habil,05:15,21,LineaE:1119,2.29,193
habil,05:15,21,LineaE:1120,0.74,193
habil,05:15,21,LineaE:1121,1.49,193
habil,05:15,21,LineaE:1122,2.91,193
habil,05:15,21,LineaE:1123,3.9,193
habil,05:15,21,LineaE:1124,3.12,193
habil,05:15,21,LineaE:1125,2.25,193
habil,05:15,21,LineaE:1126,3.64,193
habil,05:15,21,LineaE:1127,4.85,193
habil,05:15,21,LineaE:1128,3.95,193
habil,05:15,21,LineaE:1129,2.79,193
habil,05:15,21,LineaE:1130,3.45,193
habil,05:15,21,LineaE:1131,1.61,193
habil,05:15,21,LineaE:1132,2.82,193
habil,05:15,21,LineaE:1133,19.95,193
habil,05:15,21,LineaE:1164,2.22,193
habil,05:15,21,LineaE:1165,0.21,193
habil,05:15,21,LineaE:1166,2.7,193
habil,05:15,21,LineaH:1134,8.83,193
habil,05:15,21,LineaH:1135,10.8,193
habil,05:15,21,LineaH:1136,6.65,193
habil,05:15,21,LineaH:1137,5.41,193
habil,05:15,21,LineaH:1138,6.69,193
habil,05:15,21,LineaH:1139,5.57,193
habil,05:15,21,LineaH:1140,7.29,193
habil,05:15,21,LineaH:1141,1.53,193
habil,05:15,21,LineaH:1160,0.99,193
habil,05:15,21,LineaH:1161,2.45,193
habil,05:15,21,LineaH:1162,1.92,193
habil,05:15,21,LineaH:1163,0.24,193
habil,05:30,22,LineaA:1059,38.97,193
habil,05:30,22,LineaA:1060,16.02,193
habil,05:30,22,LineaA:1061,11.19,193
habil,05:30,22,LineaA:1062,6.07,193
habil,05:30,22,LineaA:1063,22.76,193
habil,05:30,22,LineaA:1064,14.46,193
habil,05:30,22,LineaA:1065,4.74,193
habil,05:30,22,LineaA:1066,7.19,193
habil,05:30,22,LineaA:1067,3.71,193
habil,05:30,22,LineaA:1068,13.82,193
habil,05:30,22,LineaA:1069,1.76,193
habil,05:30,22,LineaA:1070,1.33,193
habil,05:30,22,LineaA:1071,2.95,193
habil,05:30,22,LineaA:1072,5.58,193
habil,05:30,22,LineaA:1073,2.54,193
habil,05:30,22,LineaA:1074,1.63,193
habil,05:30,22,LineaA:1075,2.76,193
habil,05:30,22,LineaA:1076,12.8,193
habil,05:30,22,LineaB:1077,55.83,193
habil,05:30,22,LineaB:1078,5.11,193
habil,05:30,22,LineaB:1079,7.68,193
habil,05:30,22,LineaB:1080,4.2,193
habil,05:30,22,LineaB:1081,61.98,193
habil,05:30,22,LineaB:1082,11.79,193
habil,05:30,22,LineaB:1083,11.26,193
habil,05:30,22,LineaB:1084,8.81,193
habil,05:30,22,LineaB:1085,13.28,193
habil,05:30,22,LineaB:1086,3.69,193
habil,05:30,22,LineaB:1087,8.38,193
habil,05:30,22,LineaB:1088,7.49,193
habil,05:30,22,LineaB:1089,11.38,193
habil,05:30,22,LineaB:1090,2.63,193
habil,05:30,22,LineaB:1091,18.75,193
habil,05:30,22,LineaB:1092,1.88,193
habil,05:30,22,LineaB:1093,35.03,193
habil,05:30,22,LineaC:1094,362.66,193
habil,05:30,22,LineaC:1095,6.62,193
habil,05:30,22,LineaC:1096,5.53,193
habil,05:30,22,LineaC:1097,2.16,193
habil,05:30,22,LineaC:1098,2.89,193
habil,05:30,22,LineaC:1099,1.6,193
habil,05:30,22,LineaC:1100,3.97,193
habil,05:30,22,LineaC:1101,1.25,193
habil,05:30,22,LineaC:1102,61.8,193
habil,05:30,22,LineaD:1103,26.43,193
habil,05:30,22,LineaD:1104,7.27,193
habil,05:30,22,LineaD:1105,11.34,193
habil,05:30,22,LineaD:1106,5.09,193
habil,05:30,22,LineaD:1107,4.16,193
habil,05:30,22,LineaD:1108,14.37,193
habil,05:30,22,LineaD:1109,3.36,193
habil,05:30,22,LineaD:1110,6.1,193
habil,05:30,22,LineaD:1111,4.11,193
habil,05:30,22,LineaD:1112,1.5,193
habil,05:30,22,LineaD:1113,3.56,193
habil,05:30,22,LineaD:1114,6.46,193
habil,05:30,22,LineaD:1115,6.4,193
habil,05:30,22,LineaD:1116,1.96,193
habil,05:30,22,LineaD:1117,2.2,193
habil,05:30,22,LineaD:1118,9.11,193
habil,05:30,22,LineaE:1119,5.63,193
habil,05:30,22,LineaE:1120,2.98,193
habil,05:30,22,LineaE:1121,6.59,193
habil,05:30,22,LineaE:1122,6.81,193
habil,05:30,22,LineaE:1123,8.16,193
habil,05:30,22,LineaE:1124,5.82,193
habil,05:30,22,LineaE:1125,3.64,193
habil,05:30,22,LineaE:1126,10.5,193
habil,05:30,22,LineaE:1127,10.61,193
habil,05:30,22,LineaE:1128,4.67,193
habil,05:30,22,LineaE:1129,4.96,193
habil,05:30,22,LineaE:1130,6.88,193
habil,05:30,22,LineaE:1131,4.49,193
habil,05:30,22,LineaE:1132,7.94,193
habil,05:30,22,LineaE:1133,43.83,193
habil,05:30,22,LineaE:1164,4.33,193
habil,05:30,22,LineaE:1165,0.69,193
habil,05:30,22,LineaE:1166,7.84,193
habil,05:30,22,LineaH:1134,36.68,193
habil,05:30,22,LineaH:1135,23.85,193
habil,05:30,22,LineaH:1136,9.23,193
habil,05:30,22,LineaH:1137,10.37,193
habil,05:30,22,LineaH:1138,9.94,193
habil,05:30,22,LineaH:1139,11.2,193
habil,05:30,22,LineaH:1140,21.72,193
habil,05:30,22,LineaH:1141,2.5,193
habil,05:30,22,LineaH:1160,3.59,193
habil,05:30,22,LineaH:1161,4.58,193
habil,05:30,22,LineaH:1162,3.92,193
habil,05:30,22,LineaH:1163,0.6,193
habil,05:45,23,LineaA:1059,69.66,193
habil,05:45,23,LineaA:1060,26.47,193
habil,05:45,23,LineaA:1061,11.56,193
habil,05:45,23,LineaA:1062,8.55,193
habil,05:45,23,LineaA:1063,31.04,193
habil,05:45,23,LineaA:1064,16.96,193
habil,05:45,23,LineaA:1065,6.68,193
habil,05:45,23,LineaA:1066,7.15,193
habil,05:45,23,LineaA:1067,4.39,193
habil,05:45,23,LineaA:1068,30.15,193
habil,05:45,23,LineaA:1069,2.67,193
habil,05:45,23,LineaA:1070,2.93,193
habil,05:45,23,LineaA:1071,5.56,193
habil,05:45,23,LineaA:1072,7.03,193
habil,05:45,23,LineaA:1073,3.7,193
habil,05:45,23,LineaA:1074,3.25,193
habil,05:45,23,LineaA:1075,3.92,193
habil,05:45,23,LineaA:1076,14.07,193
habil,05:45,23,LineaB:1077,133.68,193
habil,05:45,23,LineaB:1078,8.06,193
habil,05:45,23,LineaB:1079,13.31,193
habil,05:45,23,LineaB:1080,8.39,193
habil,05:45,23,LineaB:1081,77.18,193
habil,05:45,23,LineaB:1082,17.97,193
habil,05:45,23,LineaB:1083,16.97,193
habil,05:45,23,LineaB:1084,12.16,193
habil,05:45,23,LineaB:1085,15.85,193
habil,05:45,23,LineaB:1086,6.87,193
habil,05:45,23,LineaB:1087,10.54,193
habil,05:45,23,LineaB:1088,8.75,193
habil,05:45,23,LineaB:1089,14.97,193
habil,05:45,23,LineaB:1090,3.84,193
habil,05:45,23,LineaB:1091,19.69,193
habil,05:45,23,LineaB:1092,2.52,193
habil,05:45,23,LineaB:1093,39.95,193
habil,05:45,23,LineaC:1094,692.93,193
habil,05:45,23,LineaC:1095,10.07,193
habil,05:45,23,LineaC:1096,6.48,193
habil,05:45,23,LineaC:1097,3.11,193
habil,05:45,23,LineaC:1098,3.35,193
habil,05:45,23,LineaC:1099,2.79,193
habil,05:45,23,LineaC:1100,5.15,193
habil,05:45,23,LineaC:1101,3.63,193
habil,05:45,23,LineaC:1102,55.82,193
habil,05:45,23,LineaD:1103,48.07,193
habil,05:45,23,LineaD:1104,14.23,193
habil,05:45,23,LineaD:1105,16.78,193
habil,05:45,23,LineaD:1106,10.3,193
habil,05:45,23,LineaD:1107,8.07,193
habil,05:45,23,LineaD:1108,20.92,193
habil,05:45,23,LineaD:1109,5.41,193
habil,05:45,23,LineaD:1110,7.4,193
habil,05:45,23,LineaD:1111,8.31,193
habil,05:45,23,LineaD:1112,3.35,193
habil,05:45,23,LineaD:1113,3.73,193
habil,05:45,23,LineaD:1114,7.31,193
habil,05:45,23,LineaD:1115,7.02,193
habil,05:45,23,LineaD:1116,4.25,193
habil,05:45,23,LineaD:1117,2.23,193
habil,05:45,23,LineaD:1118,14.7,193
habil,05:45,23,LineaE:1119,8.37,193
habil,05:45,23,LineaE:1120,2.61,193
habil,05:45,23,LineaE:1121,7.78,193
habil,05:45,23,LineaE:1122,9.15,193
habil,05:45,23,LineaE:1123,9.39,193
habil,05:45,23,LineaE:1124,7.59,193
habil,05:45,23,LineaE:1125,6.2,193
habil,05:45,23,LineaE:1126,9.03,193
habil,05:45,23,LineaE:1127,13.09,193
habil,05:45,23,LineaE:1128,8.65,193
habil,05:45,23,LineaE:1129,7.71,193
habil,05:45,23,LineaE:1130,9.66,193
habil,05:45,23,LineaE:1131,5.45,193
habil,05:45,23,LineaE:1132,11.85,193
habil,05:45,23,LineaE:1133,76.52,193
habil,05:45,23,LineaE:1164,4.62,193
habil,05:45,23,LineaE:1165,1.41,193
habil,05:45,23,LineaE:1166,7.52,193
habil,05:45,23,LineaH:1134,71.7,193
habil,05:45,23,LineaH:1135,31.22,193
habil,05:45,23,LineaH:1136,14.76,193
habil,05:45,23,LineaH:1137,13.21,193
habil,05:45,23,LineaH:1138,14.36,193
habil,05:45,23,LineaH:1139,13.19,193
habil,05:45,23,LineaH:1140,30.01,193
habil,05:45,23,LineaH:1141,2.15,193
habil,05:45,23,LineaH:1160,3.57,193
habil,05:45,23,LineaH:1161,5.24,193
habil,05:45,23,LineaH:1162,4.76,193
habil,05:45,23,LineaH:1163,1.33,193
habil,06:00,24,LineaA:1059,126.35,193
habil,06:00,24,LineaA:1060,46.36,193
habil,06:00,24,LineaA:1061,26.88,193
habil,06:00,24,LineaA:1062,13.49,193
habil,06:00,24,LineaA:1063,46.47,193
habil,06:00,24,LineaA:1064,25.78,193
habil,06:00,24,LineaA:1065,11.97,193
habil,06:00,24,LineaA:1066,17.17,193
habil,06:00,24,LineaA:1067,8.44,193
habil,06:00,24,LineaA:1068,58.53,193
habil,06:00,24,LineaA:1069,6.17,193
habil,06:00,24,LineaA:1070,5.92,193
habil,06:00,24,LineaA:1071,8.47,193
habil,06:00,24,LineaA:1072,12.82,193
habil,06:00,24,LineaA:1073,5.52,193
habil,06:00,24,LineaA:1074,5.87,193
habil,06:00,24,LineaA:1075,5.5,193
habil,06:00,24,LineaA:1076,27.1,193
habil,06:00,24,LineaB:1077,163.12,193
habil,06:00,24,LineaB:1078,18.38,193
habil,06:00,24,LineaB:1079,29.5,193
habil,06:00,24,LineaB:1080,15.65,193
habil,06:00,24,LineaB:1081,151.08,193
habil,06:00,24,LineaB:1082,30.6,193
habil,06:00,24,LineaB:1083,24.96,193
habil,06:00,24,LineaB:1084,21.8,193
habil,06:00,24,LineaB:1085,25.51,193
habil,06:00,24,LineaB:1086,10.34,193
habil,06:00,24,LineaB:1087,18.69,193
habil,06:00,24,LineaB:1088,11.66,193
habil,06:00,24,LineaB:1089,25.01,193
habil,06:00,24,LineaB:1090,6.65,193
habil,06:00,24,LineaB:1091,31.72,193
habil,06:00,24,LineaB:1092,5.62,193
habil,06:00,24,LineaB:1093,72.06,193
habil,06:00,24,LineaC:1094,899.15,193
habil,06:00,24,LineaC:1095,13.46,193
habil,06:00,24,LineaC:1096,11.22,193
habil,06:00,24,LineaC:1097,6.33,193
habil,06:00,24,LineaC:1098,4.61,193
habil,06:00,24,LineaC:1099,2.87,193
habil,06:00,24,LineaC:1100,8.96,193
habil,06:00,24,LineaC:1101,5.48,193
habil,06:00,24,LineaC:1102,109.83,193
habil,06:00,24,LineaD:1103,93.89,193
habil,06:00,24,LineaD:1104,35.62,193
habil,06:00,24,LineaD:1105,25.8,193
habil,06:00,24,LineaD:1106,20.16,193
habil,06:00,24,LineaD:1107,16.46,193
habil,06:00,24,LineaD:1108,35.36,193
habil,06:00,24,LineaD:1109,10.23,193
habil,06:00,24,LineaD:1110,11.03,193
habil,06:00,24,LineaD:1111,17.09,193
habil,06:00,24,LineaD:1112,5.88,193
habil,06:00,24,LineaD:1113,11.02,193
habil,06:00,24,LineaD:1114,12.18,193
habil,06:00,24,LineaD:1115,10.28,193
habil,06:00,24,LineaD:1116,5.5,193
habil,06:00,24,LineaD:1117,2.52,193
habil,06:00,24,LineaD:1118,28.23,193
habil,06:00,24,LineaE:1119,11.07,193
habil,06:00,24,LineaE:1120,5.15,193
habil,06:00,24,LineaE:1121,11.69,193
habil,06:00,24,LineaE:1122,12.7,193
habil,06:00,24,LineaE:1123,15.65,193
habil,06:00,24,LineaE:1124,9.72,193
habil,06:00,24,LineaE:1125,8.31,193
habil,06:00,24,LineaE:1126,12.72,193
habil,06:00,24,LineaE:1127,17.51,193
habil,06:00,24,LineaE:1128,15.2,193
habil,06:00,24,LineaE:1129,15.5,193
habil,06:00,24,LineaE:1130,13.08,193
habil,06:00,24,LineaE:1131,7.97,193
habil,06:00,24,LineaE:1132,18.27,193
habil,06:00,24,LineaE:1133,103.09,193
habil,06:00,24,LineaE:1164,8.1,193
habil,06:00,24,LineaE:1165,3.02,193
habil,06:00,24,LineaE:1166,15.13,193
habil,06:00,24,LineaH:1134,132.51,193
habil,06:00,24,LineaH:1135,55.2,193
habil,06:00,24,LineaH:1136,25.13,193
habil,06:00,24,LineaH:1137,22.87,193
habil,06:00,24,LineaH:1138,16.88,193
habil,06:00,24,LineaH:1139,20.37,193
habil,06:00,24,LineaH:1140,60.07,193
habil,06:00,24,LineaH:1141,4.53,193
habil,06:00,24,LineaH:1160,13.57,193
habil,06:00,24,LineaH:1161,10.33,193
habil,06:00,24,LineaH:1162,12.23,193
habil,06:00,24,LineaH:1163,2.51,193
habil,06:15,25,LineaA:1059,215.22,193
habil,06:15,25,LineaA:1060,76.08,193
habil,06:15,25,LineaA:1061,41.61,193
habil,06:15,25,LineaA:1062,22.45,193
habil,06:15,25,LineaA:1063,66.31,193
habil,06:15,25,LineaA:1064,44.58,193
habil,06:15,25,LineaA:1065,21.69,193
habil,06:15,25,LineaA:1066,28.25,193
habil,06:15,25,LineaA:1067,13.04,193
habil,06:15,25,LineaA:1068,66.3,193
habil,06:15,25,LineaA:1069,11.37,193
habil,06:15,25,LineaA:1070,4.62,193
habil,06:15,25,LineaA:1071,14.96,193
habil,06:15,25,LineaA:1072,13.37,193
habil,06:15,25,LineaA:1073,8.82,193
habil,06:15,25,LineaA:1074,6.15,193
habil,06:15,25,LineaA:1075,8.24,193
habil,06:15,25,LineaA:1076,41.45,193
habil,06:15,25,LineaB:1077,266.27,193
habil,06:15,25,LineaB:1078,32.96,193
habil,06:15,25,LineaB:1079,49.24,193
habil,06:15,25,LineaB:1080,18.35,193
habil,06:15,25,LineaB:1081,199.71,193
habil,06:15,25,LineaB:1082,47.29,193
habil,06:15,25,LineaB:1083,40.28,193
habil,06:15,25,LineaB:1084,41.92,193
habil,06:15,25,LineaB:1085,37.26,193
habil,06:15,25,LineaB:1086,14.74,193
habil,06:15,25,LineaB:1087,22.43,193
habil,06:15,25,LineaB:1088,14.09,193
habil,06:15,25,LineaB:1089,36.02,193
habil,06:15,25,LineaB:1090,12.07,193
habil,06:15,25,LineaB:1091,40.33,193
habil,06:15,25,LineaB:1092,5.38,193
habil,06:15,25,LineaB:1093,92.87,193
habil,06:15,25,LineaC:1094,1235.99,193
habil,06:15,25,LineaC:1095,14.84,193
habil,06:15,25,LineaC:1096,17.73,193
habil,06:15,25,LineaC:1097,7.37,193
habil,06:15,25,LineaC:1098,5.6,193
habil,06:15,25,LineaC:1099,3.72,193
habil,06:15,25,LineaC:1100,10.21,193
habil,06:15,25,LineaC:1101,5.16,193
habil,06:15,25,LineaC:1102,125.52,193
habil,06:15,25,LineaD:1103,169.7,193
habil,06:15,25,LineaD:1104,52.26,193
habil,06:15,25,LineaD:1105,41.95,193
habil,06:15,25,LineaD:1106,30.67,193
habil,06:15,25,LineaD:1107,28.27,193
habil,06:15,25,LineaD:1108,49.62,193
habil,06:15,25,LineaD:1109,15.02,193
habil,06:15,25,LineaD:1110,22.64,193
habil,06:15,25,LineaD:1111,20.2,193
habil,06:15,25,LineaD:1112,10.09,193
habil,06:15,25,LineaD:1113,9.92,193
habil,06:15,25,LineaD:1114,14.28,193
habil,06:15,25,LineaD:1115,15.75,193
habil,06:15,25,LineaD:1116,8.51,193
habil,06:15,25,LineaD:1117,5.98,193
habil,06:15,25,LineaD:1118,41.05,193
habil,06:15,25,LineaE:1119,14.75,193
habil,06:15,25,LineaE:1120,6.18,193
habil,06:15,25,LineaE:1121,17.08,193
habil,06:15,25,LineaE:1122,13.03,193
habil,06:15,25,LineaE:1123,22.67,193
habil,06:15,25,LineaE:1124,13.28,193
habil,06:15,25,LineaE:1125,12.1,193
habil,06:15,25,LineaE:1126,18.43,193
habil,06:15,25,LineaE:1127,28.98,193
habil,06:15,25,LineaE:1128,27.76,193
habil,06:15,25,LineaE:1129,24.15,193
habil,06:15,25,LineaE:1130,25.37,193
habil,06:15,25,LineaE:1131,11.69,193
habil,06:15,25,LineaE:1132,26.54,193
habil,06:15,25,LineaE:1133,128.59,193
habil,06:15,25,LineaE:1164,11.91,193
habil,06:15,25,LineaE:1165,3.5,193
habil,06:15,25,LineaE:1166,14.07,193
habil,06:15,25,LineaH:1134,208.58,193
habil,06:15,25,LineaH:1135,97.89,193
habil,06:15,25,LineaH:1136,34.82,193
habil,06:15,25,LineaH:1137,28.33,193
habil,06:15,25,LineaH:1138,28.0,193
habil,06:15,25,LineaH:1139,30.47,193
habil,06:15,25,LineaH:1140,71.95,193
habil,06:15,25,LineaH:1141,8.3,193
habil,06:15,25,LineaH:1160,15.09,193
habil,06:15,25,LineaH:1161,13.61,193
habil,06:15,25,LineaH:1162,16.15,193
habil,06:15,25,LineaH:1163,3.91,193
habil,06:30,26,LineaA:1059,258.79,193
habil,06:30,26,LineaA:1060,122.47,193
habil,06:30,26,LineaA:1061,68.75,193
habil,06:30,26,LineaA:1062,40.03,193
habil,06:30,26,LineaA:1063,97.91,193
habil,06:30,26,LineaA:1064,75.92,193
habil,06:30,26,LineaA:1065,35.11,193
habil,06:30,26,LineaA:1066,42.22,193
habil,06:30,26,LineaA:1067,25.22,193
habil,06:30,26,LineaA:1068,83.22,193
habil,06:30,26,LineaA:1069,14.13,193
habil,06:30,26,LineaA:1070,9.16,193
habil,06:30,26,LineaA:1071,26.22,193
habil,06:30,26,LineaA:1072,17.83,193
habil,06:30,26,LineaA:1073,9.76,193
habil,06:30,26,LineaA:1074,9.21,193
habil,06:30,26,LineaA:1075,8.54,193
habil,06:30,26,LineaA:1076,56.67,193
habil,06:30,26,LineaB:1077,290.05,193
habil,06:30,26,LineaB:1078,58.9,193
habil,06:30,26,LineaB:1079,67.67,193
habil,06:30,26,LineaB:1080,29.55,193
habil,06:30,26,LineaB:1081,228.07,193
habil,06:30,26,LineaB:1082,65.18,193
habil,06:30,26,LineaB:1083,57.42,193
habil,06:30,26,LineaB:1084,61.72,193
habil,06:30,26,LineaB:1085,52.79,193
habil,06:30,26,LineaB:1086,19.99,193
habil,06:30,26,LineaB:1087,28.24,193
habil,06:30,26,LineaB:1088,21.91,193
habil,06:30,26,LineaB:1089,44.85,193
habil,06:30,26,LineaB:1090,12.74,193
habil,06:30,26,LineaB:1091,60.59,193
habil,06:30,26,LineaB:1092,6.82,193
habil,06:30,26,LineaB:1093,102.39,193
habil,06:30,26,LineaC:1094,1712.01,193
habil,06:30,26,LineaC:1095,21.74,193
habil,06:30,26,LineaC:1096,27.21,193
habil,06:30,26,LineaC:1097,9.39,193
habil,06:30,26,LineaC:1098,8.73,193
habil,06:30,26,LineaC:1099,8.19,193
habil,06:30,26,LineaC:1100,6.42,193
habil,06:30,26,LineaC:1101,7.72,193
habil,06:30,26,LineaC:1102,136.89,193
habil,06:30,26,LineaD:1103,235.76,193
habil,06:30,26,LineaD:1104,63.38,193
habil,06:30,26,LineaD:1105,52.99,193
habil,06:30,26,LineaD:1106,47.21,193
habil,06:30,26,LineaD:1107,43.59,193
habil,06:30,26,LineaD:1108,69.67,193
habil,06:30,26,LineaD:1109,19.18,193
habil,06:30,26,LineaD:1110,39.39,193
habil,06:30,26,LineaD:1111,38.21,193
habil,06:30,26,LineaD:1112,15.9,193
habil,06:30,26,LineaD:1113,18.28,193
habil,06:30,26,LineaD:1114,24.48,193
habil,06:30,26,LineaD:1115,18.97,193
habil,06:30,26,LineaD:1116,11.34,193
habil,06:30,26,LineaD:1117,12.77,193
habil,06:30,26,LineaD:1118,47.38,193
habil,06:30,26,LineaE:1119,15.97,193
habil,06:30,26,LineaE:1120,7.04,193
habil,06:30,26,LineaE:1121,22.08,193
habil,06:30,26,LineaE:1122,15.15,193
habil,06:30,26,LineaE:1123,28.69,193
habil,06:30,26,LineaE:1124,23.48,193
habil,06:30,26,LineaE:1125,14.8,193
habil,06:30,26,LineaE:1126,26.52,193
habil,06:30,26,LineaE:1127,36.77,193
habil,06:30,26,LineaE:1128,43.5,193
habil,06:30,26,LineaE:1129,36.54,193
habil,06:30,26,LineaE:1130,42.76,193
habil,06:30,26,LineaE:1131,18.19,193
habil,06:30,26,LineaE:1132,28.97,193
habil,06:30,26,LineaE:1133,167.78,193
habil,06:30,26,LineaE:1164,15.38,193
habil,06:30,26,LineaE:1165,3.73,193
habil,06:30,26,LineaE:1166,17.94,193
habil,06:30,26,LineaH:1134,263.76,193
habil,06:30,26,LineaH:1135,117.97,193
habil,06:30,26,LineaH:1136,41.44,193
habil,06:30,26,LineaH:1137,37.54,193
habil,06:30,26,LineaH:1138,39.67,193
habil,06:30,26,LineaH:1139,41.97,193
habil,06:30,26,LineaH:1140,90.22,193
habil,06:30,26,LineaH:1141,13.41,193
habil,06:30,26,LineaH:1160,18.82,193
habil,06:30,26,LineaH:1161,20.54,193
habil,06:30,26,LineaH:1162,22.69,193
habil,06:30,26,LineaH:1163,5.07,193
habil,06:45,27,LineaA:1059,406.06,193
habil,06:45,27,LineaA:1060,152.74,193
habil,06:45,27,LineaA:1061,118.68,193
habil,06:45,27,LineaA:1062,66.27,193
habil,06:45,27,LineaA:1063,121.17,193
habil,06:45,27,LineaA:1064,113.63,193
habil,06:45,27,LineaA:1065,58.48,193
habil,06:45,27,LineaA:1066,55.8,193
habil,06:45,27,LineaA:1067,35.49,193
habil,06:45,27,LineaA:1068,131.75,193
habil,06:45,27,LineaA:1069,16.6,193
habil,06:45,27,LineaA:1070,9.12,193
habil,06:45,27,LineaA:1071,28.35,193
habil,06:45,27,LineaA:1072,25.45,193
habil,06:45,27,LineaA:1073,13.27,193
habil,06:45,27,LineaA:1074,13.27,193
habil,06:45,27,LineaA:1075,11.83,193
habil,06:45,27,LineaA:1076,69.48,193
habil,06:45,27,LineaB:1077,492.95,193
habil,06:45,27,LineaB:1078,96.28,193
habil,06:45,27,LineaB:1079,115.67,193
habil,06:45,27,LineaB:1080,39.56,193
habil,06:45,27,LineaB:1081,396.74,193
habil,06:45,27,LineaB:1082,82.16,193
habil,06:45,27,LineaB:1083,84.17,193
habil,06:45,27,LineaB:1084,82.75,193
habil,06:45,27,LineaB:1085,72.81,193
habil,06:45,27,LineaB:1086,28.24,193
habil,06:45,27,LineaB:1087,42.4,193
habil,06:45,27,LineaB:1088,27.31,193
habil,06:45,27,LineaB:1089,50.63,193
habil,06:45,27,LineaB:1090,14.09,193
habil,06:45,27,LineaB:1091,73.81,193
habil,06:45,27,LineaB:1092,9.11,193
habil,06:45,27,LineaB:1093,131.88,193
habil,06:45,27,LineaC:1094,1720.26,193
habil,06:45,27,LineaC:1095,27.4,193
habil,06:45,27,LineaC:1096,37.5,193
habil,06:45,27,LineaC:1097,10.23,193
habil,06:45,27,LineaC:1098,11.38,193
habil,06:45,27,LineaC:1099,10.09,193
habil,06:45,27,LineaC:1100,11.21,193
habil,06:45,27,LineaC:1101,7.85,193
habil,06:45,27,LineaC:1102,165.46,193
habil,06:45,27,LineaD:1103,352.67,193
habil,06:45,27,LineaD:1104,103.27,193
habil,06:45,27,LineaD:1105,97.5,193
habil,06:45,27,LineaD:1106,72.94,193
habil,06:45,27,LineaD:1107,66.19,193
habil,06:45,27,LineaD:1108,75.15,193
habil,06:45,27,LineaD:1109,28.77,193
habil,06:45,27,LineaD:1110,56.54,193
habil,06:45,27,LineaD:1111,61.26,193
habil,06:45,27,LineaD:1112,26.97,193
habil,06:45,27,LineaD:1113,30.87,193
habil,06:45,27,LineaD:1114,33.18,193
habil,06:45,27,LineaD:1115,29.27,193
habil,06:45,27,LineaD:1116,14.72,193
habil,06:45,27,LineaD:1117,13.19,193
habil,06:45,27,LineaD:1118,54.67,193
habil,06:45,27,LineaE:1119,19.74,193
habil,06:45,27,LineaE:1120,10.23,193
habil,06:45,27,LineaE:1121,28.04,193
habil,06:45,27,LineaE:1122,21.66,193
habil,06:45,27,LineaE:1123,33.01,193
habil,06:45,27,LineaE:1124,25.54,193
habil,06:45,27,LineaE:1125,17.66,193
habil,06:45,27,LineaE:1126,29.79,193
habil,06:45,27,LineaE:1127,49.2,193
habil,06:45,27,LineaE:1128,59.64,193
habil,06:45,27,LineaE:1129,56.74,193
habil,06:45,27,LineaE:1130,69.62,193
habil,06:45,27,LineaE:1131,36.26,193
habil,06:45,27,LineaE:1132,48.7,193
habil,06:45,27,LineaE:1133,246.47,193
habil,06:45,27,LineaE:1164,19.15,193
habil,06:45,27,LineaE:1165,5.18,193
habil,06:45,27,LineaE:1166,23.53,193
habil,06:45,27,LineaH:1134,305.84,193
habil,06:45,27,LineaH:1135,146.3,193
habil,06:45,27,LineaH:1136,56.7,193
habil,06:45,27,LineaH:1137,55.85,193
habil,06:45,27,LineaH:1138,44.35,193
habil,06:45,27,LineaH:1139,50.24,193
habil,06:45,27,LineaH:1140,156.13,193
habil,06:45,27,LineaH:1141,17.37,193
habil,06:45,27,LineaH:1160,20.28,193
habil,06:45,27,LineaH:1161,29.41,193
habil,06:45,27,LineaH:1162,29.53,193
habil,06:45,27,LineaH:1163,5.59,193
habil,07:00,28,LineaA:1059,635.88,193
habil,07:00,28,LineaA:1060,230.8,193
habil,07:00,28,LineaA:1061,208.62,193
habil,07:00,28,LineaA:1062,128.62,193
habil,07:00,28,LineaA:1063,207.39,193
habil,07:00,28,LineaA:1064,197.75,193
habil,07:00,28,LineaA:1065,99.8,193
habil,07:00,28,LineaA:1066,104.72,193
habil,07:00,28,LineaA:1067,70.35,193
habil,07:00,28,LineaA:1068,137.72,193
habil,07:00,28,LineaA:1069,32.26,193
habil,07:00,28,LineaA:1070,13.31,193
habil,07:00,28,LineaA:1071,47.07,193
habil,07:00,28,LineaA:1072,33.79,193
habil,07:00,28,LineaA:1073,25.13,193
habil,07:00,28,LineaA:1074,21.48,193
habil,07:00,28,LineaA:1075,16.18,193
habil,07:00,28,LineaA:1076,79.8,193
habil,07:00,28,LineaB:1077,698.66,193
habil,07:00,28,LineaB:1078,152.87,193
habil,07:00,28,LineaB:1079,158.88,193
habil,07:00,28,LineaB:1080,61.74,193
habil,07:00,28,LineaB:1081,424.73,193
habil,07:00,28,LineaB:1082,112.65,193
habil,07:00,28,LineaB:1083,152.6,193
habil,07:00,28,LineaB:1084,147.56,193
habil,07:00,28,LineaB:1085,123.64,193
habil,07:00,28,LineaB:1086,40.58,193
habil,07:00,28,LineaB:1087,51.51,193
habil,07:00,28,LineaB:1088,41.95,193
habil,07:00,28,LineaB:1089,68.08,193
habil,07:00,28,LineaB:1090,20.73,193
habil,07:00,28,LineaB:1091,88.68,193
habil,07:00,28,LineaB:1092,15.42,193
habil,07:00,28,LineaB:1093,150.5,193
habil,07:00,28,LineaC:1094,2100.44,193
habil,07:00,28,LineaC:1095,43.68,193
habil,07:00,28,LineaC:1096,46.67,193
habil,07:00,28,LineaC:1097,13.51,193
habil,07:00,28,LineaC:1098,15.67,193
habil,07:00,28,LineaC:1099,12.6,193
habil,07:00,28,LineaC:1100,16.39,193
habil,07:00,28,LineaC:1101,13.31,193
habil,07:00,28,LineaC:1102,253.78,193
habil,07:00,28,LineaD:1103,560.62,193
habil,07:00,28,LineaD:1104,168.9,193
habil,07:00,28,LineaD:1105,160.94,193
habil,07:00,28,LineaD:1106,128.15,193
habil,07:00,28,LineaD:1107,115.66,193
habil,07:00,28,LineaD:1108,121.94,193
habil,07:00,28,LineaD:1109,40.97,193
habil,07:00,28,LineaD:1110,104.92,193
habil,07:00,28,LineaD:1111,108.9,193
habil,07:00,28,LineaD:1112,50.72,193
habil,07:00,28,LineaD:1113,58.23,193
habil,07:00,28,LineaD:1114,53.36,193
habil,07:00,28,LineaD:1115,42.54,193
habil,07:00,28,LineaD:1116,23.11,193
habil,07:00,28,LineaD:1117,42.21,193
habil,07:00,28,LineaD:1118,71.91,193
habil,07:00,28,LineaE:1119,30.32,193
habil,07:00,28,LineaE:1120,17.15,193
habil,07:00,28,LineaE:1121,37.76,193
habil,07:00,28,LineaE:1122,30.95,193
habil,07:00,28,LineaE:1123,53.13,193
habil,07:00,28,LineaE:1124,43.84,193
habil,07:00,28,LineaE:1125,30.2,193
habil,07:00,28,LineaE:1126,65.45,193
habil,07:00,28,LineaE:1127,79.51,193
habil,07:00,28,LineaE:1128,113.78,193
habil,07:00,28,LineaE:1129,107.14,193
habil,07:00,28,LineaE:1130,127.64,193
habil,07:00,28,LineaE:1131,61.31,193
habil,07:00,28,LineaE:1132,73.16,193
habil,07:00,28,LineaE:1133,348.49,193
habil,07:00,28,LineaE:1164,35.33,193
habil,07:00,28,LineaE:1165,8.6,193
habil,07:00,28,LineaE:1166,32.81,193
habil,07:00,28,LineaH:1134,484.34,193
habil,07:00,28,LineaH:1135,212.98,193
habil,07:00,28,LineaH:1136,97.31,193
habil,07:00,28,LineaH:1137,90.4,193
habil,07:00,28,LineaH:1138,75.66,193
habil,07:00,28,LineaH:1139,84.38,193
habil,07:00,28,LineaH:1140,156.49,193
habil,07:00,28,LineaH:1141,27.74,193
habil,07:00,28,LineaH:1160,37.98,193
habil,07:00,28,LineaH:1161,51.67,193
habil,07:00,28,LineaH:1162,49.75,193
habil,07:00,28,LineaH:1163,12.76,193
habil,07:15,29,LineaA:1059,829.9,193
habil,07:15,29,LineaA:1060,298.4,193
habil,07:15,29,LineaA:1061,267.24,193
habil,07:15,29,LineaA:1062,175.59,193
habil,07:15,29,LineaA:1063,297.65,193
habil,07:15,29,LineaA:1064,267.82,193
habil,07:15,29,LineaA:1065,135.91,193
habil,07:15,29,LineaA:1066,156.18,193
habil,07:15,29,LineaA:1067,97.64,193
habil,07:15,29,LineaA:1068,174.27,193
habil,07:15,29,LineaA:1069,45.5,193
habil,07:15,29,LineaA:1070,21.34,193
habil,07:15,29,LineaA:1071,60.95,193
habil,07:15,29,LineaA:1072,53.55,193
habil,07:15,29,LineaA:1073,28.22,193
habil,07:15,29,LineaA:1074,26.66,193
habil,07:15,29,LineaA:1075,18.19,193
habil,07:15,29,LineaA:1076,93.52,193
habil,07:15,29,LineaB:1077,733.48,193
habil,07:15,29,LineaB:1078,167.61,193
habil,07:15,29,LineaB:1079,177.62,193
habil,07:15,29,LineaB:1080,71.67,193
habil,07:15,29,LineaB:1081,559.91,193
habil,07:15,29,LineaB:1082,135.64,193
habil,07:15,29,LineaB:1083,206.06,193
habil,07:15,29,LineaB:1084,199.01,193
habil,07:15,29,LineaB:1085,177.05,193
habil,07:15,29,LineaB:1086,49.78,193
habil,07:15,29,LineaB:1087,58.2,193
habil,07:15,29,LineaB:1088,57.58,193
habil,07:15,29,LineaB:1089,91.36,193
habil,07:15,29,LineaB:1090,22.8,193
habil,07:15,29,LineaB:1091,111.2,193
habil,07:15,29,LineaB:1092,19.5,193
habil,07:15,29,LineaB:1093,185.85,193
habil,07:15,29,LineaC:1094,2095.55,193
habil,07:15,29,LineaC:1095,53.02,193
habil,07:15,29,LineaC:1096,50.77,193
habil,07:15,29,LineaC:1097,18.17,193
habil,07:15,29,LineaC:1098,18.29,193
habil,07:15,29,LineaC:1099,17.74,193
habil,07:15,29,LineaC:1100,18.07,193
habil,07:15,29,LineaC:1101,15.76,193
habil,07:15,29,LineaC:1102,333.56,193
habil,07:15,29,LineaD:1103,645.81,193
habil,07:15,29,LineaD:1104,207.17,193
habil,07:15,29,LineaD:1105,195.5,193
habil,07:15,29,LineaD:1106,153.36,193
habil,07:15,29,LineaD:1107,172.96,193
habil,07:15,29,LineaD:1108,141.69,193
habil,07:15,29,LineaD:1109,56.85,193
habil,07:15,29,LineaD:1110,162.46,193
habil,07:15,29,LineaD:1111,156.35,193
habil,07:15,29,LineaD:1112,73.96,193
habil,07:15,29,LineaD:1113,90.54,193
habil,07:15,29,LineaD:1114,72.26,193
habil,07:15,29,LineaD:1115,62.63,193
habil,07:15,29,LineaD:1116,37.9,193
habil,07:15,29,LineaD:1117,52.92,193
habil,07:15,29,LineaD:1118,93.55,193
habil,07:15,29,LineaE:1119,35.04,193
habil,07:15,29,LineaE:1120,23.23,193
habil,07:15,29,LineaE:1121,42.22,193
habil,07:15,29,LineaE:1122,43.08,193
habil,07:15,29,LineaE:1123,71.51,193
habil,07:15,29,LineaE:1124,52.25,193
habil,07:15,29,LineaE:1125,42.19,193
habil,07:15,29,LineaE:1126,80.49,193
habil,07:15,29,LineaE:1127,107.8,193
habil,07:15,29,LineaE:1128,178.57,193
habil,07:15,29,LineaE:1129,133.35,193
habil,07:15,29,LineaE:1130,151.04,193
habil,07:15,29,LineaE:1131,77.19,193
habil,07:15,29,LineaE:1132,97.91,193
habil,07:15,29,LineaE:1133,381.9,193
habil,07:15,29,LineaE:1164,45.89,193
habil,07:15,29,LineaE:1165,9.84,193
habil,07:15,29,LineaE:1166,38.6,193
habil,07:15,29,LineaH:1134,613.01,193
habil,07:15,29,LineaH:1135,286.67,193
habil,07:15,29,LineaH:1136,122.12,193
habil,07:15,29,LineaH:1137,129.42,193
habil,07:15,29,LineaH:1138,118.05,193
habil,07:15,29,LineaH:1139,124.32,193
habil,07:15,29,LineaH:1140,186.92,193
habil,07:15,29,LineaH:1141,35.3,193
habil,07:15,29,LineaH:1160,52.66,193
habil,07:15,29,LineaH:1161,71.49,193
habil,07:15,29,LineaH:1162,77.16,193
habil,07:15,29,LineaH:1163,14.15,193
habil,07:30,30,LineaA:1059,825.29,193
habil,07:30,30,LineaA:1060,332.48,193
habil,07:30,30,LineaA:1061,318.34,193
habil,07:30,30,LineaA:1062,190.82,193
habil,07:30,30,LineaA:1063,359.69,193
habil,07:30,30,LineaA:1064,317.96,193
habil,07:30,30,LineaA:1065,184.03,193
habil,07:30,30,LineaA:1066,220.27,193
habil,07:30,30,LineaA:1067,109.07,193
habil,07:30,30,LineaA:1068,198.4,193
habil,07:30,30,LineaA:1069,55.61,193
habil,07:30,30,LineaA:1070,30.29,193
habil,07:30,30,LineaA:1071,74.68,193
habil,07:30,30,LineaA:1072,67.48,193
habil,07:30,30,LineaA:1073,30.98,193
habil,07:30,30,LineaA:1074,23.66,193
habil,07:30,30,LineaA:1075,19.1,193
habil,07:30,30,LineaA:1076,98.87,193
habil,07:30,30,LineaB:1077,691.69,193
habil,07:30,30,LineaB:1078,159.25,193
habil,07:30,30,LineaB:1079,173.39,193
habil,07:30,30,LineaB:1080,77.3,193
habil,07:30,30,LineaB:1081,655.15,193
habil,07:30,30,LineaB:1082,167.94,193
habil,07:30,30,LineaB:1083,245.38,193
habil,07:30,30,LineaB:1084,248.31,193
habil,07:30,30,LineaB:1085,218.72,193
habil,07:30,30,LineaB:1086,65.09,193
habil,07:30,30,LineaB:1087,85.57,193
habil,07:30,30,LineaB:1088,73.09,193
habil,07:30,30,LineaB:1089,108.76,193
habil,07:30,30,LineaB:1090,35.89,193
habil,07:30,30,LineaB:1091,106.79,193
habil,07:30,30,LineaB:1092,22.12,193
habil,07:30,30,LineaB:1093,185.41,193
habil,07:30,30,LineaC:1094,2276.25,193
habil,07:30,30,LineaC:1095,62.68,193
habil,07:30,30,LineaC:1096,71.2,193
habil,07:30,30,LineaC:1097,18.98,193
habil,07:30,30,LineaC:1098,15.19,193
habil,07:30,30,LineaC:1099,20.25,193
habil,07:30,30,LineaC:1100,19.96,193
habil,07:30,30,LineaC:1101,18.3,193
habil,07:30,30,LineaC:1102,392.07,193
habil,07:30,30,LineaD:1103,625.34,193
habil,07:30,30,LineaD:1104,209.52,193
habil,07:30,30,LineaD:1105,205.3,193
habil,07:30,30,LineaD:1106,161.74,193
habil,07:30,30,LineaD:1107,178.97,193
habil,07:30,30,LineaD:1108,188.44,193
habil,07:30,30,LineaD:1109,63.32,193
habil,07:30,30,LineaD:1110,188.23,193
habil,07:30,30,LineaD:1111,183.5,193
habil,07:30,30,LineaD:1112,85.83,193
habil,07:30,30,LineaD:1113,101.89,193
habil,07:30,30,LineaD:1114,77.69,193
habil,07:30,30,LineaD:1115,77.69,193
habil,07:30,30,LineaD:1116,49.01,193
habil,07:30,30,LineaD:1117,55.71,193
habil,07:30,30,LineaD:1118,94.05,193
habil,07:30,30,LineaE:1119,35.13,193
habil,07:30,30,LineaE:1120,23.32,193
habil,07:30,30,LineaE:1121,47.51,193
habil,07:30,30,LineaE:1122,48.72,193
habil,07:30,30,LineaE:1123,84.39,193
habil,07:30,30,LineaE:1124,66.76,193
habil,07:30,30,LineaE:1125,54.81,193
habil,07:30,30,LineaE:1126,92.28,193
habil,07:30,30,LineaE:1127,128.18,193
habil,07:30,30,LineaE:1128,183.48,193
habil,07:30,30,LineaE:1129,147.22,193
habil,07:30,30,LineaE:1130,156.88,193
habil,07:30,30,LineaE:1131,75.76,193
habil,07:30,30,LineaE:1132,97.89,193
habil,07:30,30,LineaE:1133,357.36,193
habil,07:30,30,LineaE:1164,52.77,193
habil,07:30,30,LineaE:1165,8.4,193
habil,07:30,30,LineaE:1166,37.21,193
habil,07:30,30,LineaH:1134,617.5,193
habil,07:30,30,LineaH:1135,306.11,193
habil,07:30,30,LineaH:1136,157.96,193
habil,07:30,30,LineaH:1137,159.18,193
habil,07:30,30,LineaH:1138,134.68,193
habil,07:30,30,LineaH:1139,160.9,193
habil,07:30,30,LineaH:1140,221.14,193
habil,07:30,30,LineaH:1141,56.22,193
habil,07:30,30,LineaH:1160,73.97,193
habil,07:30,30,LineaH:1161,93.62,193
habil,07:30,30,LineaH:1162,90.5,193
habil,07:30,30,LineaH:1163,14.35,193
habil,07:45,31,LineaA:1059,763.34,193
habil,07:45,31,LineaA:1060,352.62,193
habil,07:45,31,LineaA:1061,300.47,193
habil,07:45,31,LineaA:1062,195.36,193
habil,07:45,31,LineaA:1063,338.82,193
habil,07:45,31,LineaA:1064,276.21,193
habil,07:45,31,LineaA:1065,162.68,193
habil,07:45,31,LineaA:1066,193.72,193
habil,07:45,31,LineaA:1067,98.05,193
habil,07:45,31,LineaA:1068,164.07,193
habil,07:45,31,LineaA:1069,43.73,193
habil,07:45,31,LineaA:1070,35.88,193
habil,07:45,31,LineaA:1071,68.82,193
habil,07:45,31,LineaA:1072,61.18,193
habil,07:45,31,LineaA:1073,26.55,193
habil,07:45,31,LineaA:1074,23.3,193
habil,07:45,31,LineaA:1075,17.77,193
habil,07:45,31,LineaA:1076,91.11,193
habil,07:45,31,LineaB:1077,820.25,193
habil,07:45,31,LineaB:1078,173.83,193
habil,07:45,31,LineaB:1079,194.9,193
habil,07:45,31,LineaB:1080,81.82,193
habil,07:45,31,LineaB:1081,557.49,193
habil,07:45,31,LineaB:1082,159.02,193
habil,07:45,31,LineaB:1083,232.18,193
habil,07:45,31,LineaB:1084,234.59,193
habil,07:45,31,LineaB:1085,195.71,193
habil,07:45,31,LineaB:1086,61.33,193
habil,07:45,31,LineaB:1087,68.5,193
habil,07:45,31,LineaB:1088,70.81,193
habil,07:45,31,LineaB:1089,96.08,193
habil,07:45,31,LineaB:1090,31.99,193
habil,07:45,31,LineaB:1091,93.43,193
habil,07:45,31,LineaB:1092,20.5,193
habil,07:45,31,LineaB:1093,167.04,193
habil,07:45,31,LineaC:1094,2480.11,193
habil,07:45,31,LineaC:1095,55.38,193
habil,07:45,31,LineaC:1096,74.68,193
habil,07:45,31,LineaC:1097,17.01,193
habil,07:45,31,LineaC:1098,16.07,193
habil,07:45,31,LineaC:1099,19.31,193
habil,07:45,31,LineaC:1100,22.27,193
habil,07:45,31,LineaC:1101,20.18,193
habil,07:45,31,LineaC:1102,339.94,193
habil,07:45,31,LineaD:1103,594.73,193
habil,07:45,31,LineaD:1104,214.61,193
habil,07:45,31,LineaD:1105,204.64,193
habil,07:45,31,LineaD:1106,172.25,193
habil,07:45,31,LineaD:1107,184.77,193
habil,07:45,31,LineaD:1108,176.05,193
habil,07:45,31,LineaD:1109,59.19,193
habil,07:45,31,LineaD:1110,173.18,193
habil,07:45,31,LineaD:1111,173.1,193
habil,07:45,31,LineaD:1112,81.06,193
habil,07:45,31,LineaD:1113,103.44,193
habil,07:45,31,LineaD:1114,76.47,193
habil,07:45,31,LineaD:1115,79.83,193
habil,07:45,31,LineaD:1116,46.06,193
habil,07:45,31,LineaD:1117,52.0,193
habil,07:45,31,LineaD:1118,81.13,193
habil,07:45,31,LineaE:1119,32.78,193
habil,07:45,31,LineaE:1120,24.56,193
habil,07:45,31,LineaE:1121,48.2,193
habil,07:45,31,LineaE:1122,47.8,193
habil,07:45,31,LineaE:1123,83.78,193
habil,07:45,31,LineaE:1124,64.06,193
habil,07:45,31,LineaE:1125,51.72,193
habil,07:45,31,LineaE:1126,105.18,193
habil,07:45,31,LineaE:1127,119.84,193
habil,07:45,31,LineaE:1128,141.58,193
habil,07:45,31,LineaE:1129,136.28,193
habil,07:45,31,LineaE:1130,135.97,193
habil,07:45,31,LineaE:1131,68.12,193
habil,07:45,31,LineaE:1132,85.64,193
habil,07:45,31,LineaE:1133,317.28,193
habil,07:45,31,LineaE:1164,50.45,193
habil,07:45,31,LineaE:1165,8.53,193
habil,07:45,31,LineaE:1166,36.46,193
habil,07:45,31,LineaH:1134,579.43,193
habil,07:45,31,LineaH:1135,260.24,193
habil,07:45,31,LineaH:1136,147.03,193
habil,07:45,31,LineaH:1137,135.7,193
habil,07:45,31,LineaH:1138,118.34,193
habil,07:45,31,LineaH:1139,138.23,193
habil,07:45,31,LineaH:1140,192.32,193
habil,07:45,31,LineaH:1141,52.55,193
habil,07:45,31,LineaH:1160,67.47,193
habil,07:45,31,LineaH:1161,78.64,193
habil,07:45,31,LineaH:1162,79.35,193
habil,07:45,31,LineaH:1163,13.23,193
habil,08:00,32,LineaA:1059,874.67,193
habil,08:00,32,LineaA:1060,373.87,193
habil,08:00,32,LineaA:1061,313.35,193
habil,08:00,32,LineaA:1062,202.58,193
habil,08:00,32,LineaA:1063,374.76,193
habil,08:00,32,LineaA:1064,284.17,193
habil,08:00,32,LineaA:1065,181.26,193
habil,08:00,32,LineaA:1066,173.06,193
habil,08:00,32,LineaA:1067,93.36,193
habil,08:00,32,LineaA:1068,232.35,193
habil,08:00,32,LineaA:1069,36.82,193
habil,08:00,32,LineaA:1070,28.37,193
habil,08:00,32,LineaA:1071,67.83,193
habil,08:00,32,LineaA:1072,52.13,193
habil,08:00,32,LineaA:1073,31.88,193
habil,08:00,32,LineaA:1074,22.78,193
habil,08:00,32,LineaA:1075,19.55,193
habil,08:00,32,LineaA:1076,96.15,193
habil,08:00,32,LineaB:1077,952.04,193
habil,08:00,32,LineaB:1078,215.68,193
habil,08:00,32,LineaB:1079,227.66,193
habil,08:00,32,LineaB:1080,100.19,193
habil,08:00,32,LineaB:1081,651.9,193
habil,08:00,32,LineaB:1082,184.96,193
habil,08:00,32,LineaB:1083,258.81,193
habil,08:00,32,LineaB:1084,291.01,193
habil,08:00,32,LineaB:1085,192.75,193
habil,08:00,32,LineaB:1086,60.38,193
habil,08:00,32,LineaB:1087,64.13,193
habil,08:00,32,LineaB:1088,69.48,193
habil,08:00,32,LineaB:1089,102.08,193
habil,08:00,32,LineaB:1090,31.53,193
habil,08:00,32,LineaB:1091,101.8,193
habil,08:00,32,LineaB:1092,24.48,193
habil,08:00,32,LineaB:1093,164.82,193
habil,08:00,32,LineaC:1094,2403.87,193
habil,08:00,32,LineaC:1095,55.19,193
habil,08:00,32,LineaC:1096,81.18,193
habil,08:00,32,LineaC:1097,21.82,193
habil,08:00,32,LineaC:1098,15.5,193
habil,08:00,32,LineaC:1099,18.48,193
habil,08:00,32,LineaC:1100,20.19,193
habil,08:00,32,LineaC:1101,18.48,193
habil,08:00,32,LineaC:1102,341.41,193
habil,08:00,32,LineaD:1103,742.98,193
habil,08:00,32,LineaD:1104,263.7,193
habil,08:00,32,LineaD:1105,246.05,193
habil,08:00,32,LineaD:1106,203.85,193
habil,08:00,32,LineaD:1107,201.35,193
habil,08:00,32,LineaD:1108,195.34,193
habil,08:00,32,LineaD:1109,62.49,193
habil,08:00,32,LineaD:1110,194.88,193
habil,08:00,32,LineaD:1111,190.61,193
habil,08:00,32,LineaD:1112,83.73,193
habil,08:00,32,LineaD:1113,101.42,193
habil,08:00,32,LineaD:1114,83.19,193
habil,08:00,32,LineaD:1115,74.81,193
habil,08:00,32,LineaD:1116,55.26,193
habil,08:00,32,LineaD:1117,57.98,193
habil,08:00,32,LineaD:1118,88.24,193
habil,08:00,32,LineaE:1119,36.0,193
habil,08:00,32,LineaE:1120,27.11,193
habil,08:00,32,LineaE:1121,50.0,193
habil,08:00,32,LineaE:1122,58.56,193
habil,08:00,32,LineaE:1123,79.98,193
habil,08:00,32,LineaE:1124,66.52,193
habil,08:00,32,LineaE:1125,49.05,193
habil,08:00,32,LineaE:1126,120.18,193
habil,08:00,32,LineaE:1127,122.43,193
habil,08:00,32,LineaE:1128,160.85,193
habil,08:00,32,LineaE:1129,144.41,193
habil,08:00,32,LineaE:1130,168.29,193
habil,08:00,32,LineaE:1131,79.8,193
habil,08:00,32,LineaE:1132,95.42,193
habil,08:00,32,LineaE:1133,367.92,193
habil,08:00,32,LineaE:1164,55.45,193
habil,08:00,32,LineaE:1165,7.13,193
habil,08:00,32,LineaE:1166,35.48,193
habil,08:00,32,LineaH:1134,544.76,193
habil,08:00,32,LineaH:1135,259.18,193
habil,08:00,32,LineaH:1136,138.25,193
habil,08:00,32,LineaH:1137,125.18,193
habil,08:00,32,LineaH:1138,118.18,193
habil,08:00,32,LineaH:1139,126.31,193
habil,08:00,32,LineaH:1140,228.65,193
habil,08:00,32,LineaH:1141,50.94,193
habil,08:00,32,LineaH:1160,65.4,193
habil,08:00,32,LineaH:1161,89.11,193
habil,08:00,32,LineaH:1162,71.68,193
habil,08:00,32,LineaH:1163,14.0,193
habil,08:15,33,LineaA:1059,967.83,193
habil,08:15,33,LineaA:1060,395.06,193
habil,08:15,33,LineaA:1061,349.86,193
habil,08:15,33,LineaA:1062,214.44,193
habil,08:15,33,LineaA:1063,383.66,193
habil,08:15,33,LineaA:1064,340.11,193
habil,08:15,33,LineaA:1065,188.47,193
habil,08:15,33,LineaA:1066,191.18,193
habil,08:15,33,LineaA:1067,96.49,193
habil,08:15,33,LineaA:1068,244.79,193
habil,08:15,33,LineaA:1069,42.6,193
habil,08:15,33,LineaA:1070,32.3,193
habil,08:15,33,LineaA:1071,72.03,193
habil,08:15,33,LineaA:1072,57.13,193
habil,08:15,33,LineaA:1073,33.87,193
habil,08:15,33,LineaA:1074,26.76,193
habil,08:15,33,LineaA:1075,19.75,193
habil,08:15,33,LineaA:1076,101.36,193
habil,08:15,33,LineaB:1077,1015.67,193
habil,08:15,33,LineaB:1078,244.51,193
habil,08:15,33,LineaB:1079,255.9,193
habil,08:15,33,LineaB:1080,113.37,193
habil,08:15,33,LineaB:1081,765.6,193
habil,08:15,33,LineaB:1082,227.12,193
habil,08:15,33,LineaB:1083,282.78,193
habil,08:15,33,LineaB:1084,328.09,193
habil,08:15,33,LineaB:1085,213.01,193
habil,08:15,33,LineaB:1086,65.58,193
habil,08:15,33,LineaB:1087,74.56,193
habil,08:15,33,LineaB:1088,70.85,193
habil,08:15,33,LineaB:1089,112.43,193
habil,08:15,33,LineaB:1090,37.88,193
habil,08:15,33,LineaB:1091,115.86,193
habil,08:15,33,LineaB:1092,28.16,193
habil,08:15,33,LineaB:1093,174.99,193
habil,08:15,33,LineaC:1094,2701.34,193
habil,08:15,33,LineaC:1095,60.78,193
habil,08:15,33,LineaC:1096,84.88,193
habil,08:15,33,LineaC:1097,25.83,193
habil,08:15,33,LineaC:1098,16.97,193
habil,08:15,33,LineaC:1099,18.0,193
habil,08:15,33,LineaC:1100,19.25,193
habil,08:15,33,LineaC:1101,21.04,193
habil,08:15,33,LineaC:1102,376.65,193
habil,08:15,33,LineaD:1103,923.52,193
habil,08:15,33,LineaD:1104,305.33,193
habil,08:15,33,LineaD:1105,266.5,193
habil,08:15,33,LineaD:1106,240.33,193
habil,08:15,33,LineaD:1107,229.78,193
habil,08:15,33,LineaD:1108,223.98,193
habil,08:15,33,LineaD:1109,70.65,193
habil,08:15,33,LineaD:1110,203.28,193
habil,08:15,33,LineaD:1111,213.8,193
habil,08:15,33,LineaD:1112,86.8,193
habil,08:15,33,LineaD:1113,115.8,193
habil,08:15,33,LineaD:1114,105.49,193
habil,08:15,33,LineaD:1115,92.69,193
habil,08:15,33,LineaD:1116,62.62,193
habil,08:15,33,LineaD:1117,73.73,193
habil,08:15,33,LineaD:1118,103.03,193
habil,08:15,33,LineaE:1119,38.22,193
habil,08:15,33,LineaE:1120,30.86,193
habil,08:15,33,LineaE:1121,58.89,193
habil,08:15,33,LineaE:1122,56.58,193
habil,08:15,33,LineaE:1123,82.04,193
habil,08:15,33,LineaE:1124,72.17,193
habil,08:15,33,LineaE:1125,57.03,193
habil,08:15,33,LineaE:1126,108.03,193
habil,08:15,33,LineaE:1127,150.98,193
habil,08:15,33,LineaE:1128,194.35,193
habil,08:15,33,LineaE:1129,172.94,193
habil,08:15,33,LineaE:1130,191.04,193
habil,08:15,33,LineaE:1131,88.46,193
habil,08:15,33,LineaE:1132,106.03,193
habil,08:15,33,LineaE:1133,406.66,193
habil,08:15,33,LineaE:1164,67.76,193
habil,08:15,33,LineaE:1165,8.94,193
habil,08:15,33,LineaE:1166,33.82,193
habil,08:15,33,LineaH:1134,605.01,193
habil,08:15,33,LineaH:1135,286.22,193
habil,08:15,33,LineaH:1136,158.77,193
habil,08:15,33,LineaH:1137,149.72,193
habil,08:15,33,LineaH:1138,128.39,193
habil,08:15,33,LineaH:1139,148.6,193
habil,08:15,33,LineaH:1140,223.12,193
habil,08:15,33,LineaH:1141,53.41,193
habil,08:15,33,LineaH:1160,73.15,193
habil,08:15,33,LineaH:1161,100.86,193
habil,08:15,33,LineaH:1162,90.51,193
habil,08:15,33,LineaH:1163,29.08,193
habil,08:30,34,LineaA:1059,923.68,193
habil,08:30,34,LineaA:1060,365.05,193
habil,08:30,34,LineaA:1061,356.94,193
habil,08:30,34,LineaA:1062,206.48,193
habil,08:30,34,LineaA:1063,386.55,193
habil,08:30,34,LineaA:1064,375.49,193
habil,08:30,34,LineaA:1065,205.74,193
habil,08:30,34,LineaA:1066,229.64,193
habil,08:30,34,LineaA:1067,108.17,193
habil,08:30,34,LineaA:1068,289.93,193
habil,08:30,34,LineaA:1069,50.95,193
habil,08:30,34,LineaA:1070,44.9,193
habil,08:30,34,LineaA:1071,83.47,193
habil,08:30,34,LineaA:1072,75.54,193
habil,08:30,34,LineaA:1073,40.37,193
habil,08:30,34,LineaA:1074,34.1,193
habil,08:30,34,LineaA:1075,24.39,193
habil,08:30,34,LineaA:1076,105.04,193
habil,08:30,34,LineaB:1077,832.3,193
habil,08:30,34,LineaB:1078,200.33,193
habil,08:30,34,LineaB:1079,228.47,193
habil,08:30,34,LineaB:1080,103.34,193
habil,08:30,34,LineaB:1081,793.24,193
habil,08:30,34,LineaB:1082,235.27,193
habil,08:30,34,LineaB:1083,291.98,193
habil,08:30,34,LineaB:1084,335.73,193
habil,08:30,34,LineaB:1085,248.21,193
habil,08:30,34,LineaB:1086,76.53,193
habil,08:30,34,LineaB:1087,88.51,193
habil,08:30,34,LineaB:1088,83.24,193
habil,08:30,34,LineaB:1089,134.71,193
habil,08:30,34,LineaB:1090,43.16,193
habil,08:30,34,LineaB:1091,117.54,193
habil,08:30,34,LineaB:1092,30.24,193
habil,08:30,34,LineaB:1093,173.53,193
habil,08:30,34,LineaC:1094,2672.58,193
habil,08:30,34,LineaC:1095,75.49,193
habil,08:30,34,LineaC:1096,80.5,193
habil,08:30,34,LineaC:1097,28.3,193
habil,08:30,34,LineaC:1098,17.68,193
habil,08:30,34,LineaC:1099,22.88,193
habil,08:30,34,LineaC:1100,19.61,193
habil,08:30,34,LineaC:1101,19.81,193
habil,08:30,34,LineaC:1102,424.39,193
habil,08:30,34,LineaD:1103,838.32,193
habil,08:30,34,LineaD:1104,278.84,193
habil,08:30,34,LineaD:1105,259.7,193
habil,08:30,34,LineaD:1106,247.31,193
habil,08:30,34,LineaD:1107,250.44,193
habil,08:30,34,LineaD:1108,273.69,193
habil,08:30,34,LineaD:1109,81.14,193
habil,08:30,34,LineaD:1110,234.48,193
habil,08:30,34,LineaD:1111,253.24,193
habil,08:30,34,LineaD:1112,108.14,193
habil,08:30,34,LineaD:1113,150.75,193
habil,08:30,34,LineaD:1114,135.52,193
habil,08:30,34,LineaD:1115,109.54,193
habil,08:30,34,LineaD:1116,65.92,193
habil,08:30,34,LineaD:1117,76.77,193
habil,08:30,34,LineaD:1118,108.09,193
habil,08:30,34,LineaE:1119,37.12,193
habil,08:30,34,LineaE:1120,34.26,193
habil,08:30,34,LineaE:1121,70.54,193
habil,08:30,34,LineaE:1122,55.15,193
habil,08:30,34,LineaE:1123,94.78,193
habil,08:30,34,LineaE:1124,79.95,193
habil,08:30,34,LineaE:1125,70.39,193
habil,08:30,34,LineaE:1126,122.44,193
habil,08:30,34,LineaE:1127,161.25,193
habil,08:30,34,LineaE:1128,194.89,193
habil,08:30,34,LineaE:1129,168.15,193
habil,08:30,34,LineaE:1130,180.22,193
habil,08:30,34,LineaE:1131,81.09,193
habil,08:30,34,LineaE:1132,88.88,193
habil,08:30,34,LineaE:1133,339.84,193
habil,08:30,34,LineaE:1164,75.83,193
habil,08:30,34,LineaE:1165,10.07,193
habil,08:30,34,LineaE:1166,30.34,193
habil,08:30,34,LineaH:1134,591.1,193
habil,08:30,34,LineaH:1135,276.02,193
habil,08:30,34,LineaH:1136,152.41,193
habil,08:30,34,LineaH:1137,151.25,193
habil,08:30,34,LineaH:1138,138.13,193
habil,08:30,34,LineaH:1139,163.44,193
habil,08:30,34,LineaH:1140,250.9,193
habil,08:30,34,LineaH:1141,63.61,193
habil,08:30,34,LineaH:1160,88.71,193
habil,08:30,34,LineaH:1161,122.49,193
habil,08:30,34,LineaH:1162,109.55,193
habil,08:30,34,LineaH:1163,50.21,193
habil,08:45,35,LineaA:1059,721.44,193
habil,08:45,35,LineaA:1060,293.36,193
habil,08:45,35,LineaA:1061,273.87,193
habil,08:45,35,LineaA:1062,174.87,193
habil,08:45,35,LineaA:1063,330.43,193
habil,08:45,35,LineaA:1064,322.51,193
habil,08:45,35,LineaA:1065,170.5,193
habil,08:45,35,LineaA:1066,195.51,193
habil,08:45,35,LineaA:1067,97.44,193
habil,08:45,35,LineaA:1068,324.33,193
habil,08:45,35,LineaA:1069,44.83,193
habil,08:45,35,LineaA:1070,42.68,193
habil,08:45,35,LineaA:1071,80.92,193
habil,08:45,35,LineaA:1072,69.58,193
habil,08:45,35,LineaA:1073,39.27,193
habil,08:45,35,LineaA:1074,32.94,193
habil,08:45,35,LineaA:1075,24.83,193
habil,08:45,35,LineaA:1076,103.48,193
habil,08:45,35,LineaB:1077,741.93,193
habil,08:45,35,LineaB:1078,155.67,193
habil,08:45,35,LineaB:1079,186.33,193
habil,08:45,35,LineaB:1080,78.52,193
habil,08:45,35,LineaB:1081,649.95,193
habil,08:45,35,LineaB:1082,208.2,193
habil,08:45,35,LineaB:1083,251.12,193
habil,08:45,35,LineaB:1084,284.99,193
habil,08:45,35,LineaB:1085,221.49,193
habil,08:45,35,LineaB:1086,67.39,193
habil,08:45,35,LineaB:1087,86.97,193
habil,08:45,35,LineaB:1088,79.67,193
habil,08:45,35,LineaB:1089,122.76,193
habil,08:45,35,LineaB:1090,43.78,193
habil,08:45,35,LineaB:1091,107.48,193
habil,08:45,35,LineaB:1092,29.42,193
habil,08:45,35,LineaB:1093,166.69,193
habil,08:45,35,LineaC:1094,2411.49,193
habil,08:45,35,LineaC:1095,69.66,193
habil,08:45,35,LineaC:1096,74.09,193
habil,08:45,35,LineaC:1097,26.25,193
habil,08:45,35,LineaC:1098,18.48,193
habil,08:45,35,LineaC:1099,24.63,193
habil,08:45,35,LineaC:1100,21.69,193
habil,08:45,35,LineaC:1101,21.32,193
habil,08:45,35,LineaC:1102,452.1,193
habil,08:45,35,LineaD:1103,674.31,193
habil,08:45,35,LineaD:1104,243.68,193
habil,08:45,35,LineaD:1105,212.83,193
habil,08:45,35,LineaD:1106,202.63,193
habil,08:45,35,LineaD:1107,218.51,193
habil,08:45,35,LineaD:1108,239.7,193
habil,08:45,35,LineaD:1109,72.59,193
habil,08:45,35,LineaD:1110,212.59,193
habil,08:45,35,LineaD:1111,217.66,193
habil,08:45,35,LineaD:1112,100.38,193
habil,08:45,35,LineaD:1113,138.52,193
habil,08:45,35,LineaD:1114,154.26,193
habil,08:45,35,LineaD:1115,97.94,193
habil,08:45,35,LineaD:1116,62.51,193
habil,08:45,35,LineaD:1117,61.27,193
habil,08:45,35,LineaD:1118,100.91,193
habil,08:45,35,LineaE:1119,34.94,193
habil,08:45,35,LineaE:1120,31.04,193
habil,08:45,35,LineaE:1121,74.78,193
habil,08:45,35,LineaE:1122,47.05,193
habil,08:45,35,LineaE:1123,80.45,193
habil,08:45,35,LineaE:1124,66.21,193
habil,08:45,35,LineaE:1125,58.08,193
habil,08:45,35,LineaE:1126,107.59,193
habil,08:45,35,LineaE:1127,128.33,193
habil,08:45,35,LineaE:1128,163.43,193
habil,08:45,35,LineaE:1129,138.36,193
habil,08:45,35,LineaE:1130,151.18,193
habil,08:45,35,LineaE:1131,65.51,193
habil,08:45,35,LineaE:1132,74.92,193
habil,08:45,35,LineaE:1133,274.84,193
habil,08:45,35,LineaE:1164,75.59,193
habil,08:45,35,LineaE:1165,9.91,193
habil,08:45,35,LineaE:1166,30.79,193
habil,08:45,35,LineaH:1134,461.26,193
habil,08:45,35,LineaH:1135,219.73,193
habil,08:45,35,LineaH:1136,130.97,193
habil,08:45,35,LineaH:1137,109.66,193
habil,08:45,35,LineaH:1138,115.35,193
habil,08:45,35,LineaH:1139,135.33,193
habil,08:45,35,LineaH:1140,246.91,193
habil,08:45,35,LineaH:1141,54.44,193
habil,08:45,35,LineaH:1160,74.55,193
habil,08:45,35,LineaH:1161,103.67,193
habil,08:45,35,LineaH:1162,94.33,193
habil,08:45,35,LineaH:1163,21.22,193
habil,09:00,36,LineaA:1059,641.37,193
habil,09:00,36,LineaA:1060,286.78,193
habil,09:00,36,LineaA:1061,255.93,193
habil,09:00,36,LineaA:1062,159.85,193
habil,09:00,36,LineaA:1063,316.59,193
habil,09:00,36,LineaA:1064,293.6,193
habil,09:00,36,LineaA:1065,160.95,193
habil,09:00,36,LineaA:1066,169.01,193
habil,09:00,36,LineaA:1067,79.63,193
habil,09:00,36,LineaA:1068,235.97,193
habil,09:00,36,LineaA:1069,39.35,193
habil,09:00,36,LineaA:1070,36.09,193
habil,09:00,36,LineaA:1071,76.27,193
habil,09:00,36,LineaA:1072,60.55,193
habil,09:00,36,LineaA:1073,35.67,193
habil,09:00,36,LineaA:1074,29.3,193
habil,09:00,36,LineaA:1075,22.92,193
habil,09:00,36,LineaA:1076,106.53,193
habil,09:00,36,LineaB:1077,644.25,193
habil,09:00,36,LineaB:1078,150.69,193
habil,09:00,36,LineaB:1079,174.47,193
habil,09:00,36,LineaB:1080,81.71,193
habil,09:00,36,LineaB:1081,682.63,193
habil,09:00,36,LineaB:1082,171.67,193
habil,09:00,36,LineaB:1083,244.22,193
habil,09:00,36,LineaB:1084,271.97,193
habil,09:00,36,LineaB:1085,193.32,193
habil,09:00,36,LineaB:1086,57.27,193
habil,09:00,36,LineaB:1087,72.94,193
habil,09:00,36,LineaB:1088,76.06,193
habil,09:00,36,LineaB:1089,114.97,193
habil,09:00,36,LineaB:1090,40.24,193
habil,09:00,36,LineaB:1091,102.48,193
habil,09:00,36,LineaB:1092,30.69,193
habil,09:00,36,LineaB:1093,151.36,193
habil,09:00,36,LineaC:1094,2158.24,193
habil,09:00,36,LineaC:1095,65.79,193
habil,09:00,36,LineaC:1096,65.79,193
habil,09:00,36,LineaC:1097,24.57,193
habil,09:00,36,LineaC:1098,21.16,193
habil,09:00,36,LineaC:1099,24.75,193
habil,09:00,36,LineaC:1100,19.83,193
habil,09:00,36,LineaC:1101,20.87,193
habil,09:00,36,LineaC:1102,399.4,193
habil,09:00,36,LineaD:1103,649.95,193
habil,09:00,36,LineaD:1104,233.52,193
habil,09:00,36,LineaD:1105,200.26,193
habil,09:00,36,LineaD:1106,187.94,193
habil,09:00,36,LineaD:1107,196.22,193
habil,09:00,36,LineaD:1108,219.59,193
habil,09:00,36,LineaD:1109,68.06,193
habil,09:00,36,LineaD:1110,186.51,193
habil,09:00,36,LineaD:1111,201.36,193
habil,09:00,36,LineaD:1112,85.66,193
habil,09:00,36,LineaD:1113,130.89,193
habil,09:00,36,LineaD:1114,153.24,193
habil,09:00,36,LineaD:1115,101.89,193
habil,09:00,36,LineaD:1116,65.19,193
habil,09:00,36,LineaD:1117,55.45,193
habil,09:00,36,LineaD:1118,99.96,193
habil,09:00,36,LineaE:1119,36.08,193
habil,09:00,36,LineaE:1120,29.01,193
habil,09:00,36,LineaE:1121,74.37,193
habil,09:00,36,LineaE:1122,42.6,193
habil,09:00,36,LineaE:1123,68.35,193
habil,09:00,36,LineaE:1124,55.84,193
habil,09:00,36,LineaE:1125,47.03,193
habil,09:00,36,LineaE:1126,85.79,193
habil,09:00,36,LineaE:1127,119.42,193
habil,09:00,36,LineaE:1128,138.87,193
habil,09:00,36,LineaE:1129,127.99,193
habil,09:00,36,LineaE:1130,137.99,193
habil,09:00,36,LineaE:1131,63.9,193
habil,09:00,36,LineaE:1132,73.71,193
habil,09:00,36,LineaE:1133,247.54,193
habil,09:00,36,LineaE:1164,67.49,193
habil,09:00,36,LineaE:1165,11.04,193
habil,09:00,36,LineaE:1166,32.74,193
habil,09:00,36,LineaH:1134,401.94,193
habil,09:00,36,LineaH:1135,194.83,193
habil,09:00,36,LineaH:1136,111.28,193
habil,09:00,36,LineaH:1137,92.32,193
habil,09:00,36,LineaH:1138,100.12,193
habil,09:00,36,LineaH:1139,113.72,193
habil,09:00,36,LineaH:1140,190.14,193
habil,09:00,36,LineaH:1141,45.95,193
habil,09:00,36,LineaH:1160,65.18,193
habil,09:00,36,LineaH:1161,91.13,193
habil,09:00,36,LineaH:1162,82.09,193
habil,09:00,36,LineaH:1163,20.49,193
habil,09:15,37,LineaA:1059,628.08,193
habil,09:15,37,LineaA:1060,277.29,193
habil,09:15,37,LineaA:1061,264.84,193
habil,09:15,37,LineaA:1062,159.02,193
habil,09:15,37,LineaA:1063,308.56,193
habil,09:15,37,LineaA:1064,287.78,193
habil,09:15,37,LineaA:1065,150.59,193
habil,09:15,37,LineaA:1066,177.59,193
habil,09:15,37,LineaA:1067,81.74,193
habil,09:15,37,LineaA:1068,246.05,193
habil,09:15,37,LineaA:1069,43.3,193
habil,09:15,37,LineaA:1070,35.65,193
habil,09:15,37,LineaA:1071,82.13,193
habil,09:15,37,LineaA:1072,66.42,193
habil,09:15,37,LineaA:1073,37.93,193
habil,09:15,37,LineaA:1074,31.32,193
habil,09:15,37,LineaA:1075,28.77,193
habil,09:15,37,LineaA:1076,112.97,193
habil,09:15,37,LineaB:1077,635.09,193
habil,09:15,37,LineaB:1078,148.22,193
habil,09:15,37,LineaB:1079,178.25,193
habil,09:15,37,LineaB:1080,85.64,193
habil,09:15,37,LineaB:1081,581.08,193
habil,09:15,37,LineaB:1082,193.9,193
habil,09:15,37,LineaB:1083,248.12,193
habil,09:15,37,LineaB:1084,269.56,193
habil,09:15,37,LineaB:1085,205.63,193
habil,09:15,37,LineaB:1086,58.15,193
habil,09:15,37,LineaB:1087,81.62,193
habil,09:15,37,LineaB:1088,77.34,193
habil,09:15,37,LineaB:1089,119.15,193
habil,09:15,37,LineaB:1090,42.11,193
habil,09:15,37,LineaB:1091,106.44,193
habil,09:15,37,LineaB:1092,35.44,193
habil,09:15,37,LineaB:1093,152.06,193
habil,09:15,37,LineaC:1094,1857.97,193
habil,09:15,37,LineaC:1095,72.91,193
habil,09:15,37,LineaC:1096,69.47,193
habil,09:15,37,LineaC:1097,29.28,193
habil,09:15,37,LineaC:1098,23.23,193
habil,09:15,37,LineaC:1099,25.03,193
habil,09:15,37,LineaC:1100,20.04,193
habil,09:15,37,LineaC:1101,20.22,193
habil,09:15,37,LineaC:1102,393.59,193
habil,09:15,37,LineaD:1103,634.05,193
habil,09:15,37,LineaD:1104,242.53,193
habil,09:15,37,LineaD:1105,205.76,193
habil,09:15,37,LineaD:1106,194.69,193
habil,09:15,37,LineaD:1107,186.19,193
habil,09:15,37,LineaD:1108,217.48,193
habil,09:15,37,LineaD:1109,66.04,193
habil,09:15,37,LineaD:1110,185.74,193
habil,09:15,37,LineaD:1111,209.61,193
habil,09:15,37,LineaD:1112,84.78,193
habil,09:15,37,LineaD:1113,131.24,193
habil,09:15,37,LineaD:1114,126.48,193
habil,09:15,37,LineaD:1115,109.99,193
habil,09:15,37,LineaD:1116,71.59,193
habil,09:15,37,LineaD:1117,57.75,193
habil,09:15,37,LineaD:1118,109.61,193
habil,09:15,37,LineaE:1119,40.91,193
habil,09:15,37,LineaE:1120,26.98,193
habil,09:15,37,LineaE:1121,81.25,193
habil,09:15,37,LineaE:1122,37.76,193
habil,09:15,37,LineaE:1123,66.9,193
habil,09:15,37,LineaE:1124,52.97,193
habil,09:15,37,LineaE:1125,44.1,193
habil,09:15,37,LineaE:1126,81.01,193
habil,09:15,37,LineaE:1127,117.55,193
habil,09:15,37,LineaE:1128,145.58,193
habil,09:15,37,LineaE:1129,125.91,193
habil,09:15,37,LineaE:1130,135.31,193
habil,09:15,37,LineaE:1131,64.08,193
habil,09:15,37,LineaE:1132,65.13,193
habil,09:15,37,LineaE:1133,234.63,193
habil,09:15,37,LineaE:1164,64.83,193
habil,09:15,37,LineaE:1165,11.85,193
habil,09:15,37,LineaE:1166,42.51,193
habil,09:15,37,LineaH:1134,379.16,193
habil,09:15,37,LineaH:1135,182.31,193
habil,09:15,37,LineaH:1136,104.67,193
habil,09:15,37,LineaH:1137,97.27,193
habil,09:15,37,LineaH:1138,97.56,193
habil,09:15,37,LineaH:1139,119.4,193
habil,09:15,37,LineaH:1140,197.74,193
habil,09:15,37,LineaH:1141,43.99,193
habil,09:15,37,LineaH:1160,62.71,193
habil,09:15,37,LineaH:1161,93.32,193
habil,09:15,37,LineaH:1162,90.14,193
habil,09:15,37,LineaH:1163,27.49,193
habil,09:30,38,LineaA:1059,531.48,193
habil,09:30,38,LineaA:1060,239.95,193
habil,09:30,38,LineaA:1061,222.75,193
habil,09:30,38,LineaA:1062,134.67,193
habil,09:30,38,LineaA:1063,279.85,193
habil,09:30,38,LineaA:1064,273.09,193
habil,09:30,38,LineaA:1065,145.12,193
habil,09:30,38,LineaA:1066,175.58,193
habil,09:30,38,LineaA:1067,88.72,193
habil,09:30,38,LineaA:1068,218.95,193
habil,09:30,38,LineaA:1069,45.46,193
habil,09:30,38,LineaA:1070,43.36,193
habil,09:30,38,LineaA:1071,90.67,193
habil,09:30,38,LineaA:1072,72.94,193
habil,09:30,38,LineaA:1073,39.61,193
habil,09:30,38,LineaA:1074,35.82,193
habil,09:30,38,LineaA:1075,31.81,193
habil,09:30,38,LineaA:1076,120.02,193
habil,09:30,38,LineaB:1077,471.2,193
habil,09:30,38,LineaB:1078,117.06,193
habil,09:30,38,LineaB:1079,152.86,193
habil,09:30,38,LineaB:1080,72.93,193
habil,09:30,38,LineaB:1081,482.42,193
habil,09:30,38,LineaB:1082,176.75,193
habil,09:30,38,LineaB:1083,242.2,193
habil,09:30,38,LineaB:1084,260.1,193
habil,09:30,38,LineaB:1085,217.15,193
habil,09:30,38,LineaB:1086,60.38,193
habil,09:30,38,LineaB:1087,84.25,193
habil,09:30,38,LineaB:1088,89.02,193
habil,09:30,38,LineaB:1089,124.67,193
habil,09:30,38,LineaB:1090,45.91,193
habil,09:30,38,LineaB:1091,112.16,193
habil,09:30,38,LineaB:1092,38.34,193
habil,09:30,38,LineaB:1093,150.15,193
habil,09:30,38,LineaC:1094,1491.61,193
habil,09:30,38,LineaC:1095,61.4,193
habil,09:30,38,LineaC:1096,63.81,193
habil,09:30,38,LineaC:1097,29.94,193
habil,09:30,38,LineaC:1098,24.16,193
habil,09:30,38,LineaC:1099,22.99,193
habil,09:30,38,LineaC:1100,20.04,193
habil,09:30,38,LineaC:1101,20.69,193
habil,09:30,38,LineaC:1102,351.85,193
habil,09:30,38,LineaD:1103,537.56,193
habil,09:30,38,LineaD:1104,219.14,193
habil,09:30,38,LineaD:1105,180.68,193
habil,09:30,38,LineaD:1106,181.7,193
habil,09:30,38,LineaD:1107,210.01,193
habil,09:30,38,LineaD:1108,218.98,193
habil,09:30,38,LineaD:1109,64.47,193
habil,09:30,38,LineaD:1110,186.36,193
habil,09:30,38,LineaD:1111,214.48,193
habil,09:30,38,LineaD:1112,87.56,193
habil,09:30,38,LineaD:1113,136.78,193
habil,09:30,38,LineaD:1114,146.75,193
habil,09:30,38,LineaD:1115,115.2,193
habil,09:30,38,LineaD:1116,77.16,193
habil,09:30,38,LineaD:1117,57.92,193
habil,09:30,38,LineaD:1118,107.47,193
habil,09:30,38,LineaE:1119,41.02,193
habil,09:30,38,LineaE:1120,27.27,193
habil,09:30,38,LineaE:1121,94.12,193
habil,09:30,38,LineaE:1122,37.67,193
habil,09:30,38,LineaE:1123,71.15,193
habil,09:30,38,LineaE:1124,52.62,193
habil,09:30,38,LineaE:1125,42.73,193
habil,09:30,38,LineaE:1126,77.62,193
habil,09:30,38,LineaE:1127,101.26,193
habil,09:30,38,LineaE:1128,120.21,193
habil,09:30,38,LineaE:1129,103.96,193
habil,09:30,38,LineaE:1130,109.02,193
habil,09:30,38,LineaE:1131,48.9,193
habil,09:30,38,LineaE:1132,53.9,193
habil,09:30,38,LineaE:1133,181.87,193
habil,09:30,38,LineaE:1164,59.46,193
habil,09:30,38,LineaE:1165,12.06,193
habil,09:30,38,LineaE:1166,32.11,193
habil,09:30,38,LineaH:1134,303.76,193
habil,09:30,38,LineaH:1135,163.02,193
habil,09:30,38,LineaH:1136,98.38,193
habil,09:30,38,LineaH:1137,92.91,193
habil,09:30,38,LineaH:1138,102.69,193
habil,09:30,38,LineaH:1139,128.76,193
habil,09:30,38,LineaH:1140,195.08,193
habil,09:30,38,LineaH:1141,50.74,193
habil,09:30,38,LineaH:1160,70.17,193
habil,09:30,38,LineaH:1161,102.28,193
habil,09:30,38,LineaH:1162,102.84,193
habil,09:30,38,LineaH:1163,40.05,193
habil,09:45,39,LineaA:1059,405.99,193
habil,09:45,39,LineaA:1060,184.04,193
habil,09:45,39,LineaA:1061,170.11,193
habil,09:45,39,LineaA:1062,103.62,193
habil,09:45,39,LineaA:1063,217.7,193
habil,09:45,39,LineaA:1064,224.97,193
habil,09:45,39,LineaA:1065,109.23,193
habil,09:45,39,LineaA:1066,141.35,193
habil,09:45,39,LineaA:1067,78.55,193
habil,09:45,39,LineaA:1068,209.21,193
habil,09:45,39,LineaA:1069,45.24,193
habil,09:45,39,LineaA:1070,42.37,193
habil,09:45,39,LineaA:1071,87.67,193
habil,09:45,39,LineaA:1072,66.39,193
habil,09:45,39,LineaA:1073,39.53,193
habil,09:45,39,LineaA:1074,34.93,193
habil,09:45,39,LineaA:1075,32.3,193
habil,09:45,39,LineaA:1076,108.36,193
habil,09:45,39,LineaB:1077,372.04,193
habil,09:45,39,LineaB:1078,87.06,193
habil,09:45,39,LineaB:1079,127.81,193
habil,09:45,39,LineaB:1080,60.78,193
habil,09:45,39,LineaB:1081,461.01,193
habil,09:45,39,LineaB:1082,159.14,193
habil,09:45,39,LineaB:1083,204.7,193
habil,09:45,39,LineaB:1084,203.92,193
habil,09:45,39,LineaB:1085,193.9,193
habil,09:45,39,LineaB:1086,55.8,193
habil,09:45,39,LineaB:1087,84.43,193
habil,09:45,39,LineaB:1088,95.42,193
habil,09:45,39,LineaB:1089,120.82,193
habil,09:45,39,LineaB:1090,46.87,193
habil,09:45,39,LineaB:1091,103.1,193
habil,09:45,39,LineaB:1092,42.72,193
habil,09:45,39,LineaB:1093,117.68,193
habil,09:45,39,LineaC:1094,1338.13,193
habil,09:45,39,LineaC:1095,57.44,193
habil,09:45,39,LineaC:1096,57.88,193
habil,09:45,39,LineaC:1097,28.15,193
habil,09:45,39,LineaC:1098,25.45,193
habil,09:45,39,LineaC:1099,22.61,193
habil,09:45,39,LineaC:1100,21.74,193
habil,09:45,39,LineaC:1101,19.56,193
habil,09:45,39,LineaC:1102,324.71,193
habil,09:45,39,LineaD:1103,420.72,193
habil,09:45,39,LineaD:1104,179.76,193
habil,09:45,39,LineaD:1105,143.67,193
habil,09:45,39,LineaD:1106,142.92,193
habil,09:45,39,LineaD:1107,158.48,193
habil,09:45,39,LineaD:1108,193.69,193
habil,09:45,39,LineaD:1109,55.75,193
habil,09:45,39,LineaD:1110,150.35,193
habil,09:45,39,LineaD:1111,174.03,193
habil,09:45,39,LineaD:1112,72.28,193
habil,09:45,39,LineaD:1113,119.88,193
habil,09:45,39,LineaD:1114,159.3,193
habil,09:45,39,LineaD:1115,110.6,193
habil,09:45,39,LineaD:1116,74.74,193
habil,09:45,39,LineaD:1117,50.45,193
habil,09:45,39,LineaD:1118,95.5,193
habil,09:45,39,LineaE:1119,39.44,193
habil,09:45,39,LineaE:1120,25.77,193
habil,09:45,39,LineaE:1121,100.69,193
habil,09:45,39,LineaE:1122,30.48,193
habil,09:45,39,LineaE:1123,55.44,193
habil,09:45,39,LineaE:1124,42.91,193
habil,09:45,39,LineaE:1125,36.68,193
habil,09:45,39,LineaE:1126,57.99,193
habil,09:45,39,LineaE:1127,77.67,193
habil,09:45,39,LineaE:1128,86.7,193
habil,09:45,39,LineaE:1129,78.39,193
habil,09:45,39,LineaE:1130,78.02,193
habil,09:45,39,LineaE:1131,36.7,193
habil,09:45,39,LineaE:1132,44.45,193
habil,09:45,39,LineaE:1133,145.87,193
habil,09:45,39,LineaE:1164,49.45,193
habil,09:45,39,LineaE:1165,12.07,193
habil,09:45,39,LineaE:1166,28.9,193
habil,09:45,39,LineaH:1134,235.12,193
habil,09:45,39,LineaH:1135,128.07,193
habil,09:45,39,LineaH:1136,77.92,193
habil,09:45,39,LineaH:1137,79.43,193
habil,09:45,39,LineaH:1138,79.13,193
habil,09:45,39,LineaH:1139,105.7,193
habil,09:45,39,LineaH:1140,178.22,193
habil,09:45,39,LineaH:1141,50.25,193
habil,09:45,39,LineaH:1160,66.47,193
habil,09:45,39,LineaH:1161,94.64,193
habil,09:45,39,LineaH:1162,89.68,193
habil,09:45,39,LineaH:1163,75.06,193
habil,10:00,40,LineaA:1059,351.54,193
habil,10:00,40,LineaA:1060,164.37,193
habil,10:00,40,LineaA:1061,145.46,193
habil,10:00,40,LineaA:1062,90.45,193
habil,10:00,40,LineaA:1063,188.78,193
habil,10:00,40,LineaA:1064,191.78,193
habil,10:00,40,LineaA:1065,97.8,193
habil,10:00,40,LineaA:1066,117.8,193
habil,10:00,40,LineaA:1067,69.42,193
habil,10:00,40,LineaA:1068,183.42,193
habil,10:00,40,LineaA:1069,46.54,193
habil,10:00,40,LineaA:1070,35.04,193
habil,10:00,40,LineaA:1071,79.66,193
habil,10:00,40,LineaA:1072,65.75,193
habil,10:00,40,LineaA:1073,40.4,193
habil,10:00,40,LineaA:1074,34.93,193
habil,10:00,40,LineaA:1075,35.02,193
habil,10:00,40,LineaA:1076,106.81,193
habil,10:00,40,LineaB:1077,343.01,193
habil,10:00,40,LineaB:1078,79.59,193
habil,10:00,40,LineaB:1079,116.94,193
habil,10:00,40,LineaB:1080,60.05,193
habil,10:00,40,LineaB:1081,335.91,193
habil,10:00,40,LineaB:1082,126.06,193
habil,10:00,40,LineaB:1083,175.51,193
habil,10:00,40,LineaB:1084,170.67,193
habil,10:00,40,LineaB:1085,169.15,193
habil,10:00,40,LineaB:1086,53.59,193
habil,10:00,40,LineaB:1087,79.28,193
habil,10:00,40,LineaB:1088,95.04,193
habil,10:00,40,LineaB:1089,125.18,193
habil,10:00,40,LineaB:1090,50.0,193
habil,10:00,40,LineaB:1091,103.37,193
habil,10:00,40,LineaB:1092,49.42,193
habil,10:00,40,LineaB:1093,107.52,193
habil,10:00,40,LineaC:1094,1077.65,193
habil,10:00,40,LineaC:1095,54.73,193
habil,10:00,40,LineaC:1096,50.25,193
habil,10:00,40,LineaC:1097,30.39,193
habil,10:00,40,LineaC:1098,25.37,193
habil,10:00,40,LineaC:1099,24.74,193
habil,10:00,40,LineaC:1100,24.97,193
habil,10:00,40,LineaC:1101,22.02,193
habil,10:00,40,LineaC:1102,286.96,193
habil,10:00,40,LineaD:1103,379.51,193
habil,10:00,40,LineaD:1104,166.31,193
habil,10:00,40,LineaD:1105,130.21,193
habil,10:00,40,LineaD:1106,129.73,193
habil,10:00,40,LineaD:1107,134.3,193
habil,10:00,40,LineaD:1108,158.81,193
habil,10:00,40,LineaD:1109,50.57,193
habil,10:00,40,LineaD:1110,129.8,193
habil,10:00,40,LineaD:1111,147.59,193
habil,10:00,40,LineaD:1112,61.23,193
habil,10:00,40,LineaD:1113,101.73,193
habil,10:00,40,LineaD:1114,160.63,193
habil,10:00,40,LineaD:1115,112.2,193
habil,10:00,40,LineaD:1116,80.19,193
habil,10:00,40,LineaD:1117,51.6,193
habil,10:00,40,LineaD:1118,101.21,193
habil,10:00,40,LineaE:1119,40.5,193
habil,10:00,40,LineaE:1120,26.78,193
habil,10:00,40,LineaE:1121,106.34,193
habil,10:00,40,LineaE:1122,29.9,193
habil,10:00,40,LineaE:1123,50.68,193
habil,10:00,40,LineaE:1124,36.1,193
habil,10:00,40,LineaE:1125,32.68,193
habil,10:00,40,LineaE:1126,50.25,193
habil,10:00,40,LineaE:1127,63.85,193
habil,10:00,40,LineaE:1128,75.94,193
habil,10:00,40,LineaE:1129,64.55,193
habil,10:00,40,LineaE:1130,68.76,193
habil,10:00,40,LineaE:1131,31.1,193
habil,10:00,40,LineaE:1132,40.52,193
habil,10:00,40,LineaE:1133,131.9,193
habil,10:00,40,LineaE:1164,48.77,193
habil,10:00,40,LineaE:1165,13.4,193
habil,10:00,40,LineaE:1166,28.4,193
habil,10:00,40,LineaH:1134,185.84,193
habil,10:00,40,LineaH:1135,120.85,193
habil,10:00,40,LineaH:1136,73.22,193
habil,10:00,40,LineaH:1137,67.81,193
habil,10:00,40,LineaH:1138,73.02,193
habil,10:00,40,LineaH:1139,84.98,193
habil,10:00,40,LineaH:1140,156.52,193
habil,10:00,40,LineaH:1141,44.21,193
habil,10:00,40,LineaH:1160,65.17,193
habil,10:00,40,LineaH:1161,92.97,193
habil,10:00,40,LineaH:1162,94.43,193
habil,10:00,40,LineaH:1163,145.25,193
habil,10:15,41,LineaA:1059,335.78,193
habil,10:15,41,LineaA:1060,161.08,193
habil,10:15,41,LineaA:1061,139.23,193
habil,10:15,41,LineaA:1062,88.76,193
habil,10:15,41,LineaA:1063,176.6,193
habil,10:15,41,LineaA:1064,183.91,193
habil,10:15,41,LineaA:1065,96.73,193
habil,10:15,41,LineaA:1066,116.42,193
habil,10:15,41,LineaA:1067,64.81,193
habil,10:15,41,LineaA:1068,168.33,193
habil,10:15,41,LineaA:1069,48.47,193
habil,10:15,41,LineaA:1070,34.61,193
habil,10:15,41,LineaA:1071,81.9,193
habil,10:15,41,LineaA:1072,72.4,193
habil,10:15,41,LineaA:1073,42.13,193
habil,10:15,41,LineaA:1074,37.95,193
habil,10:15,41,LineaA:1075,41.63,193
habil,10:15,41,LineaA:1076,108.53,193
habil,10:15,41,LineaB:1077,334.35,193
habil,10:15,41,LineaB:1078,74.37,193
habil,10:15,41,LineaB:1079,115.15,193
habil,10:15,41,LineaB:1080,56.21,193
habil,10:15,41,LineaB:1081,374.5,193
habil,10:15,41,LineaB:1082,140.85,193
habil,10:15,41,LineaB:1083,170.75,193
habil,10:15,41,LineaB:1084,166.1,193
habil,10:15,41,LineaB:1085,168.75,193
habil,10:15,41,LineaB:1086,55.85,193
habil,10:15,41,LineaB:1087,84.17,193
habil,10:15,41,LineaB:1088,102.91,193
habil,10:15,41,LineaB:1089,132.05,193
habil,10:15,41,LineaB:1090,56.88,193
habil,10:15,41,LineaB:1091,115.13,193
habil,10:15,41,LineaB:1092,65.83,193
habil,10:15,41,LineaB:1093,109.5,193
habil,10:15,41,LineaC:1094,957.51,193
habil,10:15,41,LineaC:1095,52.98,193
habil,10:15,41,LineaC:1096,49.1,193
habil,10:15,41,LineaC:1097,32.21,193
habil,10:15,41,LineaC:1098,27.45,193
habil,10:15,41,LineaC:1099,28.02,193
habil,10:15,41,LineaC:1100,27.09,193
habil,10:15,41,LineaC:1101,24.4,193
habil,10:15,41,LineaC:1102,232.6,193
habil,10:15,41,LineaD:1103,359.05,193
habil,10:15,41,LineaD:1104,168.78,193
habil,10:15,41,LineaD:1105,130.35,193
habil,10:15,41,LineaD:1106,131.2,193
habil,10:15,41,LineaD:1107,133.07,193
habil,10:15,41,LineaD:1108,170.32,193
habil,10:15,41,LineaD:1109,50.5,193
habil,10:15,41,LineaD:1110,124.15,193
habil,10:15,41,LineaD:1111,150.83,193
habil,10:15,41,LineaD:1112,59.03,193
habil,10:15,41,LineaD:1113,99.61,193
habil,10:15,41,LineaD:1114,171.58,193
habil,10:15,41,LineaD:1115,117.53,193
habil,10:15,41,LineaD:1116,91.63,193
habil,10:15,41,LineaD:1117,56.99,193
habil,10:15,41,LineaD:1118,114.81,193
habil,10:15,41,LineaE:1119,50.26,193
habil,10:15,41,LineaE:1120,27.89,193
habil,10:15,41,LineaE:1121,102.98,193
habil,10:15,41,LineaE:1122,29.39,193
habil,10:15,41,LineaE:1123,49.86,193
habil,10:15,41,LineaE:1124,34.07,193
habil,10:15,41,LineaE:1125,31.61,193
habil,10:15,41,LineaE:1126,48.79,193
habil,10:15,41,LineaE:1127,63.43,193
habil,10:15,41,LineaE:1128,69.69,193
habil,10:15,41,LineaE:1129,58.91,193
habil,10:15,41,LineaE:1130,62.22,193
habil,10:15,41,LineaE:1131,30.1,193
habil,10:15,41,LineaE:1132,36.79,193
habil,10:15,41,LineaE:1133,120.13,193
habil,10:15,41,LineaE:1164,41.02,193
habil,10:15,41,LineaE:1165,14.54,193
habil,10:15,41,LineaE:1166,33.78,193
habil,10:15,41,LineaH:1134,186.92,193
habil,10:15,41,LineaH:1135,111.47,193
habil,10:15,41,LineaH:1136,71.74,193
habil,10:15,41,LineaH:1137,64.82,193
habil,10:15,41,LineaH:1138,70.13,193
habil,10:15,41,LineaH:1139,87.49,193
habil,10:15,41,LineaH:1140,148.56,193
habil,10:15,41,LineaH:1141,45.83,193
habil,10:15,41,LineaH:1160,68.15,193
habil,10:15,41,LineaH:1161,97.79,193
habil,10:15,41,LineaH:1162,86.42,193
habil,10:15,41,LineaH:1163,46.94,193
habil,10:30,42,LineaA:1059,307.74,193
habil,10:30,42,LineaA:1060,151.95,193
habil,10:30,42,LineaA:1061,127.72,193
habil,10:30,42,LineaA:1062,82.26,193
habil,10:30,42,LineaA:1063,162.83,193
habil,10:30,42,LineaA:1064,173.75,193
habil,10:30,42,LineaA:1065,93.22,193
habil,10:30,42,LineaA:1066,120.01,193
habil,10:30,42,LineaA:1067,63.29,193
habil,10:30,42,LineaA:1068,159.14,193
habil,10:30,42,LineaA:1069,51.01,193
habil,10:30,42,LineaA:1070,33.69,193
habil,10:30,42,LineaA:1071,85.7,193
habil,10:30,42,LineaA:1072,76.23,193
habil,10:30,42,LineaA:1073,44.24,193
habil,10:30,42,LineaA:1074,40.15,193
habil,10:30,42,LineaA:1075,45.16,193
habil,10:30,42,LineaA:1076,104.19,193
habil,10:30,42,LineaB:1077,271.8,193
habil,10:30,42,LineaB:1078,66.77,193
habil,10:30,42,LineaB:1079,106.03,193
habil,10:30,42,LineaB:1080,53.79,193
habil,10:30,42,LineaB:1081,287.4,193
habil,10:30,42,LineaB:1082,115.83,193
habil,10:30,42,LineaB:1083,168.68,193
habil,10:30,42,LineaB:1084,167.29,193
habil,10:30,42,LineaB:1085,167.81,193
habil,10:30,42,LineaB:1086,59.87,193
habil,10:30,42,LineaB:1087,90.79,193
habil,10:30,42,LineaB:1088,113.97,193
habil,10:30,42,LineaB:1089,142.7,193
habil,10:30,42,LineaB:1090,63.58,193
habil,10:30,42,LineaB:1091,123.58,193
habil,10:30,42,LineaB:1092,74.11,193
habil,10:30,42,LineaB:1093,107.82,193
habil,10:30,42,LineaC:1094,829.59,193
habil,10:30,42,LineaC:1095,52.49,193
habil,10:30,42,LineaC:1096,48.19,193
habil,10:30,42,LineaC:1097,34.3,193
habil,10:30,42,LineaC:1098,29.69,193
habil,10:30,42,LineaC:1099,28.78,193
habil,10:30,42,LineaC:1100,30.67,193
habil,10:30,42,LineaC:1101,25.84,193
habil,10:30,42,LineaC:1102,234.69,193
habil,10:30,42,LineaD:1103,314.72,193
habil,10:30,42,LineaD:1104,155.4,193
habil,10:30,42,LineaD:1105,124.48,193
habil,10:30,42,LineaD:1106,122.99,193
habil,10:30,42,LineaD:1107,127.0,193
habil,10:30,42,LineaD:1108,143.65,193
habil,10:30,42,LineaD:1109,50.73,193
habil,10:30,42,LineaD:1110,124.18,193
habil,10:30,42,LineaD:1111,155.37,193
habil,10:30,42,LineaD:1112,58.87,193
habil,10:30,42,LineaD:1113,97.41,193
habil,10:30,42,LineaD:1114,188.29,193
habil,10:30,42,LineaD:1115,124.93,193
habil,10:30,42,LineaD:1116,94.54,193
habil,10:30,42,LineaD:1117,55.64,193
habil,10:30,42,LineaD:1118,125.9,193
habil,10:30,42,LineaE:1119,52.09,193
habil,10:30,42,LineaE:1120,28.24,193
habil,10:30,42,LineaE:1121,101.11,193
habil,10:30,42,LineaE:1122,29.52,193
habil,10:30,42,LineaE:1123,48.8,193
habil,10:30,42,LineaE:1124,34.82,193
habil,10:30,42,LineaE:1125,31.17,193
habil,10:30,42,LineaE:1126,47.5,193
habil,10:30,42,LineaE:1127,63.0,193
habil,10:30,42,LineaE:1128,62.84,193
habil,10:30,42,LineaE:1129,53.1,193
habil,10:30,42,LineaE:1130,54.8,193
habil,10:30,42,LineaE:1131,23.86,193
habil,10:30,42,LineaE:1132,34.32,193
habil,10:30,42,LineaE:1133,105.83,193
habil,10:30,42,LineaE:1164,44.21,193
habil,10:30,42,LineaE:1165,16.33,193
habil,10:30,42,LineaE:1166,41.43,193
habil,10:30,42,LineaH:1134,164.15,193
habil,10:30,42,LineaH:1135,100.38,193
habil,10:30,42,LineaH:1136,69.75,193
habil,10:30,42,LineaH:1137,61.65,193
habil,10:30,42,LineaH:1138,68.13,193
habil,10:30,42,LineaH:1139,91.17,193
habil,10:30,42,LineaH:1140,142.87,193
habil,10:30,42,LineaH:1141,47.92,193
habil,10:30,42,LineaH:1160,73.49,193
habil,10:30,42,LineaH:1161,104.86,193
habil,10:30,42,LineaH:1162,89.09,193
habil,10:30,42,LineaH:1163,34.01,193
habil,10:45,43,LineaA:1059,287.04,193
habil,10:45,43,LineaA:1060,133.82,193
habil,10:45,43,LineaA:1061,114.5,193
habil,10:45,43,LineaA:1062,74.89,193
habil,10:45,43,LineaA:1063,143.5,193
habil,10:45,43,LineaA:1064,156.58,193
habil,10:45,43,LineaA:1065,83.64,193
habil,10:45,43,LineaA:1066,108.72,193
habil,10:45,43,LineaA:1067,61.46,193
habil,10:45,43,LineaA:1068,164.07,193
habil,10:45,43,LineaA:1069,52.67,193
habil,10:45,43,LineaA:1070,33.98,193
habil,10:45,43,LineaA:1071,87.37,193
habil,10:45,43,LineaA:1072,77.05,193
habil,10:45,43,LineaA:1073,43.13,193
habil,10:45,43,LineaA:1074,40.87,193
habil,10:45,43,LineaA:1075,49.2,193
habil,10:45,43,LineaA:1076,101.41,193
habil,10:45,43,LineaB:1077,228.72,193
habil,10:45,43,LineaB:1078,58.95,193
habil,10:45,43,LineaB:1079,90.97,193
habil,10:45,43,LineaB:1080,48.64,193
habil,10:45,43,LineaB:1081,281.34,193
habil,10:45,43,LineaB:1082,120.09,193
habil,10:45,43,LineaB:1083,156.3,193
habil,10:45,43,LineaB:1084,146.41,193
habil,10:45,43,LineaB:1085,158.52,193
habil,10:45,43,LineaB:1086,58.84,193
habil,10:45,43,LineaB:1087,92.07,193
habil,10:45,43,LineaB:1088,119.32,193
habil,10:45,43,LineaB:1089,149.4,193
habil,10:45,43,LineaB:1090,67.86,193
habil,10:45,43,LineaB:1091,121.7,193
habil,10:45,43,LineaB:1092,79.81,193
habil,10:45,43,LineaB:1093,98.78,193
habil,10:45,43,LineaC:1094,815.34,193
habil,10:45,43,LineaC:1095,54.87,193
habil,10:45,43,LineaC:1096,45.91,193
habil,10:45,43,LineaC:1097,31.88,193
habil,10:45,43,LineaC:1098,31.19,193
habil,10:45,43,LineaC:1099,31.66,193
habil,10:45,43,LineaC:1100,30.18,193
habil,10:45,43,LineaC:1101,26.03,193
habil,10:45,43,LineaC:1102,212.65,193
habil,10:45,43,LineaD:1103,279.44,193
habil,10:45,43,LineaD:1104,142.63,193
habil,10:45,43,LineaD:1105,112.39,193
habil,10:45,43,LineaD:1106,109.28,193
habil,10:45,43,LineaD:1107,117.9,193
habil,10:45,43,LineaD:1108,150.16,193
habil,10:45,43,LineaD:1109,46.09,193
habil,10:45,43,LineaD:1110,110.78,193
habil,10:45,43,LineaD:1111,144.66,193
habil,10:45,43,LineaD:1112,53.56,193
habil,10:45,43,LineaD:1113,91.78,193
habil,10:45,43,LineaD:1114,194.26,193
habil,10:45,43,LineaD:1115,125.47,193
habil,10:45,43,LineaD:1116,103.72,193
habil,10:45,43,LineaD:1117,52.22,193
habil,10:45,43,LineaD:1118,125.81,193
habil,10:45,43,LineaE:1119,50.47,193
habil,10:45,43,LineaE:1120,27.24,193
habil,10:45,43,LineaE:1121,102.37,193
habil,10:45,43,LineaE:1122,31.55,193
habil,10:45,43,LineaE:1123,46.4,193
habil,10:45,43,LineaE:1124,30.14,193
habil,10:45,43,LineaE:1125,29.18,193
habil,10:45,43,LineaE:1126,47.39,193
habil,10:45,43,LineaE:1127,57.56,193
habil,10:45,43,LineaE:1128,55.77,193
habil,10:45,43,LineaE:1129,44.41,193
habil,10:45,43,LineaE:1130,49.99,193
habil,10:45,43,LineaE:1131,19.9,193
habil,10:45,43,LineaE:1132,31.2,193
habil,10:45,43,LineaE:1133,97.25,193
habil,10:45,43,LineaE:1164,38.06,193
habil,10:45,43,LineaE:1165,17.38,193
habil,10:45,43,LineaE:1166,33.99,193
habil,10:45,43,LineaH:1134,152.76,193
habil,10:45,43,LineaH:1135,93.56,193
habil,10:45,43,LineaH:1136,69.46,193
habil,10:45,43,LineaH:1137,49.94,193
habil,10:45,43,LineaH:1138,58.1,193
habil,10:45,43,LineaH:1139,86.87,193
habil,10:45,43,LineaH:1140,141.06,193
habil,10:45,43,LineaH:1141,50.15,193
habil,10:45,43,LineaH:1160,70.97,193
habil,10:45,43,LineaH:1161,103.15,193
habil,10:45,43,LineaH:1162,83.49,193
habil,10:45,43,LineaH:1163,34.41,193
habil,11:00,44,LineaA:1059,291.22,193
habil,11:00,44,LineaA:1060,132.07,193
habil,11:00,44,LineaA:1061,112.39,193
habil,11:00,44,LineaA:1062,77.25,193
habil,11:00,44,LineaA:1063,137.63,193
habil,11:00,44,LineaA:1064,155.68,193
habil,11:00,44,LineaA:1065,81.26,193
habil,11:00,44,LineaA:1066,102.59,193
habil,11:00,44,LineaA:1067,56.56,193
habil,11:00,44,LineaA:1068,148.09,193
habil,11:00,44,LineaA:1069,52.52,193
habil,11:00,44,LineaA:1070,31.86,193
habil,11:00,44,LineaA:1071,91.84,193
habil,11:00,44,LineaA:1072,78.87,193
habil,11:00,44,LineaA:1073,45.08,193
habil,11:00,44,LineaA:1074,44.42,193
habil,11:00,44,LineaA:1075,56.18,193
habil,11:00,44,LineaA:1076,108.75,193
habil,11:00,44,LineaB:1077,271.37,193
habil,11:00,44,LineaB:1078,60.82,193
habil,11:00,44,LineaB:1079,87.88,193
habil,11:00,44,LineaB:1080,48.6,193
habil,11:00,44,LineaB:1081,250.64,193
habil,11:00,44,LineaB:1082,96.88,193
habil,11:00,44,LineaB:1083,151.78,193
habil,11:00,44,LineaB:1084,138.88,193
habil,11:00,44,LineaB:1085,157.81,193
habil,11:00,44,LineaB:1086,59.16,193
habil,11:00,44,LineaB:1087,98.36,193
habil,11:00,44,LineaB:1088,131.17,193
habil,11:00,44,LineaB:1089,162.45,193
habil,11:00,44,LineaB:1090,74.17,193
habil,11:00,44,LineaB:1091,128.94,193
habil,11:00,44,LineaB:1092,91.1,193
habil,11:00,44,LineaB:1093,101.76,193
habil,11:00,44,LineaC:1094,819.34,193
habil,11:00,44,LineaC:1095,60.42,193
habil,11:00,44,LineaC:1096,48.75,193
habil,11:00,44,LineaC:1097,35.18,193
habil,11:00,44,LineaC:1098,33.17,193
habil,11:00,44,LineaC:1099,32.78,193
habil,11:00,44,LineaC:1100,33.99,193
habil,11:00,44,LineaC:1101,27.77,193
habil,11:00,44,LineaC:1102,206.4,193
habil,11:00,44,LineaD:1103,285.27,193
habil,11:00,44,LineaD:1104,149.48,193
habil,11:00,44,LineaD:1105,116.38,193
habil,11:00,44,LineaD:1106,116.25,193
habil,11:00,44,LineaD:1107,95.57,193
habil,11:00,44,LineaD:1108,139.4,193
habil,11:00,44,LineaD:1109,46.56,193
habil,11:00,44,LineaD:1110,109.46,193
habil,11:00,44,LineaD:1111,141.33,193
habil,11:00,44,LineaD:1112,52.12,193
habil,11:00,44,LineaD:1113,94.03,193
habil,11:00,44,LineaD:1114,234.3,193
habil,11:00,44,LineaD:1115,134.19,193
habil,11:00,44,LineaD:1116,109.63,193
habil,11:00,44,LineaD:1117,56.33,193
habil,11:00,44,LineaD:1118,153.1,193
habil,11:00,44,LineaE:1119,61.84,193
habil,11:00,44,LineaE:1120,30.23,193
habil,11:00,44,LineaE:1121,128.53,193
habil,11:00,44,LineaE:1122,40.22,193
habil,11:00,44,LineaE:1123,46.18,193
habil,11:00,44,LineaE:1124,28.32,193
habil,11:00,44,LineaE:1125,28.99,193
habil,11:00,44,LineaE:1126,42.84,193
habil,11:00,44,LineaE:1127,59.49,193
habil,11:00,44,LineaE:1128,58.14,193
habil,11:00,44,LineaE:1129,45.73,193
habil,11:00,44,LineaE:1130,52.14,193
habil,11:00,44,LineaE:1131,20.93,193
habil,11:00,44,LineaE:1132,30.05,193
habil,11:00,44,LineaE:1133,104.27,193
habil,11:00,44,LineaE:1164,38.44,193
habil,11:00,44,LineaE:1165,19.66,193
habil,11:00,44,LineaE:1166,33.03,193
habil,11:00,44,LineaH:1134,144.23,193
habil,11:00,44,LineaH:1135,102.67,193
habil,11:00,44,LineaH:1136,71.87,193
habil,11:00,44,LineaH:1137,50.6,193
habil,11:00,44,LineaH:1138,59.75,193
habil,11:00,44,LineaH:1139,88.94,193
habil,11:00,44,LineaH:1140,132.02,193
habil,11:00,44,LineaH:1141,50.9,193
habil,11:00,44,LineaH:1160,74.26,193
habil,11:00,44,LineaH:1161,112.45,193
habil,11:00,44,LineaH:1162,87.97,193
habil,11:00,44,LineaH:1163,48.23,193
habil,11:15,45,LineaA:1059,341.2,193
habil,11:15,45,LineaA:1060,151.75,193
habil,11:15,45,LineaA:1061,133.38,193
habil,11:15,45,LineaA:1062,80.3,193
habil,11:15,45,LineaA:1063,155.79,193
habil,11:15,45,LineaA:1064,172.97,193
habil,11:15,45,LineaA:1065,86.93,193
habil,11:15,45,LineaA:1066,115.16,193
habil,11:15,45,LineaA:1067,62.34,193
habil,11:15,45,LineaA:1068,158.16,193
habil,11:15,45,LineaA:1069,57.33,193
habil,11:15,45,LineaA:1070,35.52,193
habil,11:15,45,LineaA:1071,101.27,193
habil,11:15,45,LineaA:1072,86.36,193
habil,11:15,45,LineaA:1073,49.72,193
habil,11:15,45,LineaA:1074,48.95,193
habil,11:15,45,LineaA:1075,60.87,193
habil,11:15,45,LineaA:1076,117.23,193
habil,11:15,45,LineaB:1077,300.03,193
habil,11:15,45,LineaB:1078,70.05,193
habil,11:15,45,LineaB:1079,106.42,193
habil,11:15,45,LineaB:1080,52.59,193
habil,11:15,45,LineaB:1081,261.65,193
habil,11:15,45,LineaB:1082,118.91,193
habil,11:15,45,LineaB:1083,157.94,193
habil,11:15,45,LineaB:1084,152.31,193
habil,11:15,45,LineaB:1085,169.88,193
habil,11:15,45,LineaB:1086,65.03,193
habil,11:15,45,LineaB:1087,106.05,193
habil,11:15,45,LineaB:1088,139.13,193
habil,11:15,45,LineaB:1089,171.12,193
habil,11:15,45,LineaB:1090,79.33,193
habil,11:15,45,LineaB:1091,146.37,193
habil,11:15,45,LineaB:1092,97.44,193
habil,11:15,45,LineaB:1093,116.24,193
habil,11:15,45,LineaC:1094,831.91,193
habil,11:15,45,LineaC:1095,58.09,193
habil,11:15,45,LineaC:1096,56.53,193
habil,11:15,45,LineaC:1097,38.83,193
habil,11:15,45,LineaC:1098,35.06,193
habil,11:15,45,LineaC:1099,35.6,193
habil,11:15,45,LineaC:1100,36.51,193
habil,11:15,45,LineaC:1101,30.32,193
habil,11:15,45,LineaC:1102,199.63,193
habil,11:15,45,LineaD:1103,320.03,193
habil,11:15,45,LineaD:1104,168.5,193
habil,11:15,45,LineaD:1105,129.53,193
habil,11:15,45,LineaD:1106,128.16,193
habil,11:15,45,LineaD:1107,133.84,193
habil,11:15,45,LineaD:1108,160.55,193
habil,11:15,45,LineaD:1109,50.25,193
habil,11:15,45,LineaD:1110,116.82,193
habil,11:15,45,LineaD:1111,146.75,193
habil,11:15,45,LineaD:1112,53.44,193
habil,11:15,45,LineaD:1113,98.21,193
habil,11:15,45,LineaD:1114,205.62,193
habil,11:15,45,LineaD:1115,143.27,193
habil,11:15,45,LineaD:1116,113.97,193
habil,11:15,45,LineaD:1117,63.51,193
habil,11:15,45,LineaD:1118,159.97,193
habil,11:15,45,LineaE:1119,64.65,193
habil,11:15,45,LineaE:1120,32.76,193
habil,11:15,45,LineaE:1121,184.1,193
habil,11:15,45,LineaE:1122,34.77,193
habil,11:15,45,LineaE:1123,49.36,193
habil,11:15,45,LineaE:1124,32.6,193
habil,11:15,45,LineaE:1125,33.83,193
habil,11:15,45,LineaE:1126,43.98,193
habil,11:15,45,LineaE:1127,67.62,193
habil,11:15,45,LineaE:1128,64.85,193
habil,11:15,45,LineaE:1129,49.87,193
habil,11:15,45,LineaE:1130,58.21,193
habil,11:15,45,LineaE:1131,28.09,193
habil,11:15,45,LineaE:1132,37.92,193
habil,11:15,45,LineaE:1133,124.24,193
habil,11:15,45,LineaE:1164,39.09,193
habil,11:15,45,LineaE:1165,21.87,193
habil,11:15,45,LineaE:1166,38.39,193
habil,11:15,45,LineaH:1134,188.76,193
habil,11:15,45,LineaH:1135,112.09,193
habil,11:15,45,LineaH:1136,79.85,193
habil,11:15,45,LineaH:1137,57.67,193
habil,11:15,45,LineaH:1138,69.28,193
habil,11:15,45,LineaH:1139,95.38,193
habil,11:15,45,LineaH:1140,152.35,193
habil,11:15,45,LineaH:1141,59.5,193
habil,11:15,45,LineaH:1160,82.02,193
habil,11:15,45,LineaH:1161,121.73,193
habil,11:15,45,LineaH:1162,98.91,193
habil,11:15,45,LineaH:1163,96.5,193
habil,11:30,46,LineaA:1059,332.82,193
habil,11:30,46,LineaA:1060,151.61,193
habil,11:30,46,LineaA:1061,131.85,193
habil,11:30,46,LineaA:1062,77.66,193
habil,11:30,46,LineaA:1063,161.67,193
habil,11:30,46,LineaA:1064,188.2,193
habil,11:30,46,LineaA:1065,91.03,193
habil,11:30,46,LineaA:1066,121.63,193
habil,11:30,46,LineaA:1067,61.42,193
habil,11:30,46,LineaA:1068,168.69,193
habil,11:30,46,LineaA:1069,59.65,193
habil,11:30,46,LineaA:1070,38.61,193
habil,11:30,46,LineaA:1071,100.68,193
habil,11:30,46,LineaA:1072,97.64,193
habil,11:30,46,LineaA:1073,50.92,193
habil,11:30,46,LineaA:1074,50.65,193
habil,11:30,46,LineaA:1075,63.21,193
habil,11:30,46,LineaA:1076,113.97,193
habil,11:30,46,LineaB:1077,253.62,193
habil,11:30,46,LineaB:1078,63.84,193
habil,11:30,46,LineaB:1079,102.89,193
habil,11:30,46,LineaB:1080,56.87,193
habil,11:30,46,LineaB:1081,212.48,193
habil,11:30,46,LineaB:1082,115.03,193
habil,11:30,46,LineaB:1083,160.44,193
habil,11:30,46,LineaB:1084,154.65,193
habil,11:30,46,LineaB:1085,179.36,193
habil,11:30,46,LineaB:1086,71.44,193
habil,11:30,46,LineaB:1087,117.07,193
habil,11:30,46,LineaB:1088,140.06,193
habil,11:30,46,LineaB:1089,179.48,193
habil,11:30,46,LineaB:1090,82.78,193
habil,11:30,46,LineaB:1091,155.67,193
habil,11:30,46,LineaB:1092,107.87,193
habil,11:30,46,LineaB:1093,115.18,193
habil,11:30,46,LineaC:1094,805.63,193
habil,11:30,46,LineaC:1095,60.36,193
habil,11:30,46,LineaC:1096,82.85,193
habil,11:30,46,LineaC:1097,41.87,193
habil,11:30,46,LineaC:1098,34.3,193
habil,11:30,46,LineaC:1099,36.13,193
habil,11:30,46,LineaC:1100,39.34,193
habil,11:30,46,LineaC:1101,32.6,193
habil,11:30,46,LineaC:1102,225.98,193
habil,11:30,46,LineaD:1103,306.94,193
habil,11:30,46,LineaD:1104,172.78,193
habil,11:30,46,LineaD:1105,123.13,193
habil,11:30,46,LineaD:1106,131.48,193
habil,11:30,46,LineaD:1107,132.05,193
habil,11:30,46,LineaD:1108,167.27,193
habil,11:30,46,LineaD:1109,51.41,193
habil,11:30,46,LineaD:1110,122.15,193
habil,11:30,46,LineaD:1111,155.29,193
habil,11:30,46,LineaD:1112,54.5,193
habil,11:30,46,LineaD:1113,103.87,193
habil,11:30,46,LineaD:1114,225.28,193
habil,11:30,46,LineaD:1115,148.82,193
habil,11:30,46,LineaD:1116,118.31,193
habil,11:30,46,LineaD:1117,65.08,193
habil,11:30,46,LineaD:1118,159.49,193
habil,11:30,46,LineaE:1119,70.47,193
habil,11:30,46,LineaE:1120,36.74,193
habil,11:30,46,LineaE:1121,346.38,193
habil,11:30,46,LineaE:1122,32.18,193
habil,11:30,46,LineaE:1123,55.68,193
habil,11:30,46,LineaE:1124,31.58,193
habil,11:30,46,LineaE:1125,34.13,193
habil,11:30,46,LineaE:1126,45.09,193
habil,11:30,46,LineaE:1127,64.85,193
habil,11:30,46,LineaE:1128,61.83,193
habil,11:30,46,LineaE:1129,49.61,193
habil,11:30,46,LineaE:1130,54.75,193
habil,11:30,46,LineaE:1131,28.95,193
habil,11:30,46,LineaE:1132,35.72,193
habil,11:30,46,LineaE:1133,107.69,193
habil,11:30,46,LineaE:1164,39.62,193
habil,11:30,46,LineaE:1165,24.32,193
habil,11:30,46,LineaE:1166,42.18,193
habil,11:30,46,LineaH:1134,160.22,193
habil,11:30,46,LineaH:1135,110.59,193
habil,11:30,46,LineaH:1136,82.62,193
habil,11:30,46,LineaH:1137,60.33,193
habil,11:30,46,LineaH:1138,71.56,193
habil,11:30,46,LineaH:1139,96.42,193
habil,11:30,46,LineaH:1140,154.6,193
habil,11:30,46,LineaH:1141,63.13,193
habil,11:30,46,LineaH:1160,86.87,193
habil,11:30,46,LineaH:1161,121.15,193
habil,11:30,46,LineaH:1162,100.17,193
habil,11:30,46,LineaH:1163,192.63,193
habil,11:45,47,LineaA:1059,318.94,193
habil,11:45,47,LineaA:1060,137.54,193
habil,11:45,47,LineaA:1061,120.04,193
habil,11:45,47,LineaA:1062,77.23,193
habil,11:45,47,LineaA:1063,150.29,193
habil,11:45,47,LineaA:1064,172.5,193
habil,11:45,47,LineaA:1065,84.39,193
habil,11:45,47,LineaA:1066,121.51,193
habil,11:45,47,LineaA:1067,64.18,193
habil,11:45,47,LineaA:1068,163.51,193
habil,11:45,47,LineaA:1069,61.75,193
habil,11:45,47,LineaA:1070,37.69,193
habil,11:45,47,LineaA:1071,100.94,193
habil,11:45,47,LineaA:1072,96.34,193
habil,11:45,47,LineaA:1073,53.7,193
habil,11:45,47,LineaA:1074,52.64,193
habil,11:45,47,LineaA:1075,68.86,193
habil,11:45,47,LineaA:1076,113.57,193
habil,11:45,47,LineaB:1077,238.11,193
habil,11:45,47,LineaB:1078,61.51,193
habil,11:45,47,LineaB:1079,99.72,193
habil,11:45,47,LineaB:1080,55.68,193
habil,11:45,47,LineaB:1081,284.62,193
habil,11:45,47,LineaB:1082,110.99,193
habil,11:45,47,LineaB:1083,151.98,193
habil,11:45,47,LineaB:1084,150.55,193
habil,11:45,47,LineaB:1085,180.05,193
habil,11:45,47,LineaB:1086,71.24,193
habil,11:45,47,LineaB:1087,120.52,193
habil,11:45,47,LineaB:1088,143.69,193
habil,11:45,47,LineaB:1089,187.28,193
habil,11:45,47,LineaB:1090,89.02,193
habil,11:45,47,LineaB:1091,154.94,193
habil,11:45,47,LineaB:1092,110.82,193
habil,11:45,47,LineaB:1093,118.79,193
habil,11:45,47,LineaC:1094,773.79,193
habil,11:45,47,LineaC:1095,64.75,193
habil,11:45,47,LineaC:1096,165.85,193
habil,11:45,47,LineaC:1097,46.11,193
habil,11:45,47,LineaC:1098,32.97,193
habil,11:45,47,LineaC:1099,38.94,193
habil,11:45,47,LineaC:1100,41.26,193
habil,11:45,47,LineaC:1101,33.93,193
habil,11:45,47,LineaC:1102,216.13,193
habil,11:45,47,LineaD:1103,289.74,193
habil,11:45,47,LineaD:1104,164.11,193
habil,11:45,47,LineaD:1105,119.17,193
habil,11:45,47,LineaD:1106,123.67,193
habil,11:45,47,LineaD:1107,122.57,193
habil,11:45,47,LineaD:1108,152.39,193
habil,11:45,47,LineaD:1109,49.17,193
habil,11:45,47,LineaD:1110,118.3,193
habil,11:45,47,LineaD:1111,160.99,193
habil,11:45,47,LineaD:1112,53.8,193
habil,11:45,47,LineaD:1113,101.65,193
habil,11:45,47,LineaD:1114,247.43,193
habil,11:45,47,LineaD:1115,156.61,193
habil,11:45,47,LineaD:1116,123.05,193
habil,11:45,47,LineaD:1117,63.39,193
habil,11:45,47,LineaD:1118,167.16,193
habil,11:45,47,LineaE:1119,77.53,193
habil,11:45,47,LineaE:1120,37.78,193
habil,11:45,47,LineaE:1121,488.87,193
habil,11:45,47,LineaE:1122,31.59,193
habil,11:45,47,LineaE:1123,53.22,193
habil,11:45,47,LineaE:1124,30.9,193
habil,11:45,47,LineaE:1125,32.56,193
habil,11:45,47,LineaE:1126,44.72,193
habil,11:45,47,LineaE:1127,62.07,193
habil,11:45,47,LineaE:1128,56.92,193
habil,11:45,47,LineaE:1129,45.44,193
habil,11:45,47,LineaE:1130,54.48,193
habil,11:45,47,LineaE:1131,26.58,193
habil,11:45,47,LineaE:1132,32.26,193
habil,11:45,47,LineaE:1133,106.64,193
habil,11:45,47,LineaE:1164,41.18,193
habil,11:45,47,LineaE:1165,27.25,193
habil,11:45,47,LineaE:1166,54.52,193
habil,11:45,47,LineaH:1134,167.76,193
habil,11:45,47,LineaH:1135,108.19,193
habil,11:45,47,LineaH:1136,84.64,193
habil,11:45,47,LineaH:1137,52.93,193
habil,11:45,47,LineaH:1138,66.23,193
habil,11:45,47,LineaH:1139,105.93,193
habil,11:45,47,LineaH:1140,154.16,193
habil,11:45,47,LineaH:1141,65.9,193
habil,11:45,47,LineaH:1160,88.7,193
habil,11:45,47,LineaH:1161,122.4,193
habil,11:45,47,LineaH:1162,108.22,193
habil,11:45,47,LineaH:1163,71.19,193
habil,12:00,48,LineaA:1059,334.83,193
habil,12:00,48,LineaA:1060,153.14,193
habil,12:00,48,LineaA:1061,135.22,193
habil,12:00,48,LineaA:1062,85.62,193
habil,12:00,48,LineaA:1063,155.22,193
habil,12:00,48,LineaA:1064,188.08,193
habil,12:00,48,LineaA:1065,99.7,193
habil,12:00,48,LineaA:1066,134.17,193
habil,12:00,48,LineaA:1067,75.53,193
habil,12:00,48,LineaA:1068,150.81,193
habil,12:00,48,LineaA:1069,68.57,193
habil,12:00,48,LineaA:1070,42.34,193
habil,12:00,48,LineaA:1071,117.86,193
habil,12:00,48,LineaA:1072,109.34,193
habil,12:00,48,LineaA:1073,55.99,193
habil,12:00,48,LineaA:1074,62.1,193
habil,12:00,48,LineaA:1075,87.58,193
habil,12:00,48,LineaA:1076,135.41,193
habil,12:00,48,LineaB:1077,286.49,193
habil,12:00,48,LineaB:1078,68.99,193
habil,12:00,48,LineaB:1079,112.75,193
habil,12:00,48,LineaB:1080,65.75,193
habil,12:00,48,LineaB:1081,274.67,193
habil,12:00,48,LineaB:1082,126.93,193
habil,12:00,48,LineaB:1083,163.62,193
habil,12:00,48,LineaB:1084,160.46,193
habil,12:00,48,LineaB:1085,195.99,193
habil,12:00,48,LineaB:1086,79.22,193
habil,12:00,48,LineaB:1087,121.89,193
habil,12:00,48,LineaB:1088,161.2,193
habil,12:00,48,LineaB:1089,222.92,193
habil,12:00,48,LineaB:1090,101.53,193
habil,12:00,48,LineaB:1091,171.51,193
habil,12:00,48,LineaB:1092,131.31,193
habil,12:00,48,LineaB:1093,145.27,193
habil,12:00,48,LineaC:1094,747.83,193
habil,12:00,48,LineaC:1095,81.54,193
habil,12:00,48,LineaC:1096,186.68,193
habil,12:00,48,LineaC:1097,55.28,193
habil,12:00,48,LineaC:1098,35.73,193
habil,12:00,48,LineaC:1099,49.25,193
habil,12:00,48,LineaC:1100,48.18,193
habil,12:00,48,LineaC:1101,39.18,193
habil,12:00,48,LineaC:1102,222.63,193
habil,12:00,48,LineaD:1103,319.32,193
habil,12:00,48,LineaD:1104,175.05,193
habil,12:00,48,LineaD:1105,141.85,193
habil,12:00,48,LineaD:1106,138.44,193
habil,12:00,48,LineaD:1107,137.3,193
habil,12:00,48,LineaD:1108,171.95,193
habil,12:00,48,LineaD:1109,57.89,193
habil,12:00,48,LineaD:1110,144.76,193
habil,12:00,48,LineaD:1111,180.7,193
habil,12:00,48,LineaD:1112,64.63,193
habil,12:00,48,LineaD:1113,115.16,193
habil,12:00,48,LineaD:1114,309.36,193
habil,12:00,48,LineaD:1115,194.57,193
habil,12:00,48,LineaD:1116,144.41,193
habil,12:00,48,LineaD:1117,73.36,193
habil,12:00,48,LineaD:1118,196.06,193
habil,12:00,48,LineaE:1119,101.2,193
habil,12:00,48,LineaE:1120,48.01,193
habil,12:00,48,LineaE:1121,432.33,193
habil,12:00,48,LineaE:1122,43.15,193
habil,12:00,48,LineaE:1123,58.72,193
habil,12:00,48,LineaE:1124,38.58,193
habil,12:00,48,LineaE:1125,47.42,193
habil,12:00,48,LineaE:1126,54.08,193
habil,12:00,48,LineaE:1127,79.21,193
habil,12:00,48,LineaE:1128,71.69,193
habil,12:00,48,LineaE:1129,51.03,193
habil,12:00,48,LineaE:1130,61.87,193
habil,12:00,48,LineaE:1131,29.29,193
habil,12:00,48,LineaE:1132,33.61,193
habil,12:00,48,LineaE:1133,109.89,193
habil,12:00,48,LineaE:1164,55.31,193
habil,12:00,48,LineaE:1165,41.44,193
habil,12:00,48,LineaE:1166,53.33,193
habil,12:00,48,LineaH:1134,178.92,193
habil,12:00,48,LineaH:1135,134.83,193
habil,12:00,48,LineaH:1136,115.75,193
habil,12:00,48,LineaH:1137,65.27,193
habil,12:00,48,LineaH:1138,81.03,193
habil,12:00,48,LineaH:1139,137.42,193
habil,12:00,48,LineaH:1140,142.37,193
habil,12:00,48,LineaH:1141,67.18,193
habil,12:00,48,LineaH:1160,110.09,193
habil,12:00,48,LineaH:1161,140.35,193
habil,12:00,48,LineaH:1162,122.68,193
habil,12:00,48,LineaH:1163,69.21,193
habil,12:15,49,LineaA:1059,365.35,193
habil,12:15,49,LineaA:1060,165.06,193
habil,12:15,49,LineaA:1061,141.19,193
habil,12:15,49,LineaA:1062,91.8,193
habil,12:15,49,LineaA:1063,165.67,193
habil,12:15,49,LineaA:1064,213.32,193
habil,12:15,49,LineaA:1065,114.09,193
habil,12:15,49,LineaA:1066,144.21,193
habil,12:15,49,LineaA:1067,77.92,193
habil,12:15,49,LineaA:1068,167.85,193
habil,12:15,49,LineaA:1069,79.7,193
habil,12:15,49,LineaA:1070,44.81,193
habil,12:15,49,LineaA:1071,117.24,193
habil,12:15,49,LineaA:1072,115.66,193
habil,12:15,49,LineaA:1073,56.36,193
habil,12:15,49,LineaA:1074,63.9,193
habil,12:15,49,LineaA:1075,85.5,193
habil,12:15,49,LineaA:1076,166.31,193
habil,12:15,49,LineaB:1077,304.59,193
habil,12:15,49,LineaB:1078,77.51,193
habil,12:15,49,LineaB:1079,120.82,193
habil,12:15,49,LineaB:1080,65.38,193
habil,12:15,49,LineaB:1081,258.74,193
habil,12:15,49,LineaB:1082,114.2,193
habil,12:15,49,LineaB:1083,182.99,193
habil,12:15,49,LineaB:1084,179.23,193
habil,12:15,49,LineaB:1085,204.23,193
habil,12:15,49,LineaB:1086,87.3,193
habil,12:15,49,LineaB:1087,130.68,193
habil,12:15,49,LineaB:1088,174.13,193
habil,12:15,49,LineaB:1089,233.37,193
habil,12:15,49,LineaB:1090,100.21,193
habil,12:15,49,LineaB:1091,181.08,193
habil,12:15,49,LineaB:1092,138.91,193
habil,12:15,49,LineaB:1093,153.61,193
habil,12:15,49,LineaC:1094,745.69,193
habil,12:15,49,LineaC:1095,81.08,193
habil,12:15,49,LineaC:1096,143.7,193
habil,12:15,49,LineaC:1097,56.98,193
habil,12:15,49,LineaC:1098,33.95,193
habil,12:15,49,LineaC:1099,50.31,193
habil,12:15,49,LineaC:1100,47.42,193
habil,12:15,49,LineaC:1101,40.28,193
habil,12:15,49,LineaC:1102,240.31,193
habil,12:15,49,LineaD:1103,345.05,193
habil,12:15,49,LineaD:1104,187.27,193
habil,12:15,49,LineaD:1105,148.48,193
habil,12:15,49,LineaD:1106,157.87,193
habil,12:15,49,LineaD:1107,148.73,193
habil,12:15,49,LineaD:1108,164.14,193
habil,12:15,49,LineaD:1109,61.69,193
habil,12:15,49,LineaD:1110,146.26,193
habil,12:15,49,LineaD:1111,197.74,193
habil,12:15,49,LineaD:1112,62.08,193
habil,12:15,49,LineaD:1113,115.03,193
habil,12:15,49,LineaD:1114,318.54,193
habil,12:15,49,LineaD:1115,201.43,193
habil,12:15,49,LineaD:1116,145.54,193
habil,12:15,49,LineaD:1117,72.11,193
habil,12:15,49,LineaD:1118,217.38,193
habil,12:15,49,LineaE:1119,228.01,193
habil,12:15,49,LineaE:1120,48.28,193
habil,12:15,49,LineaE:1121,325.73,193
habil,12:15,49,LineaE:1122,44.3,193
habil,12:15,49,LineaE:1123,71.49,193
habil,12:15,49,LineaE:1124,35.48,193
habil,12:15,49,LineaE:1125,46.41,193
habil,12:15,49,LineaE:1126,63.31,193
habil,12:15,49,LineaE:1127,87.73,193
habil,12:15,49,LineaE:1128,80.37,193
habil,12:15,49,LineaE:1129,55.33,193
habil,12:15,49,LineaE:1130,62.76,193
habil,12:15,49,LineaE:1131,29.68,193
habil,12:15,49,LineaE:1132,36.64,193
habil,12:15,49,LineaE:1133,127.03,193
habil,12:15,49,LineaE:1164,52.1,193
habil,12:15,49,LineaE:1165,41.81,193
habil,12:15,49,LineaE:1166,56.61,193
habil,12:15,49,LineaH:1134,201.55,193
habil,12:15,49,LineaH:1135,139.25,193
habil,12:15,49,LineaH:1136,130.49,193
habil,12:15,49,LineaH:1137,69.9,193
habil,12:15,49,LineaH:1138,88.91,193
habil,12:15,49,LineaH:1139,133.54,193
habil,12:15,49,LineaH:1140,170.95,193
habil,12:15,49,LineaH:1141,75.98,193
habil,12:15,49,LineaH:1160,128.49,193
habil,12:15,49,LineaH:1161,148.3,193
habil,12:15,49,LineaH:1162,137.42,193
habil,12:15,49,LineaH:1163,57.51,193
habil,12:30,50,LineaA:1059,382.38,193
habil,12:30,50,LineaA:1060,164.17,193
habil,12:30,50,LineaA:1061,131.72,193
habil,12:30,50,LineaA:1062,95.35,193
habil,12:30,50,LineaA:1063,169.24,193
habil,12:30,50,LineaA:1064,196.51,193
habil,12:30,50,LineaA:1065,104.33,193
habil,12:30,50,LineaA:1066,145.27,193
habil,12:30,50,LineaA:1067,90.07,193
habil,12:30,50,LineaA:1068,168.69,193
habil,12:30,50,LineaA:1069,78.13,193
habil,12:30,50,LineaA:1070,45.66,193
habil,12:30,50,LineaA:1071,118.09,193
habil,12:30,50,LineaA:1072,116.57,193
habil,12:30,50,LineaA:1073,57.41,193
habil,12:30,50,LineaA:1074,62.02,193
habil,12:30,50,LineaA:1075,86.37,193
habil,12:30,50,LineaA:1076,156.52,193
habil,12:30,50,LineaB:1077,276.31,193
habil,12:30,50,LineaB:1078,65.93,193
habil,12:30,50,LineaB:1079,110.19,193
habil,12:30,50,LineaB:1080,64.53,193
habil,12:30,50,LineaB:1081,303.39,193
habil,12:30,50,LineaB:1082,118.51,193
habil,12:30,50,LineaB:1083,187.68,193
habil,12:30,50,LineaB:1084,181.24,193
habil,12:30,50,LineaB:1085,208.09,193
habil,12:30,50,LineaB:1086,91.3,193
habil,12:30,50,LineaB:1087,136.62,193
habil,12:30,50,LineaB:1088,184.91,193
habil,12:30,50,LineaB:1089,237.79,193
habil,12:30,50,LineaB:1090,103.07,193
habil,12:30,50,LineaB:1091,186.61,193
habil,12:30,50,LineaB:1092,141.42,193
habil,12:30,50,LineaB:1093,149.89,193
habil,12:30,50,LineaC:1094,779.19,193
habil,12:30,50,LineaC:1095,88.55,193
habil,12:30,50,LineaC:1096,69.61,193
habil,12:30,50,LineaC:1097,56.97,193
habil,12:30,50,LineaC:1098,35.45,193
habil,12:30,50,LineaC:1099,47.9,193
habil,12:30,50,LineaC:1100,48.81,193
habil,12:30,50,LineaC:1101,42.82,193
habil,12:30,50,LineaC:1102,263.94,193
habil,12:30,50,LineaD:1103,337.82,193
habil,12:30,50,LineaD:1104,189.04,193
habil,12:30,50,LineaD:1105,155.34,193
habil,12:30,50,LineaD:1106,150.18,193
habil,12:30,50,LineaD:1107,153.38,193
habil,12:30,50,LineaD:1108,187.13,193
habil,12:30,50,LineaD:1109,63.07,193
habil,12:30,50,LineaD:1110,155.52,193
habil,12:30,50,LineaD:1111,200.07,193
habil,12:30,50,LineaD:1112,70.1,193
habil,12:30,50,LineaD:1113,116.36,193
habil,12:30,50,LineaD:1114,303.7,193
habil,12:30,50,LineaD:1115,201.91,193
habil,12:30,50,LineaD:1116,141.96,193
habil,12:30,50,LineaD:1117,69.9,193
habil,12:30,50,LineaD:1118,223.38,193
habil,12:30,50,LineaE:1119,150.62,193
habil,12:30,50,LineaE:1120,47.41,193
habil,12:30,50,LineaE:1121,137.19,193
habil,12:30,50,LineaE:1122,43.64,193
habil,12:30,50,LineaE:1123,62.49,193
habil,12:30,50,LineaE:1124,40.48,193
habil,12:30,50,LineaE:1125,40.41,193
habil,12:30,50,LineaE:1126,68.06,193
habil,12:30,50,LineaE:1127,82.62,193
habil,12:30,50,LineaE:1128,82.47,193
habil,12:30,50,LineaE:1129,57.78,193
habil,12:30,50,LineaE:1130,62.56,193
habil,12:30,50,LineaE:1131,27.78,193
habil,12:30,50,LineaE:1132,36.6,193
habil,12:30,50,LineaE:1133,130.62,193
habil,12:30,50,LineaE:1164,47.53,193
habil,12:30,50,LineaE:1165,43.25,193
habil,12:30,50,LineaE:1166,55.97,193
habil,12:30,50,LineaH:1134,196.61,193
habil,12:30,50,LineaH:1135,133.45,193
habil,12:30,50,LineaH:1136,112.0,193
habil,12:30,50,LineaH:1137,70.07,193
habil,12:30,50,LineaH:1138,87.46,193
habil,12:30,50,LineaH:1139,143.62,193
habil,12:30,50,LineaH:1140,176.78,193
habil,12:30,50,LineaH:1141,85.64,193
habil,12:30,50,LineaH:1160,115.49,193
habil,12:30,50,LineaH:1161,150.54,193
habil,12:30,50,LineaH:1162,136.9,193
habil,12:30,50,LineaH:1163,64.21,193
habil,12:45,51,LineaA:1059,394.47,193
habil,12:45,51,LineaA:1060,172.43,193
habil,12:45,51,LineaA:1061,140.11,193
habil,12:45,51,LineaA:1062,85.89,193
habil,12:45,51,LineaA:1063,159.52,193
habil,12:45,51,LineaA:1064,226.77,193
habil,12:45,51,LineaA:1065,113.09,193
habil,12:45,51,LineaA:1066,126.24,193
habil,12:45,51,LineaA:1067,93.56,193
habil,12:45,51,LineaA:1068,183.21,193
habil,12:45,51,LineaA:1069,78.26,193
habil,12:45,51,LineaA:1070,44.06,193
habil,12:45,51,LineaA:1071,126.79,193
habil,12:45,51,LineaA:1072,117.7,193
habil,12:45,51,LineaA:1073,57.46,193
habil,12:45,51,LineaA:1074,61.28,193
habil,12:45,51,LineaA:1075,85.62,193
habil,12:45,51,LineaA:1076,154.82,193
habil,12:45,51,LineaB:1077,242.48,193
habil,12:45,51,LineaB:1078,68.58,193
habil,12:45,51,LineaB:1079,103.23,193
habil,12:45,51,LineaB:1080,66.5,193
habil,12:45,51,LineaB:1081,275.04,193
habil,12:45,51,LineaB:1082,116.77,193
habil,12:45,51,LineaB:1083,168.44,193
habil,12:45,51,LineaB:1084,173.6,193
habil,12:45,51,LineaB:1085,197.45,193
habil,12:45,51,LineaB:1086,98.22,193
habil,12:45,51,LineaB:1087,139.77,193
habil,12:45,51,LineaB:1088,216.52,193
habil,12:45,51,LineaB:1089,273.07,193
habil,12:45,51,LineaB:1090,104.11,193
habil,12:45,51,LineaB:1091,197.0,193
habil,12:45,51,LineaB:1092,140.2,193
habil,12:45,51,LineaB:1093,151.49,193
habil,12:45,51,LineaC:1094,623.46,193
habil,12:45,51,LineaC:1095,73.4,193
habil,12:45,51,LineaC:1096,63.29,193
habil,12:45,51,LineaC:1097,54.51,193
habil,12:45,51,LineaC:1098,35.53,193
habil,12:45,51,LineaC:1099,48.17,193
habil,12:45,51,LineaC:1100,49.25,193
habil,12:45,51,LineaC:1101,43.54,193
habil,12:45,51,LineaC:1102,306.33,193
habil,12:45,51,LineaD:1103,330.08,193
habil,12:45,51,LineaD:1104,182.96,193
habil,12:45,51,LineaD:1105,141.95,193
habil,12:45,51,LineaD:1106,145.09,193
habil,12:45,51,LineaD:1107,165.21,193
habil,12:45,51,LineaD:1108,180.41,193
habil,12:45,51,LineaD:1109,60.31,193
habil,12:45,51,LineaD:1110,148.7,193
habil,12:45,51,LineaD:1111,189.81,193
habil,12:45,51,LineaD:1112,69.71,193
habil,12:45,51,LineaD:1113,115.65,193
habil,12:45,51,LineaD:1114,310.82,193
habil,12:45,51,LineaD:1115,201.59,193
habil,12:45,51,LineaD:1116,223.31,193
habil,12:45,51,LineaD:1117,69.61,193
habil,12:45,51,LineaD:1118,216.72,193
habil,12:45,51,LineaE:1119,108.82,193
habil,12:45,51,LineaE:1120,46.01,193
habil,12:45,51,LineaE:1121,95.93,193
habil,12:45,51,LineaE:1122,52.65,193
habil,12:45,51,LineaE:1123,67.6,193
habil,12:45,51,LineaE:1124,35.96,193
habil,12:45,51,LineaE:1125,47.16,193
habil,12:45,51,LineaE:1126,74.37,193
habil,12:45,51,LineaE:1127,92.77,193
habil,12:45,51,LineaE:1128,68.7,193
habil,12:45,51,LineaE:1129,63.69,193
habil,12:45,51,LineaE:1130,60.12,193
habil,12:45,51,LineaE:1131,31.99,193
habil,12:45,51,LineaE:1132,39.89,193
habil,12:45,51,LineaE:1133,139.95,193
habil,12:45,51,LineaE:1164,51.38,193
habil,12:45,51,LineaE:1165,45.79,193
habil,12:45,51,LineaE:1166,56.45,193
habil,12:45,51,LineaH:1134,205.98,193
habil,12:45,51,LineaH:1135,143.97,193
habil,12:45,51,LineaH:1136,117.21,193
habil,12:45,51,LineaH:1137,69.44,193
habil,12:45,51,LineaH:1138,82.89,193
habil,12:45,51,LineaH:1139,133.3,193
habil,12:45,51,LineaH:1140,186.47,193
habil,12:45,51,LineaH:1141,86.54,193
habil,12:45,51,LineaH:1160,117.41,193
habil,12:45,51,LineaH:1161,139.75,193
habil,12:45,51,LineaH:1162,142.9,193
habil,12:45,51,LineaH:1163,86.32,193
habil,13:00,52,LineaA:1059,405.83,193
habil,13:00,52,LineaA:1060,178.59,193
habil,13:00,52,LineaA:1061,150.14,193
habil,13:00,52,LineaA:1062,107.21,193
habil,13:00,52,LineaA:1063,176.99,193
habil,13:00,52,LineaA:1064,223.39,193
habil,13:00,52,LineaA:1065,112.91,193
habil,13:00,52,LineaA:1066,151.37,193
habil,13:00,52,LineaA:1067,118.12,193
habil,13:00,52,LineaA:1068,182.04,193
habil,13:00,52,LineaA:1069,89.98,193
habil,13:00,52,LineaA:1070,44.16,193
habil,13:00,52,LineaA:1071,147.94,193
habil,13:00,52,LineaA:1072,129.52,193
habil,13:00,52,LineaA:1073,67.83,193
habil,13:00,52,LineaA:1074,72.98,193
habil,13:00,52,LineaA:1075,102.88,193
habil,13:00,52,LineaA:1076,213.68,193
habil,13:00,52,LineaB:1077,330.04,193
habil,13:00,52,LineaB:1078,72.83,193
habil,13:00,52,LineaB:1079,116.27,193
habil,13:00,52,LineaB:1080,73.23,193
habil,13:00,52,LineaB:1081,283.54,193
habil,13:00,52,LineaB:1082,133.49,193
habil,13:00,52,LineaB:1083,191.02,193
habil,13:00,52,LineaB:1084,183.44,193
habil,13:00,52,LineaB:1085,204.16,193
habil,13:00,52,LineaB:1086,100.18,193
habil,13:00,52,LineaB:1087,144.93,193
habil,13:00,52,LineaB:1088,237.48,193
habil,13:00,52,LineaB:1089,309.32,193
habil,13:00,52,LineaB:1090,124.77,193
habil,13:00,52,LineaB:1091,238.1,193
habil,13:00,52,LineaB:1092,162.9,193
habil,13:00,52,LineaB:1093,196.56,193
habil,13:00,52,LineaC:1094,821.2,193
habil,13:00,52,LineaC:1095,76.1,193
habil,13:00,52,LineaC:1096,74.98,193
habil,13:00,52,LineaC:1097,76.75,193
habil,13:00,52,LineaC:1098,39.68,193
habil,13:00,52,LineaC:1099,67.21,193
habil,13:00,52,LineaC:1100,62.61,193
habil,13:00,52,LineaC:1101,54.6,193
habil,13:00,52,LineaC:1102,361.39,193
habil,13:00,52,LineaD:1103,365.03,193
habil,13:00,52,LineaD:1104,208.42,193
habil,13:00,52,LineaD:1105,155.81,193
habil,13:00,52,LineaD:1106,159.28,193
habil,13:00,52,LineaD:1107,138.61,193
habil,13:00,52,LineaD:1108,190.74,193
habil,13:00,52,LineaD:1109,65.2,193
habil,13:00,52,LineaD:1110,171.16,193
habil,13:00,52,LineaD:1111,218.59,193
habil,13:00,52,LineaD:1112,75.24,193
habil,13:00,52,LineaD:1113,123.93,193
habil,13:00,52,LineaD:1114,338.23,193
habil,13:00,52,LineaD:1115,216.44,193
habil,13:00,52,LineaD:1116,242.25,193
habil,13:00,52,LineaD:1117,75.58,193
habil,13:00,52,LineaD:1118,271.73,193
habil,13:00,52,LineaE:1119,127.35,193
habil,13:00,52,LineaE:1120,57.45,193
habil,13:00,52,LineaE:1121,95.16,193
habil,13:00,52,LineaE:1122,76.52,193
habil,13:00,52,LineaE:1123,69.16,193
habil,13:00,52,LineaE:1124,40.68,193
habil,13:00,52,LineaE:1125,43.25,193
habil,13:00,52,LineaE:1126,58.6,193
habil,13:00,52,LineaE:1127,93.74,193
habil,13:00,52,LineaE:1128,88.04,193
habil,13:00,52,LineaE:1129,84.74,193
habil,13:00,52,LineaE:1130,71.71,193
habil,13:00,52,LineaE:1131,38.65,193
habil,13:00,52,LineaE:1132,40.81,193
habil,13:00,52,LineaE:1133,138.79,193
habil,13:00,52,LineaE:1164,53.57,193
habil,13:00,52,LineaE:1165,66.45,193
habil,13:00,52,LineaE:1166,77.18,193
habil,13:00,52,LineaH:1134,223.59,193
habil,13:00,52,LineaH:1135,171.44,193
habil,13:00,52,LineaH:1136,130.52,193
habil,13:00,52,LineaH:1137,76.13,193
habil,13:00,52,LineaH:1138,81.6,193
habil,13:00,52,LineaH:1139,121.58,193
habil,13:00,52,LineaH:1140,182.43,193
habil,13:00,52,LineaH:1141,100.66,193
habil,13:00,52,LineaH:1160,132.64,193
habil,13:00,52,LineaH:1161,152.66,193
habil,13:00,52,LineaH:1162,164.51,193
habil,13:00,52,LineaH:1163,131.19,193
habil,13:15,53,LineaA:1059,413.32,193
habil,13:15,53,LineaA:1060,170.63,193
habil,13:15,53,LineaA:1061,142.3,193
habil,13:15,53,LineaA:1062,89.01,193
habil,13:15,53,LineaA:1063,165.21,193
habil,13:15,53,LineaA:1064,210.3,193
habil,13:15,53,LineaA:1065,109.76,193
habil,13:15,53,LineaA:1066,172.61,193
habil,13:15,53,LineaA:1067,90.17,193
habil,13:15,53,LineaA:1068,184.22,193
habil,13:15,53,LineaA:1069,88.12,193
habil,13:15,53,LineaA:1070,41.74,193
habil,13:15,53,LineaA:1071,131.97,193
habil,13:15,53,LineaA:1072,125.25,193
habil,13:15,53,LineaA:1073,64.3,193
habil,13:15,53,LineaA:1074,65.67,193
habil,13:15,53,LineaA:1075,99.76,193
habil,13:15,53,LineaA:1076,204.77,193
habil,13:15,53,LineaB:1077,313.98,193
habil,13:15,53,LineaB:1078,77.94,193
habil,13:15,53,LineaB:1079,108.55,193
habil,13:15,53,LineaB:1080,63.54,193
habil,13:15,53,LineaB:1081,315.65,193
habil,13:15,53,LineaB:1082,139.38,193
habil,13:15,53,LineaB:1083,181.71,193
habil,13:15,53,LineaB:1084,185.49,193
habil,13:15,53,LineaB:1085,198.59,193
habil,13:15,53,LineaB:1086,99.44,193
habil,13:15,53,LineaB:1087,145.82,193
habil,13:15,53,LineaB:1088,193.34,193
habil,13:15,53,LineaB:1089,254.1,193
habil,13:15,53,LineaB:1090,119.69,193
habil,13:15,53,LineaB:1091,215.54,193
habil,13:15,53,LineaB:1092,152.44,193
habil,13:15,53,LineaB:1093,202.7,193
habil,13:15,53,LineaC:1094,1000.39,193
habil,13:15,53,LineaC:1095,63.39,193
habil,13:15,53,LineaC:1096,68.73,193
habil,13:15,53,LineaC:1097,63.67,193
habil,13:15,53,LineaC:1098,37.62,193
habil,13:15,53,LineaC:1099,53.73,193
habil,13:15,53,LineaC:1100,56.52,193
habil,13:15,53,LineaC:1101,52.3,193
habil,13:15,53,LineaC:1102,305.2,193
habil,13:15,53,LineaD:1103,374.53,193
habil,13:15,53,LineaD:1104,226.98,193
habil,13:15,53,LineaD:1105,153.15,193
habil,13:15,53,LineaD:1106,163.25,193
habil,13:15,53,LineaD:1107,173.07,193
habil,13:15,53,LineaD:1108,207.95,193
habil,13:15,53,LineaD:1109,69.3,193
habil,13:15,53,LineaD:1110,174.45,193
habil,13:15,53,LineaD:1111,212.39,193
habil,13:15,53,LineaD:1112,75.28,193
habil,13:15,53,LineaD:1113,128.05,193
habil,13:15,53,LineaD:1114,256.0,193
habil,13:15,53,LineaD:1115,188.76,193
habil,13:15,53,LineaD:1116,174.26,193
habil,13:15,53,LineaD:1117,74.71,193
habil,13:15,53,LineaD:1118,278.54,193
habil,13:15,53,LineaE:1119,114.26,193
habil,13:15,53,LineaE:1120,47.62,193
habil,13:15,53,LineaE:1121,85.13,193
habil,13:15,53,LineaE:1122,49.08,193
habil,13:15,53,LineaE:1123,60.66,193
habil,13:15,53,LineaE:1124,34.58,193
habil,13:15,53,LineaE:1125,41.2,193
habil,13:15,53,LineaE:1126,73.09,193
habil,13:15,53,LineaE:1127,86.55,193
habil,13:15,53,LineaE:1128,84.32,193
habil,13:15,53,LineaE:1129,71.72,193
habil,13:15,53,LineaE:1130,68.95,193
habil,13:15,53,LineaE:1131,35.67,193
habil,13:15,53,LineaE:1132,38.48,193
habil,13:15,53,LineaE:1133,131.88,193
habil,13:15,53,LineaE:1164,55.91,193
habil,13:15,53,LineaE:1165,56.46,193
habil,13:15,53,LineaE:1166,75.75,193
habil,13:15,53,LineaH:1134,203.64,193
habil,13:15,53,LineaH:1135,160.69,193
habil,13:15,53,LineaH:1136,116.45,193
habil,13:15,53,LineaH:1137,68.07,193
habil,13:15,53,LineaH:1138,87.2,193
habil,13:15,53,LineaH:1139,119.89,193
habil,13:15,53,LineaH:1140,187.44,193
habil,13:15,53,LineaH:1141,95.69,193
habil,13:15,53,LineaH:1160,121.41,193
habil,13:15,53,LineaH:1161,156.58,193
habil,13:15,53,LineaH:1162,145.09,193
habil,13:15,53,LineaH:1163,67.35,193
habil,13:30,54,LineaA:1059,369.94,193
habil,13:30,54,LineaA:1060,152.43,193
habil,13:30,54,LineaA:1061,126.57,193
habil,13:30,54,LineaA:1062,78.04,193
habil,13:30,54,LineaA:1063,158.24,193
habil,13:30,54,LineaA:1064,188.2,193
habil,13:30,54,LineaA:1065,107.24,193
habil,13:30,54,LineaA:1066,155.19,193
habil,13:30,54,LineaA:1067,82.42,193
habil,13:30,54,LineaA:1068,182.36,193
habil,13:30,54,LineaA:1069,83.39,193
habil,13:30,54,LineaA:1070,44.26,193
habil,13:30,54,LineaA:1071,131.26,193
habil,13:30,54,LineaA:1072,130.01,193
habil,13:30,54,LineaA:1073,65.03,193
habil,13:30,54,LineaA:1074,75.81,193
habil,13:30,54,LineaA:1075,102.73,193
habil,13:30,54,LineaA:1076,187.81,193
habil,13:30,54,LineaB:1077,244.82,193
habil,13:30,54,LineaB:1078,63.66,193
habil,13:30,54,LineaB:1079,91.67,193
habil,13:30,54,LineaB:1080,55.01,193
habil,13:30,54,LineaB:1081,282.77,193
habil,13:30,54,LineaB:1082,127.74,193
habil,13:30,54,LineaB:1083,170.36,193
habil,13:30,54,LineaB:1084,175.51,193
habil,13:30,54,LineaB:1085,189.54,193
habil,13:30,54,LineaB:1086,99.98,193
habil,13:30,54,LineaB:1087,148.71,193
habil,13:30,54,LineaB:1088,174.94,193
habil,13:30,54,LineaB:1089,238.7,193
habil,13:30,54,LineaB:1090,160.93,193
habil,13:30,54,LineaB:1091,269.17,193
habil,13:30,54,LineaB:1092,148.89,193
habil,13:30,54,LineaB:1093,168.82,193
habil,13:30,54,LineaC:1094,778.62,193
habil,13:30,54,LineaC:1095,58.15,193
habil,13:30,54,LineaC:1096,61.54,193
habil,13:30,54,LineaC:1097,64.04,193
habil,13:30,54,LineaC:1098,41.77,193
habil,13:30,54,LineaC:1099,63.58,193
habil,13:30,54,LineaC:1100,58.79,193
habil,13:30,54,LineaC:1101,51.64,193
habil,13:30,54,LineaC:1102,347.07,193
habil,13:30,54,LineaD:1103,332.33,193
habil,13:30,54,LineaD:1104,201.87,193
habil,13:30,54,LineaD:1105,141.81,193
habil,13:30,54,LineaD:1106,147.63,193
habil,13:30,54,LineaD:1107,157.83,193
habil,13:30,54,LineaD:1108,184.23,193
habil,13:30,54,LineaD:1109,67.3,193
habil,13:30,54,LineaD:1110,160.5,193
habil,13:30,54,LineaD:1111,196.12,193
habil,13:30,54,LineaD:1112,70.32,193
habil,13:30,54,LineaD:1113,125.54,193
habil,13:30,54,LineaD:1114,231.86,193
habil,13:30,54,LineaD:1115,217.62,193
habil,13:30,54,LineaD:1116,336.76,193
habil,13:30,54,LineaD:1117,87.37,193
habil,13:30,54,LineaD:1118,261.19,193
habil,13:30,54,LineaE:1119,115.33,193
habil,13:30,54,LineaE:1120,47.71,193
habil,13:30,54,LineaE:1121,74.93,193
habil,13:30,54,LineaE:1122,38.3,193
habil,13:30,54,LineaE:1123,59.23,193
habil,13:30,54,LineaE:1124,36.03,193
habil,13:30,54,LineaE:1125,43.28,193
habil,13:30,54,LineaE:1126,61.37,193
habil,13:30,54,LineaE:1127,83.67,193
habil,13:30,54,LineaE:1128,87.21,193
habil,13:30,54,LineaE:1129,58.7,193
habil,13:30,54,LineaE:1130,52.89,193
habil,13:30,54,LineaE:1131,27.51,193
habil,13:30,54,LineaE:1132,30.05,193
habil,13:30,54,LineaE:1133,98.66,193
habil,13:30,54,LineaE:1164,58.6,193
habil,13:30,54,LineaE:1165,44.37,193
habil,13:30,54,LineaE:1166,73.85,193
habil,13:30,54,LineaH:1134,166.16,193
habil,13:30,54,LineaH:1135,130.67,193
habil,13:30,54,LineaH:1136,116.2,193
habil,13:30,54,LineaH:1137,69.37,193
habil,13:30,54,LineaH:1138,88.82,193
habil,13:30,54,LineaH:1139,117.05,193
habil,13:30,54,LineaH:1140,187.82,193
habil,13:30,54,LineaH:1141,91.4,193
habil,13:30,54,LineaH:1160,125.45,193
habil,13:30,54,LineaH:1161,152.35,193
habil,13:30,54,LineaH:1162,130.84,193
habil,13:30,54,LineaH:1163,53.7,193
habil,13:45,55,LineaA:1059,323.66,193
habil,13:45,55,LineaA:1060,129.45,193
habil,13:45,55,LineaA:1061,107.62,193
habil,13:45,55,LineaA:1062,65.96,193
habil,13:45,55,LineaA:1063,149.54,193
habil,13:45,55,LineaA:1064,162.16,193
habil,13:45,55,LineaA:1065,98.52,193
habil,13:45,55,LineaA:1066,118.77,193
habil,13:45,55,LineaA:1067,66.47,193
habil,13:45,55,LineaA:1068,170.87,193
habil,13:45,55,LineaA:1069,74.09,193
habil,13:45,55,LineaA:1070,43.08,193
habil,13:45,55,LineaA:1071,125.94,193
habil,13:45,55,LineaA:1072,138.84,193
habil,13:45,55,LineaA:1073,70.72,193
habil,13:45,55,LineaA:1074,75.68,193
habil,13:45,55,LineaA:1075,105.82,193
habil,13:45,55,LineaA:1076,171.65,193
habil,13:45,55,LineaB:1077,218.72,193
habil,13:45,55,LineaB:1078,54.81,193
habil,13:45,55,LineaB:1079,83.12,193
habil,13:45,55,LineaB:1080,50.75,193
habil,13:45,55,LineaB:1081,239.31,193
habil,13:45,55,LineaB:1082,105.58,193
habil,13:45,55,LineaB:1083,142.45,193
habil,13:45,55,LineaB:1084,151.3,193
habil,13:45,55,LineaB:1085,165.69,193
habil,13:45,55,LineaB:1086,94.78,193
habil,13:45,55,LineaB:1087,140.28,193
habil,13:45,55,LineaB:1088,165.52,193
habil,13:45,55,LineaB:1089,234.04,193
habil,13:45,55,LineaB:1090,145.6,193
habil,13:45,55,LineaB:1091,264.91,193
habil,13:45,55,LineaB:1092,146.88,193
habil,13:45,55,LineaB:1093,155.62,193
habil,13:45,55,LineaC:1094,593.84,193
habil,13:45,55,LineaC:1095,50.96,193
habil,13:45,55,LineaC:1096,53.01,193
habil,13:45,55,LineaC:1097,60.3,193
habil,13:45,55,LineaC:1098,40.03,193
habil,13:45,55,LineaC:1099,56.33,193
habil,13:45,55,LineaC:1100,56.52,193
habil,13:45,55,LineaC:1101,49.22,193
habil,13:45,55,LineaC:1102,300.18,193
habil,13:45,55,LineaD:1103,274.1,193
habil,13:45,55,LineaD:1104,177.53,193
habil,13:45,55,LineaD:1105,130.11,193
habil,13:45,55,LineaD:1106,126.04,193
habil,13:45,55,LineaD:1107,132.6,193
habil,13:45,55,LineaD:1108,165.26,193
habil,13:45,55,LineaD:1109,62.19,193
habil,13:45,55,LineaD:1110,139.27,193
habil,13:45,55,LineaD:1111,177.89,193
habil,13:45,55,LineaD:1112,60.16,193
habil,13:45,55,LineaD:1113,104.34,193
habil,13:45,55,LineaD:1114,224.37,193
habil,13:45,55,LineaD:1115,182.22,193
habil,13:45,55,LineaD:1116,272.19,193
habil,13:45,55,LineaD:1117,77.73,193
habil,13:45,55,LineaD:1118,242.95,193
habil,13:45,55,LineaE:1119,112.05,193
habil,13:45,55,LineaE:1120,45.8,193
habil,13:45,55,LineaE:1121,63.06,193
habil,13:45,55,LineaE:1122,30.15,193
habil,13:45,55,LineaE:1123,51.94,193
habil,13:45,55,LineaE:1124,30.01,193
habil,13:45,55,LineaE:1125,33.94,193
habil,13:45,55,LineaE:1126,46.85,193
habil,13:45,55,LineaE:1127,66.34,193
habil,13:45,55,LineaE:1128,56.72,193
habil,13:45,55,LineaE:1129,44.92,193
habil,13:45,55,LineaE:1130,42.92,193
habil,13:45,55,LineaE:1131,19.81,193
habil,13:45,55,LineaE:1132,23.3,193
habil,13:45,55,LineaE:1133,80.54,193
habil,13:45,55,LineaE:1164,52.02,193
habil,13:45,55,LineaE:1165,40.57,193
habil,13:45,55,LineaE:1166,64.59,193
habil,13:45,55,LineaH:1134,142.13,193
habil,13:45,55,LineaH:1135,104.04,193
habil,13:45,55,LineaH:1136,80.75,193
habil,13:45,55,LineaH:1137,57.09,193
habil,13:45,55,LineaH:1138,67.94,193
habil,13:45,55,LineaH:1139,96.71,193
habil,13:45,55,LineaH:1140,172.92,193
habil,13:45,55,LineaH:1141,87.92,193
habil,13:45,55,LineaH:1160,104.03,193
habil,13:45,55,LineaH:1161,137.49,193
habil,13:45,55,LineaH:1162,119.78,193
habil,13:45,55,LineaH:1163,53.37,193
habil,14:00,56,LineaA:1059,316.07,193
habil,14:00,56,LineaA:1060,129.26,193
habil,14:00,56,LineaA:1061,107.23,193
habil,14:00,56,LineaA:1062,71.28,193
habil,14:00,56,LineaA:1063,130.64,193
habil,14:00,56,LineaA:1064,166.48,193
habil,14:00,56,LineaA:1065,83.6,193
habil,14:00,56,LineaA:1066,152.7,193
habil,14:00,56,LineaA:1067,85.27,193
habil,14:00,56,LineaA:1068,155.64,193
habil,14:00,56,LineaA:1069,87.01,193
habil,14:00,56,LineaA:1070,47.55,193
habil,14:00,56,LineaA:1071,153.95,193
habil,14:00,56,LineaA:1072,165.08,193
habil,14:00,56,LineaA:1073,78.3,193
habil,14:00,56,LineaA:1074,108.12,193
habil,14:00,56,LineaA:1075,181.72,193
habil,14:00,56,LineaA:1076,208.79,193
habil,14:00,56,LineaB:1077,247.95,193
habil,14:00,56,LineaB:1078,58.68,193
habil,14:00,56,LineaB:1079,89.07,193
habil,14:00,56,LineaB:1080,73.51,193
habil,14:00,56,LineaB:1081,251.09,193
habil,14:00,56,LineaB:1082,122.53,193
habil,14:00,56,LineaB:1083,158.14,193
habil,14:00,56,LineaB:1084,157.49,193
habil,14:00,56,LineaB:1085,183.39,193
habil,14:00,56,LineaB:1086,102.6,193
habil,14:00,56,LineaB:1087,143.05,193
habil,14:00,56,LineaB:1088,178.13,193
habil,14:00,56,LineaB:1089,260.06,193
habil,14:00,56,LineaB:1090,143.55,193
habil,14:00,56,LineaB:1091,267.75,193
habil,14:00,56,LineaB:1092,214.92,193
habil,14:00,56,LineaB:1093,189.26,193
habil,14:00,56,LineaC:1094,636.64,193
habil,14:00,56,LineaC:1095,60.07,193
habil,14:00,56,LineaC:1096,60.68,193
habil,14:00,56,LineaC:1097,101.36,193
habil,14:00,56,LineaC:1098,56.07,193
habil,14:00,56,LineaC:1099,97.17,193
habil,14:00,56,LineaC:1100,88.22,193
habil,14:00,56,LineaC:1101,65.22,193
habil,14:00,56,LineaC:1102,313.75,193
habil,14:00,56,LineaD:1103,280.35,193
habil,14:00,56,LineaD:1104,187.36,193
habil,14:00,56,LineaD:1105,141.73,193
habil,14:00,56,LineaD:1106,134.84,193
habil,14:00,56,LineaD:1107,129.6,193
habil,14:00,56,LineaD:1108,194.68,193
habil,14:00,56,LineaD:1109,65.43,193
habil,14:00,56,LineaD:1110,136.9,193
habil,14:00,56,LineaD:1111,201.52,193
habil,14:00,56,LineaD:1112,69.33,193
habil,14:00,56,LineaD:1113,136.0,193
habil,14:00,56,LineaD:1114,251.51,193
habil,14:00,56,LineaD:1115,212.81,193
habil,14:00,56,LineaD:1116,240.82,193
habil,14:00,56,LineaD:1117,83.48,193
habil,14:00,56,LineaD:1118,319.58,193
habil,14:00,56,LineaE:1119,161.9,193
habil,14:00,56,LineaE:1120,80.26,193
habil,14:00,56,LineaE:1121,71.43,193
habil,14:00,56,LineaE:1122,34.73,193
habil,14:00,56,LineaE:1123,60.05,193
habil,14:00,56,LineaE:1124,27.35,193
habil,14:00,56,LineaE:1125,38.2,193
habil,14:00,56,LineaE:1126,50.33,193
habil,14:00,56,LineaE:1127,61.9,193
habil,14:00,56,LineaE:1128,57.07,193
habil,14:00,56,LineaE:1129,41.89,193
habil,14:00,56,LineaE:1130,50.09,193
habil,14:00,56,LineaE:1131,21.93,193
habil,14:00,56,LineaE:1132,23.73,193
habil,14:00,56,LineaE:1133,82.33,193
habil,14:00,56,LineaE:1164,54.66,193
habil,14:00,56,LineaE:1165,55.76,193
habil,14:00,56,LineaE:1166,85.52,193
habil,14:00,56,LineaH:1134,140.1,193
habil,14:00,56,LineaH:1135,123.53,193
habil,14:00,56,LineaH:1136,108.93,193
habil,14:00,56,LineaH:1137,59.61,193
habil,14:00,56,LineaH:1138,70.04,193
habil,14:00,56,LineaH:1139,102.2,193
habil,14:00,56,LineaH:1140,159.86,193
habil,14:00,56,LineaH:1141,86.11,193
habil,14:00,56,LineaH:1160,138.98,193
habil,14:00,56,LineaH:1161,192.49,193
habil,14:00,56,LineaH:1162,145.05,193
habil,14:00,56,LineaH:1163,69.24,193
habil,14:15,57,LineaA:1059,323.79,193
habil,14:15,57,LineaA:1060,130.02,193
habil,14:15,57,LineaA:1061,114.85,193
habil,14:15,57,LineaA:1062,69.81,193
habil,14:15,57,LineaA:1063,130.75,193
habil,14:15,57,LineaA:1064,157.01,193
habil,14:15,57,LineaA:1065,79.8,193
habil,14:15,57,LineaA:1066,127.25,193
habil,14:15,57,LineaA:1067,76.9,193
habil,14:15,57,LineaA:1068,152.44,193
habil,14:15,57,LineaA:1069,83.86,193
habil,14:15,57,LineaA:1070,41.18,193
habil,14:15,57,LineaA:1071,128.59,193
habil,14:15,57,LineaA:1072,150.26,193
habil,14:15,57,LineaA:1073,73.1,193
habil,14:15,57,LineaA:1074,91.78,193
habil,14:15,57,LineaA:1075,128.06,193
habil,14:15,57,LineaA:1076,207.1,193
habil,14:15,57,LineaB:1077,232.41,193
habil,14:15,57,LineaB:1078,57.34,193
habil,14:15,57,LineaB:1079,90.98,193
habil,14:15,57,LineaB:1080,62.05,193
habil,14:15,57,LineaB:1081,222.15,193
habil,14:15,57,LineaB:1082,134.87,193
habil,14:15,57,LineaB:1083,151.54,193
habil,14:15,57,LineaB:1084,163.91,193
habil,14:15,57,LineaB:1085,196.41,193
habil,14:15,57,LineaB:1086,98.5,193
habil,14:15,57,LineaB:1087,139.23,193
habil,14:15,57,LineaB:1088,174.84,193
habil,14:15,57,LineaB:1089,245.83,193
habil,14:15,57,LineaB:1090,129.38,193
habil,14:15,57,LineaB:1091,236.97,193
habil,14:15,57,LineaB:1092,182.95,193
habil,14:15,57,LineaB:1093,192.77,193
habil,14:15,57,LineaC:1094,558.01,193
habil,14:15,57,LineaC:1095,53.54,193
habil,14:15,57,LineaC:1096,62.66,193
habil,14:15,57,LineaC:1097,73.56,193
habil,14:15,57,LineaC:1098,44.95,193
habil,14:15,57,LineaC:1099,71.58,193
habil,14:15,57,LineaC:1100,68.22,193
habil,14:15,57,LineaC:1101,54.38,193
habil,14:15,57,LineaC:1102,308.73,193
habil,14:15,57,LineaD:1103,295.77,193
habil,14:15,57,LineaD:1104,190.32,193
habil,14:15,57,LineaD:1105,137.28,193
habil,14:15,57,LineaD:1106,139.64,193
habil,14:15,57,LineaD:1107,136.59,193
habil,14:15,57,LineaD:1108,183.82,193
habil,14:15,57,LineaD:1109,68.28,193
habil,14:15,57,LineaD:1110,136.5,193
habil,14:15,57,LineaD:1111,181.91,193
habil,14:15,57,LineaD:1112,62.89,193
habil,14:15,57,LineaD:1113,116.55,193
habil,14:15,57,LineaD:1114,221.56,193
habil,14:15,57,LineaD:1115,183.67,193
habil,14:15,57,LineaD:1116,209.44,193
habil,14:15,57,LineaD:1117,78.63,193
habil,14:15,57,LineaD:1118,281.81,193
habil,14:15,57,LineaE:1119,133.43,193
habil,14:15,57,LineaE:1120,61.43,193
habil,14:15,57,LineaE:1121,67.71,193
habil,14:15,57,LineaE:1122,30.66,193
habil,14:15,57,LineaE:1123,55.6,193
habil,14:15,57,LineaE:1124,27.62,193
habil,14:15,57,LineaE:1125,35.68,193
habil,14:15,57,LineaE:1126,47.07,193
habil,14:15,57,LineaE:1127,62.66,193
habil,14:15,57,LineaE:1128,54.37,193
habil,14:15,57,LineaE:1129,42.55,193
habil,14:15,57,LineaE:1130,43.84,193
habil,14:15,57,LineaE:1131,22.16,193
habil,14:15,57,LineaE:1132,23.68,193
habil,14:15,57,LineaE:1133,78.01,193
habil,14:15,57,LineaE:1164,60.72,193
habil,14:15,57,LineaE:1165,48.2,193
habil,14:15,57,LineaE:1166,76.94,193
habil,14:15,57,LineaH:1134,145.67,193
habil,14:15,57,LineaH:1135,113.4,193
habil,14:15,57,LineaH:1136,110.04,193
habil,14:15,57,LineaH:1137,57.91,193
habil,14:15,57,LineaH:1138,69.96,193
habil,14:15,57,LineaH:1139,99.26,193
habil,14:15,57,LineaH:1140,150.71,193
habil,14:15,57,LineaH:1141,85.14,193
habil,14:15,57,LineaH:1160,124.8,193
habil,14:15,57,LineaH:1161,180.45,193
habil,14:15,57,LineaH:1162,152.38,193
habil,14:15,57,LineaH:1163,60.49,193
habil,14:30,58,LineaA:1059,308.11,193
habil,14:30,58,LineaA:1060,121.12,193
habil,14:30,58,LineaA:1061,109.44,193
habil,14:30,58,LineaA:1062,62.79,193
habil,14:30,58,LineaA:1063,122.82,193
habil,14:30,58,LineaA:1064,157.75,193
habil,14:30,58,LineaA:1065,85.19,193
habil,14:30,58,LineaA:1066,122.17,193
habil,14:30,58,LineaA:1067,67.83,193
habil,14:30,58,LineaA:1068,166.56,193
habil,14:30,58,LineaA:1069,80.17,193
habil,14:30,58,LineaA:1070,43.45,193
habil,14:30,58,LineaA:1071,127.14,193
habil,14:30,58,LineaA:1072,143.33,193
habil,14:30,58,LineaA:1073,78.13,193
habil,14:30,58,LineaA:1074,99.33,193
habil,14:30,58,LineaA:1075,124.4,193
habil,14:30,58,LineaA:1076,190.92,193
habil,14:30,58,LineaB:1077,197.55,193
habil,14:30,58,LineaB:1078,52.81,193
habil,14:30,58,LineaB:1079,79.78,193
habil,14:30,58,LineaB:1080,51.86,193
habil,14:30,58,LineaB:1081,217.78,193
habil,14:30,58,LineaB:1082,117.32,193
habil,14:30,58,LineaB:1083,147.4,193
habil,14:30,58,LineaB:1084,152.56,193
habil,14:30,58,LineaB:1085,173.74,193
habil,14:30,58,LineaB:1086,100.1,193
habil,14:30,58,LineaB:1087,139.49,193
habil,14:30,58,LineaB:1088,170.04,193
habil,14:30,58,LineaB:1089,227.45,193
habil,14:30,58,LineaB:1090,122.98,193
habil,14:30,58,LineaB:1091,232.11,193
habil,14:30,58,LineaB:1092,184.34,193
habil,14:30,58,LineaB:1093,170.84,193
habil,14:30,58,LineaC:1094,584.38,193
habil,14:30,58,LineaC:1095,47.34,193
habil,14:30,58,LineaC:1096,61.17,193
habil,14:30,58,LineaC:1097,72.01,193
habil,14:30,58,LineaC:1098,52.35,193
habil,14:30,58,LineaC:1099,75.88,193
habil,14:30,58,LineaC:1100,76.65,193
habil,14:30,58,LineaC:1101,55.77,193
habil,14:30,58,LineaC:1102,298.49,193
habil,14:30,58,LineaD:1103,272.12,193
habil,14:30,58,LineaD:1104,178.03,193
habil,14:30,58,LineaD:1105,132.48,193
habil,14:30,58,LineaD:1106,129.72,193
habil,14:30,58,LineaD:1107,124.13,193
habil,14:30,58,LineaD:1108,189.38,193
habil,14:30,58,LineaD:1109,63.74,193
habil,14:30,58,LineaD:1110,139.36,193
habil,14:30,58,LineaD:1111,180.92,193
habil,14:30,58,LineaD:1112,60.38,193
habil,14:30,58,LineaD:1113,114.17,193
habil,14:30,58,LineaD:1114,223.77,193
habil,14:30,58,LineaD:1115,179.68,193
habil,14:30,58,LineaD:1116,207.37,193
habil,14:30,58,LineaD:1117,79.56,193
habil,14:30,58,LineaD:1118,266.81,193
habil,14:30,58,LineaE:1119,131.21,193
habil,14:30,58,LineaE:1120,58.41,193
habil,14:30,58,LineaE:1121,73.74,193
habil,14:30,58,LineaE:1122,31.31,193
habil,14:30,58,LineaE:1123,49.98,193
habil,14:30,58,LineaE:1124,27.21,193
habil,14:30,58,LineaE:1125,34.88,193
habil,14:30,58,LineaE:1126,49.31,193
habil,14:30,58,LineaE:1127,60.47,193
habil,14:30,58,LineaE:1128,54.3,193
habil,14:30,58,LineaE:1129,37.32,193
habil,14:30,58,LineaE:1130,37.32,193
habil,14:30,58,LineaE:1131,19.61,193
habil,14:30,58,LineaE:1132,21.6,193
habil,14:30,58,LineaE:1133,67.59,193
habil,14:30,58,LineaE:1164,54.92,193
habil,14:30,58,LineaE:1165,47.24,193
habil,14:30,58,LineaE:1166,72.35,193
habil,14:30,58,LineaH:1134,120.44,193
habil,14:30,58,LineaH:1135,107.12,193
habil,14:30,58,LineaH:1136,88.62,193
habil,14:30,58,LineaH:1137,58.88,193
habil,14:30,58,LineaH:1138,67.12,193
habil,14:30,58,LineaH:1139,95.57,193
habil,14:30,58,LineaH:1140,156.12,193
habil,14:30,58,LineaH:1141,83.9,193
habil,14:30,58,LineaH:1160,111.15,193
habil,14:30,58,LineaH:1161,162.53,193
habil,14:30,58,LineaH:1162,138.69,193
habil,14:30,58,LineaH:1163,56.05,193
habil,14:45,59,LineaA:1059,290.65,193
habil,14:45,59,LineaA:1060,119.18,193
habil,14:45,59,LineaA:1061,96.51,193
habil,14:45,59,LineaA:1062,59.72,193
habil,14:45,59,LineaA:1063,115.09,193
habil,14:45,59,LineaA:1064,145.31,193
habil,14:45,59,LineaA:1065,79.72,193
habil,14:45,59,LineaA:1066,112.67,193
habil,14:45,59,LineaA:1067,62.17,193
habil,14:45,59,LineaA:1068,144.52,193
habil,14:45,59,LineaA:1069,76.44,193
habil,14:45,59,LineaA:1070,40.2,193
habil,14:45,59,LineaA:1071,124.41,193
habil,14:45,59,LineaA:1072,146.83,193
habil,14:45,59,LineaA:1073,75.69,193
habil,14:45,59,LineaA:1074,92.7,193
habil,14:45,59,LineaA:1075,130.72,193
habil,14:45,59,LineaA:1076,190.64,193
habil,14:45,59,LineaB:1077,195.65,193
habil,14:45,59,LineaB:1078,52.37,193
habil,14:45,59,LineaB:1079,77.83,193
habil,14:45,59,LineaB:1080,55.54,193
habil,14:45,59,LineaB:1081,212.24,193
habil,14:45,59,LineaB:1082,107.79,193
habil,14:45,59,LineaB:1083,139.25,193
habil,14:45,59,LineaB:1084,142.55,193
habil,14:45,59,LineaB:1085,158.9,193
habil,14:45,59,LineaB:1086,96.02,193
habil,14:45,59,LineaB:1087,136.1,193
habil,14:45,59,LineaB:1088,166.42,193
habil,14:45,59,LineaB:1089,230.91,193
habil,14:45,59,LineaB:1090,121.39,193
habil,14:45,59,LineaB:1091,227.42,193
habil,14:45,59,LineaB:1092,180.95,193
habil,14:45,59,LineaB:1093,165.82,193
habil,14:45,59,LineaC:1094,527.3,193
habil,14:45,59,LineaC:1095,46.94,193
habil,14:45,59,LineaC:1096,57.5,193
habil,14:45,59,LineaC:1097,79.23,193
habil,14:45,59,LineaC:1098,52.69,193
habil,14:45,59,LineaC:1099,73.18,193
habil,14:45,59,LineaC:1100,78.72,193
habil,14:45,59,LineaC:1101,53.1,193
habil,14:45,59,LineaC:1102,283.7,193
habil,14:45,59,LineaD:1103,265.38,193
habil,14:45,59,LineaD:1104,174.5,193
habil,14:45,59,LineaD:1105,127.36,193
habil,14:45,59,LineaD:1106,121.23,193
habil,14:45,59,LineaD:1107,119.98,193
habil,14:45,59,LineaD:1108,153.12,193
habil,14:45,59,LineaD:1109,63.92,193
habil,14:45,59,LineaD:1110,135.11,193
habil,14:45,59,LineaD:1111,168.41,193
habil,14:45,59,LineaD:1112,56.34,193
habil,14:45,59,LineaD:1113,107.21,193
habil,14:45,59,LineaD:1114,220.0,193
habil,14:45,59,LineaD:1115,172.74,193
habil,14:45,59,LineaD:1116,196.33,193
habil,14:45,59,LineaD:1117,75.52,193
habil,14:45,59,LineaD:1118,268.08,193
habil,14:45,59,LineaE:1119,139.84,193
habil,14:45,59,LineaE:1120,60.98,193
habil,14:45,59,LineaE:1121,81.9,193
habil,14:45,59,LineaE:1122,29.66,193
habil,14:45,59,LineaE:1123,48.06,193
habil,14:45,59,LineaE:1124,25.43,193
habil,14:45,59,LineaE:1125,33.78,193
habil,14:45,59,LineaE:1126,39.39,193
habil,14:45,59,LineaE:1127,54.16,193
habil,14:45,59,LineaE:1128,49.72,193
habil,14:45,59,LineaE:1129,36.29,193
habil,14:45,59,LineaE:1130,36.49,193
habil,14:45,59,LineaE:1131,18.17,193
habil,14:45,59,LineaE:1132,21.26,193
habil,14:45,59,LineaE:1133,65.12,193
habil,14:45,59,LineaE:1164,51.99,193
habil,14:45,59,LineaE:1165,50.44,193
habil,14:45,59,LineaE:1166,76.01,193
habil,14:45,59,LineaH:1134,124.26,193
habil,14:45,59,LineaH:1135,98.73,193
habil,14:45,59,LineaH:1136,81.1,193
habil,14:45,59,LineaH:1137,51.11,193
habil,14:45,59,LineaH:1138,62.85,193
habil,14:45,59,LineaH:1139,82.36,193
habil,14:45,59,LineaH:1140,143.11,193
habil,14:45,59,LineaH:1141,81.5,193
habil,14:45,59,LineaH:1160,105.57,193
habil,14:45,59,LineaH:1161,152.72,193
habil,14:45,59,LineaH:1162,133.24,193
habil,14:45,59,LineaH:1163,57.13,193
habil,15:00,60,LineaA:1059,309.26,193
habil,15:00,60,LineaA:1060,126.31,193
habil,15:00,60,LineaA:1061,104.88,193
habil,15:00,60,LineaA:1062,74.5,193
habil,15:00,60,LineaA:1063,122.24,193
habil,15:00,60,LineaA:1064,166.17,193
habil,15:00,60,LineaA:1065,88.32,193
habil,15:00,60,LineaA:1066,136.8,193
habil,15:00,60,LineaA:1067,82.34,193
habil,15:00,60,LineaA:1068,148.08,193
habil,15:00,60,LineaA:1069,94.75,193
habil,15:00,60,LineaA:1070,42.69,193
habil,15:00,60,LineaA:1071,175.97,193
habil,15:00,60,LineaA:1072,207.78,193
habil,15:00,60,LineaA:1073,107.57,193
habil,15:00,60,LineaA:1074,188.76,193
habil,15:00,60,LineaA:1075,280.35,193
habil,15:00,60,LineaA:1076,301.61,193
habil,15:00,60,LineaB:1077,235.7,193
habil,15:00,60,LineaB:1078,60.22,193
habil,15:00,60,LineaB:1079,92.32,193
habil,15:00,60,LineaB:1080,86.24,193
habil,15:00,60,LineaB:1081,233.58,193
habil,15:00,60,LineaB:1082,134.23,193
habil,15:00,60,LineaB:1083,164.48,193
habil,15:00,60,LineaB:1084,165.2,193
habil,15:00,60,LineaB:1085,202.62,193
habil,15:00,60,LineaB:1086,107.99,193
habil,15:00,60,LineaB:1087,153.39,193
habil,15:00,60,LineaB:1088,189.69,193
habil,15:00,60,LineaB:1089,291.64,193
habil,15:00,60,LineaB:1090,161.79,193
habil,15:00,60,LineaB:1091,307.15,193
habil,15:00,60,LineaB:1092,320.64,193
habil,15:00,60,LineaB:1093,252.6,193
habil,15:00,60,LineaC:1094,588.53,193
habil,15:00,60,LineaC:1095,66.84,193
habil,15:00,60,LineaC:1096,69.58,193
habil,15:00,60,LineaC:1097,127.5,193
habil,15:00,60,LineaC:1098,103.52,193
habil,15:00,60,LineaC:1099,184.44,193
habil,15:00,60,LineaC:1100,185.28,193
habil,15:00,60,LineaC:1101,103.94,193
habil,15:00,60,LineaC:1102,312.3,193
habil,15:00,60,LineaD:1103,311.89,193
habil,15:00,60,LineaD:1104,203.52,193
habil,15:00,60,LineaD:1105,152.39,193
habil,15:00,60,LineaD:1106,146.2,193
habil,15:00,60,LineaD:1107,131.48,193
habil,15:00,60,LineaD:1108,210.41,193
habil,15:00,60,LineaD:1109,71.6,193
habil,15:00,60,LineaD:1110,151.16,193
habil,15:00,60,LineaD:1111,215.39,193
habil,15:00,60,LineaD:1112,67.88,193
habil,15:00,60,LineaD:1113,125.56,193
habil,15:00,60,LineaD:1114,260.17,193
habil,15:00,60,LineaD:1115,216.96,193
habil,15:00,60,LineaD:1116,278.45,193
habil,15:00,60,LineaD:1117,112.09,193
habil,15:00,60,LineaD:1118,525.72,193
habil,15:00,60,LineaE:1119,251.61,193
habil,15:00,60,LineaE:1120,104.34,193
habil,15:00,60,LineaE:1121,112.3,193
habil,15:00,60,LineaE:1122,37.93,193
habil,15:00,60,LineaE:1123,63.25,193
habil,15:00,60,LineaE:1124,32.78,193
habil,15:00,60,LineaE:1125,41.13,193
habil,15:00,60,LineaE:1126,45.94,193
habil,15:00,60,LineaE:1127,66.35,193
habil,15:00,60,LineaE:1128,55.75,193
habil,15:00,60,LineaE:1129,41.77,193
habil,15:00,60,LineaE:1130,42.72,193
habil,15:00,60,LineaE:1131,22.7,193
habil,15:00,60,LineaE:1132,23.75,193
habil,15:00,60,LineaE:1133,68.32,193
habil,15:00,60,LineaE:1164,66.38,193
habil,15:00,60,LineaE:1165,90.35,193
habil,15:00,60,LineaE:1166,144.79,193
habil,15:00,60,LineaH:1134,137.98,193
habil,15:00,60,LineaH:1135,138.12,193
habil,15:00,60,LineaH:1136,112.22,193
habil,15:00,60,LineaH:1137,71.23,193
habil,15:00,60,LineaH:1138,80.94,193
habil,15:00,60,LineaH:1139,99.93,193
habil,15:00,60,LineaH:1140,164.61,193
habil,15:00,60,LineaH:1141,98.46,193
habil,15:00,60,LineaH:1160,134.82,193
habil,15:00,60,LineaH:1161,200.01,193
habil,15:00,60,LineaH:1162,196.08,193
habil,15:00,60,LineaH:1163,71.85,193
habil,15:15,61,LineaA:1059,326.48,193
habil,15:15,61,LineaA:1060,128.4,193
habil,15:15,61,LineaA:1061,108.55,193
habil,15:15,61,LineaA:1062,68.9,193
habil,15:15,61,LineaA:1063,120.81,193
habil,15:15,61,LineaA:1064,159.39,193
habil,15:15,61,LineaA:1065,84.34,193
habil,15:15,61,LineaA:1066,143.73,193
habil,15:15,61,LineaA:1067,70.25,193
habil,15:15,61,LineaA:1068,142.68,193
habil,15:15,61,LineaA:1069,90.84,193
habil,15:15,61,LineaA:1070,39.22,193
habil,15:15,61,LineaA:1071,151.82,193
habil,15:15,61,LineaA:1072,184.94,193
habil,15:15,61,LineaA:1073,93.29,193
habil,15:15,61,LineaA:1074,147.7,193
habil,15:15,61,LineaA:1075,216.04,193
habil,15:15,61,LineaA:1076,290.04,193
habil,15:15,61,LineaB:1077,254.05,193
habil,15:15,61,LineaB:1078,64.35,193
habil,15:15,61,LineaB:1079,100.33,193
habil,15:15,61,LineaB:1080,74.46,193
habil,15:15,61,LineaB:1081,208.37,193
habil,15:15,61,LineaB:1082,133.37,193
habil,15:15,61,LineaB:1083,161.15,193
habil,15:15,61,LineaB:1084,167.08,193
habil,15:15,61,LineaB:1085,200.02,193
habil,15:15,61,LineaB:1086,115.17,193
habil,15:15,61,LineaB:1087,148.89,193
habil,15:15,61,LineaB:1088,189.01,193
habil,15:15,61,LineaB:1089,291.06,193
habil,15:15,61,LineaB:1090,151.03,193
habil,15:15,61,LineaB:1091,282.48,193
habil,15:15,61,LineaB:1092,268.8,193
habil,15:15,61,LineaB:1093,265.33,193
habil,15:15,61,LineaC:1094,487.11,193
habil,15:15,61,LineaC:1095,56.04,193
habil,15:15,61,LineaC:1096,70.92,193
habil,15:15,61,LineaC:1097,101.09,193
habil,15:15,61,LineaC:1098,75.49,193
habil,15:15,61,LineaC:1099,114.31,193
habil,15:15,61,LineaC:1100,118.79,193
habil,15:15,61,LineaC:1101,88.44,193
habil,15:15,61,LineaC:1102,320.19,193
habil,15:15,61,LineaD:1103,322.23,193
habil,15:15,61,LineaD:1104,213.5,193
habil,15:15,61,LineaD:1105,151.18,193
habil,15:15,61,LineaD:1106,148.99,193
habil,15:15,61,LineaD:1107,139.09,193
habil,15:15,61,LineaD:1108,203.83,193
habil,15:15,61,LineaD:1109,80.73,193
habil,15:15,61,LineaD:1110,156.58,193
habil,15:15,61,LineaD:1111,213.88,193
habil,15:15,61,LineaD:1112,67.31,193
habil,15:15,61,LineaD:1113,123.3,193
habil,15:15,61,LineaD:1114,245.21,193
habil,15:15,61,LineaD:1115,211.45,193
habil,15:15,61,LineaD:1116,236.81,193
habil,15:15,61,LineaD:1117,98.15,193
habil,15:15,61,LineaD:1118,457.82,193
habil,15:15,61,LineaE:1119,217.17,193
habil,15:15,61,LineaE:1120,80.89,193
habil,15:15,61,LineaE:1121,124.18,193
habil,15:15,61,LineaE:1122,34.15,193
habil,15:15,61,LineaE:1123,58.47,193
habil,15:15,61,LineaE:1124,30.33,193
habil,15:15,61,LineaE:1125,40.62,193
habil,15:15,61,LineaE:1126,43.35,193
habil,15:15,61,LineaE:1127,62.05,193
habil,15:15,61,LineaE:1128,61.99,193
habil,15:15,61,LineaE:1129,43.02,193
habil,15:15,61,LineaE:1130,42.91,193
habil,15:15,61,LineaE:1131,21.76,193
habil,15:15,61,LineaE:1132,22.71,193
habil,15:15,61,LineaE:1133,71.58,193
habil,15:15,61,LineaE:1164,71.45,193
habil,15:15,61,LineaE:1165,73.33,193
habil,15:15,61,LineaE:1166,112.63,193
habil,15:15,61,LineaH:1134,150.27,193
habil,15:15,61,LineaH:1135,127.57,193
habil,15:15,61,LineaH:1136,107.15,193
habil,15:15,61,LineaH:1137,76.2,193
habil,15:15,61,LineaH:1138,78.79,193
habil,15:15,61,LineaH:1139,98.64,193
habil,15:15,61,LineaH:1140,159.23,193
habil,15:15,61,LineaH:1141,99.09,193
habil,15:15,61,LineaH:1160,121.43,193
habil,15:15,61,LineaH:1161,190.19,193
habil,15:15,61,LineaH:1162,188.92,193
habil,15:15,61,LineaH:1163,87.84,193
habil,15:30,62,LineaA:1059,316.85,193
habil,15:30,62,LineaA:1060,131.16,193
habil,15:30,62,LineaA:1061,107.18,193
habil,15:30,62,LineaA:1062,68.76,193
habil,15:30,62,LineaA:1063,120.52,193
habil,15:30,62,LineaA:1064,165.29,193
habil,15:30,62,LineaA:1065,84.87,193
habil,15:30,62,LineaA:1066,128.2,193
habil,15:30,62,LineaA:1067,77.58,193
habil,15:30,62,LineaA:1068,146.97,193
habil,15:30,62,LineaA:1069,119.95,193
habil,15:30,62,LineaA:1070,42.45,193
habil,15:30,62,LineaA:1071,147.27,193
habil,15:30,62,LineaA:1072,180.21,193
habil,15:30,62,LineaA:1073,96.17,193
habil,15:30,62,LineaA:1074,141.83,193
habil,15:30,62,LineaA:1075,199.48,193
habil,15:30,62,LineaA:1076,306.06,193
habil,15:30,62,LineaB:1077,211.47,193
habil,15:30,62,LineaB:1078,59.4,193
habil,15:30,62,LineaB:1079,93.24,193
habil,15:30,62,LineaB:1080,65.65,193
habil,15:30,62,LineaB:1081,223.79,193
habil,15:30,62,LineaB:1082,134.09,193
habil,15:30,62,LineaB:1083,159.31,193
habil,15:30,62,LineaB:1084,167.77,193
habil,15:30,62,LineaB:1085,197.99,193
habil,15:30,62,LineaB:1086,121.51,193
habil,15:30,62,LineaB:1087,150.59,193
habil,15:30,62,LineaB:1088,204.73,193
habil,15:30,62,LineaB:1089,285.69,193
habil,15:30,62,LineaB:1090,150.99,193
habil,15:30,62,LineaB:1091,293.08,193
habil,15:30,62,LineaB:1092,256.26,193
habil,15:30,62,LineaB:1093,249.63,193
habil,15:30,62,LineaC:1094,535.48,193
habil,15:30,62,LineaC:1095,54.09,193
habil,15:30,62,LineaC:1096,73.65,193
habil,15:30,62,LineaC:1097,101.87,193
habil,15:30,62,LineaC:1098,73.58,193
habil,15:30,62,LineaC:1099,112.76,193
habil,15:30,62,LineaC:1100,117.74,193
habil,15:30,62,LineaC:1101,85.97,193
habil,15:30,62,LineaC:1102,318.62,193
habil,15:30,62,LineaD:1103,303.17,193
habil,15:30,62,LineaD:1104,225.64,193
habil,15:30,62,LineaD:1105,152.96,193
habil,15:30,62,LineaD:1106,152.19,193
habil,15:30,62,LineaD:1107,148.57,193
habil,15:30,62,LineaD:1108,203.98,193
habil,15:30,62,LineaD:1109,84.32,193
habil,15:30,62,LineaD:1110,164.64,193
habil,15:30,62,LineaD:1111,203.93,193
habil,15:30,62,LineaD:1112,69.87,193
habil,15:30,62,LineaD:1113,132.24,193
habil,15:30,62,LineaD:1114,264.48,193
habil,15:30,62,LineaD:1115,216.83,193
habil,15:30,62,LineaD:1116,240.98,193
habil,15:30,62,LineaD:1117,94.58,193
habil,15:30,62,LineaD:1118,437.2,193
habil,15:30,62,LineaE:1119,217.51,193
habil,15:30,62,LineaE:1120,85.67,193
habil,15:30,62,LineaE:1121,132.26,193
habil,15:30,62,LineaE:1122,37.38,193
habil,15:30,62,LineaE:1123,60.26,193
habil,15:30,62,LineaE:1124,31.61,193
habil,15:30,62,LineaE:1125,40.05,193
habil,15:30,62,LineaE:1126,45.22,193
habil,15:30,62,LineaE:1127,64.66,193
habil,15:30,62,LineaE:1128,61.79,193
habil,15:30,62,LineaE:1129,43.58,193
habil,15:30,62,LineaE:1130,40.2,193
habil,15:30,62,LineaE:1131,20.92,193
habil,15:30,62,LineaE:1132,23.11,193
habil,15:30,62,LineaE:1133,70.56,193
habil,15:30,62,LineaE:1164,66.74,193
habil,15:30,62,LineaE:1165,72.91,193
habil,15:30,62,LineaE:1166,107.62,193
habil,15:30,62,LineaH:1134,134.49,193
habil,15:30,62,LineaH:1135,129.48,193
habil,15:30,62,LineaH:1136,93.94,193
habil,15:30,62,LineaH:1137,77.99,193
habil,15:30,62,LineaH:1138,74.55,193
habil,15:30,62,LineaH:1139,101.06,193
habil,15:30,62,LineaH:1140,161.12,193
habil,15:30,62,LineaH:1141,101.78,193
habil,15:30,62,LineaH:1160,134.21,193
habil,15:30,62,LineaH:1161,195.34,193
habil,15:30,62,LineaH:1162,182.52,193
habil,15:30,62,LineaH:1163,120.24,193
habil,15:45,63,LineaA:1059,322.16,193
habil,15:45,63,LineaA:1060,129.07,193
habil,15:45,63,LineaA:1061,107.09,193
habil,15:45,63,LineaA:1062,74.37,193
habil,15:45,63,LineaA:1063,124.77,193
habil,15:45,63,LineaA:1064,157.42,193
habil,15:45,63,LineaA:1065,82.55,193
habil,15:45,63,LineaA:1066,128.67,193
habil,15:45,63,LineaA:1067,73.06,193
habil,15:45,63,LineaA:1068,142.91,193
habil,15:45,63,LineaA:1069,139.42,193
habil,15:45,63,LineaA:1070,43.25,193
habil,15:45,63,LineaA:1071,144.66,193
habil,15:45,63,LineaA:1072,185.77,193
habil,15:45,63,LineaA:1073,98.19,193
habil,15:45,63,LineaA:1074,140.28,193
habil,15:45,63,LineaA:1075,191.06,193
habil,15:45,63,LineaA:1076,323.78,193
habil,15:45,63,LineaB:1077,210.25,193
habil,15:45,63,LineaB:1078,59.11,193
habil,15:45,63,LineaB:1079,92.7,193
habil,15:45,63,LineaB:1080,70.12,193
habil,15:45,63,LineaB:1081,223.78,193
habil,15:45,63,LineaB:1082,128.41,193
habil,15:45,63,LineaB:1083,147.5,193
habil,15:45,63,LineaB:1084,164.04,193
habil,15:45,63,LineaB:1085,188.9,193
habil,15:45,63,LineaB:1086,117.85,193
habil,15:45,63,LineaB:1087,149.92,193
habil,15:45,63,LineaB:1088,214.26,193
habil,15:45,63,LineaB:1089,290.21,193
habil,15:45,63,LineaB:1090,150.98,193
habil,15:45,63,LineaB:1091,274.51,193
habil,15:45,63,LineaB:1092,235.42,193
habil,15:45,63,LineaB:1093,249.76,193
habil,15:45,63,LineaC:1094,513.25,193
habil,15:45,63,LineaC:1095,54.68,193
habil,15:45,63,LineaC:1096,71.37,193
habil,15:45,63,LineaC:1097,106.87,193
habil,15:45,63,LineaC:1098,76.9,193
habil,15:45,63,LineaC:1099,108.88,193
habil,15:45,63,LineaC:1100,121.84,193
habil,15:45,63,LineaC:1101,86.97,193
habil,15:45,63,LineaC:1102,334.52,193
habil,15:45,63,LineaD:1103,293.87,193
habil,15:45,63,LineaD:1104,210.26,193
habil,15:45,63,LineaD:1105,150.38,193
habil,15:45,63,LineaD:1106,146.6,193
habil,15:45,63,LineaD:1107,139.5,193
habil,15:45,63,LineaD:1108,200.46,193
habil,15:45,63,LineaD:1109,82.42,193
habil,15:45,63,LineaD:1110,163.55,193
habil,15:45,63,LineaD:1111,200.24,193
habil,15:45,63,LineaD:1112,71.94,193
habil,15:45,63,LineaD:1113,127.1,193
habil,15:45,63,LineaD:1114,283.26,193
habil,15:45,63,LineaD:1115,217.93,193
habil,15:45,63,LineaD:1116,215.81,193
habil,15:45,63,LineaD:1117,98.53,193
habil,15:45,63,LineaD:1118,416.68,193
habil,15:45,63,LineaE:1119,223.4,193
habil,15:45,63,LineaE:1120,80.24,193
habil,15:45,63,LineaE:1121,133.52,193
habil,15:45,63,LineaE:1122,36.32,193
habil,15:45,63,LineaE:1123,63.43,193
habil,15:45,63,LineaE:1124,30.67,193
habil,15:45,63,LineaE:1125,38.8,193
habil,15:45,63,LineaE:1126,47.2,193
habil,15:45,63,LineaE:1127,67.97,193
habil,15:45,63,LineaE:1128,61.51,193
habil,15:45,63,LineaE:1129,42.71,193
habil,15:45,63,LineaE:1130,38.92,193
habil,15:45,63,LineaE:1131,20.97,193
habil,15:45,63,LineaE:1132,22.55,193
habil,15:45,63,LineaE:1133,74.91,193
habil,15:45,63,LineaE:1164,70.58,193
habil,15:45,63,LineaE:1165,74.96,193
habil,15:45,63,LineaE:1166,108.55,193
habil,15:45,63,LineaH:1134,127.09,193
habil,15:45,63,LineaH:1135,118.57,193
habil,15:45,63,LineaH:1136,90.6,193
habil,15:45,63,LineaH:1137,89.9,193
habil,15:45,63,LineaH:1138,67.23,193
habil,15:45,63,LineaH:1139,94.24,193
habil,15:45,63,LineaH:1140,162.11,193
habil,15:45,63,LineaH:1141,103.34,193
habil,15:45,63,LineaH:1160,128.53,193
habil,15:45,63,LineaH:1161,188.59,193
habil,15:45,63,LineaH:1162,201.18,193
habil,15:45,63,LineaH:1163,89.51,193
habil,16:00,64,LineaA:1059,360.6,193
habil,16:00,64,LineaA:1060,147.69,193
habil,16:00,64,LineaA:1061,129.13,193
habil,16:00,64,LineaA:1062,100.03,193
habil,16:00,64,LineaA:1063,143.91,193
habil,16:00,64,LineaA:1064,175.09,193
habil,16:00,64,LineaA:1065,119.08,193
habil,16:00,64,LineaA:1066,166.06,193
habil,16:00,64,LineaA:1067,106.42,193
habil,16:00,64,LineaA:1068,144.43,193
habil,16:00,64,LineaA:1069,137.83,193
habil,16:00,64,LineaA:1070,59.23,193
habil,16:00,64,LineaA:1071,185.82,193
habil,16:00,64,LineaA:1072,257.53,193
habil,16:00,64,LineaA:1073,135.62,193
habil,16:00,64,LineaA:1074,199.22,193
habil,16:00,64,LineaA:1075,305.74,193
habil,16:00,64,LineaA:1076,470.95,193
habil,16:00,64,LineaB:1077,273.26,193
habil,16:00,64,LineaB:1078,74.6,193
habil,16:00,64,LineaB:1079,115.98,193
habil,16:00,64,LineaB:1080,136.38,193
habil,16:00,64,LineaB:1081,252.42,193
habil,16:00,64,LineaB:1082,196.92,193
habil,16:00,64,LineaB:1083,186.64,193
habil,16:00,64,LineaB:1084,207.57,193
habil,16:00,64,LineaB:1085,241.07,193
habil,16:00,64,LineaB:1086,145.88,193
habil,16:00,64,LineaB:1087,175.63,193
habil,16:00,64,LineaB:1088,236.21,193
habil,16:00,64,LineaB:1089,360.36,193
habil,16:00,64,LineaB:1090,189.62,193
habil,16:00,64,LineaB:1091,364.96,193
habil,16:00,64,LineaB:1092,379.63,193
habil,16:00,64,LineaB:1093,361.77,193
habil,16:00,64,LineaC:1094,546.06,193
habil,16:00,64,LineaC:1095,77.77,193
habil,16:00,64,LineaC:1096,105.39,193
habil,16:00,64,LineaC:1097,170.26,193
habil,16:00,64,LineaC:1098,117.12,193
habil,16:00,64,LineaC:1099,174.01,193
habil,16:00,64,LineaC:1100,248.55,193
habil,16:00,64,LineaC:1101,145.32,193
habil,16:00,64,LineaC:1102,404.5,193
habil,16:00,64,LineaD:1103,353.03,193
habil,16:00,64,LineaD:1104,255.2,193
habil,16:00,64,LineaD:1105,193.52,193
habil,16:00,64,LineaD:1106,184.22,193
habil,16:00,64,LineaD:1107,154.64,193
habil,16:00,64,LineaD:1108,242.86,193
habil,16:00,64,LineaD:1109,99.83,193
habil,16:00,64,LineaD:1110,189.98,193
habil,16:00,64,LineaD:1111,243.26,193
habil,16:00,64,LineaD:1112,88.59,193
habil,16:00,64,LineaD:1113,164.93,193
habil,16:00,64,LineaD:1114,356.1,193
habil,16:00,64,LineaD:1115,294.85,193
habil,16:00,64,LineaD:1116,292.1,193
habil,16:00,64,LineaD:1117,122.82,193
habil,16:00,64,LineaD:1118,638.8,193
habil,16:00,64,LineaE:1119,398.34,193
habil,16:00,64,LineaE:1120,138.61,193
habil,16:00,64,LineaE:1121,145.81,193
habil,16:00,64,LineaE:1122,46.99,193
habil,16:00,64,LineaE:1123,83.46,193
habil,16:00,64,LineaE:1124,37.49,193
habil,16:00,64,LineaE:1125,54.32,193
habil,16:00,64,LineaE:1126,82.23,193
habil,16:00,64,LineaE:1127,78.61,193
habil,16:00,64,LineaE:1128,79.59,193
habil,16:00,64,LineaE:1129,52.48,193
habil,16:00,64,LineaE:1130,51.11,193
habil,16:00,64,LineaE:1131,28.68,193
habil,16:00,64,LineaE:1132,25.74,193
habil,16:00,64,LineaE:1133,73.12,193
habil,16:00,64,LineaE:1164,95.9,193
habil,16:00,64,LineaE:1165,144.41,193
habil,16:00,64,LineaE:1166,178.08,193
habil,16:00,64,LineaH:1134,142.64,193
habil,16:00,64,LineaH:1135,206.51,193
habil,16:00,64,LineaH:1136,138.42,193
habil,16:00,64,LineaH:1137,118.25,193
habil,16:00,64,LineaH:1138,100.08,193
habil,16:00,64,LineaH:1139,123.08,193
habil,16:00,64,LineaH:1140,170.23,193
habil,16:00,64,LineaH:1141,119.4,193
habil,16:00,64,LineaH:1160,170.4,193
habil,16:00,64,LineaH:1161,257.45,193
habil,16:00,64,LineaH:1162,271.98,193
habil,16:00,64,LineaH:1163,104.66,193
habil,16:15,65,LineaA:1059,403.25,193
habil,16:15,65,LineaA:1060,159.77,193
habil,16:15,65,LineaA:1061,139.01,193
habil,16:15,65,LineaA:1062,95.92,193
habil,16:15,65,LineaA:1063,135.75,193
habil,16:15,65,LineaA:1064,187.03,193
habil,16:15,65,LineaA:1065,125.35,193
habil,16:15,65,LineaA:1066,168.07,193
habil,16:15,65,LineaA:1067,89.49,193
habil,16:15,65,LineaA:1068,148.7,193
habil,16:15,65,LineaA:1069,115.38,193
habil,16:15,65,LineaA:1070,44.26,193
habil,16:15,65,LineaA:1071,164.44,193
habil,16:15,65,LineaA:1072,216.66,193
habil,16:15,65,LineaA:1073,113.71,193
habil,16:15,65,LineaA:1074,167.0,193
habil,16:15,65,LineaA:1075,257.96,193
habil,16:15,65,LineaA:1076,419.95,193
habil,16:15,65,LineaB:1077,297.3,193
habil,16:15,65,LineaB:1078,81.12,193
habil,16:15,65,LineaB:1079,115.66,193
habil,16:15,65,LineaB:1080,99.52,193
habil,16:15,65,LineaB:1081,252.7,193
habil,16:15,65,LineaB:1082,174.66,193
habil,16:15,65,LineaB:1083,213.93,193
habil,16:15,65,LineaB:1084,233.28,193
habil,16:15,65,LineaB:1085,236.91,193
habil,16:15,65,LineaB:1086,141.97,193
habil,16:15,65,LineaB:1087,170.6,193
habil,16:15,65,LineaB:1088,221.49,193
habil,16:15,65,LineaB:1089,339.58,193
habil,16:15,65,LineaB:1090,166.94,193
habil,16:15,65,LineaB:1091,332.28,193
habil,16:15,65,LineaB:1092,328.32,193
habil,16:15,65,LineaB:1093,364.44,193
habil,16:15,65,LineaC:1094,485.19,193
habil,16:15,65,LineaC:1095,66.68,193
habil,16:15,65,LineaC:1096,93.42,193
habil,16:15,65,LineaC:1097,126.66,193
habil,16:15,65,LineaC:1098,79.44,193
habil,16:15,65,LineaC:1099,119.72,193
habil,16:15,65,LineaC:1100,168.64,193
habil,16:15,65,LineaC:1101,120.61,193
habil,16:15,65,LineaC:1102,413.35,193
habil,16:15,65,LineaD:1103,413.53,193
habil,16:15,65,LineaD:1104,294.06,193
habil,16:15,65,LineaD:1105,193.27,193
habil,16:15,65,LineaD:1106,193.47,193
habil,16:15,65,LineaD:1107,177.05,193
habil,16:15,65,LineaD:1108,259.8,193
habil,16:15,65,LineaD:1109,109.74,193
habil,16:15,65,LineaD:1110,219.51,193
habil,16:15,65,LineaD:1111,240.16,193
habil,16:15,65,LineaD:1112,84.57,193
habil,16:15,65,LineaD:1113,142.99,193
habil,16:15,65,LineaD:1114,306.23,193
habil,16:15,65,LineaD:1115,263.62,193
habil,16:15,65,LineaD:1116,265.47,193
habil,16:15,65,LineaD:1117,112.23,193
habil,16:15,65,LineaD:1118,565.49,193
habil,16:15,65,LineaE:1119,290.55,193
habil,16:15,65,LineaE:1120,106.57,193
habil,16:15,65,LineaE:1121,140.78,193
habil,16:15,65,LineaE:1122,43.38,193
habil,16:15,65,LineaE:1123,76.39,193
habil,16:15,65,LineaE:1124,52.48,193
habil,16:15,65,LineaE:1125,49.74,193
habil,16:15,65,LineaE:1126,81.04,193
habil,16:15,65,LineaE:1127,69.88,193
habil,16:15,65,LineaE:1128,72.53,193
habil,16:15,65,LineaE:1129,52.64,193
habil,16:15,65,LineaE:1130,52.08,193
habil,16:15,65,LineaE:1131,25.96,193
habil,16:15,65,LineaE:1132,29.01,193
habil,16:15,65,LineaE:1133,78.59,193
habil,16:15,65,LineaE:1164,95.82,193
habil,16:15,65,LineaE:1165,137.45,193
habil,16:15,65,LineaE:1166,172.75,193
habil,16:15,65,LineaH:1134,150.44,193
habil,16:15,65,LineaH:1135,173.1,193
habil,16:15,65,LineaH:1136,133.08,193
habil,16:15,65,LineaH:1137,111.72,193
habil,16:15,65,LineaH:1138,99.94,193
habil,16:15,65,LineaH:1139,121.03,193
habil,16:15,65,LineaH:1140,170.45,193
habil,16:15,65,LineaH:1141,120.46,193
habil,16:15,65,LineaH:1160,165.61,193
habil,16:15,65,LineaH:1161,237.87,193
habil,16:15,65,LineaH:1162,250.52,193
habil,16:15,65,LineaH:1163,109.42,193
habil,16:30,66,LineaA:1059,406.54,193
habil,16:30,66,LineaA:1060,159.29,193
habil,16:30,66,LineaA:1061,149.9,193
habil,16:30,66,LineaA:1062,104.36,193
habil,16:30,66,LineaA:1063,145.21,193
habil,16:30,66,LineaA:1064,206.75,193
habil,16:30,66,LineaA:1065,131.72,193
habil,16:30,66,LineaA:1066,181.94,193
habil,16:30,66,LineaA:1067,85.19,193
habil,16:30,66,LineaA:1068,156.5,193
habil,16:30,66,LineaA:1069,114.4,193
habil,16:30,66,LineaA:1070,43.88,193
habil,16:30,66,LineaA:1071,163.8,193
habil,16:30,66,LineaA:1072,219.01,193
habil,16:30,66,LineaA:1073,110.55,193
habil,16:30,66,LineaA:1074,167.62,193
habil,16:30,66,LineaA:1075,241.35,193
habil,16:30,66,LineaA:1076,403.72,193
habil,16:30,66,LineaB:1077,296.45,193
habil,16:30,66,LineaB:1078,78.7,193
habil,16:30,66,LineaB:1079,126.09,193
habil,16:30,66,LineaB:1080,104.17,193
habil,16:30,66,LineaB:1081,246.76,193
habil,16:30,66,LineaB:1082,194.21,193
habil,16:30,66,LineaB:1083,210.42,193
habil,16:30,66,LineaB:1084,240.03,193
habil,16:30,66,LineaB:1085,248.84,193
habil,16:30,66,LineaB:1086,169.16,193
habil,16:30,66,LineaB:1087,176.46,193
habil,16:30,66,LineaB:1088,219.16,193
habil,16:30,66,LineaB:1089,339.05,193
habil,16:30,66,LineaB:1090,170.1,193
habil,16:30,66,LineaB:1091,327.36,193
habil,16:30,66,LineaB:1092,312.94,193
habil,16:30,66,LineaB:1093,346.43,193
habil,16:30,66,LineaC:1094,530.48,193
habil,16:30,66,LineaC:1095,77.72,193
habil,16:30,66,LineaC:1096,96.47,193
habil,16:30,66,LineaC:1097,132.96,193
habil,16:30,66,LineaC:1098,80.68,193
habil,16:30,66,LineaC:1099,124.07,193
habil,16:30,66,LineaC:1100,163.92,193
habil,16:30,66,LineaC:1101,113.59,193
habil,16:30,66,LineaC:1102,475.89,193
habil,16:30,66,LineaD:1103,419.69,193
habil,16:30,66,LineaD:1104,296.26,193
habil,16:30,66,LineaD:1105,216.85,193
habil,16:30,66,LineaD:1106,207.14,193
habil,16:30,66,LineaD:1107,173.09,193
habil,16:30,66,LineaD:1108,260.87,193
habil,16:30,66,LineaD:1109,124.52,193
habil,16:30,66,LineaD:1110,230.68,193
habil,16:30,66,LineaD:1111,249.95,193
habil,16:30,66,LineaD:1112,91.01,193
habil,16:30,66,LineaD:1113,146.03,193
habil,16:30,66,LineaD:1114,321.07,193
habil,16:30,66,LineaD:1115,277.87,193
habil,16:30,66,LineaD:1116,257.21,193
habil,16:30,66,LineaD:1117,107.84,193
habil,16:30,66,LineaD:1118,547.99,193
habil,16:30,66,LineaE:1119,295.58,193
habil,16:30,66,LineaE:1120,123.78,193
habil,16:30,66,LineaE:1121,148.4,193
habil,16:30,66,LineaE:1122,42.43,193
habil,16:30,66,LineaE:1123,71.05,193
habil,16:30,66,LineaE:1124,52.9,193
habil,16:30,66,LineaE:1125,47.02,193
habil,16:30,66,LineaE:1126,80.1,193
habil,16:30,66,LineaE:1127,74.32,193
habil,16:30,66,LineaE:1128,89.6,193
habil,16:30,66,LineaE:1129,58.02,193
habil,16:30,66,LineaE:1130,52.98,193
habil,16:30,66,LineaE:1131,27.76,193
habil,16:30,66,LineaE:1132,26.76,193
habil,16:30,66,LineaE:1133,86.81,193
habil,16:30,66,LineaE:1164,106.12,193
habil,16:30,66,LineaE:1165,148.43,193
habil,16:30,66,LineaE:1166,161.46,193
habil,16:30,66,LineaH:1134,137.9,193
habil,16:30,66,LineaH:1135,184.77,193
habil,16:30,66,LineaH:1136,131.58,193
habil,16:30,66,LineaH:1137,98.25,193
habil,16:30,66,LineaH:1138,98.32,193
habil,16:30,66,LineaH:1139,118.66,193
habil,16:30,66,LineaH:1140,177.99,193
habil,16:30,66,LineaH:1141,130.54,193
habil,16:30,66,LineaH:1160,185.03,193
habil,16:30,66,LineaH:1161,257.28,193
habil,16:30,66,LineaH:1162,246.67,193
habil,16:30,66,LineaH:1163,110.26,193
habil,16:45,67,LineaA:1059,410.64,193
habil,16:45,67,LineaA:1060,145.56,193
habil,16:45,67,LineaA:1061,148.23,193
habil,16:45,67,LineaA:1062,97.52,193
habil,16:45,67,LineaA:1063,145.93,193
habil,16:45,67,LineaA:1064,174.58,193
habil,16:45,67,LineaA:1065,117.39,193
habil,16:45,67,LineaA:1066,177.15,193
habil,16:45,67,LineaA:1067,89.9,193
habil,16:45,67,LineaA:1068,148.6,193
habil,16:45,67,LineaA:1069,109.94,193
habil,16:45,67,LineaA:1070,43.83,193
habil,16:45,67,LineaA:1071,175.2,193
habil,16:45,67,LineaA:1072,209.27,193
habil,16:45,67,LineaA:1073,108.97,193
habil,16:45,67,LineaA:1074,177.7,193
habil,16:45,67,LineaA:1075,219.19,193
habil,16:45,67,LineaA:1076,429.38,193
habil,16:45,67,LineaB:1077,281.41,193
habil,16:45,67,LineaB:1078,70.63,193
habil,16:45,67,LineaB:1079,120.82,193
habil,16:45,67,LineaB:1080,93.53,193
habil,16:45,67,LineaB:1081,266.12,193
habil,16:45,67,LineaB:1082,191.47,193
habil,16:45,67,LineaB:1083,180.22,193
habil,16:45,67,LineaB:1084,220.05,193
habil,16:45,67,LineaB:1085,224.11,193
habil,16:45,67,LineaB:1086,145.17,193
habil,16:45,67,LineaB:1087,169.63,193
habil,16:45,67,LineaB:1088,217.54,193
habil,16:45,67,LineaB:1089,323.32,193
habil,16:45,67,LineaB:1090,158.08,193
habil,16:45,67,LineaB:1091,313.82,193
habil,16:45,67,LineaB:1092,297.41,193
habil,16:45,67,LineaB:1093,354.45,193
habil,16:45,67,LineaC:1094,414.53,193
habil,16:45,67,LineaC:1095,66.83,193
habil,16:45,67,LineaC:1096,90.37,193
habil,16:45,67,LineaC:1097,129.12,193
habil,16:45,67,LineaC:1098,88.61,193
habil,16:45,67,LineaC:1099,138.75,193
habil,16:45,67,LineaC:1100,157.36,193
habil,16:45,67,LineaC:1101,121.36,193
habil,16:45,67,LineaC:1102,476.6,193
habil,16:45,67,LineaD:1103,404.18,193
habil,16:45,67,LineaD:1104,259.89,193
habil,16:45,67,LineaD:1105,209.13,193
habil,16:45,67,LineaD:1106,206.05,193
habil,16:45,67,LineaD:1107,180.81,193
habil,16:45,67,LineaD:1108,263.42,193
habil,16:45,67,LineaD:1109,114.94,193
habil,16:45,67,LineaD:1110,204.06,193
habil,16:45,67,LineaD:1111,224.4,193
habil,16:45,67,LineaD:1112,85.84,193
habil,16:45,67,LineaD:1113,139.7,193
habil,16:45,67,LineaD:1114,287.08,193
habil,16:45,67,LineaD:1115,247.63,193
habil,16:45,67,LineaD:1116,217.63,193
habil,16:45,67,LineaD:1117,108.11,193
habil,16:45,67,LineaD:1118,554.34,193
habil,16:45,67,LineaE:1119,317.3,193
habil,16:45,67,LineaE:1120,103.42,193
habil,16:45,67,LineaE:1121,173.97,193
habil,16:45,67,LineaE:1122,41.26,193
habil,16:45,67,LineaE:1123,65.96,193
habil,16:45,67,LineaE:1124,36.76,193
habil,16:45,67,LineaE:1125,42.42,193
habil,16:45,67,LineaE:1126,58.47,193
habil,16:45,67,LineaE:1127,77.28,193
habil,16:45,67,LineaE:1128,83.87,193
habil,16:45,67,LineaE:1129,54.17,193
habil,16:45,67,LineaE:1130,45.96,193
habil,16:45,67,LineaE:1131,25.87,193
habil,16:45,67,LineaE:1132,28.3,193
habil,16:45,67,LineaE:1133,74.85,193
habil,16:45,67,LineaE:1164,103.83,193
habil,16:45,67,LineaE:1165,172.23,193
habil,16:45,67,LineaE:1166,170.39,193
habil,16:45,67,LineaH:1134,126.12,193
habil,16:45,67,LineaH:1135,160.87,193
habil,16:45,67,LineaH:1136,103.7,193
habil,16:45,67,LineaH:1137,96.38,193
habil,16:45,67,LineaH:1138,80.22,193
habil,16:45,67,LineaH:1139,99.38,193
habil,16:45,67,LineaH:1140,160.95,193
habil,16:45,67,LineaH:1141,125.63,193
habil,16:45,67,LineaH:1160,157.42,193
habil,16:45,67,LineaH:1161,222.75,193
habil,16:45,67,LineaH:1162,203.96,193
habil,16:45,67,LineaH:1163,143.81,193
habil,17:00,68,LineaA:1059,490.72,193
habil,17:00,68,LineaA:1060,167.24,193
habil,17:00,68,LineaA:1061,168.63,193
habil,17:00,68,LineaA:1062,98.6,193
habil,17:00,68,LineaA:1063,163.6,193
habil,17:00,68,LineaA:1064,193.08,193
habil,17:00,68,LineaA:1065,128.42,193
habil,17:00,68,LineaA:1066,193.49,193
habil,17:00,68,LineaA:1067,99.99,193
habil,17:00,68,LineaA:1068,168.75,193
habil,17:00,68,LineaA:1069,140.21,193
habil,17:00,68,LineaA:1070,61.85,193
habil,17:00,68,LineaA:1071,210.64,193
habil,17:00,68,LineaA:1072,303.99,193
habil,17:00,68,LineaA:1073,162.52,193
habil,17:00,68,LineaA:1074,298.82,193
habil,17:00,68,LineaA:1075,411.19,193
habil,17:00,68,LineaA:1076,694.95,193
habil,17:00,68,LineaB:1077,364.68,193
habil,17:00,68,LineaB:1078,94.44,193
habil,17:00,68,LineaB:1079,152.13,193
habil,17:00,68,LineaB:1080,183.4,193
habil,17:00,68,LineaB:1081,292.7,193
habil,17:00,68,LineaB:1082,247.52,193
habil,17:00,68,LineaB:1083,220.99,193
habil,17:00,68,LineaB:1084,253.07,193
habil,17:00,68,LineaB:1085,304.24,193
habil,17:00,68,LineaB:1086,180.52,193
habil,17:00,68,LineaB:1087,219.0,193
habil,17:00,68,LineaB:1088,306.07,193
habil,17:00,68,LineaB:1089,411.75,193
habil,17:00,68,LineaB:1090,239.91,193
habil,17:00,68,LineaB:1091,469.53,193
habil,17:00,68,LineaB:1092,471.72,193
habil,17:00,68,LineaB:1093,601.52,193
habil,17:00,68,LineaC:1094,539.61,193
habil,17:00,68,LineaC:1095,89.74,193
habil,17:00,68,LineaC:1096,131.63,193
habil,17:00,68,LineaC:1097,245.76,193
habil,17:00,68,LineaC:1098,149.98,193
habil,17:00,68,LineaC:1099,252.86,193
habil,17:00,68,LineaC:1100,324.25,193
habil,17:00,68,LineaC:1101,235.67,193
habil,17:00,68,LineaC:1102,527.46,193
habil,17:00,68,LineaD:1103,475.03,193
habil,17:00,68,LineaD:1104,313.69,193
habil,17:00,68,LineaD:1105,237.16,193
habil,17:00,68,LineaD:1106,254.05,193
habil,17:00,68,LineaD:1107,221.87,193
habil,17:00,68,LineaD:1108,312.61,193
habil,17:00,68,LineaD:1109,125.25,193
habil,17:00,68,LineaD:1110,236.26,193
habil,17:00,68,LineaD:1111,264.53,193
habil,17:00,68,LineaD:1112,101.68,193
habil,17:00,68,LineaD:1113,184.31,193
habil,17:00,68,LineaD:1114,368.13,193
habil,17:00,68,LineaD:1115,387.03,193
habil,17:00,68,LineaD:1116,345.66,193
habil,17:00,68,LineaD:1117,151.07,193
habil,17:00,68,LineaD:1118,892.96,193
habil,17:00,68,LineaE:1119,541.34,193
habil,17:00,68,LineaE:1120,189.91,193
habil,17:00,68,LineaE:1121,274.34,193
habil,17:00,68,LineaE:1122,69.55,193
habil,17:00,68,LineaE:1123,87.89,193
habil,17:00,68,LineaE:1124,54.81,193
habil,17:00,68,LineaE:1125,63.52,193
habil,17:00,68,LineaE:1126,68.11,193
habil,17:00,68,LineaE:1127,92.42,193
habil,17:00,68,LineaE:1128,92.33,193
habil,17:00,68,LineaE:1129,61.24,193
habil,17:00,68,LineaE:1130,54.17,193
habil,17:00,68,LineaE:1131,34.13,193
habil,17:00,68,LineaE:1132,36.16,193
habil,17:00,68,LineaE:1133,81.02,193
habil,17:00,68,LineaE:1164,148.56,193
habil,17:00,68,LineaE:1165,358.25,193
habil,17:00,68,LineaE:1166,329.91,193
habil,17:00,68,LineaH:1134,156.3,193
habil,17:00,68,LineaH:1135,270.28,193
habil,17:00,68,LineaH:1136,172.53,193
habil,17:00,68,LineaH:1137,119.47,193
habil,17:00,68,LineaH:1138,112.95,193
habil,17:00,68,LineaH:1139,134.45,193
habil,17:00,68,LineaH:1140,176.38,193
habil,17:00,68,LineaH:1141,182.41,193
habil,17:00,68,LineaH:1160,210.45,193
habil,17:00,68,LineaH:1161,297.8,193
habil,17:00,68,LineaH:1162,280.19,193
habil,17:00,68,LineaH:1163,220.66,193
habil,17:15,69,LineaA:1059,505.58,193
habil,17:15,69,LineaA:1060,174.48,193
habil,17:15,69,LineaA:1061,161.74,193
habil,17:15,69,LineaA:1062,97.61,193
habil,17:15,69,LineaA:1063,150.99,193
habil,17:15,69,LineaA:1064,195.38,193
habil,17:15,69,LineaA:1065,108.55,193
habil,17:15,69,LineaA:1066,167.62,193
habil,17:15,69,LineaA:1067,86.4,193
habil,17:15,69,LineaA:1068,170.45,193
habil,17:15,69,LineaA:1069,132.23,193
habil,17:15,69,LineaA:1070,54.36,193
habil,17:15,69,LineaA:1071,181.89,193
habil,17:15,69,LineaA:1072,232.18,193
habil,17:15,69,LineaA:1073,131.52,193
habil,17:15,69,LineaA:1074,242.93,193
habil,17:15,69,LineaA:1075,359.94,193
habil,17:15,69,LineaA:1076,805.9,193
habil,17:15,69,LineaB:1077,385.28,193
habil,17:15,69,LineaB:1078,89.6,193
habil,17:15,69,LineaB:1079,145.34,193
habil,17:15,69,LineaB:1080,135.2,193
habil,17:15,69,LineaB:1081,310.06,193
habil,17:15,69,LineaB:1082,267.98,193
habil,17:15,69,LineaB:1083,204.61,193
habil,17:15,69,LineaB:1084,240.25,193
habil,17:15,69,LineaB:1085,273.65,193
habil,17:15,69,LineaB:1086,158.41,193
habil,17:15,69,LineaB:1087,176.47,193
habil,17:15,69,LineaB:1088,227.41,193
habil,17:15,69,LineaB:1089,383.97,193
habil,17:15,69,LineaB:1090,179.64,193
habil,17:15,69,LineaB:1091,431.39,193
habil,17:15,69,LineaB:1092,517.03,193
habil,17:15,69,LineaB:1093,682.06,193
habil,17:15,69,LineaC:1094,560.36,193
habil,17:15,69,LineaC:1095,74.76,193
habil,17:15,69,LineaC:1096,171.16,193
habil,17:15,69,LineaC:1097,157.3,193
habil,17:15,69,LineaC:1098,106.92,193
habil,17:15,69,LineaC:1099,178.32,193
habil,17:15,69,LineaC:1100,216.15,193
habil,17:15,69,LineaC:1101,177.42,193
habil,17:15,69,LineaC:1102,529.25,193
habil,17:15,69,LineaD:1103,526.12,193
habil,17:15,69,LineaD:1104,336.02,193
habil,17:15,69,LineaD:1105,200.88,193
habil,17:15,69,LineaD:1106,230.43,193
habil,17:15,69,LineaD:1107,221.1,193
habil,17:15,69,LineaD:1108,330.41,193
habil,17:15,69,LineaD:1109,124.31,193
habil,17:15,69,LineaD:1110,224.99,193
habil,17:15,69,LineaD:1111,265.95,193
habil,17:15,69,LineaD:1112,87.25,193
habil,17:15,69,LineaD:1113,144.76,193
habil,17:15,69,LineaD:1114,296.26,193
habil,17:15,69,LineaD:1115,300.22,193
habil,17:15,69,LineaD:1116,259.9,193
habil,17:15,69,LineaD:1117,124.06,193
habil,17:15,69,LineaD:1118,1057.02,193
habil,17:15,69,LineaE:1119,550.26,193
habil,17:15,69,LineaE:1120,124.92,193
habil,17:15,69,LineaE:1121,395.12,193
habil,17:15,69,LineaE:1122,46.45,193
habil,17:15,69,LineaE:1123,84.64,193
habil,17:15,69,LineaE:1124,36.39,193
habil,17:15,69,LineaE:1125,55.38,193
habil,17:15,69,LineaE:1126,54.15,193
habil,17:15,69,LineaE:1127,80.44,193
habil,17:15,69,LineaE:1128,86.74,193
habil,17:15,69,LineaE:1129,58.65,193
habil,17:15,69,LineaE:1130,55.29,193
habil,17:15,69,LineaE:1131,37.28,193
habil,17:15,69,LineaE:1132,30.61,193
habil,17:15,69,LineaE:1133,93.45,193
habil,17:15,69,LineaE:1164,140.62,193
habil,17:15,69,LineaE:1165,318.51,193
habil,17:15,69,LineaE:1166,344.33,193
habil,17:15,69,LineaH:1134,155.91,193
habil,17:15,69,LineaH:1135,234.1,193
habil,17:15,69,LineaH:1136,160.85,193
habil,17:15,69,LineaH:1137,90.07,193
habil,17:15,69,LineaH:1138,97.4,193
habil,17:15,69,LineaH:1139,117.58,193
habil,17:15,69,LineaH:1140,184.35,193
habil,17:15,69,LineaH:1141,149.44,193
habil,17:15,69,LineaH:1160,183.74,193
habil,17:15,69,LineaH:1161,259.15,193
habil,17:15,69,LineaH:1162,256.16,193
habil,17:15,69,LineaH:1163,149.5,193
habil,17:30,70,LineaA:1059,407.48,193
habil,17:30,70,LineaA:1060,174.17,193
habil,17:30,70,LineaA:1061,161.5,193
habil,17:30,70,LineaA:1062,99.38,193
habil,17:30,70,LineaA:1063,149.05,193
habil,17:30,70,LineaA:1064,189.27,193
habil,17:30,70,LineaA:1065,118.19,193
habil,17:30,70,LineaA:1066,160.12,193
habil,17:30,70,LineaA:1067,86.03,193
habil,17:30,70,LineaA:1068,157.17,193
habil,17:30,70,LineaA:1069,126.72,193
habil,17:30,70,LineaA:1070,48.06,193
habil,17:30,70,LineaA:1071,166.26,193
habil,17:30,70,LineaA:1072,195.73,193
habil,17:30,70,LineaA:1073,127.92,193
habil,17:30,70,LineaA:1074,194.32,193
habil,17:30,70,LineaA:1075,315.0,193
habil,17:30,70,LineaA:1076,618.47,193
habil,17:30,70,LineaB:1077,320.94,193
habil,17:30,70,LineaB:1078,79.21,193
habil,17:30,70,LineaB:1079,130.26,193
habil,17:30,70,LineaB:1080,130.07,193
habil,17:30,70,LineaB:1081,308.57,193
habil,17:30,70,LineaB:1082,194.68,193
habil,17:30,70,LineaB:1083,200.64,193
habil,17:30,70,LineaB:1084,232.61,193
habil,17:30,70,LineaB:1085,247.38,193
habil,17:30,70,LineaB:1086,152.8,193
habil,17:30,70,LineaB:1087,165.75,193
habil,17:30,70,LineaB:1088,223.79,193
habil,17:30,70,LineaB:1089,323.59,193
habil,17:30,70,LineaB:1090,153.55,193
habil,17:30,70,LineaB:1091,350.42,193
habil,17:30,70,LineaB:1092,435.4,193
habil,17:30,70,LineaB:1093,570.21,193
habil,17:30,70,LineaC:1094,496.44,193
habil,17:30,70,LineaC:1095,77.34,193
habil,17:30,70,LineaC:1096,281.46,193
habil,17:30,70,LineaC:1097,150.92,193
habil,17:30,70,LineaC:1098,91.25,193
habil,17:30,70,LineaC:1099,150.48,193
habil,17:30,70,LineaC:1100,177.69,193
habil,17:30,70,LineaC:1101,182.96,193
habil,17:30,70,LineaC:1102,630.95,193
habil,17:30,70,LineaD:1103,499.47,193
habil,17:30,70,LineaD:1104,300.28,193
habil,17:30,70,LineaD:1105,184.04,193
habil,17:30,70,LineaD:1106,198.4,193
habil,17:30,70,LineaD:1107,209.48,193
habil,17:30,70,LineaD:1108,274.88,193
habil,17:30,70,LineaD:1109,119.06,193
habil,17:30,70,LineaD:1110,222.47,193
habil,17:30,70,LineaD:1111,243.5,193
habil,17:30,70,LineaD:1112,86.4,193
habil,17:30,70,LineaD:1113,137.08,193
habil,17:30,70,LineaD:1114,288.45,193
habil,17:30,70,LineaD:1115,248.08,193
habil,17:30,70,LineaD:1116,225.13,193
habil,17:30,70,LineaD:1117,111.1,193
habil,17:30,70,LineaD:1118,846.35,193
habil,17:30,70,LineaE:1119,376.98,193
habil,17:30,70,LineaE:1120,112.22,193
habil,17:30,70,LineaE:1121,461.11,193
habil,17:30,70,LineaE:1122,40.39,193
habil,17:30,70,LineaE:1123,72.89,193
habil,17:30,70,LineaE:1124,38.14,193
habil,17:30,70,LineaE:1125,57.27,193
habil,17:30,70,LineaE:1126,54.0,193
habil,17:30,70,LineaE:1127,77.07,193
habil,17:30,70,LineaE:1128,79.88,193
habil,17:30,70,LineaE:1129,66.19,193
habil,17:30,70,LineaE:1130,59.16,193
habil,17:30,70,LineaE:1131,33.91,193
habil,17:30,70,LineaE:1132,29.62,193
habil,17:30,70,LineaE:1133,103.33,193
habil,17:30,70,LineaE:1164,138.26,193
habil,17:30,70,LineaE:1165,318.33,193
habil,17:30,70,LineaE:1166,276.98,193
habil,17:30,70,LineaH:1134,132.1,193
habil,17:30,70,LineaH:1135,206.32,193
habil,17:30,70,LineaH:1136,130.64,193
habil,17:30,70,LineaH:1137,86.07,193
habil,17:30,70,LineaH:1138,98.1,193
habil,17:30,70,LineaH:1139,134.99,193
habil,17:30,70,LineaH:1140,179.54,193
habil,17:30,70,LineaH:1141,141.47,193
habil,17:30,70,LineaH:1160,171.04,193
habil,17:30,70,LineaH:1161,237.9,193
habil,17:30,70,LineaH:1162,236.76,193
habil,17:30,70,LineaH:1163,129.99,193
habil,17:45,71,LineaA:1059,338.74,193
habil,17:45,71,LineaA:1060,161.75,193
habil,17:45,71,LineaA:1061,141.02,193
habil,17:45,71,LineaA:1062,93.47,193
habil,17:45,71,LineaA:1063,153.2,193
habil,17:45,71,LineaA:1064,183.12,193
habil,17:45,71,LineaA:1065,100.4,193
habil,17:45,71,LineaA:1066,149.0,193
habil,17:45,71,LineaA:1067,94.91,193
habil,17:45,71,LineaA:1068,170.97,193
habil,17:45,71,LineaA:1069,123.53,193
habil,17:45,71,LineaA:1070,44.44,193
habil,17:45,71,LineaA:1071,156.15,193
habil,17:45,71,LineaA:1072,174.6,193
habil,17:45,71,LineaA:1073,119.44,193
habil,17:45,71,LineaA:1074,177.52,193
habil,17:45,71,LineaA:1075,253.22,193
habil,17:45,71,LineaA:1076,466.98,193
habil,17:45,71,LineaB:1077,295.07,193
habil,17:45,71,LineaB:1078,71.53,193
habil,17:45,71,LineaB:1079,106.82,193
habil,17:45,71,LineaB:1080,93.39,193
habil,17:45,71,LineaB:1081,298.21,193
habil,17:45,71,LineaB:1082,201.83,193
habil,17:45,71,LineaB:1083,182.79,193
habil,17:45,71,LineaB:1084,218.39,193
habil,17:45,71,LineaB:1085,213.37,193
habil,17:45,71,LineaB:1086,138.17,193
habil,17:45,71,LineaB:1087,149.92,193
habil,17:45,71,LineaB:1088,223.3,193
habil,17:45,71,LineaB:1089,310.83,193
habil,17:45,71,LineaB:1090,143.62,193
habil,17:45,71,LineaB:1091,331.38,193
habil,17:45,71,LineaB:1092,356.36,193
habil,17:45,71,LineaB:1093,489.46,193
habil,17:45,71,LineaC:1094,527.79,193
habil,17:45,71,LineaC:1095,64.91,193
habil,17:45,71,LineaC:1096,211.12,193
habil,17:45,71,LineaC:1097,150.4,193
habil,17:45,71,LineaC:1098,82.99,193
habil,17:45,71,LineaC:1099,126.08,193
habil,17:45,71,LineaC:1100,165.47,193
habil,17:45,71,LineaC:1101,177.84,193
habil,17:45,71,LineaC:1102,541.34,193
habil,17:45,71,LineaD:1103,449.67,193
habil,17:45,71,LineaD:1104,284.87,193
habil,17:45,71,LineaD:1105,175.34,193
habil,17:45,71,LineaD:1106,179.68,193
habil,17:45,71,LineaD:1107,211.23,193
habil,17:45,71,LineaD:1108,287.15,193
habil,17:45,71,LineaD:1109,107.34,193
habil,17:45,71,LineaD:1110,203.91,193
habil,17:45,71,LineaD:1111,227.1,193
habil,17:45,71,LineaD:1112,82.36,193
habil,17:45,71,LineaD:1113,136.59,193
habil,17:45,71,LineaD:1114,305.38,193
habil,17:45,71,LineaD:1115,231.65,193
habil,17:45,71,LineaD:1116,220.81,193
habil,17:45,71,LineaD:1117,103.46,193
habil,17:45,71,LineaD:1118,659.94,193
habil,17:45,71,LineaE:1119,264.77,193
habil,17:45,71,LineaE:1120,102.94,193
habil,17:45,71,LineaE:1121,384.9,193
habil,17:45,71,LineaE:1122,41.06,193
habil,17:45,71,LineaE:1123,63.54,193
habil,17:45,71,LineaE:1124,33.31,193
habil,17:45,71,LineaE:1125,70.44,193
habil,17:45,71,LineaE:1126,57.98,193
habil,17:45,71,LineaE:1127,103.12,193
habil,17:45,71,LineaE:1128,80.94,193
habil,17:45,71,LineaE:1129,70.08,193
habil,17:45,71,LineaE:1130,60.89,193
habil,17:45,71,LineaE:1131,32.47,193
habil,17:45,71,LineaE:1132,30.03,193
habil,17:45,71,LineaE:1133,94.18,193
habil,17:45,71,LineaE:1164,145.14,193
habil,17:45,71,LineaE:1165,299.9,193
habil,17:45,71,LineaE:1166,242.07,193
habil,17:45,71,LineaH:1134,128.37,193
habil,17:45,71,LineaH:1135,198.21,193
habil,17:45,71,LineaH:1136,128.08,193
habil,17:45,71,LineaH:1137,68.35,193
habil,17:45,71,LineaH:1138,88.01,193
habil,17:45,71,LineaH:1139,140.9,193
habil,17:45,71,LineaH:1140,189.98,193
habil,17:45,71,LineaH:1141,128.01,193
habil,17:45,71,LineaH:1160,157.52,193
habil,17:45,71,LineaH:1161,221.73,193
habil,17:45,71,LineaH:1162,213.78,193
habil,17:45,71,LineaH:1163,135.66,193
habil,18:00,72,LineaA:1059,298.41,193
habil,18:00,72,LineaA:1060,157.56,193
habil,18:00,72,LineaA:1061,151.93,193
habil,18:00,72,LineaA:1062,116.94,193
habil,18:00,72,LineaA:1063,152.27,193
habil,18:00,72,LineaA:1064,197.68,193
habil,18:00,72,LineaA:1065,129.75,193
habil,18:00,72,LineaA:1066,193.11,193
habil,18:00,72,LineaA:1067,108.55,193
habil,18:00,72,LineaA:1068,201.18,193
habil,18:00,72,LineaA:1069,154.77,193
habil,18:00,72,LineaA:1070,68.33,193
habil,18:00,72,LineaA:1071,195.73,193
habil,18:00,72,LineaA:1072,253.2,193
habil,18:00,72,LineaA:1073,147.02,193
habil,18:00,72,LineaA:1074,275.62,193
habil,18:00,72,LineaA:1075,357.31,193
habil,18:00,72,LineaA:1076,588.59,193
habil,18:00,72,LineaB:1077,294.53,193
habil,18:00,72,LineaB:1078,80.59,193
habil,18:00,72,LineaB:1079,158.63,193
habil,18:00,72,LineaB:1080,153.04,193
habil,18:00,72,LineaB:1081,291.08,193
habil,18:00,72,LineaB:1082,250.15,193
habil,18:00,72,LineaB:1083,232.33,193
habil,18:00,72,LineaB:1084,300.12,193
habil,18:00,72,LineaB:1085,275.37,193
habil,18:00,72,LineaB:1086,196.8,193
habil,18:00,72,LineaB:1087,207.37,193
habil,18:00,72,LineaB:1088,339.78,193
habil,18:00,72,LineaB:1089,393.29,193
habil,18:00,72,LineaB:1090,230.31,193
habil,18:00,72,LineaB:1091,512.03,193
habil,18:00,72,LineaB:1092,508.53,193
habil,18:00,72,LineaB:1093,648.54,193
habil,18:00,72,LineaC:1094,515.32,193
habil,18:00,72,LineaC:1095,73.84,193
habil,18:00,72,LineaC:1096,201.36,193
habil,18:00,72,LineaC:1097,237.56,193
habil,18:00,72,LineaC:1098,117.71,193
habil,18:00,72,LineaC:1099,212.51,193
habil,18:00,72,LineaC:1100,310.77,193
habil,18:00,72,LineaC:1101,297.85,193
habil,18:00,72,LineaC:1102,593.18,193
habil,18:00,72,LineaD:1103,517.81,193
habil,18:00,72,LineaD:1104,333.82,193
habil,18:00,72,LineaD:1105,229.63,193
habil,18:00,72,LineaD:1106,225.7,193
habil,18:00,72,LineaD:1107,233.51,193
habil,18:00,72,LineaD:1108,321.37,193
habil,18:00,72,LineaD:1109,120.72,193
habil,18:00,72,LineaD:1110,220.01,193
habil,18:00,72,LineaD:1111,270.67,193
habil,18:00,72,LineaD:1112,96.73,193
habil,18:00,72,LineaD:1113,159.93,193
habil,18:00,72,LineaD:1114,356.57,193
habil,18:00,72,LineaD:1115,337.1,193
habil,18:00,72,LineaD:1116,381.64,193
habil,18:00,72,LineaD:1117,124.38,193
habil,18:00,72,LineaD:1118,802.95,193
habil,18:00,72,LineaE:1119,350.24,193
habil,18:00,72,LineaE:1120,163.66,193
habil,18:00,72,LineaE:1121,319.93,193
habil,18:00,72,LineaE:1122,48.2,193
habil,18:00,72,LineaE:1123,81.21,193
habil,18:00,72,LineaE:1124,47.76,193
habil,18:00,72,LineaE:1125,62.22,193
habil,18:00,72,LineaE:1126,62.21,193
habil,18:00,72,LineaE:1127,100.58,193
habil,18:00,72,LineaE:1128,121.05,193
habil,18:00,72,LineaE:1129,92.1,193
habil,18:00,72,LineaE:1130,70.18,193
habil,18:00,72,LineaE:1131,41.77,193
habil,18:00,72,LineaE:1132,30.52,193
habil,18:00,72,LineaE:1133,84.15,193
habil,18:00,72,LineaE:1164,181.4,193
habil,18:00,72,LineaE:1165,500.64,193
habil,18:00,72,LineaE:1166,378.31,193
habil,18:00,72,LineaH:1134,150.51,193
habil,18:00,72,LineaH:1135,288.23,193
habil,18:00,72,LineaH:1136,222.25,193
habil,18:00,72,LineaH:1137,94.81,193
habil,18:00,72,LineaH:1138,122.3,193
habil,18:00,72,LineaH:1139,162.09,193
habil,18:00,72,LineaH:1140,239.18,193
habil,18:00,72,LineaH:1141,179.02,193
habil,18:00,72,LineaH:1160,212.85,193
habil,18:00,72,LineaH:1161,282.63,193
habil,18:00,72,LineaH:1162,252.6,193
habil,18:00,72,LineaH:1163,176.44,193
habil,18:15,73,LineaA:1059,242.01,193
habil,18:15,73,LineaA:1060,139.11,193
habil,18:15,73,LineaA:1061,127.64,193
habil,18:15,73,LineaA:1062,96.89,193
habil,18:15,73,LineaA:1063,146.72,193
habil,18:15,73,LineaA:1064,197.69,193
habil,18:15,73,LineaA:1065,115.81,193
habil,18:15,73,LineaA:1066,155.69,193
habil,18:15,73,LineaA:1067,106.58,193
habil,18:15,73,LineaA:1068,158.7,193
habil,18:15,73,LineaA:1069,132.05,193
habil,18:15,73,LineaA:1070,51.51,193
habil,18:15,73,LineaA:1071,179.4,193
habil,18:15,73,LineaA:1072,189.33,193
habil,18:15,73,LineaA:1073,107.72,193
habil,18:15,73,LineaA:1074,200.7,193
habil,18:15,73,LineaA:1075,286.04,193
habil,18:15,73,LineaA:1076,521.47,193
habil,18:15,73,LineaB:1077,290.45,193
habil,18:15,73,LineaB:1078,75.18,193
habil,18:15,73,LineaB:1079,117.3,193
habil,18:15,73,LineaB:1080,109.95,193
habil,18:15,73,LineaB:1081,258.34,193
habil,18:15,73,LineaB:1082,229.25,193
habil,18:15,73,LineaB:1083,200.44,193
habil,18:15,73,LineaB:1084,264.38,193
habil,18:15,73,LineaB:1085,264.63,193
habil,18:15,73,LineaB:1086,158.17,193
habil,18:15,73,LineaB:1087,155.59,193
habil,18:15,73,LineaB:1088,222.16,193
habil,18:15,73,LineaB:1089,343.08,193
habil,18:15,73,LineaB:1090,183.98,193
habil,18:15,73,LineaB:1091,426.55,193
habil,18:15,73,LineaB:1092,367.92,193
habil,18:15,73,LineaB:1093,576.93,193
habil,18:15,73,LineaC:1094,483.52,193
habil,18:15,73,LineaC:1095,55.62,193
habil,18:15,73,LineaC:1096,103.85,193
habil,18:15,73,LineaC:1097,145.27,193
habil,18:15,73,LineaC:1098,73.19,193
habil,18:15,73,LineaC:1099,133.66,193
habil,18:15,73,LineaC:1100,188.68,193
habil,18:15,73,LineaC:1101,193.23,193
habil,18:15,73,LineaC:1102,451.9,193
habil,18:15,73,LineaD:1103,554.89,193
habil,18:15,73,LineaD:1104,337.25,193
habil,18:15,73,LineaD:1105,191.76,193
habil,18:15,73,LineaD:1106,195.67,193
habil,18:15,73,LineaD:1107,216.12,193
habil,18:15,73,LineaD:1108,303.97,193
habil,18:15,73,LineaD:1109,115.4,193
habil,18:15,73,LineaD:1110,216.81,193
habil,18:15,73,LineaD:1111,247.52,193
habil,18:15,73,LineaD:1112,87.81,193
habil,18:15,73,LineaD:1113,145.75,193
habil,18:15,73,LineaD:1114,281.15,193
habil,18:15,73,LineaD:1115,270.21,193
habil,18:15,73,LineaD:1116,363.57,193
habil,18:15,73,LineaD:1117,95.67,193
habil,18:15,73,LineaD:1118,690.33,193
habil,18:15,73,LineaE:1119,260.02,193
habil,18:15,73,LineaE:1120,98.13,193
habil,18:15,73,LineaE:1121,141.08,193
habil,18:15,73,LineaE:1122,45.23,193
habil,18:15,73,LineaE:1123,68.95,193
habil,18:15,73,LineaE:1124,36.64,193
habil,18:15,73,LineaE:1125,51.54,193
habil,18:15,73,LineaE:1126,50.59,193
habil,18:15,73,LineaE:1127,77.35,193
habil,18:15,73,LineaE:1128,96.7,193
habil,18:15,73,LineaE:1129,69.53,193
habil,18:15,73,LineaE:1130,61.92,193
habil,18:15,73,LineaE:1131,27.72,193
habil,18:15,73,LineaE:1132,25.31,193
habil,18:15,73,LineaE:1133,75.16,193
habil,18:15,73,LineaE:1164,142.73,193
habil,18:15,73,LineaE:1165,349.49,193
habil,18:15,73,LineaE:1166,285.76,193
habil,18:15,73,LineaH:1134,120.69,193
habil,18:15,73,LineaH:1135,228.56,193
habil,18:15,73,LineaH:1136,158.58,193
habil,18:15,73,LineaH:1137,63.33,193
habil,18:15,73,LineaH:1138,95.65,193
habil,18:15,73,LineaH:1139,117.59,193
habil,18:15,73,LineaH:1140,193.98,193
habil,18:15,73,LineaH:1141,137.79,193
habil,18:15,73,LineaH:1160,162.02,193
habil,18:15,73,LineaH:1161,251.79,193
habil,18:15,73,LineaH:1162,239.27,193
habil,18:15,73,LineaH:1163,219.75,193
habil,18:30,74,LineaA:1059,175.8,193
habil,18:30,74,LineaA:1060,114.59,193
habil,18:30,74,LineaA:1061,111.77,193
habil,18:30,74,LineaA:1062,82.21,193
habil,18:30,74,LineaA:1063,125.23,193
habil,18:30,74,LineaA:1064,205.14,193
habil,18:30,74,LineaA:1065,86.37,193
habil,18:30,74,LineaA:1066,142.7,193
habil,18:30,74,LineaA:1067,89.04,193
habil,18:30,74,LineaA:1068,146.57,193
habil,18:30,74,LineaA:1069,99.04,193
habil,18:30,74,LineaA:1070,39.08,193
habil,18:30,74,LineaA:1071,148.03,193
habil,18:30,74,LineaA:1072,140.9,193
habil,18:30,74,LineaA:1073,87.62,193
habil,18:30,74,LineaA:1074,141.13,193
habil,18:30,74,LineaA:1075,204.9,193
habil,18:30,74,LineaA:1076,329.25,193
habil,18:30,74,LineaB:1077,250.62,193
habil,18:30,74,LineaB:1078,61.39,193
habil,18:30,74,LineaB:1079,91.88,193
habil,18:30,74,LineaB:1080,73.67,193
habil,18:30,74,LineaB:1081,211.21,193
habil,18:30,74,LineaB:1082,163.2,193
habil,18:30,74,LineaB:1083,170.11,193
habil,18:30,74,LineaB:1084,195.77,193
habil,18:30,74,LineaB:1085,209.69,193
habil,18:30,74,LineaB:1086,138.75,193
habil,18:30,74,LineaB:1087,131.45,193
habil,18:30,74,LineaB:1088,168.4,193
habil,18:30,74,LineaB:1089,291.15,193
habil,18:30,74,LineaB:1090,131.88,193
habil,18:30,74,LineaB:1091,330.74,193
habil,18:30,74,LineaB:1092,290.43,193
habil,18:30,74,LineaB:1093,388.25,193
habil,18:30,74,LineaC:1094,441.65,193
habil,18:30,74,LineaC:1095,54.19,193
habil,18:30,74,LineaC:1096,87.52,193
habil,18:30,74,LineaC:1097,96.19,193
habil,18:30,74,LineaC:1098,58.27,193
habil,18:30,74,LineaC:1099,108.6,193
habil,18:30,74,LineaC:1100,162.61,193
habil,18:30,74,LineaC:1101,131.11,193
habil,18:30,74,LineaC:1102,477.07,193
habil,18:30,74,LineaD:1103,434.77,193
habil,18:30,74,LineaD:1104,272.98,193
habil,18:30,74,LineaD:1105,169.13,193
habil,18:30,74,LineaD:1106,160.4,193
habil,18:30,74,LineaD:1107,180.6,193
habil,18:30,74,LineaD:1108,243.0,193
habil,18:30,74,LineaD:1109,98.22,193
habil,18:30,74,LineaD:1110,186.51,193
habil,18:30,74,LineaD:1111,224.31,193
habil,18:30,74,LineaD:1112,73.59,193
habil,18:30,74,LineaD:1113,126.67,193
habil,18:30,74,LineaD:1114,261.11,193
habil,18:30,74,LineaD:1115,227.21,193
habil,18:30,74,LineaD:1116,188.1,193
habil,18:30,74,LineaD:1117,50.77,193
habil,18:30,74,LineaD:1118,486.38,193
habil,18:30,74,LineaE:1119,194.11,193
habil,18:30,74,LineaE:1120,69.16,193
habil,18:30,74,LineaE:1121,102.6,193
habil,18:30,74,LineaE:1122,43.23,193
habil,18:30,74,LineaE:1123,70.62,193
habil,18:30,74,LineaE:1124,31.34,193
habil,18:30,74,LineaE:1125,50.64,193
habil,18:30,74,LineaE:1126,45.98,193
habil,18:30,74,LineaE:1127,74.25,193
habil,18:30,74,LineaE:1128,70.31,193
habil,18:30,74,LineaE:1129,55.35,193
habil,18:30,74,LineaE:1130,48.12,193
habil,18:30,74,LineaE:1131,20.37,193
habil,18:30,74,LineaE:1132,18.59,193
habil,18:30,74,LineaE:1133,58.89,193
habil,18:30,74,LineaE:1164,106.43,193
habil,18:30,74,LineaE:1165,202.8,193
habil,18:30,74,LineaE:1166,186.73,193
habil,18:30,74,LineaH:1134,86.95,193
habil,18:30,74,LineaH:1135,141.11,193
habil,18:30,74,LineaH:1136,96.87,193
habil,18:30,74,LineaH:1137,55.67,193
habil,18:30,74,LineaH:1138,83.89,193
habil,18:30,74,LineaH:1139,114.69,193
habil,18:30,74,LineaH:1140,174.42,193
habil,18:30,74,LineaH:1141,115.67,193
habil,18:30,74,LineaH:1160,169.85,193
habil,18:30,74,LineaH:1161,220.95,193
habil,18:30,74,LineaH:1162,188.35,193
habil,18:30,74,LineaH:1163,281.16,193
habil,18:45,75,LineaA:1059,140.75,193
habil,18:45,75,LineaA:1060,96.99,193
habil,18:45,75,LineaA:1061,96.91,193
habil,18:45,75,LineaA:1062,67.66,193
habil,18:45,75,LineaA:1063,109.64,193
habil,18:45,75,LineaA:1064,148.93,193
habil,18:45,75,LineaA:1065,74.74,193
habil,18:45,75,LineaA:1066,116.69,193
habil,18:45,75,LineaA:1067,60.08,193
habil,18:45,75,LineaA:1068,111.65,193
habil,18:45,75,LineaA:1069,76.87,193
habil,18:45,75,LineaA:1070,29.73,193
habil,18:45,75,LineaA:1071,123.31,193
habil,18:45,75,LineaA:1072,114.99,193
habil,18:45,75,LineaA:1073,66.26,193
habil,18:45,75,LineaA:1074,94.24,193
habil,18:45,75,LineaA:1075,161.04,193
habil,18:45,75,LineaA:1076,230.09,193
habil,18:45,75,LineaB:1077,210.14,193
habil,18:45,75,LineaB:1078,52.7,193
habil,18:45,75,LineaB:1079,78.41,193
habil,18:45,75,LineaB:1080,57.24,193
habil,18:45,75,LineaB:1081,183.65,193
habil,18:45,75,LineaB:1082,137.53,193
habil,18:45,75,LineaB:1083,143.51,193
habil,18:45,75,LineaB:1084,157.61,193
habil,18:45,75,LineaB:1085,173.96,193
habil,18:45,75,LineaB:1086,122.2,193
habil,18:45,75,LineaB:1087,104.44,193
habil,18:45,75,LineaB:1088,128.84,193
habil,18:45,75,LineaB:1089,237.89,193
habil,18:45,75,LineaB:1090,103.89,193
habil,18:45,75,LineaB:1091,258.76,193
habil,18:45,75,LineaB:1092,215.1,193
habil,18:45,75,LineaB:1093,266.1,193
habil,18:45,75,LineaC:1094,364.34,193
habil,18:45,75,LineaC:1095,45.34,193
habil,18:45,75,LineaC:1096,60.25,193
habil,18:45,75,LineaC:1097,75.52,193
habil,18:45,75,LineaC:1098,47.89,193
habil,18:45,75,LineaC:1099,75.46,193
habil,18:45,75,LineaC:1100,114.35,193
habil,18:45,75,LineaC:1101,99.51,193
habil,18:45,75,LineaC:1102,372.46,193
habil,18:45,75,LineaD:1103,327.85,193
habil,18:45,75,LineaD:1104,226.62,193
habil,18:45,75,LineaD:1105,137.1,193
habil,18:45,75,LineaD:1106,131.96,193
habil,18:45,75,LineaD:1107,133.63,193
habil,18:45,75,LineaD:1108,206.92,193
habil,18:45,75,LineaD:1109,83.92,193
habil,18:45,75,LineaD:1110,157.12,193
habil,18:45,75,LineaD:1111,203.68,193
habil,18:45,75,LineaD:1112,64.19,193
habil,18:45,75,LineaD:1113,107.45,193
habil,18:45,75,LineaD:1114,251.27,193
habil,18:45,75,LineaD:1115,185.62,193
habil,18:45,75,LineaD:1116,140.41,193
habil,18:45,75,LineaD:1117,31.0,193
habil,18:45,75,LineaD:1118,345.77,193
habil,18:45,75,LineaE:1119,154.11,193
habil,18:45,75,LineaE:1120,52.56,193
habil,18:45,75,LineaE:1121,85.08,193
habil,18:45,75,LineaE:1122,43.53,193
habil,18:45,75,LineaE:1123,45.22,193
habil,18:45,75,LineaE:1124,26.06,193
habil,18:45,75,LineaE:1125,30.21,193
habil,18:45,75,LineaE:1126,34.73,193
habil,18:45,75,LineaE:1127,58.36,193
habil,18:45,75,LineaE:1128,58.21,193
habil,18:45,75,LineaE:1129,39.88,193
habil,18:45,75,LineaE:1130,36.88,193
habil,18:45,75,LineaE:1131,16.2,193
habil,18:45,75,LineaE:1132,15.19,193
habil,18:45,75,LineaE:1133,41.41,193
habil,18:45,75,LineaE:1164,70.92,193
habil,18:45,75,LineaE:1165,140.26,193
habil,18:45,75,LineaE:1166,129.7,193
habil,18:45,75,LineaH:1134,68.1,193
habil,18:45,75,LineaH:1135,102.08,193
habil,18:45,75,LineaH:1136,69.33,193
habil,18:45,75,LineaH:1137,43.07,193
habil,18:45,75,LineaH:1138,62.11,193
habil,18:45,75,LineaH:1139,85.91,193
habil,18:45,75,LineaH:1140,137.61,193
habil,18:45,75,LineaH:1141,88.18,193
habil,18:45,75,LineaH:1160,122.2,193
habil,18:45,75,LineaH:1161,181.04,193
habil,18:45,75,LineaH:1162,161.87,193
habil,18:45,75,LineaH:1163,130.21,193
habil,19:00,76,LineaA:1059,120.38,193
habil,19:00,76,LineaA:1060,98.62,193
habil,19:00,76,LineaA:1061,98.79,193
habil,19:00,76,LineaA:1062,68.66,193
habil,19:00,76,LineaA:1063,111.06,193
habil,19:00,76,LineaA:1064,158.49,193
habil,19:00,76,LineaA:1065,80.41,193
habil,19:00,76,LineaA:1066,121.53,193
habil,19:00,76,LineaA:1067,58.28,193
habil,19:00,76,LineaA:1068,90.37,193
habil,19:00,76,LineaA:1069,72.84,193
habil,19:00,76,LineaA:1070,25.6,193
habil,19:00,76,LineaA:1071,131.91,193
habil,19:00,76,LineaA:1072,109.02,193
habil,19:00,76,LineaA:1073,61.61,193
habil,19:00,76,LineaA:1074,94.5,193
habil,19:00,76,LineaA:1075,164.51,193
habil,19:00,76,LineaA:1076,210.83,193
habil,19:00,76,LineaB:1077,206.03,193
habil,19:00,76,LineaB:1078,63.12,193
habil,19:00,76,LineaB:1079,79.63,193
habil,19:00,76,LineaB:1080,56.95,193
habil,19:00,76,LineaB:1081,150.67,193
habil,19:00,76,LineaB:1082,121.54,193
habil,19:00,76,LineaB:1083,155.31,193
habil,19:00,76,LineaB:1084,172.65,193
habil,19:00,76,LineaB:1085,180.94,193
habil,19:00,76,LineaB:1086,137.93,193
habil,19:00,76,LineaB:1087,103.3,193
habil,19:00,76,LineaB:1088,122.63,193
habil,19:00,76,LineaB:1089,250.14,193
habil,19:00,76,LineaB:1090,109.23,193
habil,19:00,76,LineaB:1091,250.29,193
habil,19:00,76,LineaB:1092,218.51,193
habil,19:00,76,LineaB:1093,239.31,193
habil,19:00,76,LineaC:1094,320.11,193
habil,19:00,76,LineaC:1095,50.36,193
habil,19:00,76,LineaC:1096,63.45,193
habil,19:00,76,LineaC:1097,79.96,193
habil,19:00,76,LineaC:1098,50.61,193
habil,19:00,76,LineaC:1099,81.39,193
habil,19:00,76,LineaC:1100,129.12,193
habil,19:00,76,LineaC:1101,99.24,193
habil,19:00,76,LineaC:1102,331.6,193
habil,19:00,76,LineaD:1103,283.78,193
habil,19:00,76,LineaD:1104,247.84,193
habil,19:00,76,LineaD:1105,152.49,193
habil,19:00,76,LineaD:1106,150.36,193
habil,19:00,76,LineaD:1107,121.52,193
habil,19:00,76,LineaD:1108,192.37,193
habil,19:00,76,LineaD:1109,85.27,193
habil,19:00,76,LineaD:1110,156.28,193
habil,19:00,76,LineaD:1111,228.06,193
habil,19:00,76,LineaD:1112,71.32,193
habil,19:00,76,LineaD:1113,116.3,193
habil,19:00,76,LineaD:1114,265.11,193
habil,19:00,76,LineaD:1115,201.76,193
habil,19:00,76,LineaD:1116,139.23,193
habil,19:00,76,LineaD:1117,27.22,193
habil,19:00,76,LineaD:1118,307.91,193
habil,19:00,76,LineaE:1119,148.01,193
habil,19:00,76,LineaE:1120,55.79,193
habil,19:00,76,LineaE:1121,97.43,193
habil,19:00,76,LineaE:1122,63.9,193
habil,19:00,76,LineaE:1123,41.82,193
habil,19:00,76,LineaE:1124,27.69,193
habil,19:00,76,LineaE:1125,32.03,193
habil,19:00,76,LineaE:1126,36.34,193
habil,19:00,76,LineaE:1127,60.98,193
habil,19:00,76,LineaE:1128,52.46,193
habil,19:00,76,LineaE:1129,41.45,193
habil,19:00,76,LineaE:1130,39.5,193
habil,19:00,76,LineaE:1131,19.69,193
habil,19:00,76,LineaE:1132,16.96,193
habil,19:00,76,LineaE:1133,39.81,193
habil,19:00,76,LineaE:1164,61.1,193
habil,19:00,76,LineaE:1165,114.64,193
habil,19:00,76,LineaE:1166,126.33,193
habil,19:00,76,LineaH:1134,68.94,193
habil,19:00,76,LineaH:1135,111.03,193
habil,19:00,76,LineaH:1136,68.5,193
habil,19:00,76,LineaH:1137,42.12,193
habil,19:00,76,LineaH:1138,67.1,193
habil,19:00,76,LineaH:1139,82.66,193
habil,19:00,76,LineaH:1140,113.31,193
habil,19:00,76,LineaH:1141,84.52,193
habil,19:00,76,LineaH:1160,138.73,193
habil,19:00,76,LineaH:1161,206.29,193
habil,19:00,76,LineaH:1162,179.61,193
habil,19:00,76,LineaH:1163,124.62,193
habil,19:15,77,LineaA:1059,105.52,193
habil,19:15,77,LineaA:1060,85.26,193
habil,19:15,77,LineaA:1061,84.74,193
habil,19:15,77,LineaA:1062,63.13,193
habil,19:15,77,LineaA:1063,104.46,193
habil,19:15,77,LineaA:1064,139.74,193
habil,19:15,77,LineaA:1065,77.48,193
habil,19:15,77,LineaA:1066,105.54,193
habil,19:15,77,LineaA:1067,56.52,193
habil,19:15,77,LineaA:1068,81.81,193
habil,19:15,77,LineaA:1069,60.58,193
habil,19:15,77,LineaA:1070,21.9,193
habil,19:15,77,LineaA:1071,118.52,193
habil,19:15,77,LineaA:1072,94.49,193
habil,19:15,77,LineaA:1073,49.64,193
habil,19:15,77,LineaA:1074,74.63,193
habil,19:15,77,LineaA:1075,126.19,193
habil,19:15,77,LineaA:1076,164.53,193
habil,19:15,77,LineaB:1077,185.13,193
habil,19:15,77,LineaB:1078,54.37,193
habil,19:15,77,LineaB:1079,66.78,193
habil,19:15,77,LineaB:1080,45.4,193
habil,19:15,77,LineaB:1081,138.38,193
habil,19:15,77,LineaB:1082,122.63,193
habil,19:15,77,LineaB:1083,135.95,193
habil,19:15,77,LineaB:1084,161.46,193
habil,19:15,77,LineaB:1085,179.96,193
habil,19:15,77,LineaB:1086,123.52,193
habil,19:15,77,LineaB:1087,82.04,193
habil,19:15,77,LineaB:1088,92.56,193
habil,19:15,77,LineaB:1089,226.34,193
habil,19:15,77,LineaB:1090,94.62,193
habil,19:15,77,LineaB:1091,232.8,193
habil,19:15,77,LineaB:1092,157.79,193
habil,19:15,77,LineaB:1093,197.63,193
habil,19:15,77,LineaC:1094,318.97,193
habil,19:15,77,LineaC:1095,47.22,193
habil,19:15,77,LineaC:1096,57.36,193
habil,19:15,77,LineaC:1097,56.86,193
habil,19:15,77,LineaC:1098,39.27,193
habil,19:15,77,LineaC:1099,57.09,193
habil,19:15,77,LineaC:1100,92.81,193
habil,19:15,77,LineaC:1101,71.93,193
habil,19:15,77,LineaC:1102,276.54,193
habil,19:15,77,LineaD:1103,246.38,193
habil,19:15,77,LineaD:1104,215.78,193
habil,19:15,77,LineaD:1105,121.24,193
habil,19:15,77,LineaD:1106,124.76,193
habil,19:15,77,LineaD:1107,111.13,193
habil,19:15,77,LineaD:1108,180.52,193
habil,19:15,77,LineaD:1109,79.31,193
habil,19:15,77,LineaD:1110,142.15,193
habil,19:15,77,LineaD:1111,203.83,193
habil,19:15,77,LineaD:1112,61.88,193
habil,19:15,77,LineaD:1113,93.86,193
habil,19:15,77,LineaD:1114,183.23,193
habil,19:15,77,LineaD:1115,162.5,193
habil,19:15,77,LineaD:1116,110.56,193
habil,19:15,77,LineaD:1117,25.43,193
habil,19:15,77,LineaD:1118,234.14,193
habil,19:15,77,LineaE:1119,109.81,193
habil,19:15,77,LineaE:1120,44.23,193
habil,19:15,77,LineaE:1121,97.1,193
habil,19:15,77,LineaE:1122,43.74,193
habil,19:15,77,LineaE:1123,39.64,193
habil,19:15,77,LineaE:1124,25.44,193
habil,19:15,77,LineaE:1125,30.11,193
habil,19:15,77,LineaE:1126,32.25,193
habil,19:15,77,LineaE:1127,50.15,193
habil,19:15,77,LineaE:1128,45.06,193
habil,19:15,77,LineaE:1129,39.23,193
habil,19:15,77,LineaE:1130,33.54,193
habil,19:15,77,LineaE:1131,16.26,193
habil,19:15,77,LineaE:1132,14.12,193
habil,19:15,77,LineaE:1133,36.13,193
habil,19:15,77,LineaE:1164,51.18,193
habil,19:15,77,LineaE:1165,83.22,193
habil,19:15,77,LineaE:1166,100.35,193
habil,19:15,77,LineaH:1134,62.21,193
habil,19:15,77,LineaH:1135,92.09,193
habil,19:15,77,LineaH:1136,61.28,193
habil,19:15,77,LineaH:1137,38.49,193
habil,19:15,77,LineaH:1138,55.89,193
habil,19:15,77,LineaH:1139,76.86,193
habil,19:15,77,LineaH:1140,101.9,193
habil,19:15,77,LineaH:1141,70.72,193
habil,19:15,77,LineaH:1160,107.15,193
habil,19:15,77,LineaH:1161,174.16,193
habil,19:15,77,LineaH:1162,154.99,193
habil,19:15,77,LineaH:1163,111.18,193
habil,19:30,78,LineaA:1059,88.45,193
habil,19:30,78,LineaA:1060,73.52,193
habil,19:30,78,LineaA:1061,73.28,193
habil,19:30,78,LineaA:1062,58.54,193
habil,19:30,78,LineaA:1063,86.88,193
habil,19:30,78,LineaA:1064,131.33,193
habil,19:30,78,LineaA:1065,74.09,193
habil,19:30,78,LineaA:1066,92.89,193
habil,19:30,78,LineaA:1067,54.73,193
habil,19:30,78,LineaA:1068,68.1,193
habil,19:30,78,LineaA:1069,52.71,193
habil,19:30,78,LineaA:1070,20.1,193
habil,19:30,78,LineaA:1071,114.07,193
habil,19:30,78,LineaA:1072,82.1,193
habil,19:30,78,LineaA:1073,42.35,193
habil,19:30,78,LineaA:1074,63.86,193
habil,19:30,78,LineaA:1075,92.27,193
habil,19:30,78,LineaA:1076,131.41,193
habil,19:30,78,LineaB:1077,147.77,193
habil,19:30,78,LineaB:1078,47.66,193
habil,19:30,78,LineaB:1079,57.73,193
habil,19:30,78,LineaB:1080,36.4,193
habil,19:30,78,LineaB:1081,115.64,193
habil,19:30,78,LineaB:1082,88.49,193
habil,19:30,78,LineaB:1083,124.39,193
habil,19:30,78,LineaB:1084,131.58,193
habil,19:30,78,LineaB:1085,156.6,193
habil,19:30,78,LineaB:1086,117.57,193
habil,19:30,78,LineaB:1087,73.55,193
habil,19:30,78,LineaB:1088,78.18,193
habil,19:30,78,LineaB:1089,201.76,193
habil,19:30,78,LineaB:1090,79.99,193
habil,19:30,78,LineaB:1091,207.51,193
habil,19:30,78,LineaB:1092,128.99,193
habil,19:30,78,LineaB:1093,157.01,193
habil,19:30,78,LineaC:1094,240.51,193
habil,19:30,78,LineaC:1095,42.64,193
habil,19:30,78,LineaC:1096,53.02,193
habil,19:30,78,LineaC:1097,45.33,193
habil,19:30,78,LineaC:1098,35.55,193
habil,19:30,78,LineaC:1099,58.9,193
habil,19:30,78,LineaC:1100,70.52,193
habil,19:30,78,LineaC:1101,58.72,193
habil,19:30,78,LineaC:1102,229.02,193
habil,19:30,78,LineaD:1103,197.42,193
habil,19:30,78,LineaD:1104,187.26,193
habil,19:30,78,LineaD:1105,103.86,193
habil,19:30,78,LineaD:1106,110.0,193
habil,19:30,78,LineaD:1107,94.31,193
habil,19:30,78,LineaD:1108,149.55,193
habil,19:30,78,LineaD:1109,67.4,193
habil,19:30,78,LineaD:1110,122.76,193
habil,19:30,78,LineaD:1111,175.75,193
habil,19:30,78,LineaD:1112,59.48,193
habil,19:30,78,LineaD:1113,88.32,193
habil,19:30,78,LineaD:1114,168.81,193
habil,19:30,78,LineaD:1115,145.55,193
habil,19:30,78,LineaD:1116,98.99,193
habil,19:30,78,LineaD:1117,20.01,193
habil,19:30,78,LineaD:1118,184.58,193
habil,19:30,78,LineaE:1119,92.64,193
habil,19:30,78,LineaE:1120,40.28,193
habil,19:30,78,LineaE:1121,98.92,193
habil,19:30,78,LineaE:1122,36.38,193
habil,19:30,78,LineaE:1123,35.72,193
habil,19:30,78,LineaE:1124,24.68,193
habil,19:30,78,LineaE:1125,25.41,193
habil,19:30,78,LineaE:1126,38.01,193
habil,19:30,78,LineaE:1127,43.73,193
habil,19:30,78,LineaE:1128,41.92,193
habil,19:30,78,LineaE:1129,33.11,193
habil,19:30,78,LineaE:1130,31.13,193
habil,19:30,78,LineaE:1131,14.64,193
habil,19:30,78,LineaE:1132,12.36,193
habil,19:30,78,LineaE:1133,31.66,193
habil,19:30,78,LineaE:1164,40.06,193
habil,19:30,78,LineaE:1165,58.5,193
habil,19:30,78,LineaE:1166,80.99,193
habil,19:30,78,LineaH:1134,52.2,193
habil,19:30,78,LineaH:1135,72.33,193
habil,19:30,78,LineaH:1136,49.51,193
habil,19:30,78,LineaH:1137,34.52,193
habil,19:30,78,LineaH:1138,47.92,193
habil,19:30,78,LineaH:1139,73.61,193
habil,19:30,78,LineaH:1140,80.95,193
habil,19:30,78,LineaH:1141,60.57,193
habil,19:30,78,LineaH:1160,92.71,193
habil,19:30,78,LineaH:1161,151.97,193
habil,19:30,78,LineaH:1162,135.18,193
habil,19:30,78,LineaH:1163,120.54,193
habil,19:45,79,LineaA:1059,70.67,193
habil,19:45,79,LineaA:1060,66.34,193
habil,19:45,79,LineaA:1061,63.3,193
habil,19:45,79,LineaA:1062,55.92,193
habil,19:45,79,LineaA:1063,77.22,193
habil,19:45,79,LineaA:1064,119.3,193
habil,19:45,79,LineaA:1065,55.05,193
habil,19:45,79,LineaA:1066,84.79,193
habil,19:45,79,LineaA:1067,44.58,193
habil,19:45,79,LineaA:1068,55.26,193
habil,19:45,79,LineaA:1069,45.5,193
habil,19:45,79,LineaA:1070,18.23,193
habil,19:45,79,LineaA:1071,103.17,193
habil,19:45,79,LineaA:1072,77.83,193
habil,19:45,79,LineaA:1073,40.1,193
habil,19:45,79,LineaA:1074,56.92,193
habil,19:45,79,LineaA:1075,77.81,193
habil,19:45,79,LineaA:1076,120.12,193
habil,19:45,79,LineaB:1077,137.3,193
habil,19:45,79,LineaB:1078,42.54,193
habil,19:45,79,LineaB:1079,49.92,193
habil,19:45,79,LineaB:1080,30.25,193
habil,19:45,79,LineaB:1081,106.72,193
habil,19:45,79,LineaB:1082,76.81,193
habil,19:45,79,LineaB:1083,110.05,193
habil,19:45,79,LineaB:1084,106.35,193
habil,19:45,79,LineaB:1085,133.69,193
habil,19:45,79,LineaB:1086,112.89,193
habil,19:45,79,LineaB:1087,66.13,193
habil,19:45,79,LineaB:1088,72.0,193
habil,19:45,79,LineaB:1089,181.9,193
habil,19:45,79,LineaB:1090,68.51,193
habil,19:45,79,LineaB:1091,190.43,193
habil,19:45,79,LineaB:1092,110.73,193
habil,19:45,79,LineaB:1093,136.12,193
habil,19:45,79,LineaC:1094,235.89,193
habil,19:45,79,LineaC:1095,42.94,193
habil,19:45,79,LineaC:1096,48.6,193
habil,19:45,79,LineaC:1097,38.1,193
habil,19:45,79,LineaC:1098,30.88,193
habil,19:45,79,LineaC:1099,45.05,193
habil,19:45,79,LineaC:1100,59.57,193
habil,19:45,79,LineaC:1101,52.25,193
habil,19:45,79,LineaC:1102,179.97,193
habil,19:45,79,LineaD:1103,165.76,193
habil,19:45,79,LineaD:1104,165.28,193
habil,19:45,79,LineaD:1105,95.24,193
habil,19:45,79,LineaD:1106,90.88,193
habil,19:45,79,LineaD:1107,79.93,193
habil,19:45,79,LineaD:1108,126.17,193
habil,19:45,79,LineaD:1109,60.05,193
habil,19:45,79,LineaD:1110,106.9,193
habil,19:45,79,LineaD:1111,168.11,193
habil,19:45,79,LineaD:1112,51.17,193
habil,19:45,79,LineaD:1113,81.77,193
habil,19:45,79,LineaD:1114,182.3,193
habil,19:45,79,LineaD:1115,133.4,193
habil,19:45,79,LineaD:1116,79.41,193
habil,19:45,79,LineaD:1117,19.62,193
habil,19:45,79,LineaD:1118,158.17,193
habil,19:45,79,LineaE:1119,89.95,193
habil,19:45,79,LineaE:1120,33.18,193
habil,19:45,79,LineaE:1121,107.04,193
habil,19:45,79,LineaE:1122,34.3,193
habil,19:45,79,LineaE:1123,30.99,193
habil,19:45,79,LineaE:1124,19.87,193
habil,19:45,79,LineaE:1125,24.9,193
habil,19:45,79,LineaE:1126,31.01,193
habil,19:45,79,LineaE:1127,40.05,193
habil,19:45,79,LineaE:1128,34.89,193
habil,19:45,79,LineaE:1129,28.74,193
habil,19:45,79,LineaE:1130,31.05,193
habil,19:45,79,LineaE:1131,12.87,193
habil,19:45,79,LineaE:1132,11.45,193
habil,19:45,79,LineaE:1133,30.49,193
habil,19:45,79,LineaE:1164,32.86,193
habil,19:45,79,LineaE:1165,47.05,193
habil,19:45,79,LineaE:1166,72.87,193
habil,19:45,79,LineaH:1134,45.75,193
habil,19:45,79,LineaH:1135,63.53,193
habil,19:45,79,LineaH:1136,42.49,193
habil,19:45,79,LineaH:1137,30.35,193
habil,19:45,79,LineaH:1138,42.59,193
habil,19:45,79,LineaH:1139,69.91,193
habil,19:45,79,LineaH:1140,70.34,193
habil,19:45,79,LineaH:1141,57.04,193
habil,19:45,79,LineaH:1160,86.64,193
habil,19:45,79,LineaH:1161,133.37,193
habil,19:45,79,LineaH:1162,130.59,193
habil,19:45,79,LineaH:1163,185.85,193
habil,20:00,80,LineaA:1059,63.55,193
habil,20:00,80,LineaA:1060,72.91,193
habil,20:00,80,LineaA:1061,78.75,193
habil,20:00,80,LineaA:1062,78.11,193
habil,20:00,80,LineaA:1063,80.1,193
habil,20:00,80,LineaA:1064,139.76,193
habil,20:00,80,LineaA:1065,64.08,193
habil,20:00,80,LineaA:1066,96.7,193
habil,20:00,80,LineaA:1067,56.06,193
habil,20:00,80,LineaA:1068,52.28,193
habil,20:00,80,LineaA:1069,55.5,193
habil,20:00,80,LineaA:1070,22.91,193
habil,20:00,80,LineaA:1071,134.08,193
habil,20:00,80,LineaA:1072,92.06,193
habil,20:00,80,LineaA:1073,43.24,193
habil,20:00,80,LineaA:1074,73.23,193
habil,20:00,80,LineaA:1075,135.77,193
habil,20:00,80,LineaA:1076,121.73,193
habil,20:00,80,LineaB:1077,153.54,193
habil,20:00,80,LineaB:1078,46.02,193
habil,20:00,80,LineaB:1079,51.64,193
habil,20:00,80,LineaB:1080,35.38,193
habil,20:00,80,LineaB:1081,97.12,193
habil,20:00,80,LineaB:1082,89.89,193
habil,20:00,80,LineaB:1083,130.22,193
habil,20:00,80,LineaB:1084,114.89,193
habil,20:00,80,LineaB:1085,158.23,193
habil,20:00,80,LineaB:1086,124.41,193
habil,20:00,80,LineaB:1087,69.26,193
habil,20:00,80,LineaB:1088,83.18,193
habil,20:00,80,LineaB:1089,222.56,193
habil,20:00,80,LineaB:1090,74.94,193
habil,20:00,80,LineaB:1091,206.15,193
habil,20:00,80,LineaB:1092,139.56,193
habil,20:00,80,LineaB:1093,139.57,193
habil,20:00,80,LineaC:1094,235.43,193
habil,20:00,80,LineaC:1095,50.44,193
habil,20:00,80,LineaC:1096,55.33,193
habil,20:00,80,LineaC:1097,58.93,193
habil,20:00,80,LineaC:1098,41.37,193
habil,20:00,80,LineaC:1099,84.53,193
habil,20:00,80,LineaC:1100,85.92,193
habil,20:00,80,LineaC:1101,68.54,193
habil,20:00,80,LineaC:1102,168.52,193
habil,20:00,80,LineaD:1103,172.57,193
habil,20:00,80,LineaD:1104,191.42,193
habil,20:00,80,LineaD:1105,115.49,193
habil,20:00,80,LineaD:1106,115.17,193
habil,20:00,80,LineaD:1107,81.23,193
habil,20:00,80,LineaD:1108,144.8,193
habil,20:00,80,LineaD:1109,63.21,193
habil,20:00,80,LineaD:1110,117.08,193
habil,20:00,80,LineaD:1111,210.53,193
habil,20:00,80,LineaD:1112,66.5,193
habil,20:00,80,LineaD:1113,104.59,193
habil,20:00,80,LineaD:1114,211.05,193
habil,20:00,80,LineaD:1115,165.21,193
habil,20:00,80,LineaD:1116,93.22,193
habil,20:00,80,LineaD:1117,18.97,193
habil,20:00,80,LineaD:1118,203.76,193
habil,20:00,80,LineaE:1119,113.0,193
habil,20:00,80,LineaE:1120,47.45,193
habil,20:00,80,LineaE:1121,133.35,193
habil,20:00,80,LineaE:1122,38.72,193
habil,20:00,80,LineaE:1123,32.8,193
habil,20:00,80,LineaE:1124,21.82,193
habil,20:00,80,LineaE:1125,30.18,193
habil,20:00,80,LineaE:1126,28.92,193
habil,20:00,80,LineaE:1127,49.56,193
habil,20:00,80,LineaE:1128,38.14,193
habil,20:00,80,LineaE:1129,30.85,193
habil,20:00,80,LineaE:1130,41.48,193
habil,20:00,80,LineaE:1131,14.18,193
habil,20:00,80,LineaE:1132,13.56,193
habil,20:00,80,LineaE:1133,28.72,193
habil,20:00,80,LineaE:1164,34.59,193
habil,20:00,80,LineaE:1165,52.93,193
habil,20:00,80,LineaE:1166,84.65,193
habil,20:00,80,LineaH:1134,44.05,193
habil,20:00,80,LineaH:1135,82.38,193
habil,20:00,80,LineaH:1136,70.04,193
habil,20:00,80,LineaH:1137,32.76,193
habil,20:00,80,LineaH:1138,44.25,193
habil,20:00,80,LineaH:1139,78.11,193
habil,20:00,80,LineaH:1140,64.23,193
habil,20:00,80,LineaH:1141,66.41,193
habil,20:00,80,LineaH:1160,122.96,193
habil,20:00,80,LineaH:1161,190.23,193
habil,20:00,80,LineaH:1162,157.93,193
habil,20:00,80,LineaH:1163,326.58,193
habil,20:15,81,LineaA:1059,58.11,193
habil,20:15,81,LineaA:1060,59.46,193
habil,20:15,81,LineaA:1061,63.05,193
habil,20:15,81,LineaA:1062,60.58,193
habil,20:15,81,LineaA:1063,70.05,193
habil,20:15,81,LineaA:1064,105.86,193
habil,20:15,81,LineaA:1065,53.56,193
habil,20:15,81,LineaA:1066,84.33,193
habil,20:15,81,LineaA:1067,42.11,193
habil,20:15,81,LineaA:1068,44.05,193
habil,20:15,81,LineaA:1069,44.87,193
habil,20:15,81,LineaA:1070,14.64,193
habil,20:15,81,LineaA:1071,104.3,193
habil,20:15,81,LineaA:1072,77.09,193
habil,20:15,81,LineaA:1073,38.49,193
habil,20:15,81,LineaA:1074,56.31,193
habil,20:15,81,LineaA:1075,87.65,193
habil,20:15,81,LineaA:1076,102.8,193
habil,20:15,81,LineaB:1077,136.83,193
habil,20:15,81,LineaB:1078,37.74,193
habil,20:15,81,LineaB:1079,50.01,193
habil,20:15,81,LineaB:1080,30.99,193
habil,20:15,81,LineaB:1081,101.62,193
habil,20:15,81,LineaB:1082,87.36,193
habil,20:15,81,LineaB:1083,114.32,193
habil,20:15,81,LineaB:1084,109.93,193
habil,20:15,81,LineaB:1085,146.3,193
habil,20:15,81,LineaB:1086,106.42,193
habil,20:15,81,LineaB:1087,56.16,193
habil,20:15,81,LineaB:1088,71.25,193
habil,20:15,81,LineaB:1089,188.32,193
habil,20:15,81,LineaB:1090,64.82,193
habil,20:15,81,LineaB:1091,189.15,193
habil,20:15,81,LineaB:1092,92.24,193
habil,20:15,81,LineaB:1093,118.08,193
habil,20:15,81,LineaC:1094,201.89,193
habil,20:15,81,LineaC:1095,49.86,193
habil,20:15,81,LineaC:1096,51.55,193
habil,20:15,81,LineaC:1097,34.05,193
habil,20:15,81,LineaC:1098,34.85,193
habil,20:15,81,LineaC:1099,44.52,193
habil,20:15,81,LineaC:1100,54.51,193
habil,20:15,81,LineaC:1101,40.9,193
habil,20:15,81,LineaC:1102,146.7,193
habil,20:15,81,LineaD:1103,155.36,193
habil,20:15,81,LineaD:1104,151.33,193
habil,20:15,81,LineaD:1105,85.5,193
habil,20:15,81,LineaD:1106,104.56,193
habil,20:15,81,LineaD:1107,76.44,193
habil,20:15,81,LineaD:1108,127.5,193
habil,20:15,81,LineaD:1109,59.84,193
habil,20:15,81,LineaD:1110,101.7,193
habil,20:15,81,LineaD:1111,154.23,193
habil,20:15,81,LineaD:1112,45.75,193
habil,20:15,81,LineaD:1113,71.68,193
habil,20:15,81,LineaD:1114,187.74,193
habil,20:15,81,LineaD:1115,131.09,193
habil,20:15,81,LineaD:1116,73.76,193
habil,20:15,81,LineaD:1117,18.81,193
habil,20:15,81,LineaD:1118,139.83,193
habil,20:15,81,LineaE:1119,76.32,193
habil,20:15,81,LineaE:1120,30.79,193
habil,20:15,81,LineaE:1121,150.12,193
habil,20:15,81,LineaE:1122,41.19,193
habil,20:15,81,LineaE:1123,33.46,193
habil,20:15,81,LineaE:1124,18.26,193
habil,20:15,81,LineaE:1125,27.35,193
habil,20:15,81,LineaE:1126,23.62,193
habil,20:15,81,LineaE:1127,39.42,193
habil,20:15,81,LineaE:1128,32.98,193
habil,20:15,81,LineaE:1129,26.59,193
habil,20:15,81,LineaE:1130,34.93,193
habil,20:15,81,LineaE:1131,12.76,193
habil,20:15,81,LineaE:1132,10.68,193
habil,20:15,81,LineaE:1133,26.71,193
habil,20:15,81,LineaE:1164,30.48,193
habil,20:15,81,LineaE:1165,41.9,193
habil,20:15,81,LineaE:1166,62.89,193
habil,20:15,81,LineaH:1134,38.35,193
habil,20:15,81,LineaH:1135,69.23,193
habil,20:15,81,LineaH:1136,53.94,193
habil,20:15,81,LineaH:1137,26.56,193
habil,20:15,81,LineaH:1138,45.98,193
habil,20:15,81,LineaH:1139,58.84,193
habil,20:15,81,LineaH:1140,51.8,193
habil,20:15,81,LineaH:1141,52.69,193
habil,20:15,81,LineaH:1160,88.08,193
habil,20:15,81,LineaH:1161,137.68,193
habil,20:15,81,LineaH:1162,128.08,193
habil,20:15,81,LineaH:1163,130.39,193
habil,20:30,82,LineaA:1059,52.33,193
habil,20:30,82,LineaA:1060,47.67,193
habil,20:30,82,LineaA:1061,47.87,193
habil,20:30,82,LineaA:1062,36.8,193
habil,20:30,82,LineaA:1063,58.72,193
habil,20:30,82,LineaA:1064,83.82,193
habil,20:30,82,LineaA:1065,46.92,193
habil,20:30,82,LineaA:1066,80.41,193
habil,20:30,82,LineaA:1067,36.19,193
habil,20:30,82,LineaA:1068,41.74,193
habil,20:30,82,LineaA:1069,35.2,193
habil,20:30,82,LineaA:1070,11.5,193
habil,20:30,82,LineaA:1071,81.78,193
habil,20:30,82,LineaA:1072,61.44,193
habil,20:30,82,LineaA:1073,32.91,193
habil,20:30,82,LineaA:1074,51.64,193
habil,20:30,82,LineaA:1075,51.5,193
habil,20:30,82,LineaA:1076,80.91,193
habil,20:30,82,LineaB:1077,113.21,193
habil,20:30,82,LineaB:1078,32.53,193
habil,20:30,82,LineaB:1079,42.73,193
habil,20:30,82,LineaB:1080,26.03,193
habil,20:30,82,LineaB:1081,79.67,193
habil,20:30,82,LineaB:1082,70.46,193
habil,20:30,82,LineaB:1083,93.73,193
habil,20:30,82,LineaB:1084,90.97,193
habil,20:30,82,LineaB:1085,121.21,193
habil,20:30,82,LineaB:1086,92.02,193
habil,20:30,82,LineaB:1087,41.45,193
habil,20:30,82,LineaB:1088,56.48,193
habil,20:30,82,LineaB:1089,152.39,193
habil,20:30,82,LineaB:1090,53.86,193
habil,20:30,82,LineaB:1091,161.89,193
habil,20:30,82,LineaB:1092,67.39,193
habil,20:30,82,LineaB:1093,87.8,193
habil,20:30,82,LineaC:1094,183.81,193
habil,20:30,82,LineaC:1095,45.61,193
habil,20:30,82,LineaC:1096,48.53,193
habil,20:30,82,LineaC:1097,24.72,193
habil,20:30,82,LineaC:1098,32.95,193
habil,20:30,82,LineaC:1099,33.72,193
habil,20:30,82,LineaC:1100,44.73,193
habil,20:30,82,LineaC:1101,33.59,193
habil,20:30,82,LineaC:1102,134.15,193
habil,20:30,82,LineaD:1103,133.23,193
habil,20:30,82,LineaD:1104,126.35,193
habil,20:30,82,LineaD:1105,72.22,193
habil,20:30,82,LineaD:1106,75.28,193
habil,20:30,82,LineaD:1107,65.82,193
habil,20:30,82,LineaD:1108,110.98,193
habil,20:30,82,LineaD:1109,49.09,193
habil,20:30,82,LineaD:1110,87.66,193
habil,20:30,82,LineaD:1111,118.79,193
habil,20:30,82,LineaD:1112,35.83,193
habil,20:30,82,LineaD:1113,56.97,193
habil,20:30,82,LineaD:1114,188.77,193
habil,20:30,82,LineaD:1115,109.96,193
habil,20:30,82,LineaD:1116,67.2,193
habil,20:30,82,LineaD:1117,15.77,193
habil,20:30,82,LineaD:1118,100.61,193
habil,20:30,82,LineaE:1119,49.65,193
habil,20:30,82,LineaE:1120,23.69,193
habil,20:30,82,LineaE:1121,153.93,193
habil,20:30,82,LineaE:1122,46.41,193
habil,20:30,82,LineaE:1123,26.14,193
habil,20:30,82,LineaE:1124,15.63,193
habil,20:30,82,LineaE:1125,19.52,193
habil,20:30,82,LineaE:1126,21.63,193
habil,20:30,82,LineaE:1127,33.56,193
habil,20:30,82,LineaE:1128,31.82,193
habil,20:30,82,LineaE:1129,22.87,193
habil,20:30,82,LineaE:1130,29.84,193
habil,20:30,82,LineaE:1131,10.07,193
habil,20:30,82,LineaE:1132,8.28,193
habil,20:30,82,LineaE:1133,21.85,193
habil,20:30,82,LineaE:1164,23.71,193
habil,20:30,82,LineaE:1165,28.41,193
habil,20:30,82,LineaE:1166,47.14,193
habil,20:30,82,LineaH:1134,32.67,193
habil,20:30,82,LineaH:1135,51.42,193
habil,20:30,82,LineaH:1136,35.36,193
habil,20:30,82,LineaH:1137,23.31,193
habil,20:30,82,LineaH:1138,36.1,193
habil,20:30,82,LineaH:1139,52.48,193
habil,20:30,82,LineaH:1140,47.12,193
habil,20:30,82,LineaH:1141,38.77,193
habil,20:30,82,LineaH:1160,68.54,193
habil,20:30,82,LineaH:1161,100.33,193
habil,20:30,82,LineaH:1162,101.66,193
habil,20:30,82,LineaH:1163,92.84,193
habil,20:45,83,LineaA:1059,42.99,193
habil,20:45,83,LineaA:1060,39.21,193
habil,20:45,83,LineaA:1061,41.18,193
habil,20:45,83,LineaA:1062,31.76,193
habil,20:45,83,LineaA:1063,52.68,193
habil,20:45,83,LineaA:1064,68.28,193
habil,20:45,83,LineaA:1065,35.4,193
habil,20:45,83,LineaA:1066,60.56,193
habil,20:45,83,LineaA:1067,31.62,193
habil,20:45,83,LineaA:1068,37.87,193
habil,20:45,83,LineaA:1069,33.6,193
habil,20:45,83,LineaA:1070,9.66,193
habil,20:45,83,LineaA:1071,68.04,193
habil,20:45,83,LineaA:1072,54.46,193
habil,20:45,83,LineaA:1073,27.51,193
habil,20:45,83,LineaA:1074,43.85,193
habil,20:45,83,LineaA:1075,44.24,193
habil,20:45,83,LineaA:1076,69.99,193
habil,20:45,83,LineaB:1077,88.95,193
habil,20:45,83,LineaB:1078,26.83,193
habil,20:45,83,LineaB:1079,35.85,193
habil,20:45,83,LineaB:1080,26.32,193
habil,20:45,83,LineaB:1081,67.99,193
habil,20:45,83,LineaB:1082,58.01,193
habil,20:45,83,LineaB:1083,78.02,193
habil,20:45,83,LineaB:1084,79.56,193
habil,20:45,83,LineaB:1085,101.24,193
habil,20:45,83,LineaB:1086,82.17,193
habil,20:45,83,LineaB:1087,34.58,193
habil,20:45,83,LineaB:1088,59.36,193
habil,20:45,83,LineaB:1089,139.13,193
habil,20:45,83,LineaB:1090,45.44,193
habil,20:45,83,LineaB:1091,139.82,193
habil,20:45,83,LineaB:1092,54.78,193
habil,20:45,83,LineaB:1093,72.85,193
habil,20:45,83,LineaC:1094,178.76,193
habil,20:45,83,LineaC:1095,50.21,193
habil,20:45,83,LineaC:1096,42.16,193
habil,20:45,83,LineaC:1097,19.04,193
habil,20:45,83,LineaC:1098,23.58,193
habil,20:45,83,LineaC:1099,32.66,193
habil,20:45,83,LineaC:1100,39.37,193
habil,20:45,83,LineaC:1101,28.69,193
habil,20:45,83,LineaC:1102,114.38,193
habil,20:45,83,LineaD:1103,97.99,193
habil,20:45,83,LineaD:1104,106.63,193
habil,20:45,83,LineaD:1105,57.09,193
habil,20:45,83,LineaD:1106,57.65,193
habil,20:45,83,LineaD:1107,57.05,193
habil,20:45,83,LineaD:1108,93.74,193
habil,20:45,83,LineaD:1109,40.33,193
habil,20:45,83,LineaD:1110,68.79,193
habil,20:45,83,LineaD:1111,104.14,193
habil,20:45,83,LineaD:1112,30.21,193
habil,20:45,83,LineaD:1113,44.99,193
habil,20:45,83,LineaD:1114,232.02,193
habil,20:45,83,LineaD:1115,101.62,193
habil,20:45,83,LineaD:1116,52.35,193
habil,20:45,83,LineaD:1117,13.49,193
habil,20:45,83,LineaD:1118,92.23,193
habil,20:45,83,LineaE:1119,52.34,193
habil,20:45,83,LineaE:1120,20.57,193
habil,20:45,83,LineaE:1121,141.99,193
habil,20:45,83,LineaE:1122,59.02,193
habil,20:45,83,LineaE:1123,21.99,193
habil,20:45,83,LineaE:1124,13.87,193
habil,20:45,83,LineaE:1125,15.73,193
habil,20:45,83,LineaE:1126,19.98,193
habil,20:45,83,LineaE:1127,29.26,193
habil,20:45,83,LineaE:1128,26.76,193
habil,20:45,83,LineaE:1129,20.68,193
habil,20:45,83,LineaE:1130,21.62,193
habil,20:45,83,LineaE:1131,7.7,193
habil,20:45,83,LineaE:1132,7.49,193
habil,20:45,83,LineaE:1133,19.15,193
habil,20:45,83,LineaE:1164,18.71,193
habil,20:45,83,LineaE:1165,22.74,193
habil,20:45,83,LineaE:1166,40.84,193
habil,20:45,83,LineaH:1134,31.44,193
habil,20:45,83,LineaH:1135,48.15,193
habil,20:45,83,LineaH:1136,28.98,193
habil,20:45,83,LineaH:1137,19.34,193
habil,20:45,83,LineaH:1138,25.32,193
habil,20:45,83,LineaH:1139,41.26,193
habil,20:45,83,LineaH:1140,40.31,193
habil,20:45,83,LineaH:1141,33.59,193
habil,20:45,83,LineaH:1160,60.51,193
habil,20:45,83,LineaH:1161,75.49,193
habil,20:45,83,LineaH:1162,97.49,193
habil,20:45,83,LineaH:1163,83.46,193
habil,21:00,84,LineaA:1059,41.15,193
habil,21:00,84,LineaA:1060,41.66,193
habil,21:00,84,LineaA:1061,42.27,193
habil,21:00,84,LineaA:1062,31.26,193
habil,21:00,84,LineaA:1063,52.86,193
habil,21:00,84,LineaA:1064,77.31,193
habil,21:00,84,LineaA:1065,42.78,193
habil,21:00,84,LineaA:1066,67.52,193
habil,21:00,84,LineaA:1067,47.26,193
habil,21:00,84,LineaA:1068,32.68,193
habil,21:00,84,LineaA:1069,37.56,193
habil,21:00,84,LineaA:1070,13.19,193
habil,21:00,84,LineaA:1071,87.08,193
habil,21:00,84,LineaA:1072,55.53,193
habil,21:00,84,LineaA:1073,31.59,193
habil,21:00,84,LineaA:1074,70.52,193
habil,21:00,84,LineaA:1075,66.53,193
habil,21:00,84,LineaA:1076,70.01,193
habil,21:00,84,LineaB:1077,82.01,193
habil,21:00,84,LineaB:1078,28.53,193
habil,21:00,84,LineaB:1079,33.93,193
habil,21:00,84,LineaB:1080,33.38,193
habil,21:00,84,LineaB:1081,62.83,193
habil,21:00,84,LineaB:1082,65.69,193
habil,21:00,84,LineaB:1083,85.49,193
habil,21:00,84,LineaB:1084,84.92,193
habil,21:00,84,LineaB:1085,121.25,193
habil,21:00,84,LineaB:1086,85.94,193
habil,21:00,84,LineaB:1087,33.61,193
habil,21:00,84,LineaB:1088,82.58,193
habil,21:00,84,LineaB:1089,159.98,193
habil,21:00,84,LineaB:1090,47.48,193
habil,21:00,84,LineaB:1091,147.79,193
habil,21:00,84,LineaB:1092,62.98,193
habil,21:00,84,LineaB:1093,73.21,193
habil,21:00,84,LineaC:1094,163.88,193
habil,21:00,84,LineaC:1095,57.51,193
habil,21:00,84,LineaC:1096,49.17,193
habil,21:00,84,LineaC:1097,20.26,193
habil,21:00,84,LineaC:1098,28.06,193
habil,21:00,84,LineaC:1099,65.35,193
habil,21:00,84,LineaC:1100,68.96,193
habil,21:00,84,LineaC:1101,33.38,193
habil,21:00,84,LineaC:1102,107.78,193
habil,21:00,84,LineaD:1103,105.28,193
habil,21:00,84,LineaD:1104,114.46,193
habil,21:00,84,LineaD:1105,71.72,193
habil,21:00,84,LineaD:1106,61.8,193
habil,21:00,84,LineaD:1107,59.42,193
habil,21:00,84,LineaD:1108,148.17,193
habil,21:00,84,LineaD:1109,39.88,193
habil,21:00,84,LineaD:1110,66.38,193
habil,21:00,84,LineaD:1111,117.33,193
habil,21:00,84,LineaD:1112,32.92,193
habil,21:00,84,LineaD:1113,65.13,193
habil,21:00,84,LineaD:1114,270.65,193
habil,21:00,84,LineaD:1115,109.12,193
habil,21:00,84,LineaD:1116,54.88,193
habil,21:00,84,LineaD:1117,14.89,193
habil,21:00,84,LineaD:1118,102.18,193
habil,21:00,84,LineaE:1119,64.88,193
habil,21:00,84,LineaE:1120,24.98,193
habil,21:00,84,LineaE:1121,175.38,193
habil,21:00,84,LineaE:1122,80.55,193
habil,21:00,84,LineaE:1123,25.39,193
habil,21:00,84,LineaE:1124,15.99,193
habil,21:00,84,LineaE:1125,21.96,193
habil,21:00,84,LineaE:1126,24.74,193
habil,21:00,84,LineaE:1127,30.77,193
habil,21:00,84,LineaE:1128,23.51,193
habil,21:00,84,LineaE:1129,21.08,193
habil,21:00,84,LineaE:1130,21.87,193
habil,21:00,84,LineaE:1131,8.44,193
habil,21:00,84,LineaE:1132,9.96,193
habil,21:00,84,LineaE:1133,20.27,193
habil,21:00,84,LineaE:1164,17.06,193
habil,21:00,84,LineaE:1165,37.92,193
habil,21:00,84,LineaE:1166,47.08,193
habil,21:00,84,LineaH:1134,36.9,193
habil,21:00,84,LineaH:1135,50.12,193
habil,21:00,84,LineaH:1136,47.63,193
habil,21:00,84,LineaH:1137,17.42,193
habil,21:00,84,LineaH:1138,24.03,193
habil,21:00,84,LineaH:1139,51.53,193
habil,21:00,84,LineaH:1140,40.1,193
habil,21:00,84,LineaH:1141,31.45,193
habil,21:00,84,LineaH:1160,95.28,193
habil,21:00,84,LineaH:1161,113.21,193
habil,21:00,84,LineaH:1162,118.33,193
habil,21:00,84,LineaH:1163,103.91,193
habil,21:15,85,LineaA:1059,41.94,193
habil,21:15,85,LineaA:1060,39.06,193
habil,21:15,85,LineaA:1061,33.72,193
habil,21:15,85,LineaA:1062,26.95,193
habil,21:15,85,LineaA:1063,40.7,193
habil,21:15,85,LineaA:1064,59.44,193
habil,21:15,85,LineaA:1065,31.38,193
habil,21:15,85,LineaA:1066,60.76,193
habil,21:15,85,LineaA:1067,45.39,193
habil,21:15,85,LineaA:1068,34.68,193
habil,21:15,85,LineaA:1069,26.57,193
habil,21:15,85,LineaA:1070,9.37,193
habil,21:15,85,LineaA:1071,65.84,193
habil,21:15,85,LineaA:1072,42.77,193
habil,21:15,85,LineaA:1073,26.03,193
habil,21:15,85,LineaA:1074,39.87,193
habil,21:15,85,LineaA:1075,45.01,193
habil,21:15,85,LineaA:1076,61.93,193
habil,21:15,85,LineaB:1077,79.17,193
habil,21:15,85,LineaB:1078,23.91,193
habil,21:15,85,LineaB:1079,30.31,193
habil,21:15,85,LineaB:1080,24.73,193
habil,21:15,85,LineaB:1081,51.89,193
habil,21:15,85,LineaB:1082,59.64,193
habil,21:15,85,LineaB:1083,65.85,193
habil,21:15,85,LineaB:1084,71.6,193
habil,21:15,85,LineaB:1085,109.44,193
habil,21:15,85,LineaB:1086,79.12,193
habil,21:15,85,LineaB:1087,28.62,193
habil,21:15,85,LineaB:1088,50.91,193
habil,21:15,85,LineaB:1089,135.3,193
habil,21:15,85,LineaB:1090,40.74,193
habil,21:15,85,LineaB:1091,131.82,193
habil,21:15,85,LineaB:1092,40.96,193
habil,21:15,85,LineaB:1093,71.79,193
habil,21:15,85,LineaC:1094,141.98,193
habil,21:15,85,LineaC:1095,57.35,193
habil,21:15,85,LineaC:1096,49.63,193
habil,21:15,85,LineaC:1097,15.68,193
habil,21:15,85,LineaC:1098,19.9,193
habil,21:15,85,LineaC:1099,28.35,193
habil,21:15,85,LineaC:1100,38.33,193
habil,21:15,85,LineaC:1101,21.69,193
habil,21:15,85,LineaC:1102,92.5,193
habil,21:15,85,LineaD:1103,87.6,193
habil,21:15,85,LineaD:1104,92.54,193
habil,21:15,85,LineaD:1105,48.7,193
habil,21:15,85,LineaD:1106,51.78,193
habil,21:15,85,LineaD:1107,53.83,193
habil,21:15,85,LineaD:1108,95.36,193
habil,21:15,85,LineaD:1109,33.82,193
habil,21:15,85,LineaD:1110,58.18,193
habil,21:15,85,LineaD:1111,90.14,193
habil,21:15,85,LineaD:1112,24.41,193
habil,21:15,85,LineaD:1113,38.04,193
habil,21:15,85,LineaD:1114,140.85,193
habil,21:15,85,LineaD:1115,88.62,193
habil,21:15,85,LineaD:1116,46.12,193
habil,21:15,85,LineaD:1117,11.62,193
habil,21:15,85,LineaD:1118,82.21,193
habil,21:15,85,LineaE:1119,45.86,193
habil,21:15,85,LineaE:1120,22.6,193
habil,21:15,85,LineaE:1121,189.23,193
habil,21:15,85,LineaE:1122,39.59,193
habil,21:15,85,LineaE:1123,21.59,193
habil,21:15,85,LineaE:1124,18.15,193
habil,21:15,85,LineaE:1125,17.88,193
habil,21:15,85,LineaE:1126,30.88,193
habil,21:15,85,LineaE:1127,30.3,193
habil,21:15,85,LineaE:1128,19.52,193
habil,21:15,85,LineaE:1129,18.37,193
habil,21:15,85,LineaE:1130,20.34,193
habil,21:15,85,LineaE:1131,8.34,193
habil,21:15,85,LineaE:1132,7.98,193
habil,21:15,85,LineaE:1133,16.99,193
habil,21:15,85,LineaE:1164,14.45,193
habil,21:15,85,LineaE:1165,19.7,193
habil,21:15,85,LineaE:1166,45.1,193
habil,21:15,85,LineaH:1134,27.41,193
habil,21:15,85,LineaH:1135,40.18,193
habil,21:15,85,LineaH:1136,30.23,193
habil,21:15,85,LineaH:1137,16.17,193
habil,21:15,85,LineaH:1138,28.06,193
habil,21:15,85,LineaH:1139,52.39,193
habil,21:15,85,LineaH:1140,38.1,193
habil,21:15,85,LineaH:1141,26.7,193
habil,21:15,85,LineaH:1160,59.2,193
habil,21:15,85,LineaH:1161,77.09,193
habil,21:15,85,LineaH:1162,92.49,193
habil,21:15,85,LineaH:1163,134.12,193
habil,21:30,86,LineaA:1059,31.12,193
habil,21:30,86,LineaA:1060,27.68,193
habil,21:30,86,LineaA:1061,27.17,193
habil,21:30,86,LineaA:1062,24.0,193
habil,21:30,86,LineaA:1063,30.31,193
habil,21:30,86,LineaA:1064,48.2,193
habil,21:30,86,LineaA:1065,28.01,193
habil,21:30,86,LineaA:1066,49.46,193
habil,21:30,86,LineaA:1067,26.88,193
habil,21:30,86,LineaA:1068,27.95,193
habil,21:30,86,LineaA:1069,22.06,193
habil,21:30,86,LineaA:1070,7.66,193
habil,21:30,86,LineaA:1071,52.76,193
habil,21:30,86,LineaA:1072,32.85,193
habil,21:30,86,LineaA:1073,22.74,193
habil,21:30,86,LineaA:1074,26.6,193
habil,21:30,86,LineaA:1075,30.05,193
habil,21:30,86,LineaA:1076,50.07,193
habil,21:30,86,LineaB:1077,57.68,193
habil,21:30,86,LineaB:1078,16.24,193
habil,21:30,86,LineaB:1079,24.31,193
habil,21:30,86,LineaB:1080,24.06,193
habil,21:30,86,LineaB:1081,50.84,193
habil,21:30,86,LineaB:1082,50.33,193
habil,21:30,86,LineaB:1083,53.4,193
habil,21:30,86,LineaB:1084,56.32,193
habil,21:30,86,LineaB:1085,86.32,193
habil,21:30,86,LineaB:1086,71.57,193
habil,21:30,86,LineaB:1087,26.11,193
habil,21:30,86,LineaB:1088,36.21,193
habil,21:30,86,LineaB:1089,121.41,193
habil,21:30,86,LineaB:1090,37.56,193
habil,21:30,86,LineaB:1091,115.37,193
habil,21:30,86,LineaB:1092,33.48,193
habil,21:30,86,LineaB:1093,59.33,193
habil,21:30,86,LineaC:1094,96.75,193
habil,21:30,86,LineaC:1095,63.91,193
habil,21:30,86,LineaC:1096,55.08,193
habil,21:30,86,LineaC:1097,13.72,193
habil,21:30,86,LineaC:1098,16.09,193
habil,21:30,86,LineaC:1099,17.45,193
habil,21:30,86,LineaC:1100,28.28,193
habil,21:30,86,LineaC:1101,18.5,193
habil,21:30,86,LineaC:1102,81.6,193
habil,21:30,86,LineaD:1103,68.84,193
habil,21:30,86,LineaD:1104,66.23,193
habil,21:30,86,LineaD:1105,37.4,193
habil,21:30,86,LineaD:1106,40.13,193
habil,21:30,86,LineaD:1107,37.48,193
habil,21:30,86,LineaD:1108,67.46,193
habil,21:30,86,LineaD:1109,28.24,193
habil,21:30,86,LineaD:1110,48.67,193
habil,21:30,86,LineaD:1111,70.87,193
habil,21:30,86,LineaD:1112,18.23,193
habil,21:30,86,LineaD:1113,27.76,193
habil,21:30,86,LineaD:1114,105.09,193
habil,21:30,86,LineaD:1115,87.25,193
habil,21:30,86,LineaD:1116,43.08,193
habil,21:30,86,LineaD:1117,8.66,193
habil,21:30,86,LineaD:1118,75.51,193
habil,21:30,86,LineaE:1119,51.86,193
habil,21:30,86,LineaE:1120,17.01,193
habil,21:30,86,LineaE:1121,288.62,193
habil,21:30,86,LineaE:1122,24.62,193
habil,21:30,86,LineaE:1123,18.52,193
habil,21:30,86,LineaE:1124,18.76,193
habil,21:30,86,LineaE:1125,16.59,193
habil,21:30,86,LineaE:1126,19.01,193
habil,21:30,86,LineaE:1127,24.16,193
habil,21:30,86,LineaE:1128,18.37,193
habil,21:30,86,LineaE:1129,12.96,193
habil,21:30,86,LineaE:1130,19.13,193
habil,21:30,86,LineaE:1131,11.74,193
habil,21:30,86,LineaE:1132,5.75,193
habil,21:30,86,LineaE:1133,12.68,193
habil,21:30,86,LineaE:1164,11.8,193
habil,21:30,86,LineaE:1165,16.49,193
habil,21:30,86,LineaE:1166,39.13,193
habil,21:30,86,LineaH:1134,20.35,193
habil,21:30,86,LineaH:1135,33.12,193
habil,21:30,86,LineaH:1136,21.55,193
habil,21:30,86,LineaH:1137,14.23,193
habil,21:30,86,LineaH:1138,24.96,193
habil,21:30,86,LineaH:1139,48.25,193
habil,21:30,86,LineaH:1140,29.49,193
habil,21:30,86,LineaH:1141,22.91,193
habil,21:30,86,LineaH:1160,41.51,193
habil,21:30,86,LineaH:1161,49.01,193
habil,21:30,86,LineaH:1162,75.23,193
habil,21:30,86,LineaH:1163,176.53,193
habil,21:45,87,LineaA:1059,23.1,193
habil,21:45,87,LineaA:1060,20.66,193
habil,21:45,87,LineaA:1061,21.24,193
habil,21:45,87,LineaA:1062,25.71,193
habil,21:45,87,LineaA:1063,24.63,193
habil,21:45,87,LineaA:1064,40.58,193
habil,21:45,87,LineaA:1065,21.47,193
habil,21:45,87,LineaA:1066,41.06,193
habil,21:45,87,LineaA:1067,20.54,193
habil,21:45,87,LineaA:1068,24.06,193
habil,21:45,87,LineaA:1069,16.53,193
habil,21:45,87,LineaA:1070,6.07,193
habil,21:45,87,LineaA:1071,51.76,193
habil,21:45,87,LineaA:1072,29.36,193
habil,21:45,87,LineaA:1073,24.07,193
habil,21:45,87,LineaA:1074,24.25,193
habil,21:45,87,LineaA:1075,23.64,193
habil,21:45,87,LineaA:1076,39.71,193
habil,21:45,87,LineaB:1077,48.95,193
habil,21:45,87,LineaB:1078,11.34,193
habil,21:45,87,LineaB:1079,20.07,193
habil,21:45,87,LineaB:1080,24.21,193
habil,21:45,87,LineaB:1081,43.56,193
habil,21:45,87,LineaB:1082,44.74,193
habil,21:45,87,LineaB:1083,44.81,193
habil,21:45,87,LineaB:1084,46.05,193
habil,21:45,87,LineaB:1085,72.93,193
habil,21:45,87,LineaB:1086,73.4,193
habil,21:45,87,LineaB:1087,20.87,193
habil,21:45,87,LineaB:1088,26.77,193
habil,21:45,87,LineaB:1089,114.45,193
habil,21:45,87,LineaB:1090,39.12,193
habil,21:45,87,LineaB:1091,114.1,193
habil,21:45,87,LineaB:1092,28.26,193
habil,21:45,87,LineaB:1093,49.77,193
habil,21:45,87,LineaC:1094,75.93,193
habil,21:45,87,LineaC:1095,51.33,193
habil,21:45,87,LineaC:1096,149.72,193
habil,21:45,87,LineaC:1097,13.27,193
habil,21:45,87,LineaC:1098,12.89,193
habil,21:45,87,LineaC:1099,14.73,193
habil,21:45,87,LineaC:1100,23.36,193
habil,21:45,87,LineaC:1101,14.67,193
habil,21:45,87,LineaC:1102,58.48,193
habil,21:45,87,LineaD:1103,55.09,193
habil,21:45,87,LineaD:1104,54.41,193
habil,21:45,87,LineaD:1105,31.28,193
habil,21:45,87,LineaD:1106,36.78,193
habil,21:45,87,LineaD:1107,28.75,193
habil,21:45,87,LineaD:1108,53.61,193
habil,21:45,87,LineaD:1109,26.14,193
habil,21:45,87,LineaD:1110,41.35,193
habil,21:45,87,LineaD:1111,64.76,193
habil,21:45,87,LineaD:1112,14.53,193
habil,21:45,87,LineaD:1113,20.68,193
habil,21:45,87,LineaD:1114,101.66,193
habil,21:45,87,LineaD:1115,77.36,193
habil,21:45,87,LineaD:1116,46.37,193
habil,21:45,87,LineaD:1117,8.08,193
habil,21:45,87,LineaD:1118,62.86,193
habil,21:45,87,LineaE:1119,40.12,193
habil,21:45,87,LineaE:1120,13.53,193
habil,21:45,87,LineaE:1121,460.68,193
habil,21:45,87,LineaE:1122,19.5,193
habil,21:45,87,LineaE:1123,17.28,193
habil,21:45,87,LineaE:1124,8.87,193
habil,21:45,87,LineaE:1125,13.2,193
habil,21:45,87,LineaE:1126,13.27,193
habil,21:45,87,LineaE:1127,19.72,193
habil,21:45,87,LineaE:1128,14.76,193
habil,21:45,87,LineaE:1129,12.06,193
habil,21:45,87,LineaE:1130,19.4,193
habil,21:45,87,LineaE:1131,6.74,193
habil,21:45,87,LineaE:1132,4.21,193
habil,21:45,87,LineaE:1133,11.55,193
habil,21:45,87,LineaE:1164,12.46,193
habil,21:45,87,LineaE:1165,16.95,193
habil,21:45,87,LineaE:1166,32.57,193
habil,21:45,87,LineaH:1134,14.9,193
habil,21:45,87,LineaH:1135,29.65,193
habil,21:45,87,LineaH:1136,17.63,193
habil,21:45,87,LineaH:1137,13.03,193
habil,21:45,87,LineaH:1138,17.61,193
habil,21:45,87,LineaH:1139,37.04,193
habil,21:45,87,LineaH:1140,23.82,193
habil,21:45,87,LineaH:1141,19.46,193
habil,21:45,87,LineaH:1160,33.36,193
habil,21:45,87,LineaH:1161,38.12,193
habil,21:45,87,LineaH:1162,57.31,193
habil,21:45,87,LineaH:1163,48.11,193
habil,22:00,88,LineaA:1059,22.45,193
habil,22:00,88,LineaA:1060,22.09,193
habil,22:00,88,LineaA:1061,29.15,193
habil,22:00,88,LineaA:1062,33.81,193
habil,22:00,88,LineaA:1063,22.78,193
habil,22:00,88,LineaA:1064,40.27,193
habil,22:00,88,LineaA:1065,22.69,193
habil,22:00,88,LineaA:1066,48.91,193
habil,22:00,88,LineaA:1067,23.75,193
habil,22:00,88,LineaA:1068,19.38,193
habil,22:00,88,LineaA:1069,19.49,193
habil,22:00,88,LineaA:1070,6.96,193
habil,22:00,88,LineaA:1071,57.83,193
habil,22:00,88,LineaA:1072,34.28,193
habil,22:00,88,LineaA:1073,33.11,193
habil,22:00,88,LineaA:1074,31.93,193
habil,22:00,88,LineaA:1075,28.06,193
habil,22:00,88,LineaA:1076,40.11,193
habil,22:00,88,LineaB:1077,56.63,193
habil,22:00,88,LineaB:1078,11.03,193
habil,22:00,88,LineaB:1079,21.32,193
habil,22:00,88,LineaB:1080,39.72,193
habil,22:00,88,LineaB:1081,29.92,193
habil,22:00,88,LineaB:1082,54.79,193
habil,22:00,88,LineaB:1083,44.68,193
habil,22:00,88,LineaB:1084,47.45,193
habil,22:00,88,LineaB:1085,80.46,193
habil,22:00,88,LineaB:1086,115.46,193
habil,22:00,88,LineaB:1087,28.3,193
habil,22:00,88,LineaB:1088,25.87,193
habil,22:00,88,LineaB:1089,108.1,193
habil,22:00,88,LineaB:1090,43.97,193
habil,22:00,88,LineaB:1091,127.24,193
habil,22:00,88,LineaB:1092,29.64,193
habil,22:00,88,LineaB:1093,52.9,193
habil,22:00,88,LineaC:1094,68.84,193
habil,22:00,88,LineaC:1095,44.61,193
habil,22:00,88,LineaC:1096,223.08,193
habil,22:00,88,LineaC:1097,17.16,193
habil,22:00,88,LineaC:1098,11.89,193
habil,22:00,88,LineaC:1099,17.26,193
habil,22:00,88,LineaC:1100,22.3,193
habil,22:00,88,LineaC:1101,21.76,193
habil,22:00,88,LineaC:1102,69.44,193
habil,22:00,88,LineaD:1103,50.86,193
habil,22:00,88,LineaD:1104,56.01,193
habil,22:00,88,LineaD:1105,32.31,193
habil,22:00,88,LineaD:1106,33.12,193
habil,22:00,88,LineaD:1107,33.07,193
habil,22:00,88,LineaD:1108,64.22,193
habil,22:00,88,LineaD:1109,31.35,193
habil,22:00,88,LineaD:1110,40.22,193
habil,22:00,88,LineaD:1111,112.09,193
habil,22:00,88,LineaD:1112,16.22,193
habil,22:00,88,LineaD:1113,26.05,193
habil,22:00,88,LineaD:1114,140.78,193
habil,22:00,88,LineaD:1115,58.98,193
habil,22:00,88,LineaD:1116,47.75,193
habil,22:00,88,LineaD:1117,7.89,193
habil,22:00,88,LineaD:1118,64.06,193
habil,22:00,88,LineaE:1119,119.43,193
habil,22:00,88,LineaE:1120,12.34,193
habil,22:00,88,LineaE:1121,438.4,193
habil,22:00,88,LineaE:1122,19.18,193
habil,22:00,88,LineaE:1123,15.79,193
habil,22:00,88,LineaE:1124,9.56,193
habil,22:00,88,LineaE:1125,18.3,193
habil,22:00,88,LineaE:1126,11.35,193
habil,22:00,88,LineaE:1127,17.47,193
habil,22:00,88,LineaE:1128,12.88,193
habil,22:00,88,LineaE:1129,12.11,193
habil,22:00,88,LineaE:1130,17.61,193
habil,22:00,88,LineaE:1131,6.73,193
habil,22:00,88,LineaE:1132,4.04,193
habil,22:00,88,LineaE:1133,8.16,193
habil,22:00,88,LineaE:1164,11.81,193
habil,22:00,88,LineaE:1165,20.52,193
habil,22:00,88,LineaE:1166,29.24,193
habil,22:00,88,LineaH:1134,16.27,193
habil,22:00,88,LineaH:1135,36.72,193
habil,22:00,88,LineaH:1136,26.13,193
habil,22:00,88,LineaH:1137,12.54,193
habil,22:00,88,LineaH:1138,20.5,193
habil,22:00,88,LineaH:1139,29.41,193
habil,22:00,88,LineaH:1140,21.41,193
habil,22:00,88,LineaH:1141,23.62,193
habil,22:00,88,LineaH:1160,47.45,193
habil,22:00,88,LineaH:1161,52.67,193
habil,22:00,88,LineaH:1162,61.03,193
habil,22:00,88,LineaH:1163,31.74,193
habil,22:15,89,LineaA:1059,18.99,193
habil,22:15,89,LineaA:1060,16.28,193
habil,22:15,89,LineaA:1061,17.65,193
habil,22:15,89,LineaA:1062,18.54,193
habil,22:15,89,LineaA:1063,18.58,193
habil,22:15,89,LineaA:1064,28.35,193
habil,22:15,89,LineaA:1065,17.34,193
habil,22:15,89,LineaA:1066,32.92,193
habil,22:15,89,LineaA:1067,15.6,193
habil,22:15,89,LineaA:1068,17.22,193
habil,22:15,89,LineaA:1069,15.94,193
habil,22:15,89,LineaA:1070,4.1,193
habil,22:15,89,LineaA:1071,40.5,193
habil,22:15,89,LineaA:1072,25.94,193
habil,22:15,89,LineaA:1073,23.52,193
habil,22:15,89,LineaA:1074,18.26,193
habil,22:15,89,LineaA:1075,16.32,193
habil,22:15,89,LineaA:1076,32.19,193
habil,22:15,89,LineaB:1077,41.73,193
habil,22:15,89,LineaB:1078,9.83,193
habil,22:15,89,LineaB:1079,16.02,193
habil,22:15,89,LineaB:1080,25.33,193
habil,22:15,89,LineaB:1081,36.07,193
habil,22:15,89,LineaB:1082,41.35,193
habil,22:15,89,LineaB:1083,37.08,193
habil,22:15,89,LineaB:1084,47.71,193
habil,22:15,89,LineaB:1085,59.89,193
habil,22:15,89,LineaB:1086,63.61,193
habil,22:15,89,LineaB:1087,23.46,193
habil,22:15,89,LineaB:1088,26.79,193
habil,22:15,89,LineaB:1089,82.44,193
habil,22:15,89,LineaB:1090,38.87,193
habil,22:15,89,LineaB:1091,118.18,193
habil,22:15,89,LineaB:1092,23.6,193
habil,22:15,89,LineaB:1093,37.67,193
habil,22:15,89,LineaC:1094,48.65,193
habil,22:15,89,LineaC:1095,24.61,193
habil,22:15,89,LineaC:1096,37.73,193
habil,22:15,89,LineaC:1097,10.51,193
habil,22:15,89,LineaC:1098,7.83,193
habil,22:15,89,LineaC:1099,9.79,193
habil,22:15,89,LineaC:1100,14.26,193
habil,22:15,89,LineaC:1101,10.12,193
habil,22:15,89,LineaC:1102,60.38,193
habil,22:15,89,LineaD:1103,47.54,193
habil,22:15,89,LineaD:1104,47.14,193
habil,22:15,89,LineaD:1105,19.83,193
habil,22:15,89,LineaD:1106,28.47,193
habil,22:15,89,LineaD:1107,25.25,193
habil,22:15,89,LineaD:1108,41.24,193
habil,22:15,89,LineaD:1109,23.08,193
habil,22:15,89,LineaD:1110,32.73,193
habil,22:15,89,LineaD:1111,48.36,193
habil,22:15,89,LineaD:1112,10.23,193
habil,22:15,89,LineaD:1113,17.15,193
habil,22:15,89,LineaD:1114,72.27,193
habil,22:15,89,LineaD:1115,45.51,193
habil,22:15,89,LineaD:1116,37.38,193
habil,22:15,89,LineaD:1117,6.38,193
habil,22:15,89,LineaD:1118,43.67,193
habil,22:15,89,LineaE:1119,75.6,193
habil,22:15,89,LineaE:1120,7.61,193
habil,22:15,89,LineaE:1121,117.63,193
habil,22:15,89,LineaE:1122,16.48,193
habil,22:15,89,LineaE:1123,13.39,193
habil,22:15,89,LineaE:1124,8.11,193
habil,22:15,89,LineaE:1125,11.36,193
habil,22:15,89,LineaE:1126,8.59,193
habil,22:15,89,LineaE:1127,17.62,193
habil,22:15,89,LineaE:1128,10.89,193
habil,22:15,89,LineaE:1129,13.3,193
habil,22:15,89,LineaE:1130,11.51,193
habil,22:15,89,LineaE:1131,5.06,193
habil,22:15,89,LineaE:1132,3.96,193
habil,22:15,89,LineaE:1133,9.78,193
habil,22:15,89,LineaE:1164,7.76,193
habil,22:15,89,LineaE:1165,12.29,193
habil,22:15,89,LineaE:1166,16.88,193
habil,22:15,89,LineaH:1134,11.32,193
habil,22:15,89,LineaH:1135,21.31,193
habil,22:15,89,LineaH:1136,19.25,193
habil,22:15,89,LineaH:1137,15.05,193
habil,22:15,89,LineaH:1138,15.54,193
habil,22:15,89,LineaH:1139,22.22,193
habil,22:15,89,LineaH:1140,18.95,193
habil,22:15,89,LineaH:1141,24.89,193
habil,22:15,89,LineaH:1160,28.84,193
habil,22:15,89,LineaH:1161,28.09,193
habil,22:15,89,LineaH:1162,43.46,193
habil,22:15,89,LineaH:1163,26.06,193
habil,22:30,90,LineaA:1059,14.03,193
habil,22:30,90,LineaA:1060,13.14,193
habil,22:30,90,LineaA:1061,15.4,193
habil,22:30,90,LineaA:1062,11.29,193
habil,22:30,90,LineaA:1063,16.07,193
habil,22:30,90,LineaA:1064,22.93,193
habil,22:30,90,LineaA:1065,13.39,193
habil,22:30,90,LineaA:1066,19.49,193
habil,22:30,90,LineaA:1067,11.19,193
habil,22:30,90,LineaA:1068,14.76,193
habil,22:30,90,LineaA:1069,10.6,193
habil,22:30,90,LineaA:1070,2.68,193
habil,22:30,90,LineaA:1071,26.48,193
habil,22:30,90,LineaA:1072,20.68,193
habil,22:30,90,LineaA:1073,15.42,193
habil,22:30,90,LineaA:1074,12.7,193
habil,22:30,90,LineaA:1075,10.33,193
habil,22:30,90,LineaA:1076,17.58,193
habil,22:30,90,LineaB:1077,37.8,193
habil,22:30,90,LineaB:1078,8.79,193
habil,22:30,90,LineaB:1079,12.21,193
habil,22:30,90,LineaB:1080,19.64,193
habil,22:30,90,LineaB:1081,30.44,193
habil,22:30,90,LineaB:1082,42.49,193
habil,22:30,90,LineaB:1083,30.5,193
habil,22:30,90,LineaB:1084,32.47,193
habil,22:30,90,LineaB:1085,43.22,193
habil,22:30,90,LineaB:1086,48.65,193
habil,22:30,90,LineaB:1087,16.54,193
habil,22:30,90,LineaB:1088,28.46,193
habil,22:30,90,LineaB:1089,77.53,193
habil,22:30,90,LineaB:1090,34.96,193
habil,22:30,90,LineaB:1091,98.64,193
habil,22:30,90,LineaB:1092,15.11,193
habil,22:30,90,LineaB:1093,25.95,193
habil,22:30,90,LineaC:1094,39.76,193
habil,22:30,90,LineaC:1095,16.71,193
habil,22:30,90,LineaC:1096,19.18,193
habil,22:30,90,LineaC:1097,7.07,193
habil,22:30,90,LineaC:1098,4.03,193
habil,22:30,90,LineaC:1099,6.13,193
habil,22:30,90,LineaC:1100,11.07,193
habil,22:30,90,LineaC:1101,6.63,193
habil,22:30,90,LineaC:1102,28.01,193
habil,22:30,90,LineaD:1103,39.58,193
habil,22:30,90,LineaD:1104,40.69,193
habil,22:30,90,LineaD:1105,14.5,193
habil,22:30,90,LineaD:1106,21.89,193
habil,22:30,90,LineaD:1107,16.66,193
habil,22:30,90,LineaD:1108,34.08,193
habil,22:30,90,LineaD:1109,14.63,193
habil,22:30,90,LineaD:1110,26.9,193
habil,22:30,90,LineaD:1111,34.81,193
habil,22:30,90,LineaD:1112,8.69,193
habil,22:30,90,LineaD:1113,15.24,193
habil,22:30,90,LineaD:1114,58.42,193
habil,22:30,90,LineaD:1115,33.52,193
habil,22:30,90,LineaD:1116,32.6,193
habil,22:30,90,LineaD:1117,5.72,193
habil,22:30,90,LineaD:1118,21.94,193
habil,22:30,90,LineaE:1119,13.29,193
habil,22:30,90,LineaE:1120,5.68,193
habil,22:30,90,LineaE:1121,32.7,193
habil,22:30,90,LineaE:1122,13.22,193
habil,22:30,90,LineaE:1123,9.31,193
habil,22:30,90,LineaE:1124,4.82,193
habil,22:30,90,LineaE:1125,8.24,193
habil,22:30,90,LineaE:1126,6.09,193
habil,22:30,90,LineaE:1127,15.31,193
habil,22:30,90,LineaE:1128,11.28,193
habil,22:30,90,LineaE:1129,7.73,193
habil,22:30,90,LineaE:1130,7.12,193
habil,22:30,90,LineaE:1131,2.84,193
habil,22:30,90,LineaE:1132,2.39,193
habil,22:30,90,LineaE:1133,7.09,193
habil,22:30,90,LineaE:1164,5.32,193
habil,22:30,90,LineaE:1165,9.04,193
habil,22:30,90,LineaE:1166,12.63,193
habil,22:30,90,LineaH:1134,7.74,193
habil,22:30,90,LineaH:1135,17.2,193
habil,22:30,90,LineaH:1136,9.68,193
habil,22:30,90,LineaH:1137,11.41,193
habil,22:30,90,LineaH:1138,11.72,193
habil,22:30,90,LineaH:1139,16.21,193
habil,22:30,90,LineaH:1140,16.92,193
habil,22:30,90,LineaH:1141,17.65,193
habil,22:30,90,LineaH:1160,19.15,193
habil,22:30,90,LineaH:1161,20.55,193
habil,22:30,90,LineaH:1162,35.65,193
habil,22:30,90,LineaH:1163,21.4,193
habil,22:45,91,LineaA:1059,7.97,193
habil,22:45,91,LineaA:1060,8.17,193
habil,22:45,91,LineaA:1061,9.86,193
habil,22:45,91,LineaA:1062,6.58,193
habil,22:45,91,LineaA:1063,9.88,193
habil,22:45,91,LineaA:1064,17.76,193
habil,22:45,91,LineaA:1065,8.23,193
habil,22:45,91,LineaA:1066,15.04,193
habil,22:45,91,LineaA:1067,9.66,193
habil,22:45,91,LineaA:1068,11.96,193
habil,22:45,91,LineaA:1069,9.27,193
habil,22:45,91,LineaA:1070,2.04,193
habil,22:45,91,LineaA:1071,23.99,193
habil,22:45,91,LineaA:1072,15.5,193
habil,22:45,91,LineaA:1073,13.63,193
habil,22:45,91,LineaA:1074,9.98,193
habil,22:45,91,LineaA:1075,9.02,193
habil,22:45,91,LineaA:1076,15.51,193
habil,22:45,91,LineaB:1077,25.17,193
habil,22:45,91,LineaB:1078,6.53,193
habil,22:45,91,LineaB:1079,10.45,193
habil,22:45,91,LineaB:1080,18.03,193
habil,22:45,91,LineaB:1081,22.93,193
habil,22:45,91,LineaB:1082,47.37,193
habil,22:45,91,LineaB:1083,21.42,193
habil,22:45,91,LineaB:1084,23.64,193
habil,22:45,91,LineaB:1085,34.4,193
habil,22:45,91,LineaB:1086,33.34,193
habil,22:45,91,LineaB:1087,12.08,193
habil,22:45,91,LineaB:1088,29.19,193
habil,22:45,91,LineaB:1089,66.25,193
habil,22:45,91,LineaB:1090,24.72,193
habil,22:45,91,LineaB:1091,86.42,193
habil,22:45,91,LineaB:1092,11.49,193
habil,22:45,91,LineaB:1093,18.73,193
habil,22:45,91,LineaC:1094,23.14,193
habil,22:45,91,LineaC:1095,7.99,193
habil,22:45,91,LineaC:1096,15.67,193
habil,22:45,91,LineaC:1097,6.59,193
habil,22:45,91,LineaC:1098,2.77,193
habil,22:45,91,LineaC:1099,6.97,193
habil,22:45,91,LineaC:1100,6.64,193
habil,22:45,91,LineaC:1101,4.35,193
habil,22:45,91,LineaC:1102,17.65,193
habil,22:45,91,LineaD:1103,23.91,193
habil,22:45,91,LineaD:1104,25.06,193
habil,22:45,91,LineaD:1105,10.03,193
habil,22:45,91,LineaD:1106,14.05,193
habil,22:45,91,LineaD:1107,11.94,193
habil,22:45,91,LineaD:1108,23.85,193
habil,22:45,91,LineaD:1109,9.58,193
habil,22:45,91,LineaD:1110,18.69,193
habil,22:45,91,LineaD:1111,22.22,193
habil,22:45,91,LineaD:1112,7.89,193
habil,22:45,91,LineaD:1113,11.53,193
habil,22:45,91,LineaD:1114,44.94,193
habil,22:45,91,LineaD:1115,24.62,193
habil,22:45,91,LineaD:1116,23.82,193
habil,22:45,91,LineaD:1117,4.63,193
habil,22:45,91,LineaD:1118,16.29,193
habil,22:45,91,LineaE:1119,10.52,193
habil,22:45,91,LineaE:1120,3.89,193
habil,22:45,91,LineaE:1121,14.12,193
habil,22:45,91,LineaE:1122,9.34,193
habil,22:45,91,LineaE:1123,8.18,193
habil,22:45,91,LineaE:1124,3.26,193
habil,22:45,91,LineaE:1125,4.96,193
habil,22:45,91,LineaE:1126,4.51,193
habil,22:45,91,LineaE:1127,8.81,193
habil,22:45,91,LineaE:1128,7.35,193
habil,22:45,91,LineaE:1129,4.39,193
habil,22:45,91,LineaE:1130,3.59,193
habil,22:45,91,LineaE:1131,1.46,193
habil,22:45,91,LineaE:1132,1.09,193
habil,22:45,91,LineaE:1133,1.97,193
habil,22:45,91,LineaE:1164,3.65,193
habil,22:45,91,LineaE:1165,6.37,193
habil,22:45,91,LineaE:1166,9.07,193
habil,22:45,91,LineaH:1134,6.24,193
habil,22:45,91,LineaH:1135,11.55,193
habil,22:45,91,LineaH:1136,7.05,193
habil,22:45,91,LineaH:1137,6.72,193
habil,22:45,91,LineaH:1138,7.65,193
habil,22:45,91,LineaH:1139,14.87,193
habil,22:45,91,LineaH:1140,13.83,193
habil,22:45,91,LineaH:1141,13.28,193
habil,22:45,91,LineaH:1160,13.94,193
habil,22:45,91,LineaH:1161,16.77,193
habil,22:45,91,LineaH:1162,27.1,193
habil,22:45,91,LineaH:1163,23.39,193
habil,23:00,92,LineaA:1059,0.07,193
habil,23:00,92,LineaA:1060,0.18,193
habil,23:00,92,LineaA:1061,0.8,193
habil,23:00,92,LineaA:1062,1.48,193
habil,23:00,92,LineaA:1063,3.42,193
habil,23:00,92,LineaA:1064,8.09,193
habil,23:00,92,LineaA:1065,4.65,193
habil,23:00,92,LineaA:1066,8.38,193
habil,23:00,92,LineaA:1067,6.86,193
habil,23:00,92,LineaA:1068,6.58,193
habil,23:00,92,LineaA:1069,7.64,193
habil,23:00,92,LineaA:1070,1.38,193
habil,23:00,92,LineaA:1071,19.12,193
habil,23:00,92,LineaA:1072,13.15,193
habil,23:00,92,LineaA:1073,11.6,193
habil,23:00,92,LineaA:1074,13.31,193
habil,23:00,92,LineaA:1075,11.74,193
habil,23:00,92,LineaA:1076,11.25,193
habil,23:00,92,LineaB:1077,2.81,193
habil,23:00,92,LineaB:1078,0.53,193
habil,23:00,92,LineaB:1079,2.01,193
habil,23:00,92,LineaB:1080,6.31,193
habil,23:00,92,LineaB:1081,9.82,193
habil,23:00,92,LineaB:1082,49.71,193
habil,23:00,92,LineaB:1083,16.37,193
habil,23:00,92,LineaB:1084,15.61,193
habil,23:00,92,LineaB:1085,28.3,193
habil,23:00,92,LineaB:1086,23.38,193
habil,23:00,92,LineaB:1087,8.45,193
habil,23:00,92,LineaB:1088,15.36,193
habil,23:00,92,LineaB:1089,46.32,193
habil,23:00,92,LineaB:1090,17.04,193
habil,23:00,92,LineaB:1091,69.14,193
habil,23:00,92,LineaB:1092,11.99,193
habil,23:00,92,LineaB:1093,19.52,193
habil,23:00,92,LineaC:1094,13.04,193
habil,23:00,92,LineaC:1095,5.69,193
habil,23:00,92,LineaC:1096,9.31,193
habil,23:00,92,LineaC:1097,3.17,193
habil,23:00,92,LineaC:1098,1.84,193
habil,23:00,92,LineaC:1099,5.54,193
habil,23:00,92,LineaC:1100,5.67,193
habil,23:00,92,LineaC:1101,4.47,193
habil,23:00,92,LineaC:1102,6.93,193
habil,23:00,92,LineaD:1103,3.94,193
habil,23:00,92,LineaD:1104,2.02,193
habil,23:00,92,LineaD:1105,2.18,193
habil,23:00,92,LineaD:1106,4.0,193
habil,23:00,92,LineaD:1107,5.19,193
habil,23:00,92,LineaD:1108,12.32,193
habil,23:00,92,LineaD:1109,4.46,193
habil,23:00,92,LineaD:1110,13.03,193
habil,23:00,92,LineaD:1111,17.15,193
habil,23:00,92,LineaD:1112,5.36,193
habil,23:00,92,LineaD:1113,8.19,193
habil,23:00,92,LineaD:1114,28.95,193
habil,23:00,92,LineaD:1115,17.81,193
habil,23:00,92,LineaD:1116,17.58,193
habil,23:00,92,LineaD:1117,4.84,193
habil,23:00,92,LineaD:1118,17.84,193
habil,23:00,92,LineaE:1119,8.67,193
habil,23:00,92,LineaE:1120,3.2,193
habil,23:00,92,LineaE:1121,8.73,193
habil,23:00,92,LineaE:1122,4.42,193
habil,23:00,92,LineaE:1123,3.68,193
habil,23:00,92,LineaE:1124,2.02,193
habil,23:00,92,LineaE:1125,4.79,193
habil,23:00,92,LineaE:1126,1.51,193
habil,23:00,92,LineaE:1127,2.99,193
habil,23:00,92,LineaE:1128,2.47,193
habil,23:00,92,LineaE:1129,1.09,193
habil,23:00,92,LineaE:1130,0.49,193
habil,23:00,92,LineaE:1131,0.14,193
habil,23:00,92,LineaE:1132,0.01,193
habil,23:00,92,LineaE:1133,0.01,193
habil,23:00,92,LineaE:1164,2.55,193
habil,23:00,92,LineaE:1165,6.71,193
habil,23:00,92,LineaE:1166,9.05,193
habil,23:00,92,LineaH:1134,9.19,193
habil,23:00,92,LineaH:1135,17.2,193
habil,23:00,92,LineaH:1136,12.06,193
habil,23:00,92,LineaH:1137,4.68,193
habil,23:00,92,LineaH:1138,14.95,193
habil,23:00,92,LineaH:1139,10.85,193
habil,23:00,92,LineaH:1140,7.74,193
habil,23:00,92,LineaH:1141,10.25,193
habil,23:00,92,LineaH:1160,10.52,193
habil,23:00,92,LineaH:1161,15.98,193
habil,23:00,92,LineaH:1162,19.77,193
habil,23:00,92,LineaH:1163,13.0,193
habil,23:15,93,LineaA:1059,0.04,193
habil,23:15,93,LineaA:1060,0.02,193
habil,23:15,93,LineaA:1061,0.13,193
habil,23:15,93,LineaA:1062,0.15,193
habil,23:15,93,LineaA:1063,0.61,193
habil,23:15,93,LineaA:1064,2.34,193
habil,23:15,93,LineaA:1065,1.51,193
habil,23:15,93,LineaA:1066,2.88,193
habil,23:15,93,LineaA:1067,1.89,193
habil,23:15,93,LineaA:1068,2.68,193
habil,23:15,93,LineaA:1069,4.56,193
habil,23:15,93,LineaA:1070,0.13,193
habil,23:15,93,LineaA:1071,8.5,193
habil,23:15,93,LineaA:1072,6.45,193
habil,23:15,93,LineaA:1073,6.39,193
habil,23:15,93,LineaA:1074,5.06,193
habil,23:15,93,LineaA:1075,5.9,193
habil,23:15,93,LineaA:1076,5.88,193
habil,23:15,93,LineaB:1077,1.93,193
habil,23:15,93,LineaB:1078,0.2,193
habil,23:15,93,LineaB:1079,0.21,193
habil,23:15,93,LineaB:1080,0.63,193
habil,23:15,93,LineaB:1081,3.09,193
habil,23:15,93,LineaB:1082,30.93,193
habil,23:15,93,LineaB:1083,3.87,193
habil,23:15,93,LineaB:1084,3.64,193
habil,23:15,93,LineaB:1085,8.99,193
habil,23:15,93,LineaB:1086,9.92,193
habil,23:15,93,LineaB:1087,5.46,193
habil,23:15,93,LineaB:1088,5.14,193
habil,23:15,93,LineaB:1089,31.3,193
habil,23:15,93,LineaB:1090,9.23,193
habil,23:15,93,LineaB:1091,50.27,193
habil,23:15,93,LineaB:1092,8.06,193
habil,23:15,93,LineaB:1093,11.72,193
habil,23:15,93,LineaC:1094,1.91,193
habil,23:15,93,LineaC:1095,0.43,193
habil,23:15,93,LineaC:1096,2.9,193
habil,23:15,93,LineaC:1097,1.58,193
habil,23:15,93,LineaC:1098,0.59,193
habil,23:15,93,LineaC:1099,2.82,193
habil,23:15,93,LineaC:1100,2.89,193
habil,23:15,93,LineaC:1101,1.53,193
habil,23:15,93,LineaC:1102,3.03,193
habil,23:15,93,LineaD:1103,6.88,193
habil,23:15,93,LineaD:1104,0.12,193
habil,23:15,93,LineaD:1105,0.5,193
habil,23:15,93,LineaD:1106,0.82,193
habil,23:15,93,LineaD:1107,1.13,193
habil,23:15,93,LineaD:1108,2.03,193
habil,23:15,93,LineaD:1109,1.55,193
habil,23:15,93,LineaD:1110,3.58,193
habil,23:15,93,LineaD:1111,4.89,193
habil,23:15,93,LineaD:1112,1.91,193
habil,23:15,93,LineaD:1113,1.98,193
habil,23:15,93,LineaD:1114,10.09,193
habil,23:15,93,LineaD:1115,8.78,193
habil,23:15,93,LineaD:1116,9.55,193
habil,23:15,93,LineaD:1117,3.23,193
habil,23:15,93,LineaD:1118,7.71,193
habil,23:15,93,LineaE:1119,4.56,193
habil,23:15,93,LineaE:1120,1.76,193
habil,23:15,93,LineaE:1121,2.12,193
habil,23:15,93,LineaE:1122,1.76,193
habil,23:15,93,LineaE:1123,1.35,193
habil,23:15,93,LineaE:1124,1.37,193
habil,23:15,93,LineaE:1125,2.27,193
habil,23:15,93,LineaE:1126,0.47,193
habil,23:15,93,LineaE:1127,0.95,193
habil,23:15,93,LineaE:1128,1.26,193
habil,23:15,93,LineaE:1129,0.67,193
habil,23:15,93,LineaE:1130,0.14,193
habil,23:15,93,LineaE:1131,0.26,193
habil,23:15,93,LineaE:1164,1.47,193
habil,23:15,93,LineaE:1165,3.72,193
habil,23:15,93,LineaE:1166,5.54,193
habil,23:15,93,LineaH:1134,3.64,193
habil,23:15,93,LineaH:1135,5.68,193
habil,23:15,93,LineaH:1136,9.59,193
habil,23:15,93,LineaH:1137,2.86,193
habil,23:15,93,LineaH:1138,5.16,193
habil,23:15,93,LineaH:1139,6.48,193
habil,23:15,93,LineaH:1140,6.57,193
habil,23:15,93,LineaH:1141,6.18,193
habil,23:15,93,LineaH:1160,5.19,193
habil,23:15,93,LineaH:1161,9.89,193
habil,23:15,93,LineaH:1162,11.31,193
habil,23:15,93,LineaH:1163,6.85,193
habil,23:30,94,LineaA:1059,0.02,193
habil,23:30,94,LineaA:1061,0.06,193
habil,23:30,94,LineaA:1062,0.08,193
habil,23:30,94,LineaA:1063,0.19,193
habil,23:30,94,LineaA:1064,1.13,193
habil,23:30,94,LineaA:1065,0.48,193
habil,23:30,94,LineaA:1066,0.86,193
habil,23:30,94,LineaA:1067,0.43,193
habil,23:30,94,LineaA:1068,0.52,193
habil,23:30,94,LineaA:1069,0.56,193
habil,23:30,94,LineaA:1070,0.01,193
habil,23:30,94,LineaA:1071,0.99,193
habil,23:30,94,LineaA:1072,0.5,193
habil,23:30,94,LineaA:1073,0.36,193
habil,23:30,94,LineaA:1074,0.05,193
habil,23:30,94,LineaA:1076,0.02,193
habil,23:30,94,LineaB:1077,1.76,193
habil,23:30,94,LineaB:1078,0.13,193
habil,23:30,94,LineaB:1079,0.12,193
habil,23:30,94,LineaB:1080,0.2,193
habil,23:30,94,LineaB:1081,3.33,193
habil,23:30,94,LineaB:1082,21.19,193
habil,23:30,94,LineaB:1083,1.44,193
habil,23:30,94,LineaB:1084,1.86,193
habil,23:30,94,LineaB:1085,5.15,193
habil,23:30,94,LineaB:1086,1.96,193
habil,23:30,94,LineaB:1087,1.81,193
habil,23:30,94,LineaB:1088,0.82,193
habil,23:30,94,LineaB:1089,11.05,193
habil,23:30,94,LineaB:1090,0.63,193
habil,23:30,94,LineaB:1091,8.79,193
habil,23:30,94,LineaB:1092,0.54,193
habil,23:30,94,LineaB:1093,1.68,193
habil,23:30,94,LineaC:1094,0.04,193
habil,23:30,94,LineaC:1095,0.05,193
habil,23:30,94,LineaC:1096,0.4,193
habil,23:30,94,LineaC:1097,0.12,193
habil,23:30,94,LineaC:1098,0.04,193
habil,23:30,94,LineaC:1099,0.49,193
habil,23:30,94,LineaC:1100,0.22,193
habil,23:30,94,LineaC:1101,0.12,193
habil,23:30,94,LineaC:1102,0.19,193
habil,23:30,94,LineaD:1103,8.7,193
habil,23:30,94,LineaD:1104,0.03,193
habil,23:30,94,LineaD:1105,0.2,193
habil,23:30,94,LineaD:1106,0.41,193
habil,23:30,94,LineaD:1107,0.6,193
habil,23:30,94,LineaD:1108,1.2,193
habil,23:30,94,LineaD:1109,0.44,193
habil,23:30,94,LineaD:1110,1.25,193
habil,23:30,94,LineaD:1111,1.87,193
habil,23:30,94,LineaD:1112,0.32,193
habil,23:30,94,LineaD:1113,0.27,193
habil,23:30,94,LineaD:1114,1.21,193
habil,23:30,94,LineaD:1115,1.57,193
habil,23:30,94,LineaD:1116,0.26,193
habil,23:30,94,LineaD:1117,0.4,193
habil,23:30,94,LineaD:1118,0.19,193
habil,23:30,94,LineaE:1119,0.47,193
habil,23:30,94,LineaE:1120,0.32,193
habil,23:30,94,LineaE:1121,0.37,193
habil,23:30,94,LineaE:1122,0.29,193
habil,23:30,94,LineaE:1123,0.49,193
habil,23:30,94,LineaE:1124,0.38,193
habil,23:30,94,LineaE:1125,1.27,193
habil,23:30,94,LineaE:1126,0.16,193
habil,23:30,94,LineaE:1127,0.81,193
habil,23:30,94,LineaE:1128,1.35,193
habil,23:30,94,LineaE:1129,0.31,193
habil,23:30,94,LineaE:1130,0.04,193
habil,23:30,94,LineaE:1131,0.07,193
habil,23:30,94,LineaE:1164,0.01,193
habil,23:30,94,LineaE:1165,0.2,193
habil,23:30,94,LineaE:1166,0.23,193
habil,23:30,94,LineaH:1134,1.51,193
habil,23:30,94,LineaH:1135,3.88,193
habil,23:30,94,LineaH:1136,6.44,193
habil,23:30,94,LineaH:1137,1.78,193
habil,23:30,94,LineaH:1138,1.81,193
habil,23:30,94,LineaH:1139,1.92,193
habil,23:30,94,LineaH:1140,1.15,193
habil,23:30,94,LineaH:1141,1.87,193
habil,23:30,94,LineaH:1160,0.65,193
habil,23:30,94,LineaH:1161,2.77,193
habil,23:30,94,LineaH:1162,0.22,193
habil,23:30,94,LineaH:1163,0.25,193
habil,23:45,95,LineaA:1059,0.01,193
habil,23:45,95,LineaA:1061,0.01,193
habil,23:45,95,LineaA:1062,0.02,193
habil,23:45,95,LineaA:1063,0.01,193
habil,23:45,95,LineaA:1064,0.01,193
habil,23:45,95,LineaA:1068,0.01,193
habil,23:45,95,LineaA:1073,0.01,193
habil,23:45,95,LineaA:1076,0.02,193
habil,23:45,95,LineaB:1077,1.33,193
habil,23:45,95,LineaB:1078,0.01,193
habil,23:45,95,LineaB:1079,0.04,193
habil,23:45,95,LineaB:1080,0.09,193
habil,23:45,95,LineaB:1081,1.58,193
habil,23:45,95,LineaB:1082,12.49,193
habil,23:45,95,LineaB:1083,0.13,193
habil,23:45,95,LineaB:1084,0.36,193
habil,23:45,95,LineaB:1085,2.39,193
habil,23:45,95,LineaB:1086,0.05,193
habil,23:45,95,LineaB:1087,0.85,193
habil,23:45,95,LineaB:1088,0.04,193
habil,23:45,95,LineaB:1089,5.38,193
habil,23:45,95,LineaB:1091,5.28,193
habil,23:45,95,LineaB:1093,1.38,193
habil,23:45,95,LineaC:1094,0.02,193
habil,23:45,95,LineaC:1096,0.02,193
habil,23:45,95,LineaC:1099,0.13,193
habil,23:45,95,LineaD:1103,21.45,193
habil,23:45,95,LineaD:1104,0.01,193
habil,23:45,95,LineaD:1105,0.06,193
habil,23:45,95,LineaD:1106,0.18,193
habil,23:45,95,LineaD:1107,0.12,193
habil,23:45,95,LineaD:1108,0.17,193
habil,23:45,95,LineaD:1109,0.06,193
habil,23:45,95,LineaD:1110,0.02,193
habil,23:45,95,LineaD:1111,0.03,193
habil,23:45,95,LineaD:1112,0.01,193
habil,23:45,95,LineaD:1113,0.02,193
habil,23:45,95,LineaD:1115,0.01,193
habil,23:45,95,LineaD:1117,0.01,193
habil,23:45,95,LineaD:1118,0.02,193
habil,23:45,95,LineaE:1119,0.01,193
habil,23:45,95,LineaE:1123,0.01,193
habil,23:45,95,LineaE:1124,0.01,193
habil,23:45,95,LineaE:1125,0.04,193
habil,23:45,95,LineaE:1127,0.09,193
habil,23:45,95,LineaE:1128,0.27,193
habil,23:45,95,LineaE:1129,0.08,193
habil,23:45,95,LineaE:1131,0.02,193
habil,23:45,95,LineaE:1164,0.01,193
habil,23:45,95,LineaH:1134,0.43,193
habil,23:45,95,LineaH:1135,0.92,193
habil,23:45,95,LineaH:1136,5.34,193
habil,23:45,95,LineaH:1137,0.95,193
habil,23:45,95,LineaH:1138,0.5,193
habil,23:45,95,LineaH:1139,0.49,193
habil,23:45,95,LineaH:1140,0.11,193
habil,23:45,95,LineaH:1141,0.19,193
habil,23:45,95,LineaH:1160,0.19,193
habil,23:45,95,LineaH:1161,0.47,193
habil,23:45,95,LineaH:1162,0.07,193
habil,23:45,95,LineaH:1163,0.02,193
