linea,tipo_dia,fecha,size,mediana,razon,parcial
A,Domingo,2025-01-05,229,229.0,1.0,False
A,Domingo,2025-01-12,229,229.0,1.0,False
A,Domingo,2025-01-19,229,229.0,1.0,False
A,Domingo,2025-01-26,229,229.0,1.0,False
A,Domingo,2025-02-02,229,229.0,1.0,False
A,Domingo,2025-02-09,229,229.0,1.0,False
A,Domingo,2025-02-16,226,229.0,0.9868995633187773,False
A,Domingo,2025-02-23,229,229.0,1.0,False
A,Domingo,2025-04-06,229,229.0,1.0,False
A,Domingo,2025-04-13,229,229.0,1.0,False
A,Domingo,2025-04-20,229,229.0,1.0,False
A,Domingo,2025-04-27,229,229.0,1.0,False
A,Domingo,2025-05-04,229,229.0,1.0,False
A,Domingo,2025-05-11,229,229.0,1.0,False
A,Domingo,2025-05-18,237,229.0,1.034934497816594,False
A,Domingo,2025-06-01,227,229.0,0.9912663755458515,False
A,Domingo,2025-06-08,229,229.0,1.0,False
A,Domingo,2025-06-15,229,229.0,1.0,False
A,Domingo,2025-06-22,224,229.0,0.9781659388646288,False
A,Domingo,2025-06-29,229,229.0,1.0,False
A,Domingo,2025-07-06,229,229.0,1.0,False
A,Domingo,2025-07-13,229,229.0,1.0,False
A,Domingo,2025-07-20,229,229.0,1.0,False
A,Domingo,2025-07-27,229,229.0,1.0,False
A,Domingo,2025-08-03,229,229.0,1.0,False
A,Domingo,2025-08-10,228,229.0,0.9956331877729258,False
A,Domingo,2025-08-24,229,229.0,1.0,False
A,Domingo,2025-08-31,228,229.0,0.9956331877729258,False
A,Domingo,2025-09-07,229,229.0,1.0,False
A,Domingo,2025-09-14,229,229.0,1.0,False
A,Domingo,2025-09-21,229,229.0,1.0,False
A,Domingo,2025-09-28,229,229.0,1.0,False
A,Domingo,2025-10-05,229,229.0,1.0,False
A,Domingo,2025-10-12,229,229.0,1.0,False
A,Domingo,2025-10-19,223,229.0,0.9737991266375546,False
A,Domingo,2025-10-26,237,229.0,1.034934497816594,False
A,Domingo,2025-11-02,229,229.0,1.0,False
A,Domingo,2025-11-09,229,229.0,1.0,False
A,Domingo,2025-11-16,229,229.0,1.0,False
A,Domingo,2025-11-23,229,229.0,1.0,False
A,Domingo,2025-11-30,215,229.0,0.9388646288209607,False
A,Domingo,2025-12-07,229,229.0,1.0,False
A,Domingo,2025-12-14,229,229.0,1.0,False
A,Domingo,2025-12-21,229,229.0,1.0,False
A,Domingo,2025-12-28,229,229.0,1.0,False
A,Feriado,2025-01-01,229,229.0,1.0,False
A,Feriado,2025-04-02,236,229.0,1.0305676855895196,False
A,Feriado,2025-04-18,249,229.0,1.0873362445414847,False
A,Feriado,2025-05-01,229,229.0,1.0,False
A,Feriado,2025-05-25,229,229.0,1.0,False
A,Feriado,2025-06-16,229,229.0,1.0,False
A,Feriado,2025-06-20,229,229.0,1.0,False
A,Feriado,2025-07-09,243,229.0,1.0611353711790392,False
A,Feriado,2025-08-17,229,229.0,1.0,False
A,Feriado,2025-10-10,229,229.0,1.0,False
A,Feriado,2025-11-24,229,229.0,1.0,False
A,Feriado,2025-12-08,229,229.0,1.0,False
A,Feriado,2025-12-25,229,229.0,1.0,False
A,Habil,2025-01-02,516,593.0,0.8701517706576728,False
A,Habil,2025-01-03,516,593.0,0.8701517706576728,False
A,Habil,2025-01-06,516,593.0,0.8701517706576728,False
A,Habil,2025-01-07,516,593.0,0.8701517706576728,False
A,Habil,2025-01-08,516,593.0,0.8701517706576728,False
A,Habil,2025-01-09,516,593.0,0.8701517706576728,False
A,Habil,2025-01-10,516,593.0,0.8701517706576728,False
A,Habil,2025-01-13,516,593.0,0.8701517706576728,False
A,Habil,2025-01-14,516,593.0,0.8701517706576728,False
A,Habil,2025-01-15,516,593.0,0.8701517706576728,False
A,Habil,2025-01-16,516,593.0,0.8701517706576728,False
A,Habil,2025-01-17,512,593.0,0.863406408094435,False
A,Habil,2025-01-20,516,593.0,0.8701517706576728,False
A,Habil,2025-01-21,516,593.0,0.8701517706576728,False
A,Habil,2025-01-22,516,593.0,0.8701517706576728,False
A,Habil,2025-01-23,492,593.0,0.8296795952782462,False
A,Habil,2025-01-24,510,593.0,0.8600337268128162,False
A,Habil,2025-01-27,511,593.0,0.8617200674536256,False
A,Habil,2025-01-28,514,593.0,0.866779089376054,False
A,Habil,2025-01-29,516,593.0,0.8701517706576728,False
A,Habil,2025-01-30,512,593.0,0.863406408094435,False
A,Habil,2025-01-31,511,593.0,0.8617200674536256,False
A,Habil,2025-02-03,516,593.0,0.8701517706576728,False
A,Habil,2025-02-04,516,593.0,0.8701517706576728,False
A,Habil,2025-02-05,516,593.0,0.8701517706576728,False
A,Habil,2025-02-06,516,593.0,0.8701517706576728,False
A,Habil,2025-02-07,516,593.0,0.8701517706576728,False
A,Habil,2025-02-10,516,593.0,0.8701517706576728,False
A,Habil,2025-02-11,516,593.0,0.8701517706576728,False
A,Habil,2025-02-12,516,593.0,0.8701517706576728,False
A,Habil,2025-02-13,516,593.0,0.8701517706576728,False
A,Habil,2025-02-14,516,593.0,0.8701517706576728,False
A,Habil,2025-02-17,516,593.0,0.8701517706576728,False
A,Habil,2025-02-18,516,593.0,0.8701517706576728,False
A,Habil,2025-02-19,516,593.0,0.8701517706576728,False
A,Habil,2025-02-20,516,593.0,0.8701517706576728,False
A,Habil,2025-02-21,513,593.0,0.8650927487352446,False
A,Habil,2025-02-24,516,593.0,0.8701517706576728,False
A,Habil,2025-02-25,516,593.0,0.8701517706576728,False
A,Habil,2025-02-26,516,593.0,0.8701517706576728,False
A,Habil,2025-02-27,516,593.0,0.8701517706576728,False
A,Habil,2025-02-28,516,593.0,0.8701517706576728,False
A,Habil,2025-04-01,589,593.0,0.9932546374367622,False
A,Habil,2025-04-03,573,593.0,0.9662731871838112,False
A,Habil,2025-04-04,579,593.0,0.9763912310286678,False
A,Habil,2025-04-07,597,593.0,1.0067453625632379,False
A,Habil,2025-04-08,601,593.0,1.0134907251264755,False
A,Habil,2025-04-09,587,593.0,0.9898819561551433,False
A,Habil,2025-04-11,553,593.0,0.9325463743676222,False
A,Habil,2025-04-14,595,593.0,1.0033726812816188,False
A,Habil,2025-04-15,581,593.0,0.9797639123102867,False
A,Habil,2025-04-16,601,593.0,1.0134907251264755,False
A,Habil,2025-04-21,583,593.0,0.9831365935919055,False
A,Habil,2025-04-22,595,593.0,1.0033726812816188,False
A,Habil,2025-04-23,611,593.0,1.03035413153457,False
A,Habil,2025-04-24,611,593.0,1.03035413153457,False
A,Habil,2025-04-25,605,593.0,1.0202360876897134,False
A,Habil,2025-04-28,603,593.0,1.0168634064080944,False
A,Habil,2025-04-29,587,593.0,0.9898819561551433,False
A,Habil,2025-04-30,601,593.0,1.0134907251264755,False
A,Habil,2025-05-05,605,593.0,1.0202360876897134,False
A,Habil,2025-05-06,558,593.0,0.9409780775716695,False
A,Habil,2025-05-07,605,593.0,1.0202360876897134,False
A,Habil,2025-05-08,589,593.0,0.9932546374367622,False
A,Habil,2025-05-09,595,593.0,1.0033726812816188,False
A,Habil,2025-05-12,601,593.0,1.0134907251264755,False
A,Habil,2025-05-13,602,593.0,1.015177065767285,False
A,Habil,2025-05-14,597,593.0,1.0067453625632379,False
A,Habil,2025-05-15,611,593.0,1.03035413153457,False
A,Habil,2025-05-16,579,593.0,0.9763912310286678,False
A,Habil,2025-05-19,611,593.0,1.03035413153457,False
A,Habil,2025-05-20,615,593.0,1.0370994940978078,False
A,Habil,2025-05-21,595,593.0,1.0033726812816188,False
A,Habil,2025-05-22,609,593.0,1.026981450252951,False
A,Habil,2025-05-23,605,593.0,1.0202360876897134,False
A,Habil,2025-05-26,601,593.0,1.0134907251264755,False
A,Habil,2025-05-27,599,593.0,1.0101180438448567,False
A,Habil,2025-05-28,601,593.0,1.0134907251264755,False
A,Habil,2025-05-29,607,593.0,1.0236087689713322,False
A,Habil,2025-05-30,589,593.0,0.9932546374367622,False
A,Habil,2025-06-02,579,593.0,0.9763912310286678,False
A,Habil,2025-06-03,605,593.0,1.0202360876897134,False
A,Habil,2025-06-04,571,593.0,0.9629005059021922,False
A,Habil,2025-06-05,579,593.0,0.9763912310286678,False
A,Habil,2025-06-06,593,593.0,1.0,False
A,Habil,2025-06-09,613,593.0,1.033726812816189,False
A,Habil,2025-06-10,607,593.0,1.0236087689713322,False
A,Habil,2025-06-11,587,593.0,0.9898819561551433,False
A,Habil,2025-06-12,605,593.0,1.0202360876897134,False
A,Habil,2025-06-13,594,593.0,1.0016863406408094,False
A,Habil,2025-06-17,605,593.0,1.0202360876897134,False
A,Habil,2025-06-18,571,593.0,0.9629005059021922,False
A,Habil,2025-06-19,605,593.0,1.0202360876897134,False
A,Habil,2025-06-23,591,593.0,0.9966273187183811,False
A,Habil,2025-06-24,601,593.0,1.0134907251264755,False
A,Habil,2025-06-25,592,593.0,0.9983136593591906,False
A,Habil,2025-06-26,572,593.0,0.9645868465430016,False
A,Habil,2025-06-27,565,593.0,0.9527824620573356,False
A,Habil,2025-06-30,607,593.0,1.0236087689713322,False
A,Habil,2025-07-01,597,593.0,1.0067453625632379,False
A,Habil,2025-07-02,601,593.0,1.0134907251264755,False
A,Habil,2025-07-03,599,593.0,1.0101180438448567,False
A,Habil,2025-07-04,595,593.0,1.0033726812816188,False
A,Habil,2025-07-07,607,593.0,1.0236087689713322,False
A,Habil,2025-07-08,597,593.0,1.0067453625632379,False
A,Habil,2025-07-10,597,593.0,1.0067453625632379,False
A,Habil,2025-07-11,599,593.0,1.0101180438448567,False
A,Habil,2025-07-14,597,593.0,1.0067453625632379,False
A,Habil,2025-07-15,599,593.0,1.0101180438448567,False
A,Habil,2025-07-16,599,593.0,1.0101180438448567,False
A,Habil,2025-07-17,603,593.0,1.0168634064080944,False
A,Habil,2025-07-18,594,593.0,1.0016863406408094,False
A,Habil,2025-07-21,605,593.0,1.0202360876897134,False
A,Habil,2025-07-22,591,593.0,0.9966273187183811,False
A,Habil,2025-07-23,591,593.0,0.9966273187183811,False
A,Habil,2025-07-24,581,593.0,0.9797639123102867,False
A,Habil,2025-07-25,583,593.0,0.9831365935919055,False
A,Habil,2025-07-28,605,593.0,1.0202360876897134,False
A,Habil,2025-07-29,599,593.0,1.0101180438448567,False
A,Habil,2025-07-30,603,593.0,1.0168634064080944,False
A,Habil,2025-07-31,603,593.0,1.0168634064080944,False
A,Habil,2025-08-01,597,593.0,1.0067453625632379,False
A,Habil,2025-08-04,535,593.0,0.9021922428330523,False
A,Habil,2025-08-05,601,593.0,1.0134907251264755,False
A,Habil,2025-08-06,601,593.0,1.0134907251264755,False
A,Habil,2025-08-07,599,593.0,1.0101180438448567,False
A,Habil,2025-08-08,598,593.0,1.0084317032040473,False
A,Habil,2025-08-11,591,593.0,0.9966273187183811,False
A,Habil,2025-08-12,602,593.0,1.015177065767285,False
A,Habil,2025-08-13,605,593.0,1.0202360876897134,False
A,Habil,2025-08-14,601,593.0,1.0134907251264755,False
A,Habil,2025-08-18,601,593.0,1.0134907251264755,False
A,Habil,2025-08-19,603,593.0,1.0168634064080944,False
A,Habil,2025-08-20,575,593.0,0.96964586846543,False
A,Habil,2025-08-21,609,593.0,1.026981450252951,False
A,Habil,2025-08-22,603,593.0,1.0168634064080944,False
A,Habil,2025-08-25,611,593.0,1.03035413153457,False
A,Habil,2025-08-26,605,593.0,1.0202360876897134,False
A,Habil,2025-08-27,591,593.0,0.9966273187183811,False
A,Habil,2025-08-28,605,593.0,1.0202360876897134,False
A,Habil,2025-08-29,603,593.0,1.0168634064080944,False
A,Habil,2025-09-01,601,593.0,1.0134907251264755,False
A,Habil,2025-09-02,605,593.0,1.0202360876897134,False
A,Habil,2025-09-03,601,593.0,1.0134907251264755,False
A,Habil,2025-09-04,605,593.0,1.0202360876897134,False
A,Habil,2025-09-05,599,593.0,1.0101180438448567,False
A,Habil,2025-09-08,593,593.0,1.0,False
A,Habil,2025-09-09,603,593.0,1.0168634064080944,False
A,Habil,2025-09-10,583,593.0,0.9831365935919055,False
A,Habil,2025-09-11,603,593.0,1.0168634064080944,False
A,Habil,2025-09-12,601,593.0,1.0134907251264755,False
A,Habil,2025-09-15,605,593.0,1.0202360876897134,False
A,Habil,2025-09-16,603,593.0,1.0168634064080944,False
A,Habil,2025-09-17,587,593.0,0.9898819561551433,False
A,Habil,2025-09-18,593,593.0,1.0,False
A,Habil,2025-09-19,603,593.0,1.0168634064080944,False
A,Habil,2025-09-22,599,593.0,1.0101180438448567,False
A,Habil,2025-09-23,601,593.0,1.0134907251264755,False
A,Habil,2025-09-24,607,593.0,1.0236087689713322,False
A,Habil,2025-09-25,591,593.0,0.9966273187183811,False
A,Habil,2025-09-26,609,593.0,1.026981450252951,False
A,Habil,2025-09-29,601,593.0,1.0134907251264755,False
A,Habil,2025-09-30,568,593.0,0.9578414839797639,False
A,Habil,2025-10-01,593,593.0,1.0,False
A,Habil,2025-10-02,597,593.0,1.0067453625632379,False
A,Habil,2025-10-03,599,593.0,1.0101180438448567,False
A,Habil,2025-10-06,575,593.0,0.96964586846543,False
A,Habil,2025-10-07,591,593.0,0.9966273187183811,False
A,Habil,2025-10-08,585,593.0,0.9865092748735245,False
A,Habil,2025-10-09,595,593.0,1.0033726812816188,False
A,Habil,2025-10-13,587,593.0,0.9898819561551433,False
A,Habil,2025-10-14,585,593.0,0.9865092748735245,False
A,Habil,2025-10-15,591,593.0,0.9966273187183811,False
A,Habil,2025-10-16,595,593.0,1.0033726812816188,False
A,Habil,2025-10-17,581,593.0,0.9797639123102867,False
A,Habil,2025-10-20,568,593.0,0.9578414839797639,False
A,Habil,2025-10-21,584,593.0,0.984822934232715,False
A,Habil,2025-10-22,547,593.0,0.9224283305227656,False
A,Habil,2025-10-23,563,593.0,0.9494097807757167,False
A,Habil,2025-10-24,597,593.0,1.0067453625632379,False
A,Habil,2025-10-27,585,593.0,0.9865092748735245,False
A,Habil,2025-10-28,593,593.0,1.0,False
A,Habil,2025-10-29,585,593.0,0.9865092748735245,False
A,Habil,2025-10-30,593,593.0,1.0,False
A,Habil,2025-10-31,595,593.0,1.0033726812816188,False
A,Habil,2025-11-03,595,593.0,1.0033726812816188,False
A,Habil,2025-11-04,587,593.0,0.9898819561551433,False
A,Habil,2025-11-05,601,593.0,1.0134907251264755,False
A,Habil,2025-11-06,585,593.0,0.9865092748735245,False
A,Habil,2025-11-07,563,593.0,0.9494097807757167,False
A,Habil,2025-11-10,571,593.0,0.9629005059021922,False
A,Habil,2025-11-11,561,593.0,0.9460370994940978,False
A,Habil,2025-11-12,579,593.0,0.9763912310286678,False
A,Habil,2025-11-13,597,593.0,1.0067453625632379,False
A,Habil,2025-11-14,585,593.0,0.9865092748735245,False
A,Habil,2025-11-17,592,593.0,0.9983136593591906,False
A,Habil,2025-11-18,579,593.0,0.9763912310286678,False
A,Habil,2025-11-19,591,593.0,0.9966273187183811,False
A,Habil,2025-11-20,534,593.0,0.9005059021922428,False
A,Habil,2025-11-25,595,593.0,1.0033726812816188,False
A,Habil,2025-11-26,585,593.0,0.9865092748735245,False
A,Habil,2025-11-27,577,593.0,0.9730185497470489,False
A,Habil,2025-11-28,589,593.0,0.9932546374367622,False
A,Habil,2025-12-01,595,593.0,1.0033726812816188,False
A,Habil,2025-12-02,597,593.0,1.0067453625632379,False
A,Habil,2025-12-03,597,593.0,1.0067453625632379,False
A,Habil,2025-12-04,601,593.0,1.0134907251264755,False
A,Habil,2025-12-05,575,593.0,0.96964586846543,False
A,Habil,2025-12-09,581,593.0,0.9797639123102867,False
A,Habil,2025-12-10,591,593.0,0.9966273187183811,False
A,Habil,2025-12-11,593,593.0,1.0,False
A,Habil,2025-12-12,577,593.0,0.9730185497470489,False
A,Habil,2025-12-15,597,593.0,1.0067453625632379,False
A,Habil,2025-12-16,601,593.0,1.0134907251264755,False
A,Habil,2025-12-17,597,593.0,1.0067453625632379,False
A,Habil,2025-12-18,593,593.0,1.0,False
A,Habil,2025-12-19,605,593.0,1.0202360876897134,False
A,Habil,2025-12-22,586,593.0,0.9881956155143339,False
A,Habil,2025-12-23,581,593.0,0.9797639123102867,False
A,Habil,2025-12-26,587,593.0,0.9898819561551433,False
A,Habil,2025-12-29,598,593.0,1.0084317032040473,False
A,Habil,2025-12-30,605,593.0,1.0202360876897134,False
A,Sabado,2025-01-04,324,363.0,0.8925619834710744,False
A,Sabado,2025-01-11,324,363.0,0.8925619834710744,False
A,Sabado,2025-01-18,324,363.0,0.8925619834710744,False
A,Sabado,2025-01-25,324,363.0,0.8925619834710744,False
A,Sabado,2025-02-01,312,363.0,0.859504132231405,False
A,Sabado,2025-02-08,324,363.0,0.8925619834710744,False
A,Sabado,2025-02-15,324,363.0,0.8925619834710744,False
A,Sabado,2025-02-22,324,363.0,0.8925619834710744,False
A,Sabado,2025-04-05,363,363.0,1.0,False
A,Sabado,2025-04-12,363,363.0,1.0,False
A,Sabado,2025-04-17,365,363.0,1.0055096418732783,False
A,Sabado,2025-04-19,363,363.0,1.0,False
A,Sabado,2025-04-26,356,363.0,0.9807162534435262,False
A,Sabado,2025-05-02,363,363.0,1.0,False
A,Sabado,2025-05-03,353,363.0,0.9724517906336089,False
A,Sabado,2025-05-10,363,363.0,1.0,False
A,Sabado,2025-05-17,357,363.0,0.9834710743801653,False
A,Sabado,2025-05-24,361,363.0,0.9944903581267218,False
A,Sabado,2025-05-31,363,363.0,1.0,False
A,Sabado,2025-06-07,363,363.0,1.0,False
A,Sabado,2025-06-14,351,363.0,0.9669421487603306,False
A,Sabado,2025-06-21,363,363.0,1.0,False
A,Sabado,2025-06-28,363,363.0,1.0,False
A,Sabado,2025-07-05,361,363.0,0.9944903581267218,False
A,Sabado,2025-07-12,363,363.0,1.0,False
A,Sabado,2025-07-19,363,363.0,1.0,False
A,Sabado,2025-07-26,363,363.0,1.0,False
A,Sabado,2025-08-02,363,363.0,1.0,False
A,Sabado,2025-08-09,363,363.0,1.0,False
A,Sabado,2025-08-15,363,363.0,1.0,False
A,Sabado,2025-08-16,363,363.0,1.0,False
A,Sabado,2025-08-23,363,363.0,1.0,False
A,Sabado,2025-08-30,363,363.0,1.0,False
A,Sabado,2025-09-06,360,363.0,0.9917355371900827,False
A,Sabado,2025-09-13,363,363.0,1.0,False
A,Sabado,2025-09-20,363,363.0,1.0,False
A,Sabado,2025-09-27,361,363.0,0.9944903581267218,False
A,Sabado,2025-10-04,363,363.0,1.0,False
A,Sabado,2025-10-11,363,363.0,1.0,False
A,Sabado,2025-10-18,359,363.0,0.9889807162534435,False
A,Sabado,2025-10-25,361,363.0,0.9944903581267218,False
A,Sabado,2025-11-01,363,363.0,1.0,False
A,Sabado,2025-11-08,359,363.0,0.9889807162534435,False
A,Sabado,2025-11-15,363,363.0,1.0,False
A,Sabado,2025-11-21,363,363.0,1.0,False
A,Sabado,2025-11-22,363,363.0,1.0,False
A,Sabado,2025-11-29,363,363.0,1.0,False
A,Sabado,2025-12-06,359,363.0,0.9889807162534435,False
A,Sabado,2025-12-13,353,363.0,0.9724517906336089,False
A,Sabado,2025-12-20,363,363.0,1.0,False
A,Sabado,2025-12-24,315,363.0,0.8677685950413223,False
A,Sabado,2025-12-27,363,363.0,1.0,False
A,Sabado,2025-12-31,315,363.0,0.8677685950413223,False
B,Domingo,2025-01-05,198,229.0,0.8646288209606987,False
B,Domingo,2025-01-12,198,229.0,0.8646288209606987,False
B,Domingo,2025-01-19,198,229.0,0.8646288209606987,False
B,Domingo,2025-01-26,198,229.0,0.8646288209606987,False
B,Domingo,2025-02-02,192,229.0,0.8384279475982532,False
B,Domingo,2025-02-09,198,229.0,0.8646288209606987,False
B,Domingo,2025-02-16,196,229.0,0.8558951965065502,False
B,Domingo,2025-02-23,200,229.0,0.8733624454148472,False
B,Domingo,2025-04-06,229,229.0,1.0,False
B,Domingo,2025-04-13,229,229.0,1.0,False
B,Domingo,2025-04-20,237,229.0,1.034934497816594,False
B,Domingo,2025-04-27,229,229.0,1.0,False
B,Domingo,2025-05-04,227,229.0,0.9912663755458515,False
B,Domingo,2025-05-11,229,229.0,1.0,False
B,Domingo,2025-05-18,229,229.0,1.0,False
B,Domingo,2025-06-01,235,229.0,1.0262008733624455,False
B,Domingo,2025-06-08,229,229.0,1.0,False
B,Domingo,2025-06-15,229,229.0,1.0,False
B,Domingo,2025-06-22,229,229.0,1.0,False
B,Domingo,2025-06-29,229,229.0,1.0,False
B,Domingo,2025-07-06,227,229.0,0.9912663755458515,False
B,Domingo,2025-07-13,229,229.0,1.0,False
B,Domingo,2025-07-20,229,229.0,1.0,False
B,Domingo,2025-07-27,231,229.0,1.0087336244541485,False
B,Domingo,2025-08-03,229,229.0,1.0,False
B,Domingo,2025-08-10,221,229.0,0.9650655021834061,False
B,Domingo,2025-08-24,229,229.0,1.0,False
B,Domingo,2025-08-31,233,229.0,1.017467248908297,False
B,Domingo,2025-09-07,205,229.0,0.8951965065502183,False
B,Domingo,2025-09-14,233,229.0,1.017467248908297,False
B,Domingo,2025-09-21,227,229.0,0.9912663755458515,False
B,Domingo,2025-09-28,229,229.0,1.0,False
B,Domingo,2025-10-05,233,229.0,1.017467248908297,False
B,Domingo,2025-10-12,229,229.0,1.0,False
B,Domingo,2025-10-19,225,229.0,0.982532751091703,False
B,Domingo,2025-10-26,238,229.0,1.039301310043668,False
B,Domingo,2025-11-02,229,229.0,1.0,False
B,Domingo,2025-11-09,228,229.0,0.9956331877729258,False
B,Domingo,2025-11-16,226,229.0,0.9868995633187773,False
B,Domingo,2025-11-23,239,229.0,1.0436681222707425,False
B,Domingo,2025-11-30,229,229.0,1.0,False
B,Domingo,2025-12-07,227,229.0,0.9912663755458515,False
B,Domingo,2025-12-14,222,229.0,0.9694323144104804,False
B,Domingo,2025-12-21,236,229.0,1.0305676855895196,False
B,Domingo,2025-12-28,228,229.0,0.9956331877729258,False
B,Feriado,2025-01-01,229,229.0,1.0,False
B,Feriado,2025-04-02,238,229.0,1.039301310043668,False
B,Feriado,2025-04-18,249,229.0,1.0873362445414847,False
B,Feriado,2025-05-01,241,229.0,1.0524017467248907,False
B,Feriado,2025-05-25,223,229.0,0.9737991266375546,False
B,Feriado,2025-06-16,233,229.0,1.017467248908297,False
B,Feriado,2025-06-20,229,229.0,1.0,False
B,Feriado,2025-07-09,240,229.0,1.0480349344978166,False
B,Feriado,2025-08-17,225,229.0,0.982532751091703,False
B,Feriado,2025-10-10,229,229.0,1.0,False
B,Feriado,2025-11-24,245,229.0,1.0698689956331877,False
B,Feriado,2025-12-08,228,229.0,0.9956331877729258,False
B,Feriado,2025-12-25,229,229.0,1.0,False
B,Habil,2025-01-02,407,482.0,0.8443983402489627,False
B,Habil,2025-01-03,445,482.0,0.9232365145228216,False
B,Habil,2025-01-06,422,482.0,0.8755186721991701,False
B,Habil,2025-01-07,417,482.0,0.8651452282157677,False
B,Habil,2025-01-08,423,482.0,0.8775933609958506,False
B,Habil,2025-01-09,418,482.0,0.8672199170124482,False
B,Habil,2025-01-10,435,482.0,0.9024896265560166,False
B,Habil,2025-01-13,413,482.0,0.8568464730290456,False
B,Habil,2025-01-14,423,482.0,0.8775933609958506,False
B,Habil,2025-01-15,422,482.0,0.8755186721991701,False
B,Habil,2025-01-16,422,482.0,0.8755186721991701,False
B,Habil,2025-01-17,431,482.0,0.8941908713692946,False
B,Habil,2025-01-20,413,482.0,0.8568464730290456,False
B,Habil,2025-01-21,416,482.0,0.8630705394190872,False
B,Habil,2025-01-22,419,482.0,0.8692946058091287,False
B,Habil,2025-01-23,421,482.0,0.8734439834024896,False
B,Habil,2025-01-24,437,482.0,0.9066390041493776,False
B,Habil,2025-01-27,421,482.0,0.8734439834024896,False
B,Habil,2025-01-28,420,482.0,0.8713692946058091,False
B,Habil,2025-01-29,417,482.0,0.8651452282157677,False
B,Habil,2025-01-30,423,482.0,0.8775933609958506,False
B,Habil,2025-01-31,439,482.0,0.9107883817427386,False
B,Habil,2025-02-03,416,482.0,0.8630705394190872,False
B,Habil,2025-02-04,422,482.0,0.8755186721991701,False
B,Habil,2025-02-05,423,482.0,0.8775933609958506,False
B,Habil,2025-02-06,423,482.0,0.8775933609958506,False
B,Habil,2025-02-07,439,482.0,0.9107883817427386,False
B,Habil,2025-02-10,422,482.0,0.8755186721991701,False
B,Habil,2025-02-11,421,482.0,0.8734439834024896,False
B,Habil,2025-02-12,423,482.0,0.8775933609958506,False
B,Habil,2025-02-13,419,482.0,0.8692946058091287,False
B,Habil,2025-02-14,406,482.0,0.8423236514522822,False
B,Habil,2025-02-17,423,482.0,0.8775933609958506,False
B,Habil,2025-02-18,423,482.0,0.8775933609958506,False
B,Habil,2025-02-19,419,482.0,0.8692946058091287,False
B,Habil,2025-02-20,423,482.0,0.8775933609958506,False
B,Habil,2025-02-21,439,482.0,0.9107883817427386,False
B,Habil,2025-02-24,471,482.0,0.9771784232365145,False
B,Habil,2025-02-25,463,482.0,0.9605809128630706,False
B,Habil,2025-02-26,497,482.0,1.0311203319502074,False
B,Habil,2025-02-27,439,482.0,0.9107883817427386,False
B,Habil,2025-02-28,505,482.0,1.0477178423236515,False
B,Habil,2025-04-01,474,482.0,0.983402489626556,False
B,Habil,2025-04-03,496,482.0,1.0290456431535269,False
B,Habil,2025-04-04,513,482.0,1.0643153526970954,False
B,Habil,2025-04-07,505,482.0,1.0477178423236515,False
B,Habil,2025-04-08,503,482.0,1.0435684647302905,False
B,Habil,2025-04-09,499,482.0,1.0352697095435686,False
B,Habil,2025-04-11,492,482.0,1.020746887966805,False
B,Habil,2025-04-14,482,482.0,1.0,False
B,Habil,2025-04-15,462,482.0,0.9585062240663901,False
B,Habil,2025-04-16,459,482.0,0.9522821576763485,False
B,Habil,2025-04-21,499,482.0,1.0352697095435686,False
B,Habil,2025-04-22,505,482.0,1.0477178423236515,False
B,Habil,2025-04-23,499,482.0,1.0352697095435686,False
B,Habil,2025-04-24,493,482.0,1.0228215767634854,False
B,Habil,2025-04-25,497,482.0,1.0311203319502074,False
B,Habil,2025-04-28,502,482.0,1.04149377593361,False
B,Habil,2025-04-29,485,482.0,1.0062240663900415,False
B,Habil,2025-04-30,473,482.0,0.9813278008298755,False
B,Habil,2025-05-05,491,482.0,1.0186721991701244,False
B,Habil,2025-05-06,485,482.0,1.0062240663900415,False
B,Habil,2025-05-07,475,482.0,0.9854771784232366,False
B,Habil,2025-05-08,485,482.0,1.0062240663900415,False
B,Habil,2025-05-09,478,482.0,0.991701244813278,False
B,Habil,2025-05-12,474,482.0,0.983402489626556,False
B,Habil,2025-05-13,490,482.0,1.016597510373444,False
B,Habil,2025-05-14,468,482.0,0.970954356846473,False
B,Habil,2025-05-15,482,482.0,1.0,False
B,Habil,2025-05-16,511,482.0,1.0601659751037344,False
B,Habil,2025-05-19,469,482.0,0.9730290456431535,False
B,Habil,2025-05-20,495,482.0,1.0269709543568464,False
B,Habil,2025-05-21,433,482.0,0.8983402489626556,False
B,Habil,2025-05-22,477,482.0,0.9896265560165975,False
B,Habil,2025-05-23,506,482.0,1.049792531120332,False
B,Habil,2025-05-26,507,482.0,1.0518672199170125,False
B,Habil,2025-05-27,505,482.0,1.0477178423236515,False
B,Habil,2025-05-28,506,482.0,1.049792531120332,False
B,Habil,2025-05-29,507,482.0,1.0518672199170125,False
B,Habil,2025-05-30,531,482.0,1.1016597510373445,False
B,Habil,2025-06-02,478,482.0,0.991701244813278,False
B,Habil,2025-06-03,480,482.0,0.995850622406639,False
B,Habil,2025-06-04,471,482.0,0.9771784232365145,False
B,Habil,2025-06-05,476,482.0,0.9875518672199171,False
B,Habil,2025-06-06,511,482.0,1.0601659751037344,False
B,Habil,2025-06-09,497,482.0,1.0311203319502074,False
B,Habil,2025-06-10,472,482.0,0.979253112033195,False
B,Habil,2025-06-11,497,482.0,1.0311203319502074,False
B,Habil,2025-06-12,490,482.0,1.016597510373444,False
B,Habil,2025-06-13,515,482.0,1.0684647302904564,False
B,Habil,2025-06-17,491,482.0,1.0186721991701244,False
B,Habil,2025-06-18,476,482.0,0.9875518672199171,False
B,Habil,2025-06-19,481,482.0,0.9979253112033195,False
B,Habil,2025-06-23,495,482.0,1.0269709543568464,False
B,Habil,2025-06-24,495,482.0,1.0269709543568464,False
B,Habil,2025-06-25,504,482.0,1.045643153526971,False
B,Habil,2025-06-26,461,482.0,0.9564315352697096,False
B,Habil,2025-06-27,503,482.0,1.0435684647302905,False
B,Habil,2025-06-30,485,482.0,1.0062240663900415,False
B,Habil,2025-07-01,501,482.0,1.0394190871369295,False
B,Habil,2025-07-02,489,482.0,1.0145228215767634,False
B,Habil,2025-07-03,496,482.0,1.0290456431535269,False
B,Habil,2025-07-04,517,482.0,1.0726141078838174,False
B,Habil,2025-07-07,477,482.0,0.9896265560165975,False
B,Habil,2025-07-08,467,482.0,0.9688796680497925,False
B,Habil,2025-07-10,478,482.0,0.991701244813278,False
B,Habil,2025-07-11,528,482.0,1.095435684647303,False
B,Habil,2025-07-14,509,482.0,1.0560165975103735,False
B,Habil,2025-07-15,507,482.0,1.0518672199170125,False
B,Habil,2025-07-16,509,482.0,1.0560165975103735,False
B,Habil,2025-07-17,505,482.0,1.0477178423236515,False
B,Habil,2025-07-18,529,482.0,1.0975103734439835,False
B,Habil,2025-07-21,511,482.0,1.0601659751037344,False
B,Habil,2025-07-22,492,482.0,1.020746887966805,False
B,Habil,2025-07-23,509,482.0,1.0560165975103735,False
B,Habil,2025-07-24,503,482.0,1.0435684647302905,False
B,Habil,2025-07-25,515,482.0,1.0684647302904564,False
B,Habil,2025-07-28,505,482.0,1.0477178423236515,False
B,Habil,2025-07-29,491,482.0,1.0186721991701244,False
B,Habil,2025-07-30,509,482.0,1.0560165975103735,False
B,Habil,2025-07-31,504,482.0,1.045643153526971,False
B,Habil,2025-08-01,449,482.0,0.9315352697095436,False
B,Habil,2025-08-04,443,482.0,0.9190871369294605,False
B,Habil,2025-08-05,488,482.0,1.012448132780083,False
B,Habil,2025-08-06,485,482.0,1.0062240663900415,False
B,Habil,2025-08-07,448,482.0,0.9294605809128631,False
B,Habil,2025-08-08,501,482.0,1.0394190871369295,False
B,Habil,2025-08-11,499,482.0,1.0352697095435686,False
B,Habil,2025-08-12,477,482.0,0.9896265560165975,False
B,Habil,2025-08-13,478,482.0,0.991701244813278,False
B,Habil,2025-08-14,475,482.0,0.9854771784232366,False
B,Habil,2025-08-18,477,482.0,0.9896265560165975,False
B,Habil,2025-08-19,495,482.0,1.0269709543568464,False
B,Habil,2025-08-20,485,482.0,1.0062240663900415,False
B,Habil,2025-08-21,493,482.0,1.0228215767634854,False
B,Habil,2025-08-22,503,482.0,1.0435684647302905,False
B,Habil,2025-08-25,482,482.0,1.0,False
B,Habil,2025-08-26,464,482.0,0.9626556016597511,False
B,Habil,2025-08-27,479,482.0,0.9937759336099585,False
B,Habil,2025-08-28,469,482.0,0.9730290456431535,False
B,Habil,2025-08-29,483,482.0,1.0020746887966805,False
B,Habil,2025-09-01,462,482.0,0.9585062240663901,False
B,Habil,2025-09-02,459,482.0,0.9522821576763485,False
B,Habil,2025-09-03,495,482.0,1.0269709543568464,False
B,Habil,2025-09-04,475,482.0,0.9854771784232366,False
B,Habil,2025-09-05,529,482.0,1.0975103734439835,False
B,Habil,2025-09-08,491,482.0,1.0186721991701244,False
B,Habil,2025-09-09,503,482.0,1.0435684647302905,False
B,Habil,2025-09-10,484,482.0,1.004149377593361,False
B,Habil,2025-09-11,507,482.0,1.0518672199170125,False
B,Habil,2025-09-12,533,482.0,1.1058091286307055,False
B,Habil,2025-09-15,494,482.0,1.0248962655601659,False
B,Habil,2025-09-16,473,482.0,0.9813278008298755,False
B,Habil,2025-09-17,479,482.0,0.9937759336099585,False
B,Habil,2025-09-18,464,482.0,0.9626556016597511,False
B,Habil,2025-09-19,482,482.0,1.0,False
B,Habil,2025-09-22,484,482.0,1.004149377593361,False
B,Habil,2025-09-23,495,482.0,1.0269709543568464,False
B,Habil,2025-09-24,479,482.0,0.9937759336099585,False
B,Habil,2025-09-25,461,482.0,0.9564315352697096,False
B,Habil,2025-09-26,509,482.0,1.0560165975103735,False
B,Habil,2025-09-29,494,482.0,1.0248962655601659,False
B,Habil,2025-09-30,499,482.0,1.0352697095435686,False
B,Habil,2025-10-01,501,482.0,1.0394190871369295,False
B,Habil,2025-10-02,495,482.0,1.0269709543568464,False
B,Habil,2025-10-03,506,482.0,1.049792531120332,False
B,Habil,2025-10-06,479,482.0,0.9937759336099585,False
B,Habil,2025-10-07,411,482.0,0.8526970954356846,False
B,Habil,2025-10-08,481,482.0,0.9979253112033195,False
B,Habil,2025-10-09,469,482.0,0.9730290456431535,False
B,Habil,2025-10-13,492,482.0,1.020746887966805,False
B,Habil,2025-10-14,501,482.0,1.0394190871369295,False
B,Habil,2025-10-15,529,482.0,1.0975103734439835,False
B,Habil,2025-10-16,501,482.0,1.0394190871369295,False
B,Habil,2025-10-17,507,482.0,1.0518672199170125,False
B,Habil,2025-10-20,495,482.0,1.0269709543568464,False
B,Habil,2025-10-21,489,482.0,1.0145228215767634,False
B,Habil,2025-10-22,497,482.0,1.0311203319502074,False
B,Habil,2025-10-23,489,482.0,1.0145228215767634,False
B,Habil,2025-10-24,508,482.0,1.053941908713693,False
B,Habil,2025-10-27,451,482.0,0.9356846473029046,False
B,Habil,2025-10-28,465,482.0,0.9647302904564315,False
B,Habil,2025-10-29,461,482.0,0.9564315352697096,False
B,Habil,2025-10-30,438,482.0,0.9087136929460581,False
B,Habil,2025-10-31,524,482.0,1.0871369294605808,False
B,Habil,2025-11-03,486,482.0,1.008298755186722,False
B,Habil,2025-11-04,495,482.0,1.0269709543568464,False
B,Habil,2025-11-05,446,482.0,0.9253112033195021,False
B,Habil,2025-11-06,462,482.0,0.9585062240663901,False
B,Habil,2025-11-07,513,482.0,1.0643153526970954,False
B,Habil,2025-11-10,464,482.0,0.9626556016597511,False
B,Habil,2025-11-11,479,482.0,0.9937759336099585,False
B,Habil,2025-11-12,460,482.0,0.9543568464730291,False
B,Habil,2025-11-13,451,482.0,0.9356846473029046,False
B,Habil,2025-11-14,509,482.0,1.0560165975103735,False
B,Habil,2025-11-17,457,482.0,0.9481327800829875,False
B,Habil,2025-11-18,468,482.0,0.970954356846473,False
B,Habil,2025-11-19,475,482.0,0.9854771784232366,False
B,Habil,2025-11-20,451,482.0,0.9356846473029046,False
B,Habil,2025-11-25,459,482.0,0.9522821576763485,False
B,Habil,2025-11-26,476,482.0,0.9875518672199171,False
B,Habil,2025-11-27,449,482.0,0.9315352697095436,False
B,Habil,2025-11-28,505,482.0,1.0477178423236515,False
B,Habil,2025-12-01,438,482.0,0.9087136929460581,False
B,Habil,2025-12-02,454,482.0,0.941908713692946,False
B,Habil,2025-12-03,483,482.0,1.0020746887966805,False
B,Habil,2025-12-04,498,482.0,1.033195020746888,False
B,Habil,2025-12-05,501,482.0,1.0394190871369295,False
B,Habil,2025-12-09,465,482.0,0.9647302904564315,False
B,Habil,2025-12-10,461,482.0,0.9564315352697096,False
B,Habil,2025-12-11,427,482.0,0.8858921161825726,False
B,Habil,2025-12-12,509,482.0,1.0560165975103735,False
B,Habil,2025-12-15,475,482.0,0.9854771784232366,False
B,Habil,2025-12-16,477,482.0,0.9896265560165975,False
B,Habil,2025-12-17,483,482.0,1.0020746887966805,False
B,Habil,2025-12-18,501,482.0,1.0394190871369295,False
B,Habil,2025-12-19,515,482.0,1.0684647302904564,False
B,Habil,2025-12-22,479,482.0,0.9937759336099585,False
B,Habil,2025-12-23,505,482.0,1.0477178423236515,False
B,Habil,2025-12-26,520,482.0,1.0788381742738589,False
B,Habil,2025-12-29,491,482.0,1.0186721991701244,False
B,Habil,2025-12-30,499,482.0,1.0352697095435686,False
B,Sabado,2025-01-04,243,329.5,0.7374810318664643,False
B,Sabado,2025-01-11,245,329.5,0.7435508345978755,False
B,Sabado,2025-01-18,249,329.5,0.7556904400606981,False
B,Sabado,2025-01-25,237,329.5,0.7192716236722306,False
B,Sabado,2025-02-01,247,329.5,0.7496206373292867,False
B,Sabado,2025-02-08,240,329.5,0.7283763277693475,False
B,Sabado,2025-02-15,245,329.5,0.7435508345978755,False
B,Sabado,2025-02-22,243,329.5,0.7374810318664643,False
B,Sabado,2025-03-08,319,329.5,0.9681335356600911,False
B,Sabado,2025-04-05,327,329.5,0.992412746585736,False
B,Sabado,2025-04-12,331,329.5,1.0045523520485584,False
B,Sabado,2025-04-17,314,329.5,0.952959028831563,False
B,Sabado,2025-04-19,333,329.5,1.0106221547799696,False
B,Sabado,2025-04-26,322,329.5,0.9772382397572079,False
B,Sabado,2025-05-02,323,329.5,0.9802731411229135,False
B,Sabado,2025-05-03,338,329.5,1.0257966616084977,False
B,Sabado,2025-05-10,329,329.5,0.9984825493171472,False
B,Sabado,2025-05-17,303,329.5,0.9195751138088012,False
B,Sabado,2025-05-24,333,329.5,1.0106221547799696,False
B,Sabado,2025-05-31,333,329.5,1.0106221547799696,False
B,Sabado,2025-06-07,333,329.5,1.0106221547799696,False
B,Sabado,2025-06-14,330,329.5,1.0015174506828528,False
B,Sabado,2025-06-21,327,329.5,0.992412746585736,False
B,Sabado,2025-06-28,321,329.5,0.9742033383915023,False
B,Sabado,2025-07-05,333,329.5,1.0106221547799696,False
B,Sabado,2025-07-12,326,329.5,0.9893778452200304,False
B,Sabado,2025-07-19,328,329.5,0.9954476479514416,False
B,Sabado,2025-07-26,329,329.5,0.9984825493171472,False
B,Sabado,2025-08-02,333,329.5,1.0106221547799696,False
B,Sabado,2025-08-09,331,329.5,1.0045523520485584,False
B,Sabado,2025-08-15,333,329.5,1.0106221547799696,False
B,Sabado,2025-08-16,326,329.5,0.9893778452200304,False
B,Sabado,2025-08-23,331,329.5,1.0045523520485584,False
B,Sabado,2025-08-30,333,329.5,1.0106221547799696,False
B,Sabado,2025-09-06,333,329.5,1.0106221547799696,False
B,Sabado,2025-09-13,331,329.5,1.0045523520485584,False
B,Sabado,2025-09-20,320,329.5,0.9711684370257967,False
B,Sabado,2025-09-27,329,329.5,0.9984825493171472,False
B,Sabado,2025-10-04,336,329.5,1.0197268588770865,False
B,Sabado,2025-10-11,341,329.5,1.0349013657056145,False
B,Sabado,2025-10-18,333,329.5,1.0106221547799696,False
B,Sabado,2025-10-25,309,329.5,0.9377845220030349,False
B,Sabado,2025-11-01,349,329.5,1.0591805766312594,False
B,Sabado,2025-11-08,347,329.5,1.0531107738998482,False
B,Sabado,2025-11-15,332,329.5,1.007587253414264,False
B,Sabado,2025-11-21,333,329.5,1.0106221547799696,False
B,Sabado,2025-11-22,323,329.5,0.9802731411229135,False
B,Sabado,2025-11-29,345,329.5,1.047040971168437,False
B,Sabado,2025-12-06,331,329.5,1.0045523520485584,False
B,Sabado,2025-12-13,331,329.5,1.0045523520485584,False
B,Sabado,2025-12-20,331,329.5,1.0045523520485584,False
B,Sabado,2025-12-24,271,329.5,0.8224582701062215,False
B,Sabado,2025-12-27,345,329.5,1.047040971168437,False
B,Sabado,2025-12-31,275,329.5,0.834597875569044,False
C,Domingo,2025-01-05,251,251.0,1.0,False
C,Domingo,2025-01-12,251,251.0,1.0,False
C,Domingo,2025-01-19,251,251.0,1.0,False
C,Domingo,2025-01-26,249,251.0,0.9920318725099602,False
C,Domingo,2025-02-02,247,251.0,0.9840637450199203,False
C,Domingo,2025-02-09,251,251.0,1.0,False
C,Domingo,2025-02-16,240,251.0,0.9561752988047809,False
C,Domingo,2025-02-23,251,251.0,1.0,False
C,Domingo,2025-04-06,249,251.0,0.9920318725099602,False
C,Domingo,2025-04-13,251,251.0,1.0,False
C,Domingo,2025-04-20,257,251.0,1.0239043824701195,False
C,Domingo,2025-04-27,251,251.0,1.0,False
C,Domingo,2025-05-04,251,251.0,1.0,False
C,Domingo,2025-05-11,247,251.0,0.9840637450199203,False
C,Domingo,2025-05-18,259,251.0,1.0318725099601593,False
C,Domingo,2025-06-01,249,251.0,0.9920318725099602,False
C,Domingo,2025-06-08,251,251.0,1.0,False
C,Domingo,2025-06-15,249,251.0,0.9920318725099602,False
C,Domingo,2025-06-22,251,251.0,1.0,False
C,Domingo,2025-06-29,249,251.0,0.9920318725099602,False
C,Domingo,2025-07-06,251,251.0,1.0,False
C,Domingo,2025-07-13,251,251.0,1.0,False
C,Domingo,2025-07-20,251,251.0,1.0,False
C,Domingo,2025-07-27,251,251.0,1.0,False
C,Domingo,2025-08-03,251,251.0,1.0,False
C,Domingo,2025-08-10,251,251.0,1.0,False
C,Domingo,2025-08-24,247,251.0,0.9840637450199203,False
C,Domingo,2025-08-31,251,251.0,1.0,False
C,Domingo,2025-09-07,251,251.0,1.0,False
C,Domingo,2025-09-14,251,251.0,1.0,False
C,Domingo,2025-09-21,251,251.0,1.0,False
C,Domingo,2025-09-28,249,251.0,0.9920318725099602,False
C,Domingo,2025-10-05,251,251.0,1.0,False
C,Domingo,2025-10-12,249,251.0,0.9920318725099602,False
C,Domingo,2025-10-19,249,251.0,0.9920318725099602,False
C,Domingo,2025-10-26,257,251.0,1.0239043824701195,False
C,Domingo,2025-11-02,251,251.0,1.0,False
C,Domingo,2025-11-09,251,251.0,1.0,False
C,Domingo,2025-11-16,251,251.0,1.0,False
C,Domingo,2025-11-23,251,251.0,1.0,False
C,Domingo,2025-11-30,251,251.0,1.0,False
C,Domingo,2025-12-07,247,251.0,0.9840637450199203,False
C,Domingo,2025-12-14,251,251.0,1.0,False
C,Domingo,2025-12-21,249,251.0,0.9920318725099602,False
C,Domingo,2025-12-28,251,251.0,1.0,False
C,Feriado,2025-01-01,251,251.0,1.0,False
C,Feriado,2025-04-02,259,251.0,1.0318725099601593,False
C,Feriado,2025-04-18,269,251.0,1.0717131474103585,False
C,Feriado,2025-05-01,253,251.0,1.0079681274900398,False
C,Feriado,2025-05-25,251,251.0,1.0,False
C,Feriado,2025-06-16,250,251.0,0.9960159362549801,False
C,Feriado,2025-06-20,251,251.0,1.0,False
C,Feriado,2025-07-09,263,251.0,1.047808764940239,False
C,Feriado,2025-08-17,251,251.0,1.0,False
C,Feriado,2025-10-10,251,251.0,1.0,False
C,Feriado,2025-11-24,249,251.0,0.9920318725099602,False
C,Feriado,2025-12-08,251,251.0,1.0,False
C,Feriado,2025-12-25,251,251.0,1.0,False
C,Habil,2025-01-02,511,574.5,0.8894691035683203,False
C,Habil,2025-01-03,503,574.5,0.8755439512619669,False
C,Habil,2025-01-06,509,574.5,0.8859878154917319,False
C,Habil,2025-01-07,511,574.5,0.8894691035683203,False
C,Habil,2025-01-08,511,574.5,0.8894691035683203,False
C,Habil,2025-01-09,511,574.5,0.8894691035683203,False
C,Habil,2025-01-10,509,574.5,0.8859878154917319,False
C,Habil,2025-01-13,509,574.5,0.8859878154917319,False
C,Habil,2025-01-14,510,574.5,0.8877284595300261,False
C,Habil,2025-01-15,511,574.5,0.8894691035683203,False
C,Habil,2025-01-16,511,574.5,0.8894691035683203,False
C,Habil,2025-01-17,511,574.5,0.8894691035683203,False
C,Habil,2025-01-20,511,574.5,0.8894691035683203,False
C,Habil,2025-01-21,509,574.5,0.8859878154917319,False
C,Habil,2025-01-22,511,574.5,0.8894691035683203,False
C,Habil,2025-01-23,508,574.5,0.8842471714534378,False
C,Habil,2025-01-24,511,574.5,0.8894691035683203,False
C,Habil,2025-01-27,505,574.5,0.8790252393385553,False
C,Habil,2025-01-28,505,574.5,0.8790252393385553,False
C,Habil,2025-01-29,511,574.5,0.8894691035683203,False
C,Habil,2025-01-30,499,574.5,0.8685813751087903,False
C,Habil,2025-01-31,511,574.5,0.8894691035683203,False
C,Habil,2025-02-03,505,574.5,0.8790252393385553,False
C,Habil,2025-02-04,509,574.5,0.8859878154917319,False
C,Habil,2025-02-05,505,574.5,0.8790252393385553,False
C,Habil,2025-02-06,502,574.5,0.8738033072236727,False
C,Habil,2025-02-07,511,574.5,0.8894691035683203,False
C,Habil,2025-02-10,507,574.5,0.8825065274151436,False
C,Habil,2025-02-11,511,574.5,0.8894691035683203,False
C,Habil,2025-02-12,511,574.5,0.8894691035683203,False
C,Habil,2025-02-13,511,574.5,0.8894691035683203,False
C,Habil,2025-02-14,511,574.5,0.8894691035683203,False
C,Habil,2025-02-17,507,574.5,0.8825065274151436,False
C,Habil,2025-02-18,511,574.5,0.8894691035683203,False
C,Habil,2025-02-19,513,574.5,0.8929503916449086,False
C,Habil,2025-02-20,517,574.5,0.8999129677980853,False
C,Habil,2025-02-21,521,574.5,0.906875543951262,False
C,Habil,2025-02-24,566,574.5,0.9852045256744996,False
C,Habil,2025-02-25,578,574.5,1.0060922541340296,False
C,Habil,2025-02-26,584,574.5,1.0165361183637946,False
C,Habil,2025-02-27,592,574.5,1.030461270670148,False
C,Habil,2025-02-28,576,574.5,1.0026109660574412,False
C,Habil,2025-04-01,582,574.5,1.0130548302872062,False
C,Habil,2025-04-03,582,574.5,1.0130548302872062,False
C,Habil,2025-04-04,582,574.5,1.0130548302872062,False
C,Habil,2025-04-07,579,574.5,1.0078328981723237,False
C,Habil,2025-04-08,574,574.5,0.999129677980853,False
C,Habil,2025-04-09,572,574.5,0.9956483899042646,False
C,Habil,2025-04-11,546,574.5,0.9503916449086162,False
C,Habil,2025-04-14,578,574.5,1.0060922541340296,False
C,Habil,2025-04-15,578,574.5,1.0060922541340296,False
C,Habil,2025-04-16,582,574.5,1.0130548302872062,False
C,Habil,2025-04-21,584,574.5,1.0165361183637946,False
C,Habil,2025-04-22,580,574.5,1.009573542210618,False
C,Habil,2025-04-23,576,574.5,1.0026109660574412,False
C,Habil,2025-04-24,576,574.5,1.0026109660574412,False
C,Habil,2025-04-25,570,574.5,0.9921671018276762,False
C,Habil,2025-04-28,582,574.5,1.0130548302872062,False
C,Habil,2025-04-29,586,574.5,1.0200174064403829,False
C,Habil,2025-04-30,586,574.5,1.0200174064403829,False
C,Habil,2025-05-05,557,574.5,0.9695387293298521,False
C,Habil,2025-05-06,570,574.5,0.9921671018276762,False
C,Habil,2025-05-07,572,574.5,0.9956483899042646,False
C,Habil,2025-05-08,564,574.5,0.9817232375979112,False
C,Habil,2025-05-09,586,574.5,1.0200174064403829,False
C,Habil,2025-05-12,578,574.5,1.0060922541340296,False
C,Habil,2025-05-13,568,574.5,0.9886858137510879,False
C,Habil,2025-05-14,576,574.5,1.0026109660574412,False
C,Habil,2025-05-15,578,574.5,1.0060922541340296,False
C,Habil,2025-05-16,570,574.5,0.9921671018276762,False
C,Habil,2025-05-19,586,574.5,1.0200174064403829,False
C,Habil,2025-05-20,582,574.5,1.0130548302872062,False
C,Habil,2025-05-21,572,574.5,0.9956483899042646,False
C,Habil,2025-05-22,574,574.5,0.999129677980853,False
C,Habil,2025-05-23,578,574.5,1.0060922541340296,False
C,Habil,2025-05-26,584,574.5,1.0165361183637946,False
C,Habil,2025-05-27,584,574.5,1.0165361183637946,False
C,Habil,2025-05-28,578,574.5,1.0060922541340296,False
C,Habil,2025-05-29,576,574.5,1.0026109660574412,False
C,Habil,2025-05-30,586,574.5,1.0200174064403829,False
C,Habil,2025-06-02,582,574.5,1.0130548302872062,False
C,Habil,2025-06-03,584,574.5,1.0165361183637946,False
C,Habil,2025-06-04,582,574.5,1.0130548302872062,False
C,Habil,2025-06-05,580,574.5,1.009573542210618,False
C,Habil,2025-06-06,582,574.5,1.0130548302872062,False
C,Habil,2025-06-09,574,574.5,0.999129677980853,False
C,Habil,2025-06-10,574,574.5,0.999129677980853,False
C,Habil,2025-06-11,583,574.5,1.0147954743255005,False
C,Habil,2025-06-12,562,574.5,0.9782419495213229,False
C,Habil,2025-06-13,585,574.5,1.0182767624020888,False
C,Habil,2025-06-17,580,574.5,1.009573542210618,False
C,Habil,2025-06-18,578,574.5,1.0060922541340296,False
C,Habil,2025-06-19,582,574.5,1.0130548302872062,False
C,Habil,2025-06-23,570,574.5,0.9921671018276762,False
C,Habil,2025-06-24,584,574.5,1.0165361183637946,False
C,Habil,2025-06-25,586,574.5,1.0200174064403829,False
C,Habil,2025-06-26,578,574.5,1.0060922541340296,False
C,Habil,2025-06-27,578,574.5,1.0060922541340296,False
C,Habil,2025-06-30,550,574.5,0.9573542210617929,False
C,Habil,2025-07-01,576,574.5,1.0026109660574412,False
C,Habil,2025-07-02,566,574.5,0.9852045256744996,False
C,Habil,2025-07-03,572,574.5,0.9956483899042646,False
C,Habil,2025-07-04,550,574.5,0.9573542210617929,False
C,Habil,2025-07-07,538,574.5,0.9364664926022629,False
C,Habil,2025-07-08,583,574.5,1.0147954743255005,False
C,Habil,2025-07-10,574,574.5,0.999129677980853,False
C,Habil,2025-07-11,575,574.5,1.000870322019147,False
C,Habil,2025-07-14,575,574.5,1.000870322019147,False
C,Habil,2025-07-15,566,574.5,0.9852045256744996,False
C,Habil,2025-07-16,582,574.5,1.0130548302872062,False
C,Habil,2025-07-17,575,574.5,1.000870322019147,False
C,Habil,2025-07-18,568,574.5,0.9886858137510879,False
C,Habil,2025-07-21,559,574.5,0.9730200174064404,False
C,Habil,2025-07-22,577,574.5,1.0043516100957355,False
C,Habil,2025-07-23,561,574.5,0.9765013054830287,False
C,Habil,2025-07-24,555,574.5,0.9660574412532638,False
C,Habil,2025-07-25,578,574.5,1.0060922541340296,False
C,Habil,2025-07-28,582,574.5,1.0130548302872062,False
C,Habil,2025-07-29,575,574.5,1.000870322019147,False
C,Habil,2025-07-30,569,574.5,0.9904264577893821,False
C,Habil,2025-07-31,578,574.5,1.0060922541340296,False
C,Habil,2025-08-01,574,574.5,0.999129677980853,False
C,Habil,2025-08-04,520,574.5,0.9051348999129678,False
C,Habil,2025-08-05,574,574.5,0.999129677980853,False
C,Habil,2025-08-06,580,574.5,1.009573542210618,False
C,Habil,2025-08-07,580,574.5,1.009573542210618,False
C,Habil,2025-08-08,578,574.5,1.0060922541340296,False
C,Habil,2025-08-11,582,574.5,1.0130548302872062,False
C,Habil,2025-08-12,573,574.5,0.9973890339425587,False
C,Habil,2025-08-13,575,574.5,1.000870322019147,False
C,Habil,2025-08-14,574,574.5,0.999129677980853,False
C,Habil,2025-08-18,576,574.5,1.0026109660574412,False
C,Habil,2025-08-19,580,574.5,1.009573542210618,False
C,Habil,2025-08-20,576,574.5,1.0026109660574412,False
C,Habil,2025-08-21,582,574.5,1.0130548302872062,False
C,Habil,2025-08-22,567,574.5,0.9869451697127938,False
C,Habil,2025-08-25,586,574.5,1.0200174064403829,False
C,Habil,2025-08-26,579,574.5,1.0078328981723237,False
C,Habil,2025-08-27,586,574.5,1.0200174064403829,False
C,Habil,2025-08-28,580,574.5,1.009573542210618,False
C,Habil,2025-08-29,575,574.5,1.000870322019147,False
C,Habil,2025-09-01,550,574.5,0.9573542210617929,False
C,Habil,2025-09-02,580,574.5,1.009573542210618,False
C,Habil,2025-09-03,586,574.5,1.0200174064403829,False
C,Habil,2025-09-04,568,574.5,0.9886858137510879,False
C,Habil,2025-09-05,578,574.5,1.0060922541340296,False
C,Habil,2025-09-08,584,574.5,1.0165361183637946,False
C,Habil,2025-09-09,570,574.5,0.9921671018276762,False
C,Habil,2025-09-10,561,574.5,0.9765013054830287,False
C,Habil,2025-09-11,547,574.5,0.9521322889469104,False
C,Habil,2025-09-12,583,574.5,1.0147954743255005,False
C,Habil,2025-09-15,579,574.5,1.0078328981723237,False
C,Habil,2025-09-16,590,574.5,1.0269799825935597,False
C,Habil,2025-09-17,586,574.5,1.0200174064403829,False
C,Habil,2025-09-18,578,574.5,1.0060922541340296,False
C,Habil,2025-09-19,584,574.5,1.0165361183637946,False
C,Habil,2025-09-22,586,574.5,1.0200174064403829,False
C,Habil,2025-09-23,572,574.5,0.9956483899042646,False
C,Habil,2025-09-24,584,574.5,1.0165361183637946,False
C,Habil,2025-09-25,582,574.5,1.0130548302872062,False
C,Habil,2025-09-26,570,574.5,0.9921671018276762,False
C,Habil,2025-09-29,576,574.5,1.0026109660574412,False
C,Habil,2025-09-30,586,574.5,1.0200174064403829,False
C,Habil,2025-10-01,572,574.5,0.9956483899042646,False
C,Habil,2025-10-02,580,574.5,1.009573542210618,False
C,Habil,2025-10-03,584,574.5,1.0165361183637946,False
C,Habil,2025-10-06,582,574.5,1.0130548302872062,False
C,Habil,2025-10-07,584,574.5,1.0165361183637946,False
C,Habil,2025-10-08,570,574.5,0.9921671018276762,False
C,Habil,2025-10-09,582,574.5,1.0130548302872062,False
C,Habil,2025-10-13,584,574.5,1.0165361183637946,False
C,Habil,2025-10-14,580,574.5,1.009573542210618,False
C,Habil,2025-10-15,576,574.5,1.0026109660574412,False
C,Habil,2025-10-16,578,574.5,1.0060922541340296,False
C,Habil,2025-10-17,572,574.5,0.9956483899042646,False
C,Habil,2025-10-20,574,574.5,0.999129677980853,False
C,Habil,2025-10-21,586,574.5,1.0200174064403829,False
C,Habil,2025-10-22,548,574.5,0.9538729329852045,False
C,Habil,2025-10-23,546,574.5,0.9503916449086162,False
C,Habil,2025-10-24,552,574.5,0.9608355091383812,False
C,Habil,2025-10-27,558,574.5,0.9712793733681462,False
C,Habil,2025-10-28,565,574.5,0.9834638816362054,False
C,Habil,2025-10-29,559,574.5,0.9730200174064404,False
C,Habil,2025-10-30,560,574.5,0.9747606614447345,False
C,Habil,2025-10-31,582,574.5,1.0130548302872062,False
C,Habil,2025-11-03,568,574.5,0.9886858137510879,False
C,Habil,2025-11-04,577,574.5,1.0043516100957355,False
C,Habil,2025-11-05,543,574.5,0.9451697127937336,False
C,Habil,2025-11-06,582,574.5,1.0130548302872062,False
C,Habil,2025-11-07,585,574.5,1.0182767624020888,False
C,Habil,2025-11-10,584,574.5,1.0165361183637946,False
C,Habil,2025-11-11,568,574.5,0.9886858137510879,False
C,Habil,2025-11-12,582,574.5,1.0130548302872062,False
C,Habil,2025-11-13,573,574.5,0.9973890339425587,False
C,Habil,2025-11-14,566,574.5,0.9852045256744996,False
C,Habil,2025-11-17,582,574.5,1.0130548302872062,False
C,Habil,2025-11-18,571,574.5,0.9939077458659704,False
C,Habil,2025-11-19,580,574.5,1.009573542210618,False
C,Habil,2025-11-20,580,574.5,1.009573542210618,False
C,Habil,2025-11-25,581,574.5,1.0113141862489121,False
C,Habil,2025-11-26,558,574.5,0.9712793733681462,False
C,Habil,2025-11-27,578,574.5,1.0060922541340296,False
C,Habil,2025-11-28,554,574.5,0.9643167972149695,False
C,Habil,2025-12-01,558,574.5,0.9712793733681462,False
C,Habil,2025-12-02,537,574.5,0.9347258485639687,False
C,Habil,2025-12-03,563,574.5,0.979982593559617,False
C,Habil,2025-12-04,563,574.5,0.979982593559617,False
C,Habil,2025-12-05,578,574.5,1.0060922541340296,False
C,Habil,2025-12-09,555,574.5,0.9660574412532638,False
C,Habil,2025-12-10,567,574.5,0.9869451697127938,False
C,Habil,2025-12-11,553,574.5,0.9625761531766753,False
C,Habil,2025-12-12,554,574.5,0.9643167972149695,False
C,Habil,2025-12-15,581,574.5,1.0113141862489121,False
C,Habil,2025-12-16,584,574.5,1.0165361183637946,False
C,Habil,2025-12-17,564,574.5,0.9817232375979112,False
C,Habil,2025-12-18,530,574.5,0.9225413402959095,False
C,Habil,2025-12-19,554,574.5,0.9643167972149695,False
C,Habil,2025-12-22,570,574.5,0.9921671018276762,False
C,Habil,2025-12-23,582,574.5,1.0130548302872062,False
C,Habil,2025-12-26,561,574.5,0.9765013054830287,False
C,Habil,2025-12-29,582,574.5,1.0130548302872062,False
C,Habil,2025-12-30,587,574.5,1.0217580504786772,False
C,Sabado,2025-01-04,382,383.0,0.9973890339425587,False
C,Sabado,2025-01-11,381,383.0,0.9947780678851175,False
C,Sabado,2025-01-18,347,383.0,0.9060052219321149,False
C,Sabado,2025-01-25,383,383.0,1.0,False
C,Sabado,2025-02-01,375,383.0,0.97911227154047,False
C,Sabado,2025-02-08,383,383.0,1.0,False
C,Sabado,2025-02-15,383,383.0,1.0,False
C,Sabado,2025-02-22,383,383.0,1.0,False
C,Sabado,2025-04-05,381,383.0,0.9947780678851175,False
C,Sabado,2025-04-12,383,383.0,1.0,False
C,Sabado,2025-04-17,385,383.0,1.0052219321148825,False
C,Sabado,2025-04-19,395,383.0,1.031331592689295,False
C,Sabado,2025-04-26,383,383.0,1.0,False
C,Sabado,2025-05-02,379,383.0,0.9895561357702349,False
C,Sabado,2025-05-03,383,383.0,1.0,False
C,Sabado,2025-05-10,379,383.0,0.9895561357702349,False
C,Sabado,2025-05-17,383,383.0,1.0,False
C,Sabado,2025-05-24,383,383.0,1.0,False
C,Sabado,2025-05-31,383,383.0,1.0,False
C,Sabado,2025-06-07,381,383.0,0.9947780678851175,False
C,Sabado,2025-06-14,383,383.0,1.0,False
C,Sabado,2025-06-21,383,383.0,1.0,False
C,Sabado,2025-06-28,383,383.0,1.0,False
C,Sabado,2025-07-05,383,383.0,1.0,False
C,Sabado,2025-07-12,381,383.0,0.9947780678851175,False
C,Sabado,2025-07-19,383,383.0,1.0,False
C,Sabado,2025-07-26,383,383.0,1.0,False
C,Sabado,2025-08-02,381,383.0,0.9947780678851175,False
C,Sabado,2025-08-09,383,383.0,1.0,False
C,Sabado,2025-08-15,383,383.0,1.0,False
C,Sabado,2025-08-16,383,383.0,1.0,False
C,Sabado,2025-08-23,383,383.0,1.0,False
C,Sabado,2025-08-30,378,383.0,0.9869451697127938,False
C,Sabado,2025-09-06,383,383.0,1.0,False
C,Sabado,2025-09-13,383,383.0,1.0,False
C,Sabado,2025-09-20,383,383.0,1.0,False
C,Sabado,2025-09-27,380,383.0,0.9921671018276762,False
C,Sabado,2025-10-04,383,383.0,1.0,False
C,Sabado,2025-10-11,383,383.0,1.0,False
C,Sabado,2025-10-18,381,383.0,0.9947780678851175,False
C,Sabado,2025-10-25,379,383.0,0.9895561357702349,False
C,Sabado,2025-11-01,381,383.0,0.9947780678851175,False
C,Sabado,2025-11-08,383,383.0,1.0,False
C,Sabado,2025-11-15,377,383.0,0.9843342036553525,False
C,Sabado,2025-11-21,383,383.0,1.0,False
C,Sabado,2025-11-22,383,383.0,1.0,False
C,Sabado,2025-11-29,381,383.0,0.9947780678851175,False
C,Sabado,2025-12-06,371,383.0,0.9686684073107049,False
C,Sabado,2025-12-13,377,383.0,0.9843342036553525,False
C,Sabado,2025-12-20,359,383.0,0.9373368146214099,False
C,Sabado,2025-12-24,339,383.0,0.8851174934725848,False
C,Sabado,2025-12-27,383,383.0,1.0,False
C,Sabado,2025-12-31,339,383.0,0.8851174934725848,False
D,Domingo,2025-01-05,236,236.0,1.0,False
D,Domingo,2025-01-12,236,236.0,1.0,False
D,Domingo,2025-01-19,236,236.0,1.0,False
D,Domingo,2025-01-26,236,236.0,1.0,False
D,Domingo,2025-02-02,236,236.0,1.0,False
D,Domingo,2025-02-09,236,236.0,1.0,False
D,Domingo,2025-02-16,236,236.0,1.0,False
D,Domingo,2025-02-23,236,236.0,1.0,False
D,Domingo,2025-04-06,236,236.0,1.0,False
D,Domingo,2025-04-13,236,236.0,1.0,False
D,Domingo,2025-04-20,236,236.0,1.0,False
D,Domingo,2025-04-27,244,236.0,1.0338983050847457,False
D,Domingo,2025-05-04,236,236.0,1.0,False
D,Domingo,2025-05-11,236,236.0,1.0,False
D,Domingo,2025-05-18,241,236.0,1.021186440677966,False
D,Domingo,2025-06-01,236,236.0,1.0,False
D,Domingo,2025-06-08,236,236.0,1.0,False
D,Domingo,2025-06-15,230,236.0,0.9745762711864406,False
D,Domingo,2025-06-22,258,236.0,1.0932203389830508,False
D,Domingo,2025-06-29,236,236.0,1.0,False
D,Domingo,2025-07-06,236,236.0,1.0,False
D,Domingo,2025-07-13,236,236.0,1.0,False
D,Domingo,2025-07-20,236,236.0,1.0,False
D,Domingo,2025-07-27,236,236.0,1.0,False
D,Domingo,2025-08-03,236,236.0,1.0,False
D,Domingo,2025-08-10,236,236.0,1.0,False
D,Domingo,2025-08-24,236,236.0,1.0,False
D,Domingo,2025-08-31,236,236.0,1.0,False
D,Domingo,2025-09-07,236,236.0,1.0,False
D,Domingo,2025-09-14,236,236.0,1.0,False
D,Domingo,2025-09-21,236,236.0,1.0,False
D,Domingo,2025-09-28,236,236.0,1.0,False
D,Domingo,2025-10-05,240,236.0,1.0169491525423728,False
D,Domingo,2025-10-12,232,236.0,0.9830508474576272,False
D,Domingo,2025-10-19,236,236.0,1.0,False
D,Domingo,2025-10-26,245,236.0,1.0381355932203389,False
D,Domingo,2025-11-02,242,236.0,1.0254237288135593,False
D,Domingo,2025-11-09,236,236.0,1.0,False
D,Domingo,2025-11-16,270,236.0,1.1440677966101696,False
D,Domingo,2025-11-23,236,236.0,1.0,False
D,Domingo,2025-11-30,236,236.0,1.0,False
D,Domingo,2025-12-07,212,236.0,0.8983050847457628,False
D,Domingo,2025-12-14,236,236.0,1.0,False
D,Domingo,2025-12-21,236,236.0,1.0,False
D,Domingo,2025-12-28,236,236.0,1.0,False
D,Feriado,2025-01-01,235,236.0,0.9957627118644068,False
D,Feriado,2025-04-02,246,236.0,1.0423728813559323,False
D,Feriado,2025-04-18,248,236.0,1.0508474576271187,False
D,Feriado,2025-05-01,236,236.0,1.0,False
D,Feriado,2025-05-25,236,236.0,1.0,False
D,Feriado,2025-06-16,236,236.0,1.0,False
D,Feriado,2025-06-20,236,236.0,1.0,False
D,Feriado,2025-07-09,248,236.0,1.0508474576271187,False
D,Feriado,2025-08-17,236,236.0,1.0,False
D,Feriado,2025-10-10,236,236.0,1.0,False
D,Feriado,2025-11-24,236,236.0,1.0,False
D,Feriado,2025-12-08,236,236.0,1.0,False
D,Feriado,2025-12-25,236,236.0,1.0,False
D,Habil,2025-01-02,422,500.5,0.8431568431568431,False
D,Habil,2025-01-03,426,500.5,0.8511488511488512,False
D,Habil,2025-01-06,434,500.5,0.8671328671328671,False
D,Habil,2025-01-07,430,500.5,0.8591408591408591,False
D,Habil,2025-01-08,430,500.5,0.8591408591408591,False
D,Habil,2025-01-09,430,500.5,0.8591408591408591,False
D,Habil,2025-01-10,430,500.5,0.8591408591408591,False
D,Habil,2025-01-13,424,500.5,0.8471528471528471,False
D,Habil,2025-01-14,434,500.5,0.8671328671328671,False
D,Habil,2025-01-15,434,500.5,0.8671328671328671,False
D,Habil,2025-01-16,432,500.5,0.8631368631368631,False
D,Habil,2025-01-17,434,500.5,0.8671328671328671,False
D,Habil,2025-01-20,422,500.5,0.8431568431568431,False
D,Habil,2025-01-21,427,500.5,0.8531468531468531,False
D,Habil,2025-01-22,432,500.5,0.8631368631368631,False
D,Habil,2025-01-23,430,500.5,0.8591408591408591,False
D,Habil,2025-01-24,417,500.5,0.8331668331668332,False
D,Habil,2025-01-27,428,500.5,0.8551448551448552,False
D,Habil,2025-01-28,430,500.5,0.8591408591408591,False
D,Habil,2025-01-29,430,500.5,0.8591408591408591,False
D,Habil,2025-01-30,432,500.5,0.8631368631368631,False
D,Habil,2025-01-31,434,500.5,0.8671328671328671,False
D,Habil,2025-02-03,421,500.5,0.8411588411588412,False
D,Habil,2025-02-04,420,500.5,0.8391608391608392,False
D,Habil,2025-02-05,430,500.5,0.8591408591408591,False
D,Habil,2025-02-06,434,500.5,0.8671328671328671,False
D,Habil,2025-02-07,434,500.5,0.8671328671328671,False
D,Habil,2025-02-10,427,500.5,0.8531468531468531,False
D,Habil,2025-02-11,434,500.5,0.8671328671328671,False
D,Habil,2025-02-12,434,500.5,0.8671328671328671,False
D,Habil,2025-02-13,434,500.5,0.8671328671328671,False
D,Habil,2025-02-14,434,500.5,0.8671328671328671,False
D,Habil,2025-02-17,432,500.5,0.8631368631368631,False
D,Habil,2025-02-18,434,500.5,0.8671328671328671,False
D,Habil,2025-02-19,442,500.5,0.8831168831168831,False
D,Habil,2025-02-20,436,500.5,0.8711288711288712,False
D,Habil,2025-02-21,428,500.5,0.8551448551448552,False
D,Habil,2025-02-24,482,500.5,0.9630369630369631,False
D,Habil,2025-02-25,464,500.5,0.9270729270729271,False
D,Habil,2025-02-26,476,500.5,0.951048951048951,False
D,Habil,2025-02-27,436,500.5,0.8711288711288712,False
D,Habil,2025-02-28,459,500.5,0.9170829170829171,False
D,Habil,2025-04-01,472,500.5,0.9430569430569431,False
D,Habil,2025-04-03,476,500.5,0.951048951048951,False
D,Habil,2025-04-04,474,500.5,0.9470529470529471,False
D,Habil,2025-04-07,466,500.5,0.9310689310689311,False
D,Habil,2025-04-08,476,500.5,0.951048951048951,False
D,Habil,2025-04-09,484,500.5,0.967032967032967,False
D,Habil,2025-04-11,448,500.5,0.8951048951048951,False
D,Habil,2025-04-14,452,500.5,0.903096903096903,False
D,Habil,2025-04-15,467,500.5,0.9330669330669331,False
D,Habil,2025-04-16,477,500.5,0.9530469530469531,False
D,Habil,2025-04-21,474,500.5,0.9470529470529471,False
D,Habil,2025-04-22,464,500.5,0.9270729270729271,False
D,Habil,2025-04-23,488,500.5,0.975024975024975,False
D,Habil,2025-04-24,480,500.5,0.9590409590409591,False
D,Habil,2025-04-25,425,500.5,0.8491508491508492,False
D,Habil,2025-04-28,422,500.5,0.8431568431568431,False
D,Habil,2025-04-29,474,500.5,0.9470529470529471,False
D,Habil,2025-04-30,470,500.5,0.939060939060939,False
D,Habil,2025-05-05,466,500.5,0.9310689310689311,False
D,Habil,2025-05-06,459,500.5,0.9170829170829171,False
D,Habil,2025-05-07,459,500.5,0.9170829170829171,False
D,Habil,2025-05-08,478,500.5,0.955044955044955,False
D,Habil,2025-05-09,457,500.5,0.913086913086913,False
D,Habil,2025-05-12,464,500.5,0.9270729270729271,False
D,Habil,2025-05-13,459,500.5,0.9170829170829171,False
D,Habil,2025-05-14,475,500.5,0.949050949050949,False
D,Habil,2025-05-15,496,500.5,0.991008991008991,False
D,Habil,2025-05-16,475,500.5,0.949050949050949,False
D,Habil,2025-05-19,486,500.5,0.971028971028971,False
D,Habil,2025-05-20,475,500.5,0.949050949050949,False
D,Habil,2025-05-21,484,500.5,0.967032967032967,False
D,Habil,2025-05-22,490,500.5,0.9790209790209791,False
D,Habil,2025-05-23,488,500.5,0.975024975024975,False
D,Habil,2025-05-26,488,500.5,0.975024975024975,False
D,Habil,2025-05-27,502,500.5,1.002997002997003,False
D,Habil,2025-05-28,486,500.5,0.971028971028971,False
D,Habil,2025-05-29,486,500.5,0.971028971028971,False
D,Habil,2025-05-30,479,500.5,0.957042957042957,False
D,Habil,2025-06-02,486,500.5,0.971028971028971,False
D,Habil,2025-06-03,488,500.5,0.975024975024975,False
D,Habil,2025-06-04,486,500.5,0.971028971028971,False
D,Habil,2025-06-05,486,500.5,0.971028971028971,False
D,Habil,2025-06-06,484,500.5,0.967032967032967,False
D,Habil,2025-06-09,486,500.5,0.971028971028971,False
D,Habil,2025-06-10,503,500.5,1.004995004995005,False
D,Habil,2025-06-11,484,500.5,0.967032967032967,False
D,Habil,2025-06-12,486,500.5,0.971028971028971,False
D,Habil,2025-06-13,480,500.5,0.9590409590409591,False
D,Habil,2025-06-17,486,500.5,0.971028971028971,False
D,Habil,2025-06-18,480,500.5,0.9590409590409591,False
D,Habil,2025-06-19,484,500.5,0.967032967032967,False
D,Habil,2025-06-23,482,500.5,0.9630369630369631,False
D,Habil,2025-06-24,482,500.5,0.9630369630369631,False
D,Habil,2025-06-25,456,500.5,0.9110889110889111,False
D,Habil,2025-06-26,486,500.5,0.971028971028971,False
D,Habil,2025-06-27,482,500.5,0.9630369630369631,False
D,Habil,2025-06-30,502,500.5,1.002997002997003,False
D,Habil,2025-07-01,492,500.5,0.983016983016983,False
D,Habil,2025-07-02,493,500.5,0.985014985014985,False
D,Habil,2025-07-03,487,500.5,0.973026973026973,False
D,Habil,2025-07-04,510,500.5,1.018981018981019,False
D,Habil,2025-07-07,498,500.5,0.995004995004995,False
D,Habil,2025-07-08,488,500.5,0.975024975024975,False
D,Habil,2025-07-10,482,500.5,0.9630369630369631,False
D,Habil,2025-07-11,499,500.5,0.997002997002997,False
D,Habil,2025-07-14,521,500.5,1.040959040959041,False
D,Habil,2025-07-15,540,500.5,1.078921078921079,False
D,Habil,2025-07-16,535,500.5,1.068931068931069,False
D,Habil,2025-07-17,541,500.5,1.080919080919081,False
D,Habil,2025-07-18,543,500.5,1.0849150849150848,False
D,Habil,2025-07-21,557,500.5,1.112887112887113,False
D,Habil,2025-07-22,539,500.5,1.0769230769230769,False
D,Habil,2025-07-23,545,500.5,1.088911088911089,False
D,Habil,2025-07-24,555,500.5,1.1088911088911089,False
D,Habil,2025-07-25,543,500.5,1.0849150849150848,False
D,Habil,2025-07-28,553,500.5,1.1048951048951048,False
D,Habil,2025-07-29,545,500.5,1.088911088911089,False
D,Habil,2025-07-30,533,500.5,1.0649350649350648,False
D,Habil,2025-07-31,555,500.5,1.1088911088911089,False
D,Habil,2025-08-01,541,500.5,1.080919080919081,False
D,Habil,2025-08-04,469,500.5,0.9370629370629371,False
D,Habil,2025-08-05,539,500.5,1.0769230769230769,False
D,Habil,2025-08-06,533,500.5,1.0649350649350648,False
D,Habil,2025-08-07,533,500.5,1.0649350649350648,False
D,Habil,2025-08-08,513,500.5,1.024975024975025,False
D,Habil,2025-08-11,523,500.5,1.0449550449550449,False
D,Habil,2025-08-12,511,500.5,1.020979020979021,False
D,Habil,2025-08-13,499,500.5,0.997002997002997,False
D,Habil,2025-08-14,537,500.5,1.072927072927073,False
D,Habil,2025-08-18,552,500.5,1.1028971028971029,False
D,Habil,2025-08-19,539,500.5,1.0769230769230769,False
D,Habil,2025-08-20,535,500.5,1.068931068931069,False
D,Habil,2025-08-21,563,500.5,1.124875124875125,False
D,Habil,2025-08-22,546,500.5,1.0909090909090908,False
D,Habil,2025-08-25,541,500.5,1.080919080919081,False
D,Habil,2025-08-26,541,500.5,1.080919080919081,False
D,Habil,2025-08-27,535,500.5,1.068931068931069,False
D,Habil,2025-08-28,535,500.5,1.068931068931069,False
D,Habil,2025-08-29,557,500.5,1.112887112887113,False
D,Habil,2025-09-01,541,500.5,1.080919080919081,False
D,Habil,2025-09-02,525,500.5,1.048951048951049,False
D,Habil,2025-09-03,555,500.5,1.1088911088911089,False
D,Habil,2025-09-04,558,500.5,1.1148851148851149,False
D,Habil,2025-09-05,534,500.5,1.066933066933067,False
D,Habil,2025-09-08,547,500.5,1.092907092907093,False
D,Habil,2025-09-09,537,500.5,1.072927072927073,False
D,Habil,2025-09-10,539,500.5,1.0769230769230769,False
D,Habil,2025-09-11,524,500.5,1.046953046953047,False
D,Habil,2025-09-12,546,500.5,1.0909090909090908,False
D,Habil,2025-09-15,520,500.5,1.0389610389610389,False
D,Habil,2025-09-16,487,500.5,0.973026973026973,False
D,Habil,2025-09-17,569,500.5,1.1368631368631368,False
D,Habil,2025-09-18,550,500.5,1.098901098901099,False
D,Habil,2025-09-19,563,500.5,1.124875124875125,False
D,Habil,2025-09-22,512,500.5,1.022977022977023,False
D,Habil,2025-09-23,527,500.5,1.052947052947053,False
D,Habil,2025-09-24,518,500.5,1.034965034965035,False
D,Habil,2025-09-25,535,500.5,1.068931068931069,False
D,Habil,2025-09-26,498,500.5,0.995004995004995,False
D,Habil,2025-09-29,495,500.5,0.989010989010989,False
D,Habil,2025-09-30,518,500.5,1.034965034965035,False
D,Habil,2025-10-01,537,500.5,1.072927072927073,False
D,Habil,2025-10-02,459,500.5,0.9170829170829171,False
D,Habil,2025-10-03,539,500.5,1.0769230769230769,False
D,Habil,2025-10-06,523,500.5,1.0449550449550449,False
D,Habil,2025-10-07,499,500.5,0.997002997002997,False
D,Habil,2025-10-08,546,500.5,1.0909090909090908,False
D,Habil,2025-10-09,523,500.5,1.0449550449550449,False
D,Habil,2025-10-13,547,500.5,1.092907092907093,False
D,Habil,2025-10-14,551,500.5,1.100899100899101,False
D,Habil,2025-10-15,545,500.5,1.088911088911089,False
D,Habil,2025-10-16,465,500.5,0.929070929070929,False
D,Habil,2025-10-17,534,500.5,1.066933066933067,False
D,Habil,2025-10-20,551,500.5,1.100899100899101,False
D,Habil,2025-10-21,530,500.5,1.0589410589410588,False
D,Habil,2025-10-22,545,500.5,1.088911088911089,False
D,Habil,2025-10-23,555,500.5,1.1088911088911089,False
D,Habil,2025-10-24,537,500.5,1.072927072927073,False
D,Habil,2025-10-27,529,500.5,1.056943056943057,False
D,Habil,2025-10-28,538,500.5,1.074925074925075,False
D,Habil,2025-10-29,527,500.5,1.052947052947053,False
D,Habil,2025-10-30,533,500.5,1.0649350649350648,False
D,Habil,2025-10-31,549,500.5,1.0969030969030968,False
D,Habil,2025-11-03,533,500.5,1.0649350649350648,False
D,Habil,2025-11-04,549,500.5,1.0969030969030968,False
D,Habil,2025-11-05,528,500.5,1.054945054945055,False
D,Habil,2025-11-06,551,500.5,1.100899100899101,False
D,Habil,2025-11-07,569,500.5,1.1368631368631368,False
D,Habil,2025-11-10,551,500.5,1.100899100899101,False
D,Habil,2025-11-11,543,500.5,1.0849150849150848,False
D,Habil,2025-11-12,545,500.5,1.088911088911089,False
D,Habil,2025-11-13,551,500.5,1.100899100899101,False
D,Habil,2025-11-14,556,500.5,1.1108891108891108,False
D,Habil,2025-11-17,545,500.5,1.088911088911089,False
D,Habil,2025-11-18,561,500.5,1.120879120879121,False
D,Habil,2025-11-19,557,500.5,1.112887112887113,False
D,Habil,2025-11-20,546,500.5,1.0909090909090908,False
D,Habil,2025-11-25,515,500.5,1.028971028971029,False
D,Habil,2025-11-26,543,500.5,1.0849150849150848,False
D,Habil,2025-11-27,533,500.5,1.0649350649350648,False
D,Habil,2025-11-28,530,500.5,1.0589410589410588,False
D,Habil,2025-12-01,502,500.5,1.002997002997003,False
D,Habil,2025-12-02,557,500.5,1.112887112887113,False
D,Habil,2025-12-03,546,500.5,1.0909090909090908,False
D,Habil,2025-12-04,536,500.5,1.0709290709290709,False
D,Habil,2025-12-05,543,500.5,1.0849150849150848,False
D,Habil,2025-12-09,543,500.5,1.0849150849150848,False
D,Habil,2025-12-10,543,500.5,1.0849150849150848,False
D,Habil,2025-12-11,553,500.5,1.1048951048951048,False
D,Habil,2025-12-12,576,500.5,1.150849150849151,False
D,Habil,2025-12-15,535,500.5,1.068931068931069,False
D,Habil,2025-12-16,543,500.5,1.0849150849150848,False
D,Habil,2025-12-17,557,500.5,1.112887112887113,False
D,Habil,2025-12-18,538,500.5,1.074925074925075,False
D,Habil,2025-12-19,521,500.5,1.040959040959041,False
D,Habil,2025-12-22,533,500.5,1.0649350649350648,False
D,Habil,2025-12-23,533,500.5,1.0649350649350648,False
D,Habil,2025-12-26,539,500.5,1.0769230769230769,False
D,Habil,2025-12-29,527,500.5,1.052947052947053,False
D,Habil,2025-12-30,525,500.5,1.048951048951049,False
D,Sabado,2025-01-04,292,296.0,0.9864864864864865,False
D,Sabado,2025-01-11,292,296.0,0.9864864864864865,False
D,Sabado,2025-01-18,292,296.0,0.9864864864864865,False
D,Sabado,2025-01-25,292,296.0,0.9864864864864865,False
D,Sabado,2025-02-01,287,296.0,0.9695945945945946,False
D,Sabado,2025-02-08,291,296.0,0.9831081081081081,False
D,Sabado,2025-02-15,292,296.0,0.9864864864864865,False
D,Sabado,2025-02-22,291,296.0,0.9831081081081081,False
D,Sabado,2025-04-05,292,296.0,0.9864864864864865,False
D,Sabado,2025-04-12,294,296.0,0.9932432432432432,False
D,Sabado,2025-04-17,298,296.0,1.0067567567567568,False
D,Sabado,2025-04-19,296,296.0,1.0,False
D,Sabado,2025-04-26,292,296.0,0.9864864864864865,False
D,Sabado,2025-05-02,292,296.0,0.9864864864864865,False
D,Sabado,2025-05-03,292,296.0,0.9864864864864865,False
D,Sabado,2025-05-10,292,296.0,0.9864864864864865,False
D,Sabado,2025-05-17,292,296.0,0.9864864864864865,False
D,Sabado,2025-05-24,292,296.0,0.9864864864864865,False
D,Sabado,2025-05-31,292,296.0,0.9864864864864865,False
D,Sabado,2025-06-07,288,296.0,0.972972972972973,False
D,Sabado,2025-06-14,294,296.0,0.9932432432432432,False
D,Sabado,2025-06-21,303,296.0,1.0236486486486487,False
D,Sabado,2025-06-28,281,296.0,0.9493243243243243,False
D,Sabado,2025-07-05,284,296.0,0.9594594594594594,False
D,Sabado,2025-07-12,291,296.0,0.9831081081081081,False
D,Sabado,2025-07-19,298,296.0,1.0067567567567568,False
D,Sabado,2025-07-26,298,296.0,1.0067567567567568,False
D,Sabado,2025-08-02,298,296.0,1.0067567567567568,False
D,Sabado,2025-08-09,298,296.0,1.0067567567567568,False
D,Sabado,2025-08-15,302,296.0,1.0202702702702702,False
D,Sabado,2025-08-16,298,296.0,1.0067567567567568,False
D,Sabado,2025-08-23,298,296.0,1.0067567567567568,False
D,Sabado,2025-08-30,298,296.0,1.0067567567567568,False
D,Sabado,2025-09-06,294,296.0,0.9932432432432432,False
D,Sabado,2025-09-13,298,296.0,1.0067567567567568,False
D,Sabado,2025-09-20,296,296.0,1.0,False
D,Sabado,2025-09-27,298,296.0,1.0067567567567568,False
D,Sabado,2025-10-04,306,296.0,1.0337837837837838,False
D,Sabado,2025-10-11,296,296.0,1.0,False
D,Sabado,2025-10-18,298,296.0,1.0067567567567568,False
D,Sabado,2025-10-25,298,296.0,1.0067567567567568,False
D,Sabado,2025-11-01,298,296.0,1.0067567567567568,False
D,Sabado,2025-11-08,322,296.0,1.087837837837838,False
D,Sabado,2025-11-15,312,296.0,1.054054054054054,False
D,Sabado,2025-11-21,298,296.0,1.0067567567567568,False
D,Sabado,2025-11-22,298,296.0,1.0067567567567568,False
D,Sabado,2025-11-29,297,296.0,1.0033783783783783,False
D,Sabado,2025-12-06,298,296.0,1.0067567567567568,False
D,Sabado,2025-12-13,312,296.0,1.054054054054054,False
D,Sabado,2025-12-20,300,296.0,1.0135135135135136,False
D,Sabado,2025-12-24,260,296.0,0.8783783783783784,False
D,Sabado,2025-12-27,298,296.0,1.0067567567567568,False
D,Sabado,2025-12-31,260,296.0,0.8783783783783784,False
E,Domingo,2025-01-05,165,188.0,0.8776595744680851,False
E,Domingo,2025-01-12,165,188.0,0.8776595744680851,False
E,Domingo,2025-01-19,165,188.0,0.8776595744680851,False
E,Domingo,2025-01-26,165,188.0,0.8776595744680851,False
E,Domingo,2025-02-02,164,188.0,0.8723404255319149,False
E,Domingo,2025-02-09,165,188.0,0.8776595744680851,False
E,Domingo,2025-02-16,165,188.0,0.8776595744680851,False
E,Domingo,2025-02-23,161,188.0,0.8563829787234043,False
E,Domingo,2025-04-06,182,188.0,0.9680851063829787,False
E,Domingo,2025-04-13,190,188.0,1.0106382978723405,False
E,Domingo,2025-04-20,190,188.0,1.0106382978723405,False
E,Domingo,2025-04-27,190,188.0,1.0106382978723405,False
E,Domingo,2025-05-04,188,188.0,1.0,False
E,Domingo,2025-05-11,190,188.0,1.0106382978723405,False
E,Domingo,2025-05-18,191,188.0,1.0159574468085106,False
E,Domingo,2025-06-01,178,188.0,0.9468085106382979,False
E,Domingo,2025-06-08,190,188.0,1.0106382978723405,False
E,Domingo,2025-06-15,190,188.0,1.0106382978723405,False
E,Domingo,2025-06-22,190,188.0,1.0106382978723405,False
E,Domingo,2025-06-29,186,188.0,0.9893617021276596,False
E,Domingo,2025-07-06,190,188.0,1.0106382978723405,False
E,Domingo,2025-07-13,189,188.0,1.0053191489361701,False
E,Domingo,2025-07-20,190,188.0,1.0106382978723405,False
E,Domingo,2025-07-27,190,188.0,1.0106382978723405,False
E,Domingo,2025-08-03,190,188.0,1.0106382978723405,False
E,Domingo,2025-08-10,187,188.0,0.9946808510638298,False
E,Domingo,2025-08-24,190,188.0,1.0106382978723405,False
E,Domingo,2025-08-31,189,188.0,1.0053191489361701,False
E,Domingo,2025-09-07,190,188.0,1.0106382978723405,False
E,Domingo,2025-09-14,199,188.0,1.0585106382978724,False
E,Domingo,2025-09-21,190,188.0,1.0106382978723405,False
E,Domingo,2025-09-28,188,188.0,1.0,False
E,Domingo,2025-10-05,185,188.0,0.9840425531914894,False
E,Domingo,2025-10-12,193,188.0,1.0265957446808511,False
E,Domingo,2025-10-19,188,188.0,1.0,False
E,Domingo,2025-10-26,182,188.0,0.9680851063829787,False
E,Domingo,2025-11-02,180,188.0,0.9574468085106383,False
E,Domingo,2025-11-09,184,188.0,0.9787234042553191,False
E,Domingo,2025-11-16,182,188.0,0.9680851063829787,False
E,Domingo,2025-11-23,190,188.0,1.0106382978723405,False
E,Domingo,2025-11-30,187,188.0,0.9946808510638298,False
E,Domingo,2025-12-07,190,188.0,1.0106382978723405,False
E,Domingo,2025-12-14,169,188.0,0.898936170212766,False
E,Domingo,2025-12-21,188,188.0,1.0,False
E,Domingo,2025-12-28,190,188.0,1.0106382978723405,False
E,Feriado,2025-01-01,180,190.0,0.9473684210526315,False
E,Feriado,2025-04-02,195,190.0,1.0263157894736843,False
E,Feriado,2025-04-18,185,190.0,0.9736842105263158,False
E,Feriado,2025-05-01,187,190.0,0.9842105263157894,False
E,Feriado,2025-05-25,187,190.0,0.9842105263157894,False
E,Feriado,2025-06-16,190,190.0,1.0,False
E,Feriado,2025-06-20,191,190.0,1.0052631578947369,False
E,Feriado,2025-07-09,195,190.0,1.0263157894736843,False
E,Feriado,2025-08-17,186,190.0,0.9789473684210527,False
E,Feriado,2025-10-10,200,190.0,1.0526315789473684,False
E,Feriado,2025-11-24,190,190.0,1.0,False
E,Feriado,2025-12-08,192,190.0,1.0105263157894737,False
E,Feriado,2025-12-25,186,190.0,0.9789473684210527,False
E,Habil,2025-01-02,297,371.0,0.8005390835579514,False
E,Habil,2025-01-03,300,371.0,0.8086253369272237,False
E,Habil,2025-01-06,302,371.0,0.8140161725067385,False
E,Habil,2025-01-07,290,371.0,0.7816711590296496,False
E,Habil,2025-01-08,296,371.0,0.7978436657681941,False
E,Habil,2025-01-09,288,371.0,0.7762803234501348,False
E,Habil,2025-01-10,294,371.0,0.7924528301886793,False
E,Habil,2025-01-13,292,371.0,0.7870619946091644,False
E,Habil,2025-01-14,295,371.0,0.7951482479784366,False
E,Habil,2025-01-15,300,371.0,0.8086253369272237,False
E,Habil,2025-01-16,286,371.0,0.77088948787062,False
E,Habil,2025-01-17,294,371.0,0.7924528301886793,False
E,Habil,2025-01-20,300,371.0,0.8086253369272237,False
E,Habil,2025-01-21,303,371.0,0.816711590296496,False
E,Habil,2025-01-22,304,371.0,0.8194070080862533,False
E,Habil,2025-01-23,301,371.0,0.8113207547169812,False
E,Habil,2025-01-24,306,371.0,0.8247978436657682,False
E,Habil,2025-01-27,302,371.0,0.8140161725067385,False
E,Habil,2025-01-28,300,371.0,0.8086253369272237,False
E,Habil,2025-01-29,306,371.0,0.8247978436657682,False
E,Habil,2025-01-30,300,371.0,0.8086253369272237,False
E,Habil,2025-01-31,291,371.0,0.784366576819407,False
E,Habil,2025-02-03,295,371.0,0.7951482479784366,False
E,Habil,2025-02-04,296,371.0,0.7978436657681941,False
E,Habil,2025-02-05,296,371.0,0.7978436657681941,False
E,Habil,2025-02-06,294,371.0,0.7924528301886793,False
E,Habil,2025-02-07,282,371.0,0.7601078167115903,False
E,Habil,2025-02-10,296,371.0,0.7978436657681941,False
E,Habil,2025-02-11,297,371.0,0.8005390835579514,False
E,Habil,2025-02-12,300,371.0,0.8086253369272237,False
E,Habil,2025-02-13,301,371.0,0.8113207547169812,False
E,Habil,2025-02-14,298,371.0,0.8032345013477089,False
E,Habil,2025-02-17,299,371.0,0.8059299191374663,False
E,Habil,2025-02-18,300,371.0,0.8086253369272237,False
E,Habil,2025-02-19,299,371.0,0.8059299191374663,False
E,Habil,2025-02-20,290,371.0,0.7816711590296496,False
E,Habil,2025-02-21,298,371.0,0.8032345013477089,False
E,Habil,2025-02-24,352,371.0,0.9487870619946092,False
E,Habil,2025-02-25,364,371.0,0.9811320754716981,False
E,Habil,2025-02-26,399,371.0,1.0754716981132075,False
E,Habil,2025-02-27,397,371.0,1.0700808625336926,False
E,Habil,2025-02-28,398,371.0,1.0727762803234502,False
E,Habil,2025-04-01,375,371.0,1.0107816711590296,False
E,Habil,2025-04-03,347,371.0,0.9353099730458221,False
E,Habil,2025-04-04,355,371.0,0.9568733153638814,False
E,Habil,2025-04-07,324,371.0,0.8733153638814016,False
E,Habil,2025-04-08,352,371.0,0.9487870619946092,False
E,Habil,2025-04-09,370,371.0,0.9973045822102425,False
E,Habil,2025-04-11,325,371.0,0.876010781671159,False
E,Habil,2025-04-14,349,371.0,0.9407008086253369,False
E,Habil,2025-04-15,369,371.0,0.9946091644204852,False
E,Habil,2025-04-16,361,371.0,0.9730458221024259,False
E,Habil,2025-04-21,345,371.0,0.9299191374663073,False
E,Habil,2025-04-22,372,371.0,1.0026954177897573,False
E,Habil,2025-04-23,390,371.0,1.0512129380053907,False
E,Habil,2025-04-24,358,371.0,0.9649595687331537,False
E,Habil,2025-04-25,371,371.0,1.0,False
E,Habil,2025-04-28,352,371.0,0.9487870619946092,False
E,Habil,2025-04-29,349,371.0,0.9407008086253369,False
E,Habil,2025-04-30,381,371.0,1.0269541778975741,False
E,Habil,2025-05-05,353,371.0,0.9514824797843666,False
E,Habil,2025-05-06,351,371.0,0.9460916442048517,False
E,Habil,2025-05-07,365,371.0,0.9838274932614556,False
E,Habil,2025-05-08,352,371.0,0.9487870619946092,False
E,Habil,2025-05-09,380,371.0,1.0242587601078168,False
E,Habil,2025-05-12,366,371.0,0.9865229110512129,False
E,Habil,2025-05-13,380,371.0,1.0242587601078168,False
E,Habil,2025-05-14,363,371.0,0.9784366576819407,False
E,Habil,2025-05-15,368,371.0,0.9919137466307277,False
E,Habil,2025-05-16,374,371.0,1.0080862533692723,False
E,Habil,2025-05-19,376,371.0,1.013477088948787,False
E,Habil,2025-05-20,377,371.0,1.0161725067385445,False
E,Habil,2025-05-21,369,371.0,0.9946091644204852,False
E,Habil,2025-05-22,376,371.0,1.013477088948787,False
E,Habil,2025-05-23,383,371.0,1.0323450134770888,False
E,Habil,2025-05-26,360,371.0,0.9703504043126685,False
E,Habil,2025-05-27,371,371.0,1.0,False
E,Habil,2025-05-28,371,371.0,1.0,False
E,Habil,2025-05-29,372,371.0,1.0026954177897573,False
E,Habil,2025-05-30,367,371.0,0.9892183288409704,False
E,Habil,2025-06-02,379,371.0,1.0215633423180592,False
E,Habil,2025-06-03,369,371.0,0.9946091644204852,False
E,Habil,2025-06-04,356,371.0,0.9595687331536388,False
E,Habil,2025-06-05,381,371.0,1.0269541778975741,False
E,Habil,2025-06-06,379,371.0,1.0215633423180592,False
E,Habil,2025-06-09,383,371.0,1.0323450134770888,False
E,Habil,2025-06-10,375,371.0,1.0107816711590296,False
E,Habil,2025-06-11,369,371.0,0.9946091644204852,False
E,Habil,2025-06-12,376,371.0,1.013477088948787,False
E,Habil,2025-06-13,378,371.0,1.0188679245283019,False
E,Habil,2025-06-17,371,371.0,1.0,False
E,Habil,2025-06-18,368,371.0,0.9919137466307277,False
E,Habil,2025-06-19,372,371.0,1.0026954177897573,False
E,Habil,2025-06-23,337,371.0,0.9083557951482479,False
E,Habil,2025-06-24,377,371.0,1.0161725067385445,False
E,Habil,2025-06-25,361,371.0,0.9730458221024259,False
E,Habil,2025-06-26,366,371.0,0.9865229110512129,False
E,Habil,2025-06-27,366,371.0,0.9865229110512129,False
E,Habil,2025-06-30,349,371.0,0.9407008086253369,False
E,Habil,2025-07-01,372,371.0,1.0026954177897573,False
E,Habil,2025-07-02,376,371.0,1.013477088948787,False
E,Habil,2025-07-03,368,371.0,0.9919137466307277,False
E,Habil,2025-07-04,358,371.0,0.9649595687331537,False
E,Habil,2025-07-07,365,371.0,0.9838274932614556,False
E,Habil,2025-07-08,378,371.0,1.0188679245283019,False
E,Habil,2025-07-10,367,371.0,0.9892183288409704,False
E,Habil,2025-07-11,356,371.0,0.9595687331536388,False
E,Habil,2025-07-14,373,371.0,1.005390835579515,False
E,Habil,2025-07-15,368,371.0,0.9919137466307277,False
E,Habil,2025-07-16,374,371.0,1.0080862533692723,False
E,Habil,2025-07-17,366,371.0,0.9865229110512129,False
E,Habil,2025-07-18,366,371.0,0.9865229110512129,False
E,Habil,2025-07-21,378,371.0,1.0188679245283019,False
E,Habil,2025-07-22,383,371.0,1.0323450134770888,False
E,Habil,2025-07-23,382,371.0,1.0296495956873315,False
E,Habil,2025-07-24,371,371.0,1.0,False
E,Habil,2025-07-25,371,371.0,1.0,False
E,Habil,2025-07-28,371,371.0,1.0,False
E,Habil,2025-07-29,366,371.0,0.9865229110512129,False
E,Habil,2025-07-30,376,371.0,1.013477088948787,False
E,Habil,2025-07-31,379,371.0,1.0215633423180592,False
E,Habil,2025-08-01,378,371.0,1.0188679245283019,False
E,Habil,2025-08-04,339,371.0,0.9137466307277629,False
E,Habil,2025-08-05,380,371.0,1.0242587601078168,False
E,Habil,2025-08-06,370,371.0,0.9973045822102425,False
E,Habil,2025-08-07,379,371.0,1.0215633423180592,False
E,Habil,2025-08-08,379,371.0,1.0215633423180592,False
E,Habil,2025-08-11,366,371.0,0.9865229110512129,False
E,Habil,2025-08-12,374,371.0,1.0080862533692723,False
E,Habil,2025-08-13,373,371.0,1.005390835579515,False
E,Habil,2025-08-14,374,371.0,1.0080862533692723,False
E,Habil,2025-08-18,387,371.0,1.0431266846361187,False
E,Habil,2025-08-19,379,371.0,1.0215633423180592,False
E,Habil,2025-08-20,352,371.0,0.9487870619946092,False
E,Habil,2025-08-21,384,371.0,1.0350404312668464,False
E,Habil,2025-08-22,379,371.0,1.0215633423180592,False
E,Habil,2025-08-25,387,371.0,1.0431266846361187,False
E,Habil,2025-08-26,386,371.0,1.0404312668463611,False
E,Habil,2025-08-27,374,371.0,1.0080862533692723,False
E,Habil,2025-08-28,374,371.0,1.0080862533692723,False
E,Habil,2025-08-29,382,371.0,1.0296495956873315,False
E,Habil,2025-09-01,361,371.0,0.9730458221024259,False
E,Habil,2025-09-02,380,371.0,1.0242587601078168,False
E,Habil,2025-09-03,377,371.0,1.0161725067385445,False
E,Habil,2025-09-04,364,371.0,0.9811320754716981,False
E,Habil,2025-09-05,381,371.0,1.0269541778975741,False
E,Habil,2025-09-08,373,371.0,1.005390835579515,False
E,Habil,2025-09-09,383,371.0,1.0323450134770888,False
E,Habil,2025-09-10,382,371.0,1.0296495956873315,False
E,Habil,2025-09-11,379,371.0,1.0215633423180592,False
E,Habil,2025-09-12,377,371.0,1.0161725067385445,False
E,Habil,2025-09-15,372,371.0,1.0026954177897573,False
E,Habil,2025-09-16,373,371.0,1.005390835579515,False
E,Habil,2025-09-17,363,371.0,0.9784366576819407,False
E,Habil,2025-09-18,371,371.0,1.0,False
E,Habil,2025-09-19,371,371.0,1.0,False
E,Habil,2025-09-22,377,371.0,1.0161725067385445,False
E,Habil,2025-09-23,373,371.0,1.005390835579515,False
E,Habil,2025-09-24,386,371.0,1.0404312668463611,False
E,Habil,2025-09-25,372,371.0,1.0026954177897573,False
E,Habil,2025-09-26,389,371.0,1.0485175202156334,False
E,Habil,2025-09-29,379,371.0,1.0215633423180592,False
E,Habil,2025-09-30,384,371.0,1.0350404312668464,False
E,Habil,2025-10-01,385,371.0,1.0377358490566038,False
E,Habil,2025-10-02,385,371.0,1.0377358490566038,False
E,Habil,2025-10-03,352,371.0,0.9487870619946092,False
E,Habil,2025-10-06,375,371.0,1.0107816711590296,False
E,Habil,2025-10-07,356,371.0,0.9595687331536388,False
E,Habil,2025-10-08,364,371.0,0.9811320754716981,False
E,Habil,2025-10-09,347,371.0,0.9353099730458221,False
E,Habil,2025-10-13,371,371.0,1.0,False
E,Habil,2025-10-14,371,371.0,1.0,False
E,Habil,2025-10-15,365,371.0,0.9838274932614556,False
E,Habil,2025-10-16,374,371.0,1.0080862533692723,False
E,Habil,2025-10-17,364,371.0,0.9811320754716981,False
E,Habil,2025-10-20,374,371.0,1.0080862533692723,False
E,Habil,2025-10-21,372,371.0,1.0026954177897573,False
E,Habil,2025-10-22,389,371.0,1.0485175202156334,False
E,Habil,2025-10-23,385,371.0,1.0377358490566038,False
E,Habil,2025-10-24,381,371.0,1.0269541778975741,False
E,Habil,2025-10-27,374,371.0,1.0080862533692723,False
E,Habil,2025-10-28,374,371.0,1.0080862533692723,False
E,Habil,2025-10-29,376,371.0,1.013477088948787,False
E,Habil,2025-10-30,384,371.0,1.0350404312668464,False
E,Habil,2025-10-31,381,371.0,1.0269541778975741,False
E,Habil,2025-11-03,368,371.0,0.9919137466307277,False
E,Habil,2025-11-04,379,371.0,1.0215633423180592,False
E,Habil,2025-11-05,387,371.0,1.0431266846361187,False
E,Habil,2025-11-06,384,371.0,1.0350404312668464,False
E,Habil,2025-11-07,376,371.0,1.013477088948787,False
E,Habil,2025-11-10,343,371.0,0.9245283018867925,False
E,Habil,2025-11-11,378,371.0,1.0188679245283019,False
E,Habil,2025-11-12,366,371.0,0.9865229110512129,False
E,Habil,2025-11-13,382,371.0,1.0296495956873315,False
E,Habil,2025-11-14,382,371.0,1.0296495956873315,False
E,Habil,2025-11-17,366,371.0,0.9865229110512129,False
E,Habil,2025-11-18,382,371.0,1.0296495956873315,False
E,Habil,2025-11-19,382,371.0,1.0296495956873315,False
E,Habil,2025-11-20,385,371.0,1.0377358490566038,False
E,Habil,2025-11-25,363,371.0,0.9784366576819407,False
E,Habil,2025-11-26,372,371.0,1.0026954177897573,False
E,Habil,2025-11-27,378,371.0,1.0188679245283019,False
E,Habil,2025-11-28,385,371.0,1.0377358490566038,False
E,Habil,2025-12-01,380,371.0,1.0242587601078168,False
E,Habil,2025-12-02,384,371.0,1.0350404312668464,False
E,Habil,2025-12-03,388,371.0,1.045822102425876,False
E,Habil,2025-12-04,387,371.0,1.0431266846361187,False
E,Habil,2025-12-05,374,371.0,1.0080862533692723,False
E,Habil,2025-12-09,389,371.0,1.0485175202156334,False
E,Habil,2025-12-10,383,371.0,1.0323450134770888,False
E,Habil,2025-12-11,378,371.0,1.0188679245283019,False
E,Habil,2025-12-12,365,371.0,0.9838274932614556,False
E,Habil,2025-12-15,381,371.0,1.0269541778975741,False
E,Habil,2025-12-16,377,371.0,1.0161725067385445,False
E,Habil,2025-12-17,382,371.0,1.0296495956873315,False
E,Habil,2025-12-18,381,371.0,1.0269541778975741,False
E,Habil,2025-12-19,377,371.0,1.0161725067385445,False
E,Habil,2025-12-22,369,371.0,0.9946091644204852,False
E,Habil,2025-12-23,369,371.0,0.9946091644204852,False
E,Habil,2025-12-26,386,371.0,1.0404312668463611,False
E,Habil,2025-12-29,345,371.0,0.9299191374663073,False
E,Habil,2025-12-30,357,371.0,0.9622641509433962,False
E,Sabado,2025-01-04,201,263.0,0.7642585551330798,False
E,Sabado,2025-01-11,205,263.0,0.779467680608365,False
E,Sabado,2025-01-18,195,263.0,0.7414448669201521,False
E,Sabado,2025-01-25,202,263.0,0.7680608365019012,False
E,Sabado,2025-02-01,203,263.0,0.7718631178707225,False
E,Sabado,2025-02-08,205,263.0,0.779467680608365,False
E,Sabado,2025-02-15,205,263.0,0.779467680608365,False
E,Sabado,2025-02-22,205,263.0,0.779467680608365,False
E,Sabado,2025-04-05,266,263.0,1.0114068441064639,False
E,Sabado,2025-04-12,262,263.0,0.9961977186311787,False
E,Sabado,2025-04-17,269,263.0,1.0228136882129277,False
E,Sabado,2025-04-19,254,263.0,0.9657794676806084,False
E,Sabado,2025-04-26,262,263.0,0.9961977186311787,False
E,Sabado,2025-05-02,265,263.0,1.0076045627376427,False
E,Sabado,2025-05-03,252,263.0,0.9581749049429658,False
E,Sabado,2025-05-10,265,263.0,1.0076045627376427,False
E,Sabado,2025-05-17,260,263.0,0.9885931558935361,False
E,Sabado,2025-05-24,266,263.0,1.0114068441064639,False
E,Sabado,2025-05-31,261,263.0,0.9923954372623575,False
E,Sabado,2025-06-07,267,263.0,1.015209125475285,False
E,Sabado,2025-06-14,259,263.0,0.9847908745247148,False
E,Sabado,2025-06-21,264,263.0,1.0038022813688212,False
E,Sabado,2025-06-28,257,263.0,0.9771863117870723,False
E,Sabado,2025-07-05,265,263.0,1.0076045627376427,False
E,Sabado,2025-07-12,267,263.0,1.015209125475285,False
E,Sabado,2025-07-19,244,263.0,0.9277566539923955,False
E,Sabado,2025-07-26,267,263.0,1.015209125475285,False
E,Sabado,2025-08-02,263,263.0,1.0,False
E,Sabado,2025-08-09,263,263.0,1.0,False
E,Sabado,2025-08-15,280,263.0,1.064638783269962,False
E,Sabado,2025-08-16,259,263.0,0.9847908745247148,False
E,Sabado,2025-08-23,269,263.0,1.0228136882129277,False
E,Sabado,2025-08-30,267,263.0,1.015209125475285,False
E,Sabado,2025-09-06,257,263.0,0.9771863117870723,False
E,Sabado,2025-09-13,269,263.0,1.0228136882129277,False
E,Sabado,2025-09-20,267,263.0,1.015209125475285,False
E,Sabado,2025-09-27,262,263.0,0.9961977186311787,False
E,Sabado,2025-10-04,263,263.0,1.0,False
E,Sabado,2025-10-11,269,263.0,1.0228136882129277,False
E,Sabado,2025-10-18,258,263.0,0.9809885931558935,False
E,Sabado,2025-10-25,256,263.0,0.973384030418251,False
E,Sabado,2025-11-01,268,263.0,1.0190114068441065,False
E,Sabado,2025-11-08,266,263.0,1.0114068441064639,False
E,Sabado,2025-11-15,259,263.0,0.9847908745247148,False
E,Sabado,2025-11-21,268,263.0,1.0190114068441065,False
E,Sabado,2025-11-22,264,263.0,1.0038022813688212,False
E,Sabado,2025-11-29,268,263.0,1.0190114068441065,False
E,Sabado,2025-12-06,263,263.0,1.0,False
E,Sabado,2025-12-13,267,263.0,1.015209125475285,False
E,Sabado,2025-12-20,262,263.0,0.9961977186311787,False
E,Sabado,2025-12-24,230,263.0,0.8745247148288974,False
E,Sabado,2025-12-27,266,263.0,1.0114068441064639,False
E,Sabado,2025-12-31,220,263.0,0.8365019011406845,False
H,Domingo,2025-01-05,247,247.0,1.0,False
H,Domingo,2025-01-12,247,247.0,1.0,False
H,Domingo,2025-01-19,247,247.0,1.0,False
H,Domingo,2025-01-26,247,247.0,1.0,False
H,Domingo,2025-02-02,247,247.0,1.0,False
H,Domingo,2025-02-09,247,247.0,1.0,False
H,Domingo,2025-02-16,247,247.0,1.0,False
H,Domingo,2025-02-23,247,247.0,1.0,False
H,Domingo,2025-04-06,247,247.0,1.0,False
H,Domingo,2025-04-13,247,247.0,1.0,False
H,Domingo,2025-04-20,247,247.0,1.0,False
H,Domingo,2025-04-27,247,247.0,1.0,False
H,Domingo,2025-05-04,247,247.0,1.0,False
H,Domingo,2025-05-11,247,247.0,1.0,False
H,Domingo,2025-05-18,255,247.0,1.0323886639676114,False
H,Domingo,2025-06-01,247,247.0,1.0,False
H,Domingo,2025-06-08,247,247.0,1.0,False
H,Domingo,2025-06-15,247,247.0,1.0,False
H,Domingo,2025-06-22,247,247.0,1.0,False
H,Domingo,2025-06-29,247,247.0,1.0,False
H,Domingo,2025-07-06,247,247.0,1.0,False
H,Domingo,2025-07-13,247,247.0,1.0,False
H,Domingo,2025-07-20,247,247.0,1.0,False
H,Domingo,2025-07-27,247,247.0,1.0,False
H,Domingo,2025-08-03,247,247.0,1.0,False
H,Domingo,2025-08-10,247,247.0,1.0,False
H,Domingo,2025-08-24,247,247.0,1.0,False
H,Domingo,2025-08-31,247,247.0,1.0,False
H,Domingo,2025-09-07,243,247.0,0.9838056680161943,False
H,Domingo,2025-09-14,247,247.0,1.0,False
H,Domingo,2025-09-21,247,247.0,1.0,False
H,Domingo,2025-09-28,247,247.0,1.0,False
H,Domingo,2025-10-05,247,247.0,1.0,False
H,Domingo,2025-10-12,247,247.0,1.0,False
H,Domingo,2025-10-19,247,247.0,1.0,False
H,Domingo,2025-10-26,251,247.0,1.0161943319838056,False
H,Domingo,2025-11-02,237,247.0,0.9595141700404858,False
H,Domingo,2025-11-09,243,247.0,0.9838056680161943,False
H,Domingo,2025-11-16,245,247.0,0.9919028340080972,False
H,Domingo,2025-11-23,247,247.0,1.0,False
H,Domingo,2025-11-30,243,247.0,0.9838056680161943,False
H,Domingo,2025-12-07,247,247.0,1.0,False
H,Domingo,2025-12-14,247,247.0,1.0,False
H,Domingo,2025-12-21,243,247.0,0.9838056680161943,False
H,Domingo,2025-12-28,247,247.0,1.0,False
H,Feriado,2025-01-01,247,247.0,1.0,False
H,Feriado,2025-04-02,252,247.0,1.0202429149797572,False
H,Feriado,2025-04-18,261,247.0,1.05668016194332,False
H,Feriado,2025-05-01,247,247.0,1.0,False
H,Feriado,2025-05-25,247,247.0,1.0,False
H,Feriado,2025-06-16,247,247.0,1.0,False
H,Feriado,2025-06-20,245,247.0,0.9919028340080972,False
H,Feriado,2025-07-09,253,247.0,1.0242914979757085,False
H,Feriado,2025-08-17,247,247.0,1.0,False
H,Feriado,2025-10-10,247,247.0,1.0,False
H,Feriado,2025-11-24,247,247.0,1.0,False
H,Feriado,2025-12-08,247,247.0,1.0,False
H,Feriado,2025-12-25,246,247.0,0.9959514170040485,False
H,Habil,2025-01-02,405,567.0,0.7142857142857143,False
H,Habil,2025-01-03,405,567.0,0.7142857142857143,False
H,Habil,2025-01-06,403,567.0,0.7107583774250441,False
H,Habil,2025-01-07,405,567.0,0.7142857142857143,False
H,Habil,2025-01-08,405,567.0,0.7142857142857143,False
H,Habil,2025-01-09,386,567.0,0.6807760141093474,False
H,Habil,2025-01-10,405,567.0,0.7142857142857143,False
H,Habil,2025-01-13,405,567.0,0.7142857142857143,False
H,Habil,2025-01-14,405,567.0,0.7142857142857143,False
H,Habil,2025-01-15,405,567.0,0.7142857142857143,False
H,Habil,2025-01-16,405,567.0,0.7142857142857143,False
H,Habil,2025-01-17,405,567.0,0.7142857142857143,False
H,Habil,2025-01-20,405,567.0,0.7142857142857143,False
H,Habil,2025-01-21,405,567.0,0.7142857142857143,False
H,Habil,2025-01-22,405,567.0,0.7142857142857143,False
H,Habil,2025-01-23,405,567.0,0.7142857142857143,False
H,Habil,2025-01-24,405,567.0,0.7142857142857143,False
H,Habil,2025-01-27,405,567.0,0.7142857142857143,False
H,Habil,2025-01-28,405,567.0,0.7142857142857143,False
H,Habil,2025-01-29,401,567.0,0.7072310405643739,False
H,Habil,2025-01-30,405,567.0,0.7142857142857143,False
H,Habil,2025-01-31,405,567.0,0.7142857142857143,False
H,Habil,2025-02-03,405,567.0,0.7142857142857143,False
H,Habil,2025-02-04,393,567.0,0.6931216931216931,False
H,Habil,2025-02-05,397,567.0,0.7001763668430335,False
H,Habil,2025-02-06,405,567.0,0.7142857142857143,False
H,Habil,2025-02-07,401,567.0,0.7072310405643739,False
H,Habil,2025-02-10,401,567.0,0.7072310405643739,False
H,Habil,2025-02-11,405,567.0,0.7142857142857143,False
H,Habil,2025-02-12,400,567.0,0.7054673721340388,False
H,Habil,2025-02-13,405,567.0,0.7142857142857143,False
H,Habil,2025-02-14,403,567.0,0.7107583774250441,False
H,Habil,2025-02-17,390,567.0,0.6878306878306878,False
H,Habil,2025-02-18,403,567.0,0.7107583774250441,False
H,Habil,2025-02-19,405,567.0,0.7142857142857143,False
H,Habil,2025-02-20,405,567.0,0.7142857142857143,False
H,Habil,2025-02-21,401,567.0,0.7072310405643739,False
H,Habil,2025-02-24,558,567.0,0.9841269841269841,False
H,Habil,2025-02-25,563,567.0,0.9929453262786596,False
H,Habil,2025-02-26,551,567.0,0.9717813051146384,False
H,Habil,2025-02-27,571,567.0,1.0070546737213404,False
H,Habil,2025-02-28,569,567.0,1.0035273368606703,False
H,Habil,2025-04-01,563,567.0,0.9929453262786596,False
H,Habil,2025-04-03,569,567.0,1.0035273368606703,False
H,Habil,2025-04-04,567,567.0,1.0,False
H,Habil,2025-04-07,571,567.0,1.0070546737213404,False
H,Habil,2025-04-08,567,567.0,1.0,False
H,Habil,2025-04-09,565,567.0,0.9964726631393298,False
H,Habil,2025-04-11,523,567.0,0.9223985890652557,False
H,Habil,2025-04-14,540,567.0,0.9523809523809523,False
H,Habil,2025-04-15,547,567.0,0.9647266313932981,False
H,Habil,2025-04-16,571,567.0,1.0070546737213404,False
H,Habil,2025-04-21,570,567.0,1.0052910052910053,False
H,Habil,2025-04-22,557,567.0,0.982363315696649,False
H,Habil,2025-04-23,571,567.0,1.0070546737213404,False
H,Habil,2025-04-24,567,567.0,1.0,False
H,Habil,2025-04-25,571,567.0,1.0070546737213404,False
H,Habil,2025-04-28,571,567.0,1.0070546737213404,False
H,Habil,2025-04-29,570,567.0,1.0052910052910053,False
H,Habil,2025-04-30,571,567.0,1.0070546737213404,False
H,Habil,2025-05-05,563,567.0,0.9929453262786596,False
H,Habil,2025-05-06,571,567.0,1.0070546737213404,False
H,Habil,2025-05-07,559,567.0,0.9858906525573192,False
H,Habil,2025-05-08,571,567.0,1.0070546737213404,False
H,Habil,2025-05-09,571,567.0,1.0070546737213404,False
H,Habil,2025-05-12,553,567.0,0.9753086419753086,False
H,Habil,2025-05-13,571,567.0,1.0070546737213404,False
H,Habil,2025-05-14,571,567.0,1.0070546737213404,False
H,Habil,2025-05-15,571,567.0,1.0070546737213404,False
H,Habil,2025-05-16,552,567.0,0.9735449735449735,False
H,Habil,2025-05-19,563,567.0,0.9929453262786596,False
H,Habil,2025-05-20,571,567.0,1.0070546737213404,False
H,Habil,2025-05-21,563,567.0,0.9929453262786596,False
H,Habil,2025-05-22,571,567.0,1.0070546737213404,False
H,Habil,2025-05-23,543,567.0,0.9576719576719577,False
H,Habil,2025-05-26,549,567.0,0.9682539682539683,False
H,Habil,2025-05-27,557,567.0,0.982363315696649,False
H,Habil,2025-05-28,571,567.0,1.0070546737213404,False
H,Habil,2025-05-29,567,567.0,1.0,False
H,Habil,2025-05-30,571,567.0,1.0070546737213404,False
H,Habil,2025-06-02,569,567.0,1.0035273368606703,False
H,Habil,2025-06-03,567,567.0,1.0,False
H,Habil,2025-06-04,567,567.0,1.0,False
H,Habil,2025-06-05,571,567.0,1.0070546737213404,False
H,Habil,2025-06-06,527,567.0,0.9294532627865961,False
H,Habil,2025-06-09,559,567.0,0.9858906525573192,False
H,Habil,2025-06-10,571,567.0,1.0070546737213404,False
H,Habil,2025-06-11,556,567.0,0.9805996472663139,False
H,Habil,2025-06-12,571,567.0,1.0070546737213404,False
H,Habil,2025-06-13,571,567.0,1.0070546737213404,False
H,Habil,2025-06-17,549,567.0,0.9682539682539683,False
H,Habil,2025-06-18,571,567.0,1.0070546737213404,False
H,Habil,2025-06-19,571,567.0,1.0070546737213404,False
H,Habil,2025-06-23,546,567.0,0.9629629629629629,False
H,Habil,2025-06-24,568,567.0,1.001763668430335,False
H,Habil,2025-06-25,571,567.0,1.0070546737213404,False
H,Habil,2025-06-26,565,567.0,0.9964726631393298,False
H,Habil,2025-06-27,541,567.0,0.9541446208112875,False
H,Habil,2025-06-30,549,567.0,0.9682539682539683,False
H,Habil,2025-07-01,573,567.0,1.0105820105820107,False
H,Habil,2025-07-02,550,567.0,0.9700176366843033,False
H,Habil,2025-07-03,571,567.0,1.0070546737213404,False
H,Habil,2025-07-04,557,567.0,0.982363315696649,False
H,Habil,2025-07-07,571,567.0,1.0070546737213404,False
H,Habil,2025-07-08,571,567.0,1.0070546737213404,False
H,Habil,2025-07-10,537,567.0,0.9470899470899471,False
H,Habil,2025-07-11,565,567.0,0.9964726631393298,False
H,Habil,2025-07-14,565,567.0,0.9964726631393298,False
H,Habil,2025-07-15,565,567.0,0.9964726631393298,False
H,Habil,2025-07-16,569,567.0,1.0035273368606703,False
H,Habil,2025-07-17,571,567.0,1.0070546737213404,False
H,Habil,2025-07-18,571,567.0,1.0070546737213404,False
H,Habil,2025-07-21,569,567.0,1.0035273368606703,False
H,Habil,2025-07-22,571,567.0,1.0070546737213404,False
H,Habil,2025-07-23,571,567.0,1.0070546737213404,False
H,Habil,2025-07-24,564,567.0,0.9947089947089947,False
H,Habil,2025-07-25,571,567.0,1.0070546737213404,False
H,Habil,2025-07-28,571,567.0,1.0070546737213404,False
H,Habil,2025-07-29,571,567.0,1.0070546737213404,False
H,Habil,2025-07-30,569,567.0,1.0035273368606703,False
H,Habil,2025-07-31,571,567.0,1.0070546737213404,False
H,Habil,2025-08-01,567,567.0,1.0,False
H,Habil,2025-08-04,503,567.0,0.8871252204585538,False
H,Habil,2025-08-05,571,567.0,1.0070546737213404,False
H,Habil,2025-08-06,571,567.0,1.0070546737213404,False
H,Habil,2025-08-07,571,567.0,1.0070546737213404,False
H,Habil,2025-08-08,571,567.0,1.0070546737213404,False
H,Habil,2025-08-11,571,567.0,1.0070546737213404,False
H,Habil,2025-08-12,564,567.0,0.9947089947089947,False
H,Habil,2025-08-13,550,567.0,0.9700176366843033,False
H,Habil,2025-08-14,553,567.0,0.9753086419753086,False
H,Habil,2025-08-18,549,567.0,0.9682539682539683,False
H,Habil,2025-08-19,571,567.0,1.0070546737213404,False
H,Habil,2025-08-20,568,567.0,1.001763668430335,False
H,Habil,2025-08-21,571,567.0,1.0070546737213404,False
H,Habil,2025-08-22,569,567.0,1.0035273368606703,False
H,Habil,2025-08-25,571,567.0,1.0070546737213404,False
H,Habil,2025-08-26,571,567.0,1.0070546737213404,False
H,Habil,2025-08-27,569,567.0,1.0035273368606703,False
H,Habil,2025-08-28,571,567.0,1.0070546737213404,False
H,Habil,2025-08-29,571,567.0,1.0070546737213404,False
H,Habil,2025-09-01,571,567.0,1.0070546737213404,False
H,Habil,2025-09-02,571,567.0,1.0070546737213404,False
H,Habil,2025-09-03,577,567.0,1.017636684303351,False
H,Habil,2025-09-04,571,567.0,1.0070546737213404,False
H,Habil,2025-09-05,571,567.0,1.0070546737213404,False
H,Habil,2025-09-08,558,567.0,0.9841269841269841,False
H,Habil,2025-09-09,546,567.0,0.9629629629629629,False
H,Habil,2025-09-10,571,567.0,1.0070546737213404,False
H,Habil,2025-09-11,571,567.0,1.0070546737213404,False
H,Habil,2025-09-12,569,567.0,1.0035273368606703,False
H,Habil,2025-09-15,566,567.0,0.9982363315696648,False
H,Habil,2025-09-16,571,567.0,1.0070546737213404,False
H,Habil,2025-09-17,570,567.0,1.0052910052910053,False
H,Habil,2025-09-18,571,567.0,1.0070546737213404,False
H,Habil,2025-09-19,562,567.0,0.9911816578483245,False
H,Habil,2025-09-22,569,567.0,1.0035273368606703,False
H,Habil,2025-09-23,571,567.0,1.0070546737213404,False
H,Habil,2025-09-24,565,567.0,0.9964726631393298,False
H,Habil,2025-09-25,571,567.0,1.0070546737213404,False
H,Habil,2025-09-26,558,567.0,0.9841269841269841,False
H,Habil,2025-09-29,571,567.0,1.0070546737213404,False
H,Habil,2025-09-30,571,567.0,1.0070546737213404,False
H,Habil,2025-10-01,561,567.0,0.9894179894179894,False
H,Habil,2025-10-02,571,567.0,1.0070546737213404,False
H,Habil,2025-10-03,571,567.0,1.0070546737213404,False
H,Habil,2025-10-06,571,567.0,1.0070546737213404,False
H,Habil,2025-10-07,482,567.0,0.8500881834215167,False
H,Habil,2025-10-08,567,567.0,1.0,False
H,Habil,2025-10-09,571,567.0,1.0070546737213404,False
H,Habil,2025-10-13,571,567.0,1.0070546737213404,False
H,Habil,2025-10-14,544,567.0,0.9594356261022927,False
H,Habil,2025-10-15,569,567.0,1.0035273368606703,False
H,Habil,2025-10-16,569,567.0,1.0035273368606703,False
H,Habil,2025-10-17,579,567.0,1.0211640211640212,False
H,Habil,2025-10-20,569,567.0,1.0035273368606703,False
H,Habil,2025-10-21,571,567.0,1.0070546737213404,False
H,Habil,2025-10-22,571,567.0,1.0070546737213404,False
H,Habil,2025-10-23,569,567.0,1.0035273368606703,False
H,Habil,2025-10-24,571,567.0,1.0070546737213404,False
H,Habil,2025-10-27,526,567.0,0.927689594356261,False
H,Habil,2025-10-28,571,567.0,1.0070546737213404,False
H,Habil,2025-10-29,569,567.0,1.0035273368606703,False
H,Habil,2025-10-30,571,567.0,1.0070546737213404,False
H,Habil,2025-10-31,571,567.0,1.0070546737213404,False
H,Habil,2025-11-03,571,567.0,1.0070546737213404,False
H,Habil,2025-11-04,569,567.0,1.0035273368606703,False
H,Habil,2025-11-05,569,567.0,1.0035273368606703,False
H,Habil,2025-11-06,553,567.0,0.9753086419753086,False
H,Habil,2025-11-07,565,567.0,0.9964726631393298,False
H,Habil,2025-11-10,555,567.0,0.9788359788359788,False
H,Habil,2025-11-11,567,567.0,1.0,False
H,Habil,2025-11-12,571,567.0,1.0070546737213404,False
H,Habil,2025-11-13,554,567.0,0.9770723104056437,False
H,Habil,2025-11-14,543,567.0,0.9576719576719577,False
H,Habil,2025-11-17,555,567.0,0.9788359788359788,False
H,Habil,2025-11-18,571,567.0,1.0070546737213404,False
H,Habil,2025-11-19,539,567.0,0.9506172839506173,False
H,Habil,2025-11-20,561,567.0,0.9894179894179894,False
H,Habil,2025-11-25,561,567.0,0.9894179894179894,False
H,Habil,2025-11-26,569,567.0,1.0035273368606703,False
H,Habil,2025-11-27,557,567.0,0.982363315696649,False
H,Habil,2025-11-28,569,567.0,1.0035273368606703,False
H,Habil,2025-12-01,567,567.0,1.0,False
H,Habil,2025-12-02,571,567.0,1.0070546737213404,False
H,Habil,2025-12-03,545,567.0,0.9611992945326279,False
H,Habil,2025-12-04,552,567.0,0.9735449735449735,False
H,Habil,2025-12-05,571,567.0,1.0070546737213404,False
H,Habil,2025-12-09,569,567.0,1.0035273368606703,False
H,Habil,2025-12-10,569,567.0,1.0035273368606703,False
H,Habil,2025-12-11,571,567.0,1.0070546737213404,False
H,Habil,2025-12-12,560,567.0,0.9876543209876543,False
H,Habil,2025-12-15,559,567.0,0.9858906525573192,False
H,Habil,2025-12-16,567,567.0,1.0,False
H,Habil,2025-12-17,571,567.0,1.0070546737213404,False
H,Habil,2025-12-18,555,567.0,0.9788359788359788,False
H,Habil,2025-12-19,569,567.0,1.0035273368606703,False
H,Habil,2025-12-22,540,567.0,0.9523809523809523,False
H,Habil,2025-12-23,571,567.0,1.0070546737213404,False
H,Habil,2025-12-26,563,567.0,0.9929453262786596,False
H,Habil,2025-12-29,555,567.0,0.9788359788359788,False
H,Habil,2025-12-30,571,567.0,1.0070546737213404,False
H,Sabado,2025-01-04,303,305.0,0.9934426229508196,False
H,Sabado,2025-01-11,305,305.0,1.0,False
H,Sabado,2025-01-18,305,305.0,1.0,False
H,Sabado,2025-01-25,305,305.0,1.0,False
H,Sabado,2025-02-01,305,305.0,1.0,False
H,Sabado,2025-02-08,305,305.0,1.0,False
H,Sabado,2025-02-15,305,305.0,1.0,False
H,Sabado,2025-02-22,304,305.0,0.9967213114754099,False
H,Sabado,2025-04-05,305,305.0,1.0,False
H,Sabado,2025-04-12,305,305.0,1.0,False
H,Sabado,2025-04-17,311,305.0,1.019672131147541,False
H,Sabado,2025-04-19,313,305.0,1.0262295081967212,False
H,Sabado,2025-04-26,304,305.0,0.9967213114754099,False
H,Sabado,2025-05-02,305,305.0,1.0,False
H,Sabado,2025-05-03,305,305.0,1.0,False
H,Sabado,2025-05-10,303,305.0,0.9934426229508196,False
H,Sabado,2025-05-17,305,305.0,1.0,False
H,Sabado,2025-05-24,305,305.0,1.0,False
H,Sabado,2025-05-31,305,305.0,1.0,False
H,Sabado,2025-06-07,305,305.0,1.0,False
H,Sabado,2025-06-14,305,305.0,1.0,False
H,Sabado,2025-06-21,301,305.0,0.9868852459016394,False
H,Sabado,2025-06-28,309,305.0,1.0131147540983607,False
H,Sabado,2025-07-05,311,305.0,1.019672131147541,False
H,Sabado,2025-07-12,305,305.0,1.0,False
H,Sabado,2025-07-19,305,305.0,1.0,False
H,Sabado,2025-07-26,299,305.0,0.980327868852459,False
H,Sabado,2025-08-02,285,305.0,0.9344262295081968,False
H,Sabado,2025-08-09,305,305.0,1.0,False
H,Sabado,2025-08-15,301,305.0,0.9868852459016394,False
H,Sabado,2025-08-16,297,305.0,0.9737704918032787,False
H,Sabado,2025-08-23,287,305.0,0.940983606557377,False
H,Sabado,2025-08-30,305,305.0,1.0,False
H,Sabado,2025-09-06,305,305.0,1.0,False
H,Sabado,2025-09-13,305,305.0,1.0,False
H,Sabado,2025-09-20,305,305.0,1.0,False
H,Sabado,2025-09-27,305,305.0,1.0,False
H,Sabado,2025-10-04,305,305.0,1.0,False
H,Sabado,2025-10-11,305,305.0,1.0,False
H,Sabado,2025-10-18,305,305.0,1.0,False
H,Sabado,2025-10-25,305,305.0,1.0,False
H,Sabado,2025-11-01,301,305.0,0.9868852459016394,False
H,Sabado,2025-11-08,305,305.0,1.0,False
H,Sabado,2025-11-15,291,305.0,0.9540983606557377,False
H,Sabado,2025-11-21,305,305.0,1.0,False
H,Sabado,2025-11-22,305,305.0,1.0,False
H,Sabado,2025-11-29,305,305.0,1.0,False
H,Sabado,2025-12-06,305,305.0,1.0,False
H,Sabado,2025-12-13,303,305.0,0.9934426229508196,False
H,Sabado,2025-12-20,317,305.0,1.039344262295082,False
H,Sabado,2025-12-24,265,305.0,0.8688524590163934,False
H,Sabado,2025-12-27,305,305.0,1.0,False
H,Sabado,2025-12-31,265,305.0,0.8688524590163934,False
