comp_origen,comp_destino,linea_ascenso,etapas,expandidas
LineaA:1059,LineaA:1060,LineaA,79,99.82237196251799
LineaA:1059,LineaA:1061,LineaA,75,93.6956509454557
LineaA:1059,LineaA:1062,LineaA,127,159.09707706903194
LineaA:1059,LineaA:1063,LineaA,217,273.6736713512349
LineaA:1059,LineaA:1064,LineaA,352,441.35135406412024
LineaA:1059,LineaA:1065,LineaA,284,355.87530973256895
LineaA:1059,LineaA:1066,LineaA,267,334.0285060470601
LineaA:1059,LineaA:1067,LineaA,183,228.56852662269128
LineaA:1059,LineaA:1069,LineaA,139,174.28050617796526
LineaA:1059,LineaA:1070,LineaA,35,44.069971413498735
LineaA:1059,LineaA:1071,LineaA,401,498.4608891294987
LineaA:1059,LineaA:1072,LineaA,224,278.2640221077977
LineaA:1059,LineaA:1074,LineaA,205,252.79855517555936
LineaA:1059,LineaA:1076,LineaA,642,790.4244728957121
LineaA:1059,LineaB:1077,LineaA,11,14.14933399869917
LineaA:1059,LineaB:1078,LineaA,5,6.403672048567783
LineaA:1059,LineaB:1079,LineaA,3,3.727730062448659
LineaA:1059,LineaB:1080,LineaA,3,3.637588788550251
LineaA:1059,LineaB:1081,LineaA,13,16.541183451175282
LineaA:1059,LineaB:1082,LineaA,13,15.959008645532851
LineaA:1059,LineaB:1083,LineaA,31,39.09104319011258
LineaA:1059,LineaB:1084,LineaA,24,30.26956186796234
LineaA:1059,LineaB:1085,LineaA,30,37.81794174866137
LineaA:1059,LineaB:1086,LineaA,31,38.632580328239996
LineaA:1059,LineaB:1088,LineaA,29,36.18652170675774
LineaA:1059,LineaB:1089,LineaA,47,58.51599265477399
LineaA:1059,LineaB:1090,LineaA,49,60.94176607099458
LineaA:1059,LineaB:1092,LineaA,33,40.580482766697244
LineaA:1059,LineaC:1094,LineaA,336,425.7224472635579
LineaA:1059,LineaC:1095,LineaA,22,27.464971826638305
LineaA:1059,LineaC:1097,LineaA,23,28.29549044718617
LineaA:1059,LineaC:1098,LineaA,272,336.59278502904436
LineaA:1059,LineaC:1100,LineaA,79,97.91937457989158
LineaA:1059,LineaC:1101,LineaA,75,92.43007982390203
LineaA:1059,LineaD:1103,LineaA,27,33.94609871884729
LineaA:1059,LineaD:1104,LineaA,50,62.09399574785542
LineaA:1059,LineaD:1105,LineaA,10,12.43399672429371
LineaA:1059,LineaD:1106,LineaA,22,27.415980384992146
LineaA:1059,LineaD:1107,LineaA,21,26.013230621478392
LineaA:1059,LineaD:1108,LineaA,39,48.63245775768334
LineaA:1059,LineaD:1109,LineaA,62,77.52384487372241
LineaA:1059,LineaD:1110,LineaA,31,38.76266963573396
LineaA:1059,LineaD:1111,LineaA,48,60.335619615406806
LineaA:1059,LineaD:1112,LineaA,15,18.644064557726953
LineaA:1059,LineaD:1114,LineaA,60,74.56355111131046
LineaA:1059,LineaD:1115,LineaA,90,112.06575074781463
LineaA:1059,LineaD:1116,LineaA,93,115.3145053603216
LineaA:1059,LineaD:1117,LineaA,63,78.90778927180769
LineaA:1059,LineaE:1119,LineaA,544,670.8608455763699
LineaA:1059,LineaE:1120,LineaA,39,48.29228920467659
LineaA:1059,LineaE:1121,LineaA,106,131.84669715736212
LineaA:1059,LineaE:1122,LineaA,23,28.718496792756127
LineaA:1059,LineaE:1123,LineaA,20,25.63247498959428
LineaA:1059,LineaE:1124,LineaA,3,3.7207875016877896
LineaA:1059,LineaE:1126,LineaA,10,12.530992978839798
LineaA:1059,LineaE:1127,LineaA,23,29.38478722822129
LineaA:1059,LineaE:1128,LineaA,12,15.183570567584091
LineaA:1059,LineaE:1129,LineaA,14,17.54412131107786
LineaA:1059,LineaE:1130,LineaA,14,17.478053286280712
LineaA:1059,LineaE:1131,LineaA,8,10.056545336164293
LineaA:1059,LineaE:1132,LineaA,21,26.33628045448194
LineaA:1059,LineaE:1133,LineaA,3,3.7763592674166757
LineaA:1059,LineaE:1164,LineaA,165,205.4954318777506
LineaA:1059,LineaE:1165,LineaA,111,136.76152906652544
LineaA:1059,LineaE:1166,LineaA,98,122.24548651238032
LineaA:1059,LineaH:1134,LineaA,36,45.34628387129777
LineaA:1059,LineaH:1135,LineaA,28,34.9967328223629
LineaA:1059,LineaH:1136,LineaA,31,38.99523617630873
LineaA:1059,LineaH:1137,LineaA,22,27.63312315225377
LineaA:1059,LineaH:1138,LineaA,23,28.96527949017067
LineaA:1059,LineaH:1139,LineaA,37,46.20479563170761
LineaA:1059,LineaH:1140,LineaA,409,509.98282423985535
LineaA:1059,LineaH:1141,LineaA,59,73.97360225292185
LineaA:1059,LineaH:1160,LineaA,91,114.22988688951112
LineaA:1059,LineaH:1161,LineaA,94,117.3885667280892
LineaA:1059,LineaH:1162,LineaA,114,142.38160081917803
LineaA:1059,LineaH:1163,LineaA,30,37.38866986402139
LineaA:1060,LineaA:1059,LineaA,258,321.5349451954785
LineaA:1060,LineaA:1061,LineaA,204,254.61502653345607
LineaA:1060,LineaA:1062,LineaA,133,167.55985518360345
LineaA:1060,LineaA:1063,LineaA,339,423.2989461356859
LineaA:1060,LineaA:1064,LineaA,503,627.106648972648
LineaA:1060,LineaA:1065,LineaA,432,537.7959905926053
LineaA:1060,LineaA:1066,LineaA,525,653.7875091163938
LineaA:1060,LineaA:1067,LineaA,374,467.6944259294134
LineaA:1060,LineaA:1069,LineaA,487,605.8819676559973
LineaA:1060,LineaA:1070,LineaA,154,190.7012351593215
LineaA:1060,LineaA:1071,LineaA,1190,1476.1464018269826
LineaA:1060,LineaA:1072,LineaA,651,805.38351415857
LineaA:1060,LineaA:1074,LineaA,538,663.9809686514366
LineaA:1060,LineaA:1076,LineaA,1534,1889.155591698192
LineaA:1060,LineaB:1077,LineaA,22,27.598478434787705
LineaA:1060,LineaB:1078,LineaA,4,4.986801159613934
LineaA:1060,LineaB:1079,LineaA,9,11.20928443489015
LineaA:1060,LineaB:1080,LineaA,9,11.39478451941592
LineaA:1060,LineaB:1081,LineaA,34,42.49416044311404
LineaA:1060,LineaB:1082,LineaA,27,33.71202640790614
LineaA:1060,LineaB:1083,LineaA,51,63.45548803587844
LineaA:1060,LineaB:1084,LineaA,44,54.759178263764966
LineaA:1060,LineaB:1085,LineaA,122,152.39203126808655
LineaA:1060,LineaB:1086,LineaA,100,125.08622539592581
LineaA:1060,LineaB:1088,LineaA,98,121.81032837062021
LineaA:1060,LineaB:1089,LineaA,146,181.3767766067432
LineaA:1060,LineaB:1090,LineaA,120,148.1671441400051
LineaA:1060,LineaB:1092,LineaA,118,145.52592334298404
LineaA:1060,LineaC:1094,LineaA,1427,1793.1622763144742
LineaA:1060,LineaC:1095,LineaA,87,107.96913791878768
LineaA:1060,LineaC:1097,LineaA,68,84.00198853524505
LineaA:1060,LineaC:1098,LineaA,652,807.0943183603239
LineaA:1060,LineaC:1100,LineaA,194,239.95252459104222
LineaA:1060,LineaC:1101,LineaA,173,213.48153284383903
LineaA:1060,LineaD:1103,LineaA,67,83.4414823997436
LineaA:1060,LineaD:1104,LineaA,75,94.25332145904186
LineaA:1060,LineaD:1105,LineaA,40,49.481526074544625
LineaA:1060,LineaD:1106,LineaA,49,60.648064711101576
LineaA:1060,LineaD:1107,LineaA,33,41.253403857803214
LineaA:1060,LineaD:1108,LineaA,90,111.79666005074874
LineaA:1060,LineaD:1109,LineaA,104,129.33108323071102
LineaA:1060,LineaD:1110,LineaA,82,102.25440787314494
LineaA:1060,LineaD:1111,LineaA,130,161.36646481719308
LineaA:1060,LineaD:1112,LineaA,51,63.612027855099
LineaA:1060,LineaD:1114,LineaA,212,263.6305151437515
LineaA:1060,LineaD:1115,LineaA,250,309.97502169098374
LineaA:1060,LineaD:1116,LineaA,267,330.66807849064406
LineaA:1060,LineaD:1117,LineaA,177,219.84805459084586
LineaA:1060,LineaE:1119,LineaA,1375,1696.037079779532
LineaA:1060,LineaE:1120,LineaA,118,146.2378273473856
LineaA:1060,LineaE:1121,LineaA,263,326.61844789133426
LineaA:1060,LineaE:1122,LineaA,71,88.30996546697554
LineaA:1060,LineaE:1123,LineaA,60,75.24370700376251
LineaA:1060,LineaE:1124,LineaA,23,28.910822694515886
LineaA:1060,LineaE:1126,LineaA,21,26.178156327519357
LineaA:1060,LineaE:1127,LineaA,29,36.31448677782235
LineaA:1060,LineaE:1128,LineaA,30,37.766003516412724
LineaA:1060,LineaE:1129,LineaA,50,62.22759122427062
LineaA:1060,LineaE:1130,LineaA,18,22.785257287647912
LineaA:1060,LineaE:1131,LineaA,6,7.578905297654813
LineaA:1060,LineaE:1132,LineaA,13,16.16376641220096
LineaA:1060,LineaE:1133,LineaA,18,22.69790269150672
LineaA:1060,LineaE:1164,LineaA,500,622.3084080939556
LineaA:1060,LineaE:1165,LineaA,311,384.10208520179106
LineaA:1060,LineaE:1166,LineaA,310,385.37667454772054
LineaA:1060,LineaH:1134,LineaA,101,126.57527377240555
LineaA:1060,LineaH:1135,LineaA,116,144.11298261067205
LineaA:1060,LineaH:1136,LineaA,134,167.2498466552443
LineaA:1060,LineaH:1137,LineaA,59,73.5039031823578
LineaA:1060,LineaH:1138,LineaA,54,68.01105162656577
LineaA:1060,LineaH:1139,LineaA,97,121.48387278153103
LineaA:1060,LineaH:1140,LineaA,1214,1514.0106456739406
LineaA:1060,LineaH:1141,LineaA,242,302.0579442328969
LineaA:1060,LineaH:1160,LineaA,313,388.4679743876181
LineaA:1060,LineaH:1161,LineaA,350,434.28119169357603
LineaA:1060,LineaH:1162,LineaA,337,417.9239884672626
LineaA:1060,LineaH:1163,LineaA,105,130.65178175158044
LineaA:1061,LineaA:1059,LineaA,98,123.62315421056215
LineaA:1061,LineaA:1060,LineaA,125,157.63642954112825
LineaA:1061,LineaA:1062,LineaA,64,80.74529232428962
LineaA:1061,LineaA:1063,LineaA,187,236.51226883264107
LineaA:1061,LineaA:1064,LineaA,307,386.53764633896776
LineaA:1061,LineaA:1065,LineaA,256,322.6096828694851
LineaA:1061,LineaA:1066,LineaA,225,282.55576336747436
LineaA:1061,LineaA:1067,LineaA,158,198.65022186679954
LineaA:1061,LineaA:1069,LineaA,153,191.37674425619417
LineaA:1061,LineaA:1070,LineaA,48,59.96528909511419
LineaA:1061,LineaA:1071,LineaA,412,512.0076577560046
LineaA:1061,LineaA:1072,LineaA,230,286.2492605330983
LineaA:1061,LineaA:1074,LineaA,223,274.48831972854646
LineaA:1061,LineaA:1076,LineaA,633,779.6809276794938
LineaA:1061,LineaB:1077,LineaA,19,24.067967763397434
LineaA:1061,LineaB:1078,LineaA,5,6.4367065217668635
LineaA:1061,LineaB:1079,LineaA,1,1.252369627408403
LineaA:1061,LineaB:1080,LineaA,4,5.106696947807365
LineaA:1061,LineaB:1081,LineaA,10,12.503492263937721
LineaA:1061,LineaB:1082,LineaA,8,9.928290090956999
LineaA:1061,LineaB:1083,LineaA,29,36.34500177539441
LineaA:1061,LineaB:1084,LineaA,8,9.9393429454965
LineaA:1061,LineaB:1085,LineaA,41,51.96440276877614
LineaA:1061,LineaB:1086,LineaA,24,30.32694871101451
LineaA:1061,LineaB:1088,LineaA,16,19.955238568297382
LineaA:1061,LineaB:1089,LineaA,35,43.52976808060352
LineaA:1061,LineaB:1090,LineaA,41,50.8963433790436
LineaA:1061,LineaB:1092,LineaA,34,41.9645287218464
LineaA:1061,LineaC:1094,LineaA,253,321.687911810712
LineaA:1061,LineaC:1095,LineaA,20,25.206441995976455
LineaA:1061,LineaC:1097,LineaA,22,27.570964969697318
LineaA:1061,LineaC:1098,LineaA,211,261.8005470267539
LineaA:1061,LineaC:1100,LineaA,57,70.70079050508916
LineaA:1061,LineaC:1101,LineaA,62,76.6024988989933
LineaA:1061,LineaD:1103,LineaA,30,37.74385901277519
LineaA:1061,LineaD:1104,LineaA,32,39.894888007983
LineaA:1061,LineaD:1105,LineaA,15,18.56283368175613
LineaA:1061,LineaD:1106,LineaA,20,25.278863598121617
LineaA:1061,LineaD:1107,LineaA,21,27.083732533033963
LineaA:1061,LineaD:1108,LineaA,30,37.65953655702164
LineaA:1061,LineaD:1109,LineaA,45,56.270646475886466
LineaA:1061,LineaD:1110,LineaA,24,30.325018924388523
LineaA:1061,LineaD:1111,LineaA,48,60.62587891314234
LineaA:1061,LineaD:1112,LineaA,16,20.00945788695282
LineaA:1061,LineaD:1114,LineaA,59,73.58367443561107
LineaA:1061,LineaD:1115,LineaA,78,97.20384714618616
LineaA:1061,LineaD:1116,LineaA,98,121.31658353041914
LineaA:1061,LineaD:1117,LineaA,44,55.0610466030358
LineaA:1061,LineaE:1119,LineaA,560,690.9860674451389
LineaA:1061,LineaE:1120,LineaA,25,30.951370581252647
LineaA:1061,LineaE:1121,LineaA,108,134.44824215052756
LineaA:1061,LineaE:1122,LineaA,22,27.300846621016962
LineaA:1061,LineaE:1123,LineaA,16,20.48529572695563
LineaA:1061,LineaE:1124,LineaA,8,10.306327157040577
LineaA:1061,LineaE:1126,LineaA,4,5.0333135814572785
LineaA:1061,LineaE:1127,LineaA,9,11.597234587484518
LineaA:1061,LineaE:1128,LineaA,17,21.53177958961666
LineaA:1061,LineaE:1129,LineaA,12,15.319169094422744
LineaA:1061,LineaE:1130,LineaA,4,5.291431212630684
LineaA:1061,LineaE:1131,LineaA,16,20.355347712207937
LineaA:1061,LineaE:1132,LineaA,15,19.37513453585098
LineaA:1061,LineaE:1133,LineaA,6,7.607184036002741
LineaA:1061,LineaE:1164,LineaA,148,184.2683554998283
LineaA:1061,LineaE:1165,LineaA,109,134.34619523179734
LineaA:1061,LineaE:1166,LineaA,87,107.24021183700486
LineaA:1061,LineaH:1134,LineaA,27,33.943015433440564
LineaA:1061,LineaH:1135,LineaA,31,38.48893578217446
LineaA:1061,LineaH:1136,LineaA,37,46.24568917060161
LineaA:1061,LineaH:1137,LineaA,18,22.705419946745657
LineaA:1061,LineaH:1138,LineaA,20,25.26437570093103
LineaA:1061,LineaH:1139,LineaA,30,38.00950547529207
LineaA:1061,LineaH:1140,LineaA,240,300.1775434215706
LineaA:1061,LineaH:1141,LineaA,62,77.49539831177374
LineaA:1061,LineaH:1160,LineaA,89,111.16781258254005
LineaA:1061,LineaH:1161,LineaA,122,152.19359638755978
LineaA:1061,LineaH:1162,LineaA,118,147.22415775232
LineaA:1061,LineaH:1163,LineaA,35,43.56342603782619
LineaA:1062,LineaA:1059,LineaA,123,155.89141931899343
LineaA:1062,LineaA:1060,LineaA,102,130.05013007188933
LineaA:1062,LineaA:1061,LineaA,45,56.999382920163356
LineaA:1062,LineaA:1063,LineaA,53,66.87702813761341
LineaA:1062,LineaA:1064,LineaA,169,212.5190750741646
LineaA:1062,LineaA:1065,LineaA,168,210.9553724049921
LineaA:1062,LineaA:1066,LineaA,163,205.80581106239327
LineaA:1062,LineaA:1067,LineaA,104,132.32939054647787
LineaA:1062,LineaA:1069,LineaA,92,114.88052074678707
LineaA:1062,LineaA:1070,LineaA,23,28.964157131225296
LineaA:1062,LineaA:1071,LineaA,229,285.85348559812127
LineaA:1062,LineaA:1072,LineaA,135,167.27824130100194
LineaA:1062,LineaA:1074,LineaA,107,132.24455571073116
LineaA:1062,LineaA:1076,LineaA,307,377.4033626174223
LineaA:1062,LineaB:1077,LineaA,23,29.436680248435437
LineaA:1062,LineaB:1078,LineaA,2,2.55546561518094
LineaA:1062,LineaB:1079,LineaA,3,3.6960779605792182
LineaA:1062,LineaB:1080,LineaA,3,3.7287095881585275
LineaA:1062,LineaB:1081,LineaA,8,10.311659506589242
LineaA:1062,LineaB:1082,LineaA,6,7.903061295381237
LineaA:1062,LineaB:1083,LineaA,16,19.93208486489285
LineaA:1062,LineaB:1084,LineaA,13,16.173389828113457
LineaA:1062,LineaB:1085,LineaA,17,21.37103268223262
LineaA:1062,LineaB:1086,LineaA,15,19.0001496080359
LineaA:1062,LineaB:1088,LineaA,14,17.646063731491157
LineaA:1062,LineaB:1089,LineaA,32,40.279110349453745
LineaA:1062,LineaB:1090,LineaA,18,22.20685297079837
LineaA:1062,LineaB:1092,LineaA,19,23.396101568140757
LineaA:1062,LineaC:1094,LineaA,141,178.94880390939198
LineaA:1062,LineaC:1095,LineaA,14,17.578949720940123
LineaA:1062,LineaC:1097,LineaA,18,22.294104637394184
LineaA:1062,LineaC:1098,LineaA,135,167.2397216865709
LineaA:1062,LineaC:1100,LineaA,27,33.46977182302245
LineaA:1062,LineaC:1101,LineaA,34,41.913870561487236
LineaA:1062,LineaD:1103,LineaA,45,56.57028404435836
LineaA:1062,LineaD:1104,LineaA,40,50.23234499810317
LineaA:1062,LineaD:1105,LineaA,15,18.653458504334026
LineaA:1062,LineaD:1106,LineaA,18,22.572785523153033
LineaA:1062,LineaD:1107,LineaA,16,20.229097789479955
LineaA:1062,LineaD:1108,LineaA,29,36.5395874571576
LineaA:1062,LineaD:1109,LineaA,31,38.899863429019334
LineaA:1062,LineaD:1110,LineaA,24,30.54971036613059
LineaA:1062,LineaD:1111,LineaA,38,47.97301680806242
LineaA:1062,LineaD:1112,LineaA,12,15.154210475860609
LineaA:1062,LineaD:1114,LineaA,40,50.22698639021311
LineaA:1062,LineaD:1115,LineaA,58,72.50208113443556
LineaA:1062,LineaD:1116,LineaA,73,90.92185491433551
LineaA:1062,LineaD:1117,LineaA,27,33.944301043482795
LineaA:1062,LineaE:1119,LineaA,306,376.0940376134765
LineaA:1062,LineaE:1120,LineaA,13,16.41439542558283
LineaA:1062,LineaE:1121,LineaA,52,64.7543675174035
LineaA:1062,LineaE:1122,LineaA,5,6.443087081302359
LineaA:1062,LineaE:1123,LineaA,7,8.964193991048095
LineaA:1062,LineaE:1124,LineaA,2,2.519479380786837
LineaA:1062,LineaE:1126,LineaA,6,7.59554561260655
LineaA:1062,LineaE:1127,LineaA,7,8.86668064305841
LineaA:1062,LineaE:1128,LineaA,7,8.95612275001423
LineaA:1062,LineaE:1129,LineaA,10,12.725191634983169
LineaA:1062,LineaE:1130,LineaA,9,11.216240480638556
LineaA:1062,LineaE:1131,LineaA,2,2.774721723230635
LineaA:1062,LineaE:1132,LineaA,4,5.002128772936642
LineaA:1062,LineaE:1133,LineaA,6,7.5598612345859415
LineaA:1062,LineaE:1164,LineaA,92,115.51464116235456
LineaA:1062,LineaE:1165,LineaA,59,73.19423492807192
LineaA:1062,LineaE:1166,LineaA,50,62.077907890518546
LineaA:1062,LineaH:1134,LineaA,11,13.884968063566111
LineaA:1062,LineaH:1135,LineaA,18,22.879864831123268
LineaA:1062,LineaH:1136,LineaA,18,22.659075398084585
LineaA:1062,LineaH:1137,LineaA,14,17.75084482634707
LineaA:1062,LineaH:1138,LineaA,16,19.910668234844117
LineaA:1062,LineaH:1139,LineaA,15,19.327329586560023
LineaA:1062,LineaH:1140,LineaA,91,114.61238797068607
LineaA:1062,LineaH:1141,LineaA,39,48.74199664351997
LineaA:1062,LineaH:1160,LineaA,51,63.51750604827324
LineaA:1062,LineaH:1161,LineaA,84,105.47372982009084
LineaA:1062,LineaH:1162,LineaA,68,85.48820470924683
LineaA:1062,LineaH:1163,LineaA,17,21.018826972689006
LineaA:1063,LineaA:1059,LineaA,195,245.8710490237158
LineaA:1063,LineaA:1060,LineaA,235,296.55880644473814
LineaA:1063,LineaA:1061,LineaA,190,241.88206433177905
LineaA:1063,LineaA:1062,LineaA,71,90.59230542865583
LineaA:1063,LineaA:1064,LineaA,102,128.20052009458973
LineaA:1063,LineaA:1065,LineaA,316,397.3671648305022
LineaA:1063,LineaA:1066,LineaA,339,426.999558112183
LineaA:1063,LineaA:1067,LineaA,219,276.26718686713417
LineaA:1063,LineaA:1069,LineaA,168,210.4977664132412
LineaA:1063,LineaA:1070,LineaA,59,74.36873295038268
LineaA:1063,LineaA:1071,LineaA,478,596.1493310450151
LineaA:1063,LineaA:1072,LineaA,265,328.4834741002866
LineaA:1063,LineaA:1074,LineaA,219,270.0160191015575
LineaA:1063,LineaA:1076,LineaA,694,856.0506310748145
LineaA:1063,LineaB:1077,LineaA,33,41.033345998271315
LineaA:1063,LineaB:1078,LineaA,5,6.209641704127285
LineaA:1063,LineaB:1079,LineaA,9,11.173030979850946
LineaA:1063,LineaB:1080,LineaA,6,7.618605197575947
LineaA:1063,LineaB:1081,LineaA,14,17.51223666905691
LineaA:1063,LineaB:1082,LineaA,9,11.174502128969538
LineaA:1063,LineaB:1083,LineaA,20,24.860132321582828
LineaA:1063,LineaB:1084,LineaA,15,18.758883974149693
LineaA:1063,LineaB:1085,LineaA,60,75.47757978718272
LineaA:1063,LineaB:1086,LineaA,33,41.24897526900955
LineaA:1063,LineaB:1088,LineaA,34,43.05285983111768
LineaA:1063,LineaB:1089,LineaA,49,61.19543123345033
LineaA:1063,LineaB:1090,LineaA,55,69.27655875948922
LineaA:1063,LineaB:1092,LineaA,30,37.1949943574618
LineaA:1063,LineaC:1094,LineaA,334,422.37824521823256
LineaA:1063,LineaC:1095,LineaA,36,44.589487282880654
LineaA:1063,LineaC:1097,LineaA,15,18.71919956696152
LineaA:1063,LineaC:1098,LineaA,261,323.66192090890695
LineaA:1063,LineaC:1100,LineaA,66,81.78932053714125
LineaA:1063,LineaC:1101,LineaA,81,99.77918805187902
LineaA:1063,LineaD:1103,LineaA,68,85.59607811037638
LineaA:1063,LineaD:1104,LineaA,61,75.82324365636019
LineaA:1063,LineaD:1105,LineaA,25,31.958700686416535
LineaA:1063,LineaD:1106,LineaA,34,42.443645543784534
LineaA:1063,LineaD:1107,LineaA,24,29.907078851042154
LineaA:1063,LineaD:1108,LineaA,51,63.71923343264735
LineaA:1063,LineaD:1109,LineaA,53,66.84862674075157
LineaA:1063,LineaD:1110,LineaA,36,45.91294055352537
LineaA:1063,LineaD:1111,LineaA,66,83.11221763382999
LineaA:1063,LineaD:1112,LineaA,23,29.030828069309774
LineaA:1063,LineaD:1114,LineaA,54,67.50360179394808
LineaA:1063,LineaD:1115,LineaA,76,94.86510420104112
LineaA:1063,LineaD:1116,LineaA,114,141.64789060379056
LineaA:1063,LineaD:1117,LineaA,67,84.43404322043314
LineaA:1063,LineaE:1119,LineaA,601,742.1834761040379
LineaA:1063,LineaE:1120,LineaA,40,49.394194004535265
LineaA:1063,LineaE:1121,LineaA,109,136.01469758475776
LineaA:1063,LineaE:1122,LineaA,22,27.93395817706376
LineaA:1063,LineaE:1123,LineaA,21,26.712798266145104
LineaA:1063,LineaE:1124,LineaA,6,7.499053447459353
LineaA:1063,LineaE:1126,LineaA,13,16.941579059958883
LineaA:1063,LineaE:1127,LineaA,21,26.389654687827203
LineaA:1063,LineaE:1128,LineaA,15,19.05333610863347
LineaA:1063,LineaE:1129,LineaA,13,16.461405840827602
LineaA:1063,LineaE:1130,LineaA,19,24.151677553727243
LineaA:1063,LineaE:1131,LineaA,13,16.45174493005935
LineaA:1063,LineaE:1132,LineaA,9,11.510227233518915
LineaA:1063,LineaE:1133,LineaA,5,6.560952547699611
LineaA:1063,LineaE:1164,LineaA,207,257.85088269204005
LineaA:1063,LineaE:1165,LineaA,151,185.95311349029564
LineaA:1063,LineaE:1166,LineaA,111,137.6653931192066
LineaA:1063,LineaH:1134,LineaA,38,47.85095050029234
LineaA:1063,LineaH:1135,LineaA,48,59.76705672071359
LineaA:1063,LineaH:1136,LineaA,58,72.34653497423142
LineaA:1063,LineaH:1137,LineaA,26,33.08440038232137
LineaA:1063,LineaH:1138,LineaA,41,51.88153307086797
LineaA:1063,LineaH:1139,LineaA,27,34.76588014814226
LineaA:1063,LineaH:1140,LineaA,354,443.14966176022597
LineaA:1063,LineaH:1141,LineaA,68,85.27878201212692
LineaA:1063,LineaH:1160,LineaA,104,130.28407642978004
LineaA:1063,LineaH:1161,LineaA,146,183.04088466335529
LineaA:1063,LineaH:1162,LineaA,119,148.96288509120882
LineaA:1063,LineaH:1163,LineaA,55,68.5193435803291
LineaA:1064,LineaA:1059,LineaA,339,431.10067101549714
LineaA:1064,LineaA:1060,LineaA,347,439.2374257251225
LineaA:1064,LineaA:1061,LineaA,278,353.40531594434515
LineaA:1064,LineaA:1062,LineaA,162,205.81012727885303
LineaA:1064,LineaA:1063,LineaA,81,102.44690521511292
LineaA:1064,LineaA:1065,LineaA,110,139.7346080693371
LineaA:1064,LineaA:1066,LineaA,282,358.01161138592215
LineaA:1064,LineaA:1067,LineaA,270,341.91791056696354
LineaA:1064,LineaA:1069,LineaA,198,248.71347058587375
LineaA:1064,LineaA:1070,LineaA,61,76.32660873943014
LineaA:1064,LineaA:1071,LineaA,561,702.2254850525424
LineaA:1064,LineaA:1072,LineaA,287,358.72238099084035
LineaA:1064,LineaA:1074,LineaA,244,301.9431796805448
LineaA:1064,LineaA:1076,LineaA,675,834.9279944467527
LineaA:1064,LineaB:1077,LineaA,35,44.80520442138101
LineaA:1064,LineaB:1078,LineaA,7,9.03299069203874
LineaA:1064,LineaB:1079,LineaA,10,12.82280208251941
LineaA:1064,LineaB:1080,LineaA,6,7.76259630637747
LineaA:1064,LineaB:1081,LineaA,11,13.79581857551753
LineaA:1064,LineaB:1082,LineaA,13,16.405373258495057
LineaA:1064,LineaB:1083,LineaA,17,21.920242166570205
LineaA:1064,LineaB:1084,LineaA,16,20.271789700545806
LineaA:1064,LineaB:1085,LineaA,44,55.75925803198109
LineaA:1064,LineaB:1086,LineaA,36,45.27092508718159
LineaA:1064,LineaB:1088,LineaA,33,41.049759553241856
LineaA:1064,LineaB:1089,LineaA,60,75.56737387618276
LineaA:1064,LineaB:1090,LineaA,55,68.4421289988355
LineaA:1064,LineaB:1092,LineaA,43,53.3873438799322
LineaA:1064,LineaC:1094,LineaA,452,574.8444521418112
LineaA:1064,LineaC:1095,LineaA,47,59.067894379320094
LineaA:1064,LineaC:1097,LineaA,25,31.15983996541706
LineaA:1064,LineaC:1098,LineaA,307,385.11019741973115
LineaA:1064,LineaC:1100,LineaA,76,94.3623146458001
LineaA:1064,LineaC:1101,LineaA,53,65.55362257277855
LineaA:1064,LineaD:1103,LineaA,66,84.48419440688409
LineaA:1064,LineaD:1104,LineaA,64,79.99490818516834
LineaA:1064,LineaD:1105,LineaA,27,33.92697086499344
LineaA:1064,LineaD:1106,LineaA,14,17.77134030473401
LineaA:1064,LineaD:1107,LineaA,19,24.503443383175185
LineaA:1064,LineaD:1108,LineaA,36,45.508438714907356
LineaA:1064,LineaD:1109,LineaA,35,43.86442792439406
LineaA:1064,LineaD:1110,LineaA,33,41.869214928760464
LineaA:1064,LineaD:1111,LineaA,58,73.10876981639514
LineaA:1064,LineaD:1112,LineaA,25,31.553812093924584
LineaA:1064,LineaD:1114,LineaA,51,63.84043795684265
LineaA:1064,LineaD:1115,LineaA,85,106.09938366654383
LineaA:1064,LineaD:1116,LineaA,95,119.2364341390347
LineaA:1064,LineaD:1117,LineaA,92,116.0415258516995
LineaA:1064,LineaE:1119,LineaA,605,749.3789452048225
LineaA:1064,LineaE:1120,LineaA,43,53.564686905364994
LineaA:1064,LineaE:1121,LineaA,131,163.84550848095947
LineaA:1064,LineaE:1122,LineaA,22,28.21895670270544
LineaA:1064,LineaE:1123,LineaA,26,33.047442498803974
LineaA:1064,LineaE:1124,LineaA,15,19.148979678811834
LineaA:1064,LineaE:1126,LineaA,18,22.914127124165834
LineaA:1064,LineaE:1127,LineaA,6,7.617975577583809
LineaA:1064,LineaE:1128,LineaA,11,14.028322062908167
LineaA:1064,LineaE:1129,LineaA,17,21.910099950352215
LineaA:1064,LineaE:1130,LineaA,22,27.950874544139715
LineaA:1064,LineaE:1131,LineaA,11,13.711485714085969
LineaA:1064,LineaE:1132,LineaA,24,30.139814488547238
LineaA:1064,LineaE:1133,LineaA,13,16.54592182145386
LineaA:1064,LineaE:1164,LineaA,149,187.3792581087862
LineaA:1064,LineaE:1165,LineaA,119,147.46800890280477
LineaA:1064,LineaE:1166,LineaA,125,156.30800658702188
LineaA:1064,LineaH:1134,LineaA,56,70.30511099103384
LineaA:1064,LineaH:1135,LineaA,56,70.13584835560592
LineaA:1064,LineaH:1136,LineaA,81,101.15475996180407
LineaA:1064,LineaH:1137,LineaA,82,105.19424648265974
LineaA:1064,LineaH:1138,LineaA,52,66.03240075988836
LineaA:1064,LineaH:1139,LineaA,44,55.79109894217303
LineaA:1064,LineaH:1140,LineaA,330,417.1023998858551
LineaA:1064,LineaH:1141,LineaA,78,97.85010311709738
LineaA:1064,LineaH:1160,LineaA,90,112.5686687067234
LineaA:1064,LineaH:1161,LineaA,149,186.82860612473402
LineaA:1064,LineaH:1162,LineaA,148,186.08564011865974
LineaA:1064,LineaH:1163,LineaA,47,58.635214331766775
LineaA:1065,LineaA:1059,LineaA,319,405.0045805305943
LineaA:1065,LineaA:1060,LineaA,313,396.30427764126216
LineaA:1065,LineaA:1061,LineaA,237,301.2473675696596
LineaA:1065,LineaA:1062,LineaA,160,203.34673317237778
LineaA:1065,LineaA:1063,LineaA,247,312.8858928430378
LineaA:1065,LineaA:1064,LineaA,99,125.010265242379
LineaA:1065,LineaA:1066,LineaA,89,113.40032037941148
LineaA:1065,LineaA:1067,LineaA,133,168.35146274647303
LineaA:1065,LineaA:1069,LineaA,129,162.29965339893408
LineaA:1065,LineaA:1070,LineaA,35,44.53454816377722
LineaA:1065,LineaA:1071,LineaA,351,442.56439868215637
LineaA:1065,LineaA:1072,LineaA,154,192.5817149033633
LineaA:1065,LineaA:1074,LineaA,159,196.51141831452668
LineaA:1065,LineaA:1076,LineaA,454,560.9297145849226
LineaA:1065,LineaB:1077,LineaA,21,27.078730674355953
LineaA:1065,LineaB:1078,LineaA,10,12.658075608447195
LineaA:1065,LineaB:1079,LineaA,7,9.18403200149584
LineaA:1065,LineaB:1080,LineaA,2,2.520902473012267
LineaA:1065,LineaB:1081,LineaA,10,12.544911234378773
LineaA:1065,LineaB:1082,LineaA,6,7.691151289241506
LineaA:1065,LineaB:1083,LineaA,14,18.077054819800367
LineaA:1065,LineaB:1084,LineaA,14,17.782603782397516
LineaA:1065,LineaB:1085,LineaA,23,29.467055589069947
LineaA:1065,LineaB:1086,LineaA,25,31.512800993929943
LineaA:1065,LineaB:1088,LineaA,22,27.8043216443398
LineaA:1065,LineaB:1089,LineaA,55,68.73332087175517
LineaA:1065,LineaB:1090,LineaA,43,53.69335138724927
LineaA:1065,LineaB:1092,LineaA,29,36.13024677350633
LineaA:1065,LineaC:1094,LineaA,248,315.69007812136454
LineaA:1065,LineaC:1095,LineaA,30,37.65679375203108
LineaA:1065,LineaC:1097,LineaA,23,28.64591509790167
LineaA:1065,LineaC:1098,LineaA,197,245.82826490603478
LineaA:1065,LineaC:1100,LineaA,51,63.33002029559594
LineaA:1065,LineaC:1101,LineaA,50,62.1221414838293
LineaA:1065,LineaD:1103,LineaA,55,68.79879478183783
LineaA:1065,LineaD:1104,LineaA,46,57.453580430636876
LineaA:1065,LineaD:1105,LineaA,17,21.48022548131933
LineaA:1065,LineaD:1106,LineaA,17,21.279044265091116
LineaA:1065,LineaD:1107,LineaA,14,17.686243646595052
LineaA:1065,LineaD:1108,LineaA,24,30.227520485274948
LineaA:1065,LineaD:1109,LineaA,19,23.558825246696276
LineaA:1065,LineaD:1110,LineaA,34,43.01364128469128
LineaA:1065,LineaD:1111,LineaA,53,66.6362874507424
LineaA:1065,LineaD:1112,LineaA,19,24.005831838909153
LineaA:1065,LineaD:1114,LineaA,44,55.1532490601563
LineaA:1065,LineaD:1115,LineaA,58,72.0265649856778
LineaA:1065,LineaD:1116,LineaA,78,96.92312317348473
LineaA:1065,LineaD:1117,LineaA,61,76.37451840148434
LineaA:1065,LineaE:1119,LineaA,397,491.0952948018849
LineaA:1065,LineaE:1120,LineaA,24,29.90182673902338
LineaA:1065,LineaE:1121,LineaA,102,127.45629302929875
LineaA:1065,LineaE:1122,LineaA,20,25.714474107505602
LineaA:1065,LineaE:1123,LineaA,22,27.938341563674634
LineaA:1065,LineaE:1124,LineaA,8,10.089590770250151
LineaA:1065,LineaE:1126,LineaA,9,11.505283573554397
LineaA:1065,LineaE:1127,LineaA,3,3.9100948080691005
LineaA:1065,LineaE:1128,LineaA,16,20.091233008025213
LineaA:1065,LineaE:1129,LineaA,10,12.824715376490639
LineaA:1065,LineaE:1130,LineaA,16,20.40281599211058
LineaA:1065,LineaE:1131,LineaA,2,2.6129536465372585
LineaA:1065,LineaE:1132,LineaA,9,11.197414319489635
LineaA:1065,LineaE:1133,LineaA,13,16.467034296626494
LineaA:1065,LineaE:1164,LineaA,149,187.03058328637044
LineaA:1065,LineaE:1165,LineaA,91,112.28122896779868
LineaA:1065,LineaE:1166,LineaA,85,106.01072955417526
LineaA:1065,LineaH:1134,LineaA,27,33.779452704960136
LineaA:1065,LineaH:1135,LineaA,21,26.299067762291823
LineaA:1065,LineaH:1136,LineaA,39,49.94689504420237
LineaA:1065,LineaH:1137,LineaA,30,38.40627900482231
LineaA:1065,LineaH:1138,LineaA,38,48.77627044352785
LineaA:1065,LineaH:1139,LineaA,29,36.69315795832942
LineaA:1065,LineaH:1140,LineaA,269,340.0931197187361
LineaA:1065,LineaH:1141,LineaA,44,55.51819508614528
LineaA:1065,LineaH:1160,LineaA,79,98.5168638933374
LineaA:1065,LineaH:1161,LineaA,121,151.9576434971313
LineaA:1065,LineaH:1162,LineaA,118,147.67315902126512
LineaA:1065,LineaH:1163,LineaA,29,35.79803349689668
LineaA:1066,LineaA:1059,LineaA,294,372.83016443890114
LineaA:1066,LineaA:1060,LineaA,343,436.92929453307255
LineaA:1066,LineaA:1061,LineaA,207,263.2926403532183
LineaA:1066,LineaA:1062,LineaA,149,189.0349378958712
LineaA:1066,LineaA:1063,LineaA,229,291.29511619085565
LineaA:1066,LineaA:1064,LineaA,247,313.5079949434471
LineaA:1066,LineaA:1065,LineaA,89,112.07222729835085
LineaA:1066,LineaA:1067,LineaA,29,36.66887537395065
LineaA:1066,LineaA:1069,LineaA,90,114.39911030851015
LineaA:1066,LineaA:1070,LineaA,36,45.463686822395864
LineaA:1066,LineaA:1071,LineaA,215,270.4146126648018
LineaA:1066,LineaA:1072,LineaA,107,133.6393878847502
LineaA:1066,LineaA:1074,LineaA,95,117.66409006577996
LineaA:1066,LineaA:1076,LineaA,351,435.2808855643837
LineaA:1066,LineaB:1077,LineaA,17,22.046844632146808
LineaA:1066,LineaB:1078,LineaA,3,3.717821897294887
LineaA:1066,LineaB:1079,LineaA,4,5.114606114997903
LineaA:1066,LineaB:1080,LineaA,2,2.459436141883862
LineaA:1066,LineaB:1081,LineaA,12,15.321006941892813
LineaA:1066,LineaB:1082,LineaA,6,7.884744229923397
LineaA:1066,LineaB:1083,LineaA,7,9.011615591448495
LineaA:1066,LineaB:1084,LineaA,17,21.514010684656412
LineaA:1066,LineaB:1085,LineaA,25,32.38827089097803
LineaA:1066,LineaB:1086,LineaA,12,15.266680471277231
LineaA:1066,LineaB:1088,LineaA,21,26.402715931558017
LineaA:1066,LineaB:1089,LineaA,41,51.53446066873502
LineaA:1066,LineaB:1090,LineaA,37,45.90466744365836
LineaA:1066,LineaB:1092,LineaA,22,27.696154675060043
LineaA:1066,LineaC:1094,LineaA,287,363.6302657522146
LineaA:1066,LineaC:1095,LineaA,27,34.10892835121453
LineaA:1066,LineaC:1097,LineaA,17,21.540014384307177
LineaA:1066,LineaC:1098,LineaA,151,189.1923396496847
LineaA:1066,LineaC:1100,LineaA,23,28.91652265201956
LineaA:1066,LineaC:1101,LineaA,30,37.39751697446855
LineaA:1066,LineaD:1103,LineaA,45,56.33733607981839
LineaA:1066,LineaD:1104,LineaA,26,32.946352001382415
LineaA:1066,LineaD:1105,LineaA,22,28.085158430687837
LineaA:1066,LineaD:1106,LineaA,24,30.19263464530511
LineaA:1066,LineaD:1107,LineaA,14,17.6062050925515
LineaA:1066,LineaD:1108,LineaA,31,38.84126226781494
LineaA:1066,LineaD:1109,LineaA,24,29.89976686835442
LineaA:1066,LineaD:1110,LineaA,22,27.54559210097558
LineaA:1066,LineaD:1111,LineaA,24,30.295854654443968
LineaA:1066,LineaD:1112,LineaA,6,7.7890356097716715
LineaA:1066,LineaD:1114,LineaA,24,30.325334212125675
LineaA:1066,LineaD:1115,LineaA,27,33.842728473012365
LineaA:1066,LineaD:1116,LineaA,44,54.62804798145123
LineaA:1066,LineaD:1117,LineaA,56,70.83451190984653
LineaA:1066,LineaE:1119,LineaA,282,350.58997249492324
LineaA:1066,LineaE:1120,LineaA,24,29.82886290430078
LineaA:1066,LineaE:1121,LineaA,90,111.78130624221811
LineaA:1066,LineaE:1122,LineaA,14,17.858512295957016
LineaA:1066,LineaE:1123,LineaA,19,24.600581371060443
LineaA:1066,LineaE:1124,LineaA,6,7.614365521802678
LineaA:1066,LineaE:1126,LineaA,4,5.029629349528246
LineaA:1066,LineaE:1127,LineaA,10,12.810354900951847
LineaA:1066,LineaE:1128,LineaA,12,15.024347128592803
LineaA:1066,LineaE:1129,LineaA,17,21.84148524231109
LineaA:1066,LineaE:1130,LineaA,17,21.79289201526003
LineaA:1066,LineaE:1131,LineaA,6,7.485435106537787
LineaA:1066,LineaE:1132,LineaA,7,8.873721480996485
LineaA:1066,LineaE:1133,LineaA,13,16.56048901135239
LineaA:1066,LineaE:1164,LineaA,111,138.3280140887501
LineaA:1066,LineaE:1165,LineaA,45,55.76958839364649
LineaA:1066,LineaE:1166,LineaA,72,90.19594308064613
LineaA:1066,LineaH:1134,LineaA,20,25.508250251809304
LineaA:1066,LineaH:1135,LineaA,33,41.29941401871536
LineaA:1066,LineaH:1136,LineaA,73,92.18622527253466
LineaA:1066,LineaH:1137,LineaA,43,55.20463682339798
LineaA:1066,LineaH:1138,LineaA,50,63.13179263458553
LineaA:1066,LineaH:1139,LineaA,23,29.484187627623992
LineaA:1066,LineaH:1140,LineaA,174,219.43548839586367
LineaA:1066,LineaH:1141,LineaA,34,42.665116836157125
LineaA:1066,LineaH:1160,LineaA,35,44.0954572427089
LineaA:1066,LineaH:1161,LineaA,76,95.37937256594208
LineaA:1066,LineaH:1162,LineaA,94,118.09781796145035
LineaA:1066,LineaH:1163,LineaA,21,25.99655382227703
LineaA:1067,LineaA:1059,LineaA,208,266.3105291854754
LineaA:1067,LineaA:1060,LineaA,256,324.1122669501589
LineaA:1067,LineaA:1061,LineaA,145,184.62975152224027
LineaA:1067,LineaA:1062,LineaA,127,161.67486009983176
LineaA:1067,LineaA:1063,LineaA,174,221.2988340182598
LineaA:1067,LineaA:1064,LineaA,270,342.6938006585207
LineaA:1067,LineaA:1065,LineaA,136,171.5127742229431
LineaA:1067,LineaA:1066,LineaA,45,57.24507628457603
LineaA:1067,LineaA:1069,LineaA,85,106.55660412169286
LineaA:1067,LineaA:1070,LineaA,30,37.984369156711146
LineaA:1067,LineaA:1071,LineaA,224,281.8397809045114
LineaA:1067,LineaA:1072,LineaA,83,104.39921792974994
LineaA:1067,LineaA:1074,LineaA,80,99.90435609577749
LineaA:1067,LineaA:1076,LineaA,268,335.6641406217562
LineaA:1067,LineaB:1077,LineaA,21,26.412280313894634
LineaA:1067,LineaB:1078,LineaA,1,1.348399100705481
LineaA:1067,LineaB:1079,LineaA,5,6.546148493526323
LineaA:1067,LineaB:1080,LineaA,4,4.947293784896841
LineaA:1067,LineaB:1081,LineaA,17,21.790411701609152
LineaA:1067,LineaB:1082,LineaA,11,14.089097569318437
LineaA:1067,LineaB:1083,LineaA,12,15.388021764000264
LineaA:1067,LineaB:1084,LineaA,17,21.30103540041798
LineaA:1067,LineaB:1085,LineaA,15,18.918306526634886
LineaA:1067,LineaB:1086,LineaA,12,15.32134465269724
LineaA:1067,LineaB:1088,LineaA,9,11.220591910353253
LineaA:1067,LineaB:1089,LineaA,32,40.11149403749227
LineaA:1067,LineaB:1090,LineaA,29,36.27287753701693
LineaA:1067,LineaB:1092,LineaA,17,21.04380501673737
LineaA:1067,LineaC:1094,LineaA,336,426.7505153826959
LineaA:1067,LineaC:1095,LineaA,26,32.70936275863144
LineaA:1067,LineaC:1097,LineaA,13,16.160831796455476
LineaA:1067,LineaC:1098,LineaA,142,179.75975594460778
LineaA:1067,LineaC:1100,LineaA,38,47.6353937945463
LineaA:1067,LineaC:1101,LineaA,22,27.456959755602373
LineaA:1067,LineaD:1103,LineaA,36,45.445991912454815
LineaA:1067,LineaD:1104,LineaA,40,50.02527246924175
LineaA:1067,LineaD:1105,LineaA,23,29.09703182233066
LineaA:1067,LineaD:1106,LineaA,22,27.68356966291942
LineaA:1067,LineaD:1107,LineaA,19,24.154917646618813
LineaA:1067,LineaD:1108,LineaA,43,53.974379099201414
LineaA:1067,LineaD:1109,LineaA,42,53.285904552224586
LineaA:1067,LineaD:1110,LineaA,26,32.830625169448346
LineaA:1067,LineaD:1111,LineaA,27,34.37062031448679
LineaA:1067,LineaD:1112,LineaA,11,13.844777623738704
LineaA:1067,LineaD:1114,LineaA,28,35.44794827124701
LineaA:1067,LineaD:1115,LineaA,23,28.840683501984937
LineaA:1067,LineaD:1116,LineaA,52,65.41754239312145
LineaA:1067,LineaD:1117,LineaA,50,62.91573404183818
LineaA:1067,LineaE:1119,LineaA,225,280.6963196993098
LineaA:1067,LineaE:1120,LineaA,26,32.90673473713663
LineaA:1067,LineaE:1121,LineaA,53,66.33673432785304
LineaA:1067,LineaE:1122,LineaA,14,17.898497510722184
LineaA:1067,LineaE:1123,LineaA,11,14.08857598579801
LineaA:1067,LineaE:1124,LineaA,5,6.277895336205632
LineaA:1067,LineaE:1126,LineaA,6,7.507951376677814
LineaA:1067,LineaE:1127,LineaA,13,16.689755476568827
LineaA:1067,LineaE:1128,LineaA,13,16.695603571085687
LineaA:1067,LineaE:1129,LineaA,27,34.18225912959447
LineaA:1067,LineaE:1130,LineaA,13,16.719282874305897
LineaA:1067,LineaE:1131,LineaA,8,10.686695250144199
LineaA:1067,LineaE:1132,LineaA,11,13.997032416305311
LineaA:1067,LineaE:1133,LineaA,9,11.762354319483354
LineaA:1067,LineaE:1164,LineaA,137,171.84039286724024
LineaA:1067,LineaE:1165,LineaA,42,52.128485109727215
LineaA:1067,LineaE:1166,LineaA,61,77.43486403221934
LineaA:1067,LineaH:1134,LineaA,34,43.41589200223788
LineaA:1067,LineaH:1135,LineaA,32,40.163034737672625
LineaA:1067,LineaH:1136,LineaA,33,41.66557381680726
LineaA:1067,LineaH:1137,LineaA,25,31.304293696615872
LineaA:1067,LineaH:1138,LineaA,37,46.684501584092246
LineaA:1067,LineaH:1139,LineaA,20,25.189443110236773
LineaA:1067,LineaH:1140,LineaA,136,172.1981702897873
LineaA:1067,LineaH:1141,LineaA,25,31.6723533042887
LineaA:1067,LineaH:1160,LineaA,44,55.360929448748976
LineaA:1067,LineaH:1161,LineaA,58,72.5559361881064
LineaA:1067,LineaH:1162,LineaA,66,83.12779879828224
LineaA:1067,LineaH:1163,LineaA,16,19.772451599238916
LineaA:1069,LineaA:1059,LineaA,320,404.53592742619446
LineaA:1069,LineaA:1060,LineaA,436,551.4383429764697
LineaA:1069,LineaA:1061,LineaA,221,280.11314206728713
LineaA:1069,LineaA:1062,LineaA,143,181.04433417831117
LineaA:1069,LineaA:1063,LineaA,239,302.50756643136907
LineaA:1069,LineaA:1064,LineaA,286,362.74772199165545
LineaA:1069,LineaA:1065,LineaA,190,240.21461799289582
LineaA:1069,LineaA:1066,LineaA,129,164.13495300554837
LineaA:1069,LineaA:1067,LineaA,104,131.47854641198737
LineaA:1069,LineaA:1070,LineaA,9,11.557274587337393
LineaA:1069,LineaA:1071,LineaA,14,17.725338933905608
LineaA:1069,LineaA:1072,LineaA,2,2.6786922499335573
LineaA:1069,LineaA:1076,LineaA,5,6.273479095953919
LineaA:1069,LineaB:1077,LineaA,4,5.130648066677532
LineaA:1069,LineaB:1078,LineaA,1,1.3922966401414678
LineaA:1069,LineaB:1079,LineaA,1,1.3922966401414678
LineaA:1069,LineaB:1080,LineaA,1,1.2563479271804898
LineaA:1069,LineaB:1081,LineaA,6,7.603663292867678
LineaA:1069,LineaB:1082,LineaA,6,7.512593657932744
LineaA:1069,LineaB:1083,LineaA,23,29.071247563706
LineaA:1069,LineaB:1084,LineaA,16,20.207742182581576
LineaA:1069,LineaB:1085,LineaA,17,21.490373033198953
LineaA:1069,LineaB:1086,LineaA,12,15.541621018735222
LineaA:1069,LineaB:1088,LineaA,8,10.269340340902186
LineaA:1069,LineaB:1090,LineaA,1,1.2288473505888862
LineaA:1069,LineaB:1092,LineaA,3,3.736399547380464
LineaA:1069,LineaC:1094,LineaA,11,13.772021313505057
LineaA:1069,LineaC:1095,LineaA,2,2.510755382819428
LineaA:1069,LineaC:1098,LineaA,2,2.4983328827611064
LineaA:1069,LineaC:1101,LineaA,1,1.25492483495506
LineaA:1069,LineaD:1103,LineaA,24,30.413337115676153
LineaA:1069,LineaD:1104,LineaA,13,16.51075141789639
LineaA:1069,LineaD:1105,LineaA,8,10.336975577508026
LineaA:1069,LineaD:1106,LineaA,9,11.748324891673317
LineaA:1069,LineaD:1107,LineaA,7,8.752938265576027
LineaA:1069,LineaD:1108,LineaA,8,9.861359178085669
LineaA:1069,LineaD:1109,LineaA,9,11.416248544213564
LineaA:1069,LineaD:1110,LineaA,9,11.192222965493684
LineaA:1069,LineaD:1111,LineaA,8,10.11003133249071
LineaA:1069,LineaD:1112,LineaA,8,10.129105480708699
LineaA:1069,LineaD:1114,LineaA,2,2.679515340813343
LineaA:1069,LineaD:1115,LineaA,3,3.7690437815414697
LineaA:1069,LineaD:1116,LineaA,3,3.7632686360839935
LineaA:1069,LineaD:1117,LineaA,2,2.500682242209908
LineaA:1069,LineaE:1119,LineaA,2,2.6472214750965275
LineaA:1069,LineaE:1120,LineaA,1,1.427680478428022
LineaA:1069,LineaE:1121,LineaA,2,2.681099444601896
LineaA:1069,LineaE:1122,LineaA,1,1.2234557595993325
LineaA:1069,LineaE:1123,LineaA,2,2.682605313383082
LineaA:1069,LineaE:1124,LineaA,3,3.833594378474857
LineaA:1069,LineaE:1126,LineaA,7,8.775843000816707
LineaA:1069,LineaE:1127,LineaA,8,10.14505129609977
LineaA:1069,LineaE:1128,LineaA,12,15.466027623206193
LineaA:1069,LineaE:1129,LineaA,33,41.53089079012719
LineaA:1069,LineaE:1130,LineaA,22,28.21720137243574
LineaA:1069,LineaE:1131,LineaA,7,8.752327249202574
LineaA:1069,LineaE:1132,LineaA,8,10.194047349153776
LineaA:1069,LineaE:1133,LineaA,11,13.899876371258264
LineaA:1069,LineaE:1164,LineaA,6,7.4693160118017525
LineaA:1069,LineaE:1166,LineaA,1,1.252369627408403
LineaA:1069,LineaH:1134,LineaA,39,49.91866313063904
LineaA:1069,LineaH:1135,LineaA,33,41.796948398405526
LineaA:1069,LineaH:1136,LineaA,17,21.525964740939102
LineaA:1069,LineaH:1137,LineaA,13,16.695275904892345
LineaA:1069,LineaH:1138,LineaA,12,15.041172332978663
LineaA:1069,LineaH:1139,LineaA,9,11.93031758117508
LineaA:1069,LineaH:1141,LineaA,7,8.882290008622196
LineaA:1069,LineaH:1160,LineaA,9,11.422809618123196
LineaA:1069,LineaH:1161,LineaA,25,31.516119581695154
LineaA:1069,LineaH:1162,LineaA,19,23.929149781266155
LineaA:1069,LineaH:1163,LineaA,13,16.151131893587653
LineaA:1070,LineaA:1059,LineaA,1,1.2645545458317773
LineaA:1070,LineaA:1060,LineaA,5,6.434357162318062
LineaA:1070,LineaA:1061,LineaA,3,3.8775081923690355
LineaA:1070,LineaA:1062,LineaA,1,1.427680478428022
LineaA:1070,LineaA:1063,LineaA,4,5.010262945304935
LineaA:1070,LineaA:1064,LineaA,5,6.267855365265428
LineaA:1070,LineaA:1065,LineaA,5,6.615840068333741
LineaA:1070,LineaA:1066,LineaA,4,5.011507438084938
LineaA:1070,LineaA:1067,LineaA,1,1.253418966173874
LineaA:1070,LineaA:1069,LineaA,14,17.70308156521764
LineaA:1070,LineaA:1072,LineaA,44,55.092153571873695
LineaA:1070,LineaA:1074,LineaA,50,62.335131918500565
LineaA:1070,LineaA:1076,LineaA,160,199.95718327767096
LineaA:1070,LineaB:1077,LineaA,1,1.252369627408403
LineaA:1070,LineaB:1078,LineaA,1,1.25492483495506
LineaA:1070,LineaB:1081,LineaA,1,1.2563479271804898
LineaA:1070,LineaB:1084,LineaA,2,2.500682242209908
LineaA:1070,LineaB:1085,LineaA,2,2.606784856116506
LineaA:1070,LineaB:1086,LineaA,1,1.252369627408403
LineaA:1070,LineaB:1088,LineaA,5,6.330991066774772
LineaA:1070,LineaB:1089,LineaA,5,6.2342688476156
LineaA:1070,LineaB:1090,LineaA,16,19.893445544972845
LineaA:1070,LineaB:1092,LineaA,18,22.457881726345335
LineaA:1070,LineaC:1094,LineaA,320,405.44123607648714
LineaA:1070,LineaC:1095,LineaA,23,29.270374584262253
LineaA:1070,LineaC:1097,LineaA,12,15.223011418284026
LineaA:1070,LineaC:1098,LineaA,82,103.02738227143044
LineaA:1070,LineaC:1100,LineaA,23,28.998819956315195
LineaA:1070,LineaC:1101,LineaA,15,19.118535360685293
LineaA:1070,LineaD:1103,LineaA,19,24.42040611892584
LineaA:1070,LineaD:1104,LineaA,14,18.06420793390535
LineaA:1070,LineaD:1105,LineaA,7,8.939353144958655
LineaA:1070,LineaD:1106,LineaA,6,7.902343816036845
LineaA:1070,LineaD:1107,LineaA,1,1.2491664413805532
LineaA:1070,LineaD:1108,LineaA,5,6.2816857146052065
LineaA:1070,LineaD:1109,LineaA,4,5.158046670971558
LineaA:1070,LineaD:1110,LineaA,4,4.960280108732199
LineaA:1070,LineaD:1111,LineaA,5,6.210988032422106
LineaA:1070,LineaD:1112,LineaA,1,1.250341121104954
LineaA:1070,LineaD:1114,LineaA,1,1.250341121104954
LineaA:1070,LineaD:1115,LineaA,8,9.999995509784338
LineaA:1070,LineaD:1116,LineaA,21,26.194134855582572
LineaA:1070,LineaD:1117,LineaA,32,40.66140947996395
LineaA:1070,LineaE:1119,LineaA,179,224.28140522956804
LineaA:1070,LineaE:1120,LineaA,16,20.064887239030135
LineaA:1070,LineaE:1121,LineaA,26,32.912266422265276
LineaA:1070,LineaE:1122,LineaA,12,15.104224348665317
LineaA:1070,LineaE:1123,LineaA,1,1.25492483495506
LineaA:1070,LineaE:1124,LineaA,2,2.5148956669367313
LineaA:1070,LineaE:1126,LineaA,1,1.2563479271804898
LineaA:1070,LineaE:1127,LineaA,2,2.520902473012267
LineaA:1070,LineaE:1129,LineaA,3,3.9414014656403524
LineaA:1070,LineaE:1130,LineaA,1,1.2524394404640051
LineaA:1070,LineaE:1131,LineaA,1,1.2234557595993325
LineaA:1070,LineaE:1132,LineaA,2,2.519479380786837
LineaA:1070,LineaE:1133,LineaA,2,2.505788593582277
LineaA:1070,LineaE:1164,LineaA,112,140.53073121352816
LineaA:1070,LineaE:1165,LineaA,24,30.179359169439405
LineaA:1070,LineaE:1166,LineaA,43,54.11942064442128
LineaA:1070,LineaH:1134,LineaA,2,2.504809067872408
LineaA:1070,LineaH:1137,LineaA,1,1.2583857554110247
LineaA:1070,LineaH:1138,LineaA,2,2.6768469198085754
LineaA:1070,LineaH:1140,LineaA,10,12.672193319039746
LineaA:1070,LineaH:1141,LineaA,1,1.2583857554110247
LineaA:1070,LineaH:1160,LineaA,3,3.763651711471039
LineaA:1070,LineaH:1161,LineaA,4,4.962673591640427
LineaA:1070,LineaH:1162,LineaA,1,1.2288473505888862
LineaA:1070,LineaH:1163,LineaA,3,3.704742550652224
LineaA:1071,LineaA:1059,LineaA,655,832.4115190274612
LineaA:1071,LineaA:1060,LineaA,772,981.198525624352
LineaA:1071,LineaA:1061,LineaA,464,591.8811805577545
LineaA:1071,LineaA:1062,LineaA,290,370.1367019725873
LineaA:1071,LineaA:1063,LineaA,526,672.9098196163275
LineaA:1071,LineaA:1064,LineaA,665,848.5544878648071
LineaA:1071,LineaA:1065,LineaA,390,499.48122726182197
LineaA:1071,LineaA:1066,LineaA,241,306.206679011492
LineaA:1071,LineaA:1067,LineaA,202,257.14169925529086
LineaA:1071,LineaA:1069,LineaA,15,19.26404985631973
LineaA:1071,LineaA:1072,LineaA,28,35.370046014267416
LineaA:1071,LineaA:1074,LineaA,49,61.285946754526435
LineaA:1071,LineaA:1076,LineaA,175,220.4032566119356
LineaA:1071,LineaB:1077,LineaA,17,21.29442089097091
LineaA:1071,LineaB:1078,LineaA,2,2.5025854075544274
LineaA:1071,LineaB:1079,LineaA,4,5.010395882716446
LineaA:1071,LineaB:1080,LineaA,3,3.9384358612474495
LineaA:1071,LineaB:1081,LineaA,8,10.135973704177193
LineaA:1071,LineaB:1082,LineaA,8,10.663031720859427
LineaA:1071,LineaB:1083,LineaA,22,27.91174878296199
LineaA:1071,LineaB:1084,LineaA,46,58.72149871631141
LineaA:1071,LineaB:1085,LineaA,37,48.046392924031665
LineaA:1071,LineaB:1086,LineaA,25,32.09843658728946
LineaA:1071,LineaB:1088,LineaA,6,7.85955224625503
LineaA:1071,LineaB:1089,LineaA,12,15.036688860184574
LineaA:1071,LineaB:1090,LineaA,4,5.251451123666376
LineaA:1071,LineaB:1092,LineaA,17,21.094968285121496
LineaA:1071,LineaC:1094,LineaA,279,354.6014187075327
LineaA:1071,LineaC:1095,LineaA,19,24.652076505763535
LineaA:1071,LineaC:1097,LineaA,13,16.559182010415796
LineaA:1071,LineaC:1098,LineaA,72,91.11669175708857
LineaA:1071,LineaC:1100,LineaA,21,26.32625321920972
LineaA:1071,LineaC:1101,LineaA,21,26.74487707029155
LineaA:1071,LineaD:1103,LineaA,69,87.74095629007572
LineaA:1071,LineaD:1104,LineaA,55,70.53220032818447
LineaA:1071,LineaD:1105,LineaA,33,42.258202618152794
LineaA:1071,LineaD:1106,LineaA,20,25.36879405013687
LineaA:1071,LineaD:1107,LineaA,15,19.509124888867163
LineaA:1071,LineaD:1108,LineaA,26,33.19337963639893
LineaA:1071,LineaD:1109,LineaA,23,29.15511220404677
LineaA:1071,LineaD:1110,LineaA,15,18.951943376233377
LineaA:1071,LineaD:1111,LineaA,13,16.74907676119918
LineaA:1071,LineaD:1112,LineaA,5,6.370049492455541
LineaA:1071,LineaD:1114,LineaA,4,5.081629471379687
LineaA:1071,LineaD:1115,LineaA,15,18.846420890130837
LineaA:1071,LineaD:1116,LineaA,14,17.702965007134353
LineaA:1071,LineaD:1117,LineaA,26,32.90392741338582
LineaA:1071,LineaE:1119,LineaA,231,290.06404936042964
LineaA:1071,LineaE:1120,LineaA,17,21.58701891590328
LineaA:1071,LineaE:1121,LineaA,26,33.04289117820038
LineaA:1071,LineaE:1122,LineaA,10,12.466748627051624
LineaA:1071,LineaE:1123,LineaA,13,16.79554550997699
LineaA:1071,LineaE:1124,LineaA,3,3.756004373728301
LineaA:1071,LineaE:1126,LineaA,15,18.77921871188599
LineaA:1071,LineaE:1127,LineaA,30,37.838336945359785
LineaA:1071,LineaE:1128,LineaA,30,38.02004871353594
LineaA:1071,LineaE:1129,LineaA,60,77.60275895338086
LineaA:1071,LineaE:1130,LineaA,42,53.40713851588532
LineaA:1071,LineaE:1131,LineaA,22,28.376877661338924
LineaA:1071,LineaE:1132,LineaA,15,19.331326320829643
LineaA:1071,LineaE:1133,LineaA,19,24.413053758310877
LineaA:1071,LineaE:1164,LineaA,239,302.7978731802609
LineaA:1071,LineaE:1165,LineaA,22,27.588830638053196
LineaA:1071,LineaE:1166,LineaA,69,88.07661645191858
LineaA:1071,LineaH:1134,LineaA,40,50.94525756921053
LineaA:1071,LineaH:1135,LineaA,36,46.65771616130766
LineaA:1071,LineaH:1136,LineaA,20,25.63166587923798
LineaA:1071,LineaH:1137,LineaA,31,40.05468375868776
LineaA:1071,LineaH:1138,LineaA,34,43.7209918759475
LineaA:1071,LineaH:1139,LineaA,20,25.67479814831846
LineaA:1071,LineaH:1140,LineaA,770,980.1952728548455
LineaA:1071,LineaH:1141,LineaA,33,41.41609138119591
LineaA:1071,LineaH:1160,LineaA,26,32.74220662585599
LineaA:1071,LineaH:1161,LineaA,30,38.58437479340855
LineaA:1071,LineaH:1162,LineaA,21,26.354966712405126
LineaA:1071,LineaH:1163,LineaA,11,13.700941851036562
LineaA:1072,LineaA:1059,LineaA,394,499.1025471455716
LineaA:1072,LineaA:1060,LineaA,452,574.2413983711232
LineaA:1072,LineaA:1061,LineaA,290,369.31702528081047
LineaA:1072,LineaA:1062,LineaA,191,242.20964679788455
LineaA:1072,LineaA:1063,LineaA,315,401.0059235954104
LineaA:1072,LineaA:1064,LineaA,357,453.3983401869249
LineaA:1072,LineaA:1065,LineaA,217,276.21185799920283
LineaA:1072,LineaA:1066,LineaA,143,180.8053183803525
LineaA:1072,LineaA:1067,LineaA,97,122.94713834106723
LineaA:1072,LineaA:1069,LineaA,13,16.51398395936568
LineaA:1072,LineaA:1070,LineaA,36,45.398302779516825
LineaA:1072,LineaA:1071,LineaA,18,22.911636523193117
LineaA:1072,LineaA:1074,LineaA,25,31.32571794168637
LineaA:1072,LineaA:1076,LineaA,120,150.1165804499597
LineaA:1072,LineaB:1077,LineaA,8,10.052633856447468
LineaA:1072,LineaB:1079,LineaA,1,1.2645545458317773
LineaA:1072,LineaB:1080,LineaA,3,3.893132748314506
LineaA:1072,LineaB:1081,LineaA,9,11.687618241810572
LineaA:1072,LineaB:1082,LineaA,6,7.708545496915347
LineaA:1072,LineaB:1083,LineaA,14,17.507143802522773
LineaA:1072,LineaB:1084,LineaA,18,22.651035533055087
LineaA:1072,LineaB:1085,LineaA,24,31.034545401318216
LineaA:1072,LineaB:1086,LineaA,9,11.289014561696241
LineaA:1072,LineaB:1088,LineaA,8,9.946159864661078
LineaA:1072,LineaB:1089,LineaA,3,3.7458413368846686
LineaA:1072,LineaB:1090,LineaA,4,4.964702097943876
LineaA:1072,LineaB:1092,LineaA,9,11.265914149458057
LineaA:1072,LineaC:1094,LineaA,106,133.90022008268735
LineaA:1072,LineaC:1095,LineaA,14,17.39434158960305
LineaA:1072,LineaC:1097,LineaA,1,1.207066514475459
LineaA:1072,LineaC:1098,LineaA,4,4.97831010859268
LineaA:1072,LineaC:1100,LineaA,9,11.311159500524298
LineaA:1072,LineaC:1101,LineaA,7,8.722792754007004
LineaA:1072,LineaD:1103,LineaA,52,66.37128584891954
LineaA:1072,LineaD:1104,LineaA,39,49.30639284408201
LineaA:1072,LineaD:1105,LineaA,16,20.16833513937762
LineaA:1072,LineaD:1106,LineaA,23,29.420578325869073
LineaA:1072,LineaD:1107,LineaA,20,25.12758774152423
LineaA:1072,LineaD:1108,LineaA,28,35.319578090824415
LineaA:1072,LineaD:1109,LineaA,19,24.417381998314728
LineaA:1072,LineaD:1110,LineaA,25,31.870823496930903
LineaA:1072,LineaD:1111,LineaA,16,20.197778170615724
LineaA:1072,LineaD:1112,LineaA,9,11.443000875718946
LineaA:1072,LineaD:1114,LineaA,10,12.605295584614426
LineaA:1072,LineaD:1115,LineaA,7,8.707707051385647
LineaA:1072,LineaD:1116,LineaA,11,13.980239390066505
LineaA:1072,LineaD:1117,LineaA,13,16.47762748226828
LineaA:1072,LineaE:1119,LineaA,112,140.50710191292143
LineaA:1072,LineaE:1120,LineaA,6,7.4788908575858875
LineaA:1072,LineaE:1121,LineaA,10,12.799795787238232
LineaA:1072,LineaE:1122,LineaA,6,7.666849059769399
LineaA:1072,LineaE:1123,LineaA,3,3.7686458221673904
LineaA:1072,LineaE:1124,LineaA,5,6.395003891425103
LineaA:1072,LineaE:1126,LineaA,10,13.013871069063946
LineaA:1072,LineaE:1127,LineaA,20,25.350441517429104
LineaA:1072,LineaE:1128,LineaA,16,20.409405665454848
LineaA:1072,LineaE:1129,LineaA,30,38.31999110658446
LineaA:1072,LineaE:1130,LineaA,20,25.57494305839638
LineaA:1072,LineaE:1131,LineaA,14,17.863687498623477
LineaA:1072,LineaE:1132,LineaA,19,24.299085755121208
LineaA:1072,LineaE:1133,LineaA,15,19.11401195067922
LineaA:1072,LineaE:1164,LineaA,103,130.0154799967232
LineaA:1072,LineaE:1165,LineaA,18,22.477106399106628
LineaA:1072,LineaE:1166,LineaA,19,23.9053306033132
LineaA:1072,LineaH:1134,LineaA,44,55.34585808773108
LineaA:1072,LineaH:1135,LineaA,25,31.64721775204104
LineaA:1072,LineaH:1136,LineaA,14,18.191414704098158
LineaA:1072,LineaH:1137,LineaA,13,16.566707018306037
LineaA:1072,LineaH:1138,LineaA,17,21.73600608217492
LineaA:1072,LineaH:1139,LineaA,18,22.744866379558548
LineaA:1072,LineaH:1140,LineaA,575,730.9564196304584
LineaA:1072,LineaH:1141,LineaA,30,37.860389333018816
LineaA:1072,LineaH:1160,LineaA,35,44.123864909321156
LineaA:1072,LineaH:1161,LineaA,28,35.428224621822444
LineaA:1072,LineaH:1162,LineaA,15,19.203377672547816
LineaA:1072,LineaH:1163,LineaA,12,15.168715477237294
LineaA:1074,LineaA:1059,LineaA,284,360.6376785005843
LineaA:1074,LineaA:1060,LineaA,325,411.42540939795396
LineaA:1074,LineaA:1061,LineaA,263,334.67891487815706
LineaA:1074,LineaA:1062,LineaA,135,170.7582181401055
LineaA:1074,LineaA:1063,LineaA,247,314.7907369035033
LineaA:1074,LineaA:1064,LineaA,341,433.12344020872007
LineaA:1074,LineaA:1065,LineaA,177,225.04536783927347
LineaA:1074,LineaA:1066,LineaA,109,138.351939497735
LineaA:1074,LineaA:1067,LineaA,84,106.64377764700842
LineaA:1074,LineaA:1069,LineaA,16,20.165799545586502
LineaA:1074,LineaA:1070,LineaA,47,59.127842584157655
LineaA:1074,LineaA:1071,LineaA,63,79.21848464701725
LineaA:1074,LineaA:1072,LineaA,23,28.826980593304064
LineaA:1074,LineaA:1076,LineaA,9,11.35983027938948
LineaA:1074,LineaB:1077,LineaA,5,6.537609151823519
LineaA:1074,LineaB:1078,LineaA,3,3.991036861951903
LineaA:1074,LineaB:1081,LineaA,4,5.029629349528246
LineaA:1074,LineaB:1083,LineaA,19,23.866509507611024
LineaA:1074,LineaB:1084,LineaA,17,21.488381616214586
LineaA:1074,LineaB:1085,LineaA,25,32.188665587257205
LineaA:1074,LineaB:1086,LineaA,6,7.468090583894218
LineaA:1074,LineaB:1088,LineaA,18,22.688577085092167
LineaA:1074,LineaB:1089,LineaA,2,2.505788593582277
LineaA:1074,LineaB:1090,LineaA,2,2.680119918892027
LineaA:1074,LineaB:1092,LineaA,1,1.2491664413805532
LineaA:1074,LineaC:1094,LineaA,17,21.658040649768726
LineaA:1074,LineaC:1095,LineaA,3,3.8592242965805106
LineaA:1074,LineaC:1097,LineaA,5,6.338860334534871
LineaA:1074,LineaC:1098,LineaA,3,3.947225095537421
LineaA:1074,LineaC:1101,LineaA,1,1.2288473505888862
LineaA:1074,LineaD:1103,LineaA,7,9.025519018951783
LineaA:1074,LineaD:1104,LineaA,6,7.912280609411709
LineaA:1074,LineaD:1105,LineaA,2,2.5291090916635546
LineaA:1074,LineaD:1106,LineaA,2,2.5179735120056512
LineaA:1074,LineaD:1107,LineaA,3,3.7652236877587724
LineaA:1074,LineaD:1108,LineaA,6,7.688950808216337
LineaA:1074,LineaD:1109,LineaA,7,8.88377447941283
LineaA:1074,LineaD:1110,LineaA,8,10.22767563928971
LineaA:1074,LineaD:1111,LineaA,3,3.7642441620489038
LineaA:1074,LineaD:1112,LineaA,6,8.045644913974503
LineaA:1074,LineaD:1114,LineaA,7,8.907745352927565
LineaA:1074,LineaD:1115,LineaA,10,12.900705776358874
LineaA:1074,LineaD:1116,LineaA,2,2.508787367644495
LineaA:1074,LineaD:1117,LineaA,7,8.90194180697298
LineaA:1074,LineaE:1119,LineaA,2,2.4812867910528915
LineaA:1074,LineaE:1121,LineaA,4,5.014585283153858
LineaA:1074,LineaE:1122,LineaA,2,2.505858406637879
LineaA:1074,LineaE:1123,LineaA,3,3.757510242509487
LineaA:1074,LineaE:1124,LineaA,2,2.6472214750965275
LineaA:1074,LineaE:1126,LineaA,4,5.021733599284479
LineaA:1074,LineaE:1127,LineaA,8,10.138168971551615
LineaA:1074,LineaE:1128,LineaA,14,17.89542396729307
LineaA:1074,LineaE:1129,LineaA,16,20.489773698705623
LineaA:1074,LineaE:1130,LineaA,15,18.929442159006957
LineaA:1074,LineaE:1131,LineaA,11,14.11595585105301
LineaA:1074,LineaE:1132,LineaA,6,7.688135288344981
LineaA:1074,LineaE:1133,LineaA,7,9.0951984891167
LineaA:1074,LineaE:1164,LineaA,10,12.750193225293431
LineaA:1074,LineaE:1165,LineaA,1,1.2583857554110247
LineaA:1074,LineaE:1166,LineaA,9,11.254915095306812
LineaA:1074,LineaH:1134,LineaA,26,32.98635850330993
LineaA:1074,LineaH:1135,LineaA,10,12.780440884245298
LineaA:1074,LineaH:1136,LineaA,5,6.6070683535580805
LineaA:1074,LineaH:1137,LineaA,14,18.355812962911326
LineaA:1074,LineaH:1138,LineaA,11,14.096811663401773
LineaA:1074,LineaH:1139,LineaA,17,21.61091219053233
LineaA:1074,LineaH:1140,LineaA,561,712.0425886172662
LineaA:1074,LineaH:1141,LineaA,14,17.47325481191658
LineaA:1074,LineaH:1160,LineaA,16,20.203007031535055
LineaA:1074,LineaH:1161,LineaA,5,6.4589645807997575
LineaA:1074,LineaH:1162,LineaA,9,11.39016167132478
LineaA:1074,LineaH:1163,LineaA,3,3.774404215741897
LineaA:1076,LineaA:1059,LineaA,999,1265.2323914452516
LineaA:1076,LineaA:1060,LineaA,1248,1575.4020983946637
LineaA:1076,LineaA:1061,LineaA,848,1073.8480378631562
LineaA:1076,LineaA:1062,LineaA,490,619.3086907831702
LineaA:1076,LineaA:1063,LineaA,876,1111.650827794119
LineaA:1076,LineaA:1064,LineaA,981,1242.1413132870318
LineaA:1076,LineaA:1065,LineaA,578,731.6267360422339
LineaA:1076,LineaA:1066,LineaA,485,613.831309376607
LineaA:1076,LineaA:1067,LineaA,283,358.63474324824676
LineaA:1076,LineaA:1069,LineaA,59,75.14376873065906
LineaA:1076,LineaA:1070,LineaA,169,212.95356331982833
LineaA:1076,LineaA:1071,LineaA,282,353.20704606528665
LineaA:1076,LineaA:1072,LineaA,144,181.39983100118465
LineaA:1076,LineaA:1074,LineaA,19,23.704689337904526
LineaA:1076,LineaB:1077,LineaA,15,18.764748652953543
LineaA:1076,LineaB:1079,LineaA,9,11.432638999093683
LineaA:1076,LineaB:1080,LineaA,5,6.681395214780145
LineaA:1076,LineaB:1081,LineaA,17,22.170623457619637
LineaA:1076,LineaB:1082,LineaA,18,22.833393019764337
LineaA:1076,LineaB:1083,LineaA,62,78.0662578024904
LineaA:1076,LineaB:1084,LineaA,66,84.2434366403846
LineaA:1076,LineaB:1085,LineaA,70,88.52578143572414
LineaA:1076,LineaB:1086,LineaA,27,34.025087405603976
LineaA:1076,LineaB:1088,LineaA,36,45.247088915725634
LineaA:1076,LineaB:1089,LineaA,58,72.7694370502671
LineaA:1076,LineaB:1090,LineaA,20,24.873642588023714
LineaA:1076,LineaB:1092,LineaA,3,3.8981550467793467
LineaA:1076,LineaC:1094,LineaA,281,358.42810055830984
LineaA:1076,LineaC:1095,LineaA,17,21.443826867005605
LineaA:1076,LineaC:1097,LineaA,16,19.85467428747456
LineaA:1076,LineaC:1098,LineaA,79,98.7203086919747
LineaA:1076,LineaC:1100,LineaA,7,8.760268635438269
LineaA:1076,LineaC:1101,LineaA,14,17.688717776750707
LineaA:1076,LineaD:1103,LineaA,42,52.640769845199166
LineaA:1076,LineaD:1104,LineaA,37,46.481242314063614
LineaA:1076,LineaD:1105,LineaA,27,33.85208141372724
LineaA:1076,LineaD:1106,LineaA,33,41.66927719959613
LineaA:1076,LineaD:1107,LineaA,29,36.359491638550644
LineaA:1076,LineaD:1108,LineaA,37,46.7257704727625
LineaA:1076,LineaD:1109,LineaA,42,53.31560468091937
LineaA:1076,LineaD:1110,LineaA,24,30.44559466850098
LineaA:1076,LineaD:1111,LineaA,39,49.09696583183942
LineaA:1076,LineaD:1112,LineaA,20,25.157404534151752
LineaA:1076,LineaD:1114,LineaA,32,40.096976382585254
LineaA:1076,LineaD:1115,LineaA,44,55.97712966909906
LineaA:1076,LineaD:1116,LineaA,29,36.24039308853352
LineaA:1076,LineaD:1117,LineaA,37,46.320917597678736
LineaA:1076,LineaE:1119,LineaA,32,40.608657942617384
LineaA:1076,LineaE:1120,LineaA,7,9.023148467669731
LineaA:1076,LineaE:1121,LineaA,13,16.24114974667922
LineaA:1076,LineaE:1122,LineaA,6,7.511956157419522
LineaA:1076,LineaE:1123,LineaA,17,21.49629977305336
LineaA:1076,LineaE:1124,LineaA,9,11.444550058919528
LineaA:1076,LineaE:1126,LineaA,22,27.817180348972702
LineaA:1076,LineaE:1127,LineaA,28,35.68595308678711
LineaA:1076,LineaE:1128,LineaA,38,48.19008235804975
LineaA:1076,LineaE:1129,LineaA,67,84.95666486598442
LineaA:1076,LineaE:1130,LineaA,58,74.15736420694763
LineaA:1076,LineaE:1131,LineaA,23,29.023329874895346
LineaA:1076,LineaE:1132,LineaA,35,44.64680893299323
LineaA:1076,LineaE:1133,LineaA,28,35.56697487747878
LineaA:1076,LineaE:1164,LineaA,57,71.09643605339487
LineaA:1076,LineaE:1165,LineaA,29,36.13891189012454
LineaA:1076,LineaE:1166,LineaA,54,67.82911574099334
LineaA:1076,LineaH:1134,LineaA,74,94.00837844882787
LineaA:1076,LineaH:1135,LineaA,59,75.03475173584859
LineaA:1076,LineaH:1136,LineaA,43,54.73462781309521
LineaA:1076,LineaH:1137,LineaA,26,33.41703885064307
LineaA:1076,LineaH:1138,LineaA,8,10.162654827430206
LineaA:1076,LineaH:1139,LineaA,63,80.0006064872477
LineaA:1076,LineaH:1140,LineaA,1931,2440.7074973283056
LineaA:1076,LineaH:1141,LineaA,64,79.9154706599275
LineaA:1076,LineaH:1160,LineaA,33,41.65106387257503
LineaA:1076,LineaH:1161,LineaA,39,48.92451551749454
LineaA:1076,LineaH:1162,LineaA,29,36.65087093714806
LineaA:1076,LineaH:1163,LineaA,8,9.948867644507477
LineaB:1077,LineaA:1059,LineaB,26,33.17196082429908
LineaB:1077,LineaA:1060,LineaB,13,16.807974575147167
LineaB:1077,LineaA:1061,LineaB,37,46.89280450105799
LineaB:1077,LineaA:1062,LineaB,37,46.54185393398246
LineaB:1077,LineaA:1063,LineaB,39,49.549745551970695
LineaB:1077,LineaA:1064,LineaB,54,68.1529821706097
LineaB:1077,LineaA:1065,LineaB,41,52.376864040123124
LineaB:1077,LineaA:1066,LineaB,75,94.9268540718737
LineaB:1077,LineaA:1067,LineaB,47,58.95369154488895
LineaB:1077,LineaA:1069,LineaB,31,38.53251696795569
LineaB:1077,LineaA:1070,LineaB,46,57.93051817606553
LineaB:1077,LineaA:1071,LineaB,172,215.06818811266126
LineaB:1077,LineaA:1072,LineaB,56,69.71735819706198
LineaB:1077,LineaA:1074,LineaB,16,20.071337847775197
LineaB:1077,LineaA:1076,LineaB,124,153.53706041377785
LineaB:1077,LineaB:1078,LineaB,52,65.5221710821582
LineaB:1077,LineaB:1079,LineaB,184,231.24581233423712
LineaB:1077,LineaB:1080,LineaB,166,207.87856526106256
LineaB:1077,LineaB:1081,LineaB,429,540.207244892133
LineaB:1077,LineaB:1082,LineaB,317,399.07933907605826
LineaB:1077,LineaB:1083,LineaB,504,632.1104767431316
LineaB:1077,LineaB:1084,LineaB,663,834.9681452727789
LineaB:1077,LineaB:1085,LineaB,765,960.980370293016
LineaB:1077,LineaB:1086,LineaB,489,612.3902045667548
LineaB:1077,LineaB:1088,LineaB,701,870.377626292628
LineaB:1077,LineaB:1089,LineaB,1038,1290.8227251321168
LineaB:1077,LineaB:1090,LineaB,898,1111.8001314238943
LineaB:1077,LineaB:1092,LineaB,1051,1291.9670513526787
LineaB:1077,LineaC:1094,LineaB,671,851.632070857981
LineaB:1077,LineaC:1095,LineaB,87,108.5913122167361
LineaB:1077,LineaC:1097,LineaB,116,142.72599568638637
LineaB:1077,LineaC:1098,LineaB,81,100.47411809583478
LineaB:1077,LineaC:1100,LineaB,84,104.50144717729808
LineaB:1077,LineaC:1101,LineaB,94,117.63951558712964
LineaB:1077,LineaD:1103,LineaB,76,95.98917127894192
LineaB:1077,LineaD:1104,LineaB,20,25.22657830235335
LineaB:1077,LineaD:1105,LineaB,7,8.78407004467645
LineaB:1077,LineaD:1106,LineaB,18,22.86747281978529
LineaB:1077,LineaD:1107,LineaB,38,47.04980726311899
LineaB:1077,LineaD:1108,LineaB,22,27.824702253445412
LineaB:1077,LineaD:1109,LineaB,30,37.88306776159514
LineaB:1077,LineaD:1110,LineaB,19,23.838106396211344
LineaB:1077,LineaD:1111,LineaB,50,62.60987798668631
LineaB:1077,LineaD:1112,LineaB,40,50.21460732306707
LineaB:1077,LineaD:1114,LineaB,166,206.5906474616361
LineaB:1077,LineaD:1115,LineaB,299,372.0427396391139
LineaB:1077,LineaD:1116,LineaB,227,281.27880983055326
LineaB:1077,LineaD:1117,LineaB,836,1034.606143200718
LineaB:1077,LineaE:1119,LineaB,485,596.830111791507
LineaB:1077,LineaE:1120,LineaB,119,147.2088160552306
LineaB:1077,LineaE:1121,LineaB,360,448.1150170390015
LineaB:1077,LineaE:1122,LineaB,73,91.38832755651559
LineaB:1077,LineaE:1123,LineaB,83,104.76787524857595
LineaB:1077,LineaE:1124,LineaB,24,30.320281620382048
LineaB:1077,LineaE:1126,LineaB,35,44.113859629891884
LineaB:1077,LineaE:1127,LineaB,47,59.62207346109717
LineaB:1077,LineaE:1128,LineaB,30,37.81974386698841
LineaB:1077,LineaE:1129,LineaB,25,31.802910391685426
LineaB:1077,LineaE:1130,LineaB,25,31.946719523790975
LineaB:1077,LineaE:1131,LineaB,17,21.44569236019274
LineaB:1077,LineaE:1132,LineaB,8,9.971582233556086
LineaB:1077,LineaE:1133,LineaB,12,15.161995608566304
LineaB:1077,LineaE:1164,LineaB,352,435.1454811136269
LineaB:1077,LineaE:1165,LineaB,378,470.4368944255769
LineaB:1077,LineaE:1166,LineaB,1255,1548.6764013339236
LineaB:1077,LineaH:1134,LineaB,234,293.2244813615802
LineaB:1077,LineaH:1135,LineaB,241,298.3193106385776
LineaB:1077,LineaH:1136,LineaB,204,254.17029558867904
LineaB:1077,LineaH:1137,LineaB,98,123.11045683290965
LineaB:1077,LineaH:1138,LineaB,128,160.08379415908217
LineaB:1077,LineaH:1139,LineaB,147,183.84440656502198
LineaB:1077,LineaH:1140,LineaB,374,469.0941895577607
LineaB:1077,LineaH:1141,LineaB,637,792.82145878513
LineaB:1077,LineaH:1160,LineaB,218,272.37199553011584
LineaB:1077,LineaH:1161,LineaB,230,287.2293184834541
LineaB:1077,LineaH:1162,LineaB,208,259.81824410946155
LineaB:1077,LineaH:1163,LineaB,66,81.7248142523496
LineaB:1078,LineaA:1059,LineaB,2,2.6047470278859706
LineaB:1078,LineaA:1060,LineaB,2,2.4758253870077356
LineaB:1078,LineaA:1061,LineaB,11,13.806191994865731
LineaB:1078,LineaA:1062,LineaB,3,4.113746712267068
LineaB:1078,LineaA:1063,LineaB,9,11.540676061889696
LineaB:1078,LineaA:1064,LineaB,12,15.335175182607685
LineaB:1078,LineaA:1065,LineaB,14,17.85621995289304
LineaB:1078,LineaA:1066,LineaB,12,15.563410101090549
LineaB:1078,LineaA:1067,LineaB,4,5.022629917459929
LineaB:1078,LineaA:1069,LineaB,10,12.425732247741298
LineaB:1078,LineaA:1070,LineaB,5,6.243694009743927
LineaB:1078,LineaA:1071,LineaB,24,30.282054288913812
LineaB:1078,LineaA:1072,LineaB,5,6.1830871253376785
LineaB:1078,LineaA:1074,LineaB,4,4.947446447314972
LineaB:1078,LineaA:1076,LineaB,21,26.018695300386717
LineaB:1078,LineaB:1077,LineaB,45,57.327970667155704
LineaB:1078,LineaB:1079,LineaB,43,54.85538644504324
LineaB:1078,LineaB:1080,LineaB,44,55.23387355095134
LineaB:1078,LineaB:1081,LineaB,122,153.66320812700556
LineaB:1078,LineaB:1082,LineaB,71,90.2882778532224
LineaB:1078,LineaB:1083,LineaB,122,154.1054720765586
LineaB:1078,LineaB:1084,LineaB,137,172.2856158761506
LineaB:1078,LineaB:1085,LineaB,164,205.43584567592535
LineaB:1078,LineaB:1086,LineaB,83,104.44617620985541
LineaB:1078,LineaB:1088,LineaB,140,174.11871129300857
LineaB:1078,LineaB:1089,LineaB,202,250.9881987245948
LineaB:1078,LineaB:1090,LineaB,188,233.1245008902028
LineaB:1078,LineaB:1092,LineaB,299,367.65329382572406
LineaB:1078,LineaC:1094,LineaB,167,210.40569476113086
LineaB:1078,LineaC:1095,LineaB,14,17.347585106724235
LineaB:1078,LineaC:1097,LineaB,37,45.35710015284617
LineaB:1078,LineaC:1098,LineaB,16,20.54175294764026
LineaB:1078,LineaC:1100,LineaB,22,27.248231116095056
LineaB:1078,LineaC:1101,LineaB,22,27.292488827193004
LineaB:1078,LineaD:1103,LineaB,12,15.068706236090774
LineaB:1078,LineaD:1104,LineaB,3,3.713904446823207
LineaB:1078,LineaD:1105,LineaB,3,3.708035822282726
LineaB:1078,LineaD:1106,LineaB,6,7.412296153323059
LineaB:1078,LineaD:1107,LineaB,5,6.273804891791949
LineaB:1078,LineaD:1108,LineaB,8,10.276540112384403
LineaB:1078,LineaD:1109,LineaB,1,1.252369627408403
LineaB:1078,LineaD:1110,LineaB,5,6.443339972140121
LineaB:1078,LineaD:1111,LineaB,15,18.83402392284013
LineaB:1078,LineaD:1112,LineaB,11,13.693891662968515
LineaB:1078,LineaD:1114,LineaB,34,42.54774657537856
LineaB:1078,LineaD:1115,LineaB,53,65.85878335937271
LineaB:1078,LineaD:1116,LineaB,46,56.98653757299037
LineaB:1078,LineaD:1117,LineaB,213,262.6738143045163
LineaB:1078,LineaE:1119,LineaB,96,118.36595023262791
LineaB:1078,LineaE:1120,LineaB,27,33.23085713139468
LineaB:1078,LineaE:1121,LineaB,110,137.23199844226576
LineaB:1078,LineaE:1122,LineaB,22,27.235089251315248
LineaB:1078,LineaE:1123,LineaB,15,19.233549834854827
LineaB:1078,LineaE:1124,LineaB,6,7.431614103442077
LineaB:1078,LineaE:1126,LineaB,5,6.375722422033602
LineaB:1078,LineaE:1127,LineaB,6,7.6854776487690675
LineaB:1078,LineaE:1128,LineaB,3,3.760783241592939
LineaB:1078,LineaE:1129,LineaB,2,2.504091276335613
LineaB:1078,LineaE:1130,LineaB,5,6.315573629640258
LineaB:1078,LineaE:1131,LineaB,3,3.7612268081085
LineaB:1078,LineaE:1132,LineaB,1,1.2583857554110247
LineaB:1078,LineaE:1133,LineaB,1,1.250341121104954
LineaB:1078,LineaE:1164,LineaB,68,85.1321950653601
LineaB:1078,LineaE:1165,LineaB,115,141.9390854174777
LineaB:1078,LineaE:1166,LineaB,287,353.55753428007426
LineaB:1078,LineaH:1134,LineaB,48,60.9222179228457
LineaB:1078,LineaH:1135,LineaB,59,74.33667747829278
LineaB:1078,LineaH:1136,LineaB,36,44.98170951712329
LineaB:1078,LineaH:1137,LineaB,24,30.42455566939074
LineaB:1078,LineaH:1138,LineaB,22,27.559870081521492
LineaB:1078,LineaH:1139,LineaB,25,31.40692195362777
LineaB:1078,LineaH:1140,LineaB,83,105.05725408743392
LineaB:1078,LineaH:1141,LineaB,74,91.99947582927611
LineaB:1078,LineaH:1160,LineaB,32,40.27065556290903
LineaB:1078,LineaH:1161,LineaB,71,88.37188019404138
LineaB:1078,LineaH:1162,LineaB,44,54.93845138920799
LineaB:1078,LineaH:1163,LineaB,29,36.45596322931351
LineaB:1079,LineaA:1059,LineaB,2,2.5087268765159787
LineaB:1079,LineaA:1060,LineaB,6,7.6464457582861325
LineaB:1079,LineaA:1061,LineaB,4,5.151425128890917
LineaB:1079,LineaA:1062,LineaB,7,8.763970796131124
LineaB:1079,LineaA:1063,LineaB,8,10.259362978409333
LineaB:1079,LineaA:1064,LineaB,16,20.003217528838483
LineaB:1079,LineaA:1065,LineaB,14,17.479820299624553
LineaB:1079,LineaA:1066,LineaB,16,20.17939488098042
LineaB:1079,LineaA:1067,LineaB,16,20.134550997933516
LineaB:1079,LineaA:1069,LineaB,11,13.749250817848718
LineaB:1079,LineaA:1070,LineaB,10,12.441551391219456
LineaB:1079,LineaA:1071,LineaB,39,49.32615800495009
LineaB:1079,LineaA:1072,LineaB,8,9.969915615766379
LineaB:1079,LineaA:1074,LineaB,6,7.595232892657511
LineaB:1079,LineaA:1076,LineaB,40,49.68662231117448
LineaB:1079,LineaB:1077,LineaB,200,254.48961579873006
LineaB:1079,LineaB:1078,LineaB,36,46.40883964800911
LineaB:1079,LineaB:1080,LineaB,38,48.54918409713892
LineaB:1079,LineaB:1081,LineaB,128,161.23296058969453
LineaB:1079,LineaB:1082,LineaB,89,112.99051348261158
LineaB:1079,LineaB:1083,LineaB,133,167.81219956505024
LineaB:1079,LineaB:1084,LineaB,189,238.53530843561697
LineaB:1079,LineaB:1085,LineaB,201,253.63402330331934
LineaB:1079,LineaB:1086,LineaB,117,146.8467058056696
LineaB:1079,LineaB:1088,LineaB,175,218.01504083452224
LineaB:1079,LineaB:1089,LineaB,281,350.13591886946057
LineaB:1079,LineaB:1090,LineaB,250,309.97615676497094
LineaB:1079,LineaB:1092,LineaB,332,408.5538175059013
LineaB:1079,LineaC:1094,LineaB,255,322.3729759206231
LineaB:1079,LineaC:1095,LineaB,27,33.69405878216023
LineaB:1079,LineaC:1097,LineaB,24,29.48760677572878
LineaB:1079,LineaC:1098,LineaB,21,26.461147433363944
LineaB:1079,LineaC:1100,LineaB,21,26.66004226235494
LineaB:1079,LineaC:1101,LineaB,37,45.88851800199095
LineaB:1079,LineaD:1103,LineaB,6,7.622279626774253
LineaB:1079,LineaD:1104,LineaB,12,15.249966466419293
LineaB:1079,LineaD:1105,LineaB,9,11.30343040433417
LineaB:1079,LineaD:1106,LineaB,3,3.931771754763635
LineaB:1079,LineaD:1107,LineaB,7,9.028872830131435
LineaB:1079,LineaD:1108,LineaB,7,8.738301745848263
LineaB:1079,LineaD:1109,LineaB,9,11.51979899628625
LineaB:1079,LineaD:1110,LineaB,13,16.33151436257509
LineaB:1079,LineaD:1111,LineaB,17,21.562962946753323
LineaB:1079,LineaD:1112,LineaB,12,15.473716736509903
LineaB:1079,LineaD:1114,LineaB,45,56.36574945232885
LineaB:1079,LineaD:1115,LineaB,96,120.21578829965976
LineaB:1079,LineaD:1116,LineaB,81,101.42334329315986
LineaB:1079,LineaD:1117,LineaB,261,324.44019180842344
LineaB:1079,LineaE:1119,LineaB,115,141.81296513605452
LineaB:1079,LineaE:1120,LineaB,35,43.43962422000093
LineaB:1079,LineaE:1121,LineaB,119,148.4764154021391
LineaB:1079,LineaE:1122,LineaB,19,23.828928403823056
LineaB:1079,LineaE:1123,LineaB,23,29.25581232858844
LineaB:1079,LineaE:1124,LineaB,3,3.9045552042012286
LineaB:1079,LineaE:1126,LineaB,4,4.976507629217643
LineaB:1079,LineaE:1127,LineaB,6,7.711824363639693
LineaB:1079,LineaE:1128,LineaB,7,8.987235260381071
LineaB:1079,LineaE:1129,LineaB,2,2.506837932347748
LineaB:1079,LineaE:1130,LineaB,7,9.027657728664922
LineaB:1079,LineaE:1131,LineaB,3,3.7300068157182613
LineaB:1079,LineaE:1132,LineaB,6,7.438521050674778
LineaB:1079,LineaE:1133,LineaB,1,1.253418966173874
LineaB:1079,LineaE:1164,LineaB,90,112.08810967428401
LineaB:1079,LineaE:1165,LineaB,141,175.56842634905846
LineaB:1079,LineaE:1166,LineaB,382,472.0395041560055
LineaB:1079,LineaH:1134,LineaB,50,63.05611160703817
LineaB:1079,LineaH:1135,LineaB,53,67.0191326106658
LineaB:1079,LineaH:1136,LineaB,55,69.34508060133334
LineaB:1079,LineaH:1137,LineaB,26,33.069277512890835
LineaB:1079,LineaH:1138,LineaB,35,44.713878046536955
LineaB:1079,LineaH:1139,LineaB,30,37.85173464792896
LineaB:1079,LineaH:1140,LineaB,106,133.76396684802444
LineaB:1079,LineaH:1141,LineaB,125,156.61263496336787
LineaB:1079,LineaH:1160,LineaB,60,75.21645029527777
LineaB:1079,LineaH:1161,LineaB,75,93.7666688108479
LineaB:1079,LineaH:1162,LineaB,73,91.29700034068526
LineaB:1079,LineaH:1163,LineaB,17,21.120687930657912
LineaB:1080,LineaA:1059,LineaB,7,8.856054752455961
LineaB:1080,LineaA:1060,LineaB,4,5.028616654149062
LineaB:1080,LineaA:1061,LineaB,7,9.125383877548044
LineaB:1080,LineaA:1062,LineaB,5,6.4483874108664185
LineaB:1080,LineaA:1063,LineaB,13,17.059014134166958
LineaB:1080,LineaA:1064,LineaB,18,22.96141248177022
LineaB:1080,LineaA:1065,LineaB,7,8.77088683578005
LineaB:1080,LineaA:1066,LineaB,20,25.513895500994295
LineaB:1080,LineaA:1067,LineaB,8,9.960336690627503
LineaB:1080,LineaA:1069,LineaB,3,3.7682354253211443
LineaB:1080,LineaA:1070,LineaB,7,8.793840341907835
LineaB:1080,LineaA:1071,LineaB,21,26.375379854968628
LineaB:1080,LineaA:1072,LineaB,12,15.162744448136829
LineaB:1080,LineaA:1074,LineaB,6,7.57723622891986
LineaB:1080,LineaA:1076,LineaB,13,16.262674333214008
LineaB:1080,LineaB:1077,LineaB,139,176.61454029572005
LineaB:1080,LineaB:1078,LineaB,39,49.77251575958967
LineaB:1080,LineaB:1079,LineaB,40,51.577182742270615
LineaB:1080,LineaB:1081,LineaB,117,149.3277156224866
LineaB:1080,LineaB:1082,LineaB,76,96.14254821621923
LineaB:1080,LineaB:1083,LineaB,116,148.84326566635696
LineaB:1080,LineaB:1084,LineaB,103,131.87234915810956
LineaB:1080,LineaB:1085,LineaB,128,161.95449391444313
LineaB:1080,LineaB:1086,LineaB,80,101.00017657805488
LineaB:1080,LineaB:1088,LineaB,107,134.33135513208276
LineaB:1080,LineaB:1089,LineaB,146,183.91143210856833
LineaB:1080,LineaB:1090,LineaB,146,181.68484521072983
LineaB:1080,LineaB:1092,LineaB,151,186.42096089598863
LineaB:1080,LineaC:1094,LineaB,236,299.0304472180505
LineaB:1080,LineaC:1095,LineaB,21,26.234390474933445
LineaB:1080,LineaC:1097,LineaB,10,12.55845179373959
LineaB:1080,LineaC:1098,LineaB,13,16.096029027813657
LineaB:1080,LineaC:1100,LineaB,17,21.625231998104354
LineaB:1080,LineaC:1101,LineaB,31,38.73866208242109
LineaB:1080,LineaD:1103,LineaB,2,2.680050105836425
LineaB:1080,LineaD:1104,LineaB,2,2.478013791969439
LineaB:1080,LineaD:1105,LineaB,7,9.14058579173993
LineaB:1080,LineaD:1106,LineaB,5,6.267277135863851
LineaB:1080,LineaD:1107,LineaB,4,5.293073565429285
LineaB:1080,LineaD:1108,LineaB,2,2.522940301242802
LineaB:1080,LineaD:1109,LineaB,9,11.188850574754266
LineaB:1080,LineaD:1110,LineaB,7,9.083084033543782
LineaB:1080,LineaD:1111,LineaB,12,14.860848547574122
LineaB:1080,LineaD:1112,LineaB,7,8.898886664517855
LineaB:1080,LineaD:1114,LineaB,13,16.272265607129324
LineaB:1080,LineaD:1115,LineaB,27,34.461534309973025
LineaB:1080,LineaD:1116,LineaB,39,49.38300810069495
LineaB:1080,LineaD:1117,LineaB,115,143.28732356874505
LineaB:1080,LineaE:1119,LineaB,64,78.9593965923317
LineaB:1080,LineaE:1120,LineaB,25,30.936212796248917
LineaB:1080,LineaE:1121,LineaB,38,47.39568272687773
LineaB:1080,LineaE:1122,LineaB,12,15.16157008994385
LineaB:1080,LineaE:1123,LineaB,8,10.456235469494976
LineaB:1080,LineaE:1124,LineaB,3,3.760439203516103
LineaB:1080,LineaE:1126,LineaB,8,10.368817737874295
LineaB:1080,LineaE:1127,LineaB,10,12.86665595954807
LineaB:1080,LineaE:1128,LineaB,6,7.573655086475035
LineaB:1080,LineaE:1129,LineaB,7,9.201763386199804
LineaB:1080,LineaE:1130,LineaB,9,11.478453624895423
LineaB:1080,LineaE:1131,LineaB,3,3.767265294345134
LineaB:1080,LineaE:1132,LineaB,1,1.2645545458317773
LineaB:1080,LineaE:1133,LineaB,9,11.744280675286698
LineaB:1080,LineaE:1164,LineaB,53,66.17882868762322
LineaB:1080,LineaE:1165,LineaB,79,99.39689106954907
LineaB:1080,LineaE:1166,LineaB,189,235.03009212232624
LineaB:1080,LineaH:1134,LineaB,48,60.536847280072415
LineaB:1080,LineaH:1135,LineaB,32,41.10871585525783
LineaB:1080,LineaH:1136,LineaB,35,44.25237440034637
LineaB:1080,LineaH:1137,LineaB,19,24.569255447192447
LineaB:1080,LineaH:1138,LineaB,8,10.184030967437694
LineaB:1080,LineaH:1139,LineaB,30,38.70210383111604
LineaB:1080,LineaH:1140,LineaB,124,157.35054907352412
LineaB:1080,LineaH:1141,LineaB,84,105.97807444886352
LineaB:1080,LineaH:1160,LineaB,35,43.962507981103144
LineaB:1080,LineaH:1161,LineaB,42,53.24524328463629
LineaB:1080,LineaH:1162,LineaB,29,36.39985820569596
LineaB:1080,LineaH:1163,LineaB,10,12.530096037146999
LineaB:1081,LineaA:1059,LineaB,23,29.119642715327867
LineaB:1081,LineaA:1060,LineaB,13,16.477112155449014
LineaB:1081,LineaA:1061,LineaB,19,24.122723049087654
LineaB:1081,LineaA:1062,LineaB,13,16.060271256018282
LineaB:1081,LineaA:1063,LineaB,18,22.461175329940748
LineaB:1081,LineaA:1064,LineaB,28,35.52857745324096
LineaB:1081,LineaA:1065,LineaB,22,27.556688859389457
LineaB:1081,LineaA:1066,LineaB,47,59.45586663694464
LineaB:1081,LineaA:1067,LineaB,31,39.15033260013945
LineaB:1081,LineaA:1069,LineaB,36,44.94820158472999
LineaB:1081,LineaA:1070,LineaB,49,61.188365092027645
LineaB:1081,LineaA:1071,LineaB,142,176.72406936340252
LineaB:1081,LineaA:1072,LineaB,74,92.33297965847794
LineaB:1081,LineaA:1074,LineaB,28,34.901714988366415
LineaB:1081,LineaA:1076,LineaB,142,176.5224980237048
LineaB:1081,LineaB:1077,LineaB,292,368.2691359609376
LineaB:1081,LineaB:1078,LineaB,110,139.14718522727952
LineaB:1081,LineaB:1079,LineaB,111,140.889983278376
LineaB:1081,LineaB:1080,LineaB,120,150.1440605407283
LineaB:1081,LineaB:1082,LineaB,170,213.56281087273476
LineaB:1081,LineaB:1083,LineaB,374,469.4927862203657
LineaB:1081,LineaB:1084,LineaB,381,478.23358116452783
LineaB:1081,LineaB:1085,LineaB,704,880.6702866416854
LineaB:1081,LineaB:1086,LineaB,468,587.2909727151003
LineaB:1081,LineaB:1088,LineaB,885,1098.9692822021043
LineaB:1081,LineaB:1089,LineaB,925,1147.4829072814023
LineaB:1081,LineaB:1090,LineaB,769,952.8172110836864
LineaB:1081,LineaB:1092,LineaB,971,1194.7313640326574
LineaB:1081,LineaC:1094,LineaB,866,1096.2241218445167
LineaB:1081,LineaC:1095,LineaB,101,125.32412312754764
LineaB:1081,LineaC:1097,LineaB,112,137.70884740825989
LineaB:1081,LineaC:1098,LineaB,118,146.7459624501539
LineaB:1081,LineaC:1100,LineaB,101,127.0271578672473
LineaB:1081,LineaC:1101,LineaB,110,137.2317389555154
LineaB:1081,LineaD:1103,LineaB,24,30.740343634712772
LineaB:1081,LineaD:1104,LineaB,17,21.685694670342624
LineaB:1081,LineaD:1105,LineaB,32,40.74109190628606
LineaB:1081,LineaD:1106,LineaB,25,31.844799173153742
LineaB:1081,LineaD:1107,LineaB,13,16.260079170657907
LineaB:1081,LineaD:1108,LineaB,41,51.18795446724592
LineaB:1081,LineaD:1109,LineaB,20,25.106672174675282
LineaB:1081,LineaD:1110,LineaB,22,27.678353551010588
LineaB:1081,LineaD:1111,LineaB,25,31.461888295742582
LineaB:1081,LineaD:1112,LineaB,34,42.745336308298846
LineaB:1081,LineaD:1114,LineaB,184,229.3162840389641
LineaB:1081,LineaD:1115,LineaB,307,382.76204491027585
LineaB:1081,LineaD:1116,LineaB,250,310.55970217787603
LineaB:1081,LineaD:1117,LineaB,850,1053.9251355919384
LineaB:1081,LineaE:1119,LineaB,422,521.3778364023751
LineaB:1081,LineaE:1120,LineaB,124,153.47349982491713
LineaB:1081,LineaE:1121,LineaB,369,460.30239370377757
LineaB:1081,LineaE:1122,LineaB,74,92.58538274578383
LineaB:1081,LineaE:1123,LineaB,57,71.70813966481569
LineaB:1081,LineaE:1124,LineaB,24,30.01598618519207
LineaB:1081,LineaE:1126,LineaB,31,38.90325019526711
LineaB:1081,LineaE:1127,LineaB,29,36.92456422853706
LineaB:1081,LineaE:1128,LineaB,3,3.736175606139014
LineaB:1081,LineaE:1129,LineaB,17,21.44088571260405
LineaB:1081,LineaE:1130,LineaB,14,17.58492302295536
LineaB:1081,LineaE:1131,LineaB,9,11.361358032967637
LineaB:1081,LineaE:1132,LineaB,16,19.98443592064312
LineaB:1081,LineaE:1133,LineaB,13,16.969180052267326
LineaB:1081,LineaE:1164,LineaB,324,403.6593358236459
LineaB:1081,LineaE:1165,LineaB,406,503.94743105419076
LineaB:1081,LineaE:1166,LineaB,1151,1424.608727319641
LineaB:1081,LineaH:1134,LineaB,174,217.87575988548014
LineaB:1081,LineaH:1135,LineaB,151,187.60808165606693
LineaB:1081,LineaH:1136,LineaB,191,238.1751768727489
LineaB:1081,LineaH:1137,LineaB,75,93.54794759416684
LineaB:1081,LineaH:1138,LineaB,122,152.47649727371655
LineaB:1081,LineaH:1139,LineaB,124,155.33040898628656
LineaB:1081,LineaH:1140,LineaB,382,480.91375980423487
LineaB:1081,LineaH:1141,LineaB,715,889.6397792412496
LineaB:1081,LineaH:1160,LineaB,186,231.72547905193292
LineaB:1081,LineaH:1161,LineaB,225,279.48415058339117
LineaB:1081,LineaH:1162,LineaB,177,221.05373996089594
LineaB:1081,LineaH:1163,LineaB,94,116.84873382216328
LineaB:1082,LineaA:1059,LineaB,19,24.166151467462715
LineaB:1082,LineaA:1060,LineaB,11,13.69599808119602
LineaB:1082,LineaA:1061,LineaB,7,8.771159758527876
LineaB:1082,LineaA:1062,LineaB,6,7.6047905413447605
LineaB:1082,LineaA:1063,LineaB,14,17.913870374699773
LineaB:1082,LineaA:1064,LineaB,16,20.56576243724813
LineaB:1082,LineaA:1065,LineaB,17,21.794000068792407
LineaB:1082,LineaA:1066,LineaB,21,26.906250975573435
LineaB:1082,LineaA:1067,LineaB,18,22.86079440198988
LineaB:1082,LineaA:1069,LineaB,20,25.168758530945162
LineaB:1082,LineaA:1070,LineaB,31,39.53683862861405
LineaB:1082,LineaA:1071,LineaB,69,86.90052684424383
LineaB:1082,LineaA:1072,LineaB,31,39.06866673115818
LineaB:1082,LineaA:1074,LineaB,7,8.882463764646175
LineaB:1082,LineaA:1076,LineaB,49,60.92304647134511
LineaB:1082,LineaB:1077,LineaB,269,343.6524396099858
LineaB:1082,LineaB:1078,LineaB,80,101.40181324128724
LineaB:1082,LineaB:1079,LineaB,90,113.62280247845563
LineaB:1082,LineaB:1080,LineaB,57,72.41078323782956
LineaB:1082,LineaB:1081,LineaB,135,172.4112794761418
LineaB:1082,LineaB:1083,LineaB,195,246.52735435600957
LineaB:1082,LineaB:1084,LineaB,146,185.52189792880927
LineaB:1082,LineaB:1085,LineaB,283,358.88997706381815
LineaB:1082,LineaB:1086,LineaB,229,290.39486648344547
LineaB:1082,LineaB:1088,LineaB,267,335.2923166915551
LineaB:1082,LineaB:1089,LineaB,320,401.63208526043314
LineaB:1082,LineaB:1090,LineaB,250,313.2654623620177
LineaB:1082,LineaB:1092,LineaB,319,394.79498873722304
LineaB:1082,LineaC:1094,LineaB,593,756.7023133605412
LineaB:1082,LineaC:1095,LineaB,33,42.09837379920172
LineaB:1082,LineaC:1097,LineaB,35,43.61795837542259
LineaB:1082,LineaC:1098,LineaB,23,28.7745983970399
LineaB:1082,LineaC:1100,LineaB,54,68.41559937447437
LineaB:1082,LineaC:1101,LineaB,45,57.0963860982754
LineaB:1082,LineaD:1103,LineaB,10,13.61321604963495
LineaB:1082,LineaD:1104,LineaB,8,10.170010503274549
LineaB:1082,LineaD:1105,LineaB,5,6.35605854320245
LineaB:1082,LineaD:1106,LineaB,8,10.427421300518148
LineaB:1082,LineaD:1107,LineaB,7,8.983876245579753
LineaB:1082,LineaD:1108,LineaB,31,38.86046153510328
LineaB:1082,LineaD:1109,LineaB,19,24.518391442892526
LineaB:1082,LineaD:1110,LineaB,15,19.013900438354618
LineaB:1082,LineaD:1111,LineaB,20,25.90534413612037
LineaB:1082,LineaD:1112,LineaB,6,7.955967432913003
LineaB:1082,LineaD:1114,LineaB,46,58.02041660477945
LineaB:1082,LineaD:1115,LineaB,110,138.70433504051732
LineaB:1082,LineaD:1116,LineaB,90,114.03860454340276
LineaB:1082,LineaD:1117,LineaB,236,294.5854039863273
LineaB:1082,LineaE:1119,LineaB,123,153.34982266404052
LineaB:1082,LineaE:1120,LineaB,24,30.19689300926128
LineaB:1082,LineaE:1121,LineaB,82,103.4561808061048
LineaB:1082,LineaE:1122,LineaB,30,38.527149486320596
LineaB:1082,LineaE:1123,LineaB,37,47.557299939582826
LineaB:1082,LineaE:1124,LineaB,7,9.165881902284044
LineaB:1082,LineaE:1126,LineaB,16,20.278254264240978
LineaB:1082,LineaE:1127,LineaB,26,33.060648009138966
LineaB:1082,LineaE:1128,LineaB,8,10.259412867314389
LineaB:1082,LineaE:1129,LineaB,5,6.529006107792884
LineaB:1082,LineaE:1130,LineaB,16,20.31247906337584
LineaB:1082,LineaE:1131,LineaB,4,5.208070963546511
LineaB:1082,LineaE:1132,LineaB,6,7.70530158961242
LineaB:1082,LineaE:1133,LineaB,12,15.392017312824937
LineaB:1082,LineaE:1164,LineaB,120,151.37206895515567
LineaB:1082,LineaE:1165,LineaB,222,280.2068118391574
LineaB:1082,LineaE:1166,LineaB,365,456.4737407944664
LineaB:1082,LineaH:1134,LineaB,109,138.0009566608254
LineaB:1082,LineaH:1135,LineaB,87,109.78275234165523
LineaB:1082,LineaH:1136,LineaB,91,115.63785362441048
LineaB:1082,LineaH:1137,LineaB,50,63.826724761066934
LineaB:1082,LineaH:1138,LineaB,50,63.74904756016333
LineaB:1082,LineaH:1139,LineaB,65,82.46978208685063
LineaB:1082,LineaH:1140,LineaB,222,280.46590189629893
LineaB:1082,LineaH:1141,LineaB,286,358.74572844775565
LineaB:1082,LineaH:1160,LineaB,78,98.63451034394673
LineaB:1082,LineaH:1161,LineaB,63,79.90997467467618
LineaB:1082,LineaH:1162,LineaB,51,64.69882389412848
LineaB:1082,LineaH:1163,LineaB,14,17.631519912657613
LineaB:1083,LineaA:1059,LineaB,11,14.139744069915114
LineaB:1083,LineaA:1060,LineaB,14,17.981709308527638
LineaB:1083,LineaA:1061,LineaB,12,15.24856752280407
LineaB:1083,LineaA:1062,LineaB,15,19.091566935482245
LineaB:1083,LineaA:1063,LineaB,11,13.97695376428269
LineaB:1083,LineaA:1064,LineaB,4,4.983927726510647
LineaB:1083,LineaA:1065,LineaB,13,16.803584199818864
LineaB:1083,LineaA:1066,LineaB,14,18.255923260959737
LineaB:1083,LineaA:1067,LineaB,8,10.116235412875811
LineaB:1083,LineaA:1069,LineaB,23,28.675998349891444
LineaB:1083,LineaA:1070,LineaB,20,25.235769392597724
LineaB:1083,LineaA:1071,LineaB,61,76.54149302623755
LineaB:1083,LineaA:1072,LineaB,27,34.4662077216909
LineaB:1083,LineaA:1074,LineaB,10,12.507982214103237
LineaB:1083,LineaA:1076,LineaB,90,111.76164190743805
LineaB:1083,LineaB:1077,LineaB,495,628.3210414335505
LineaB:1083,LineaB:1078,LineaB,121,154.08651855245583
LineaB:1083,LineaB:1079,LineaB,133,168.7310312672097
LineaB:1083,LineaB:1080,LineaB,123,154.8271128717821
LineaB:1083,LineaB:1081,LineaB,416,528.202032870512
LineaB:1083,LineaB:1082,LineaB,214,271.3542156606767
LineaB:1083,LineaB:1084,LineaB,118,149.41385047203053
LineaB:1083,LineaB:1085,LineaB,125,158.1608097341275
LineaB:1083,LineaB:1086,LineaB,271,344.3416677804588
LineaB:1083,LineaB:1088,LineaB,213,266.01340102922256
LineaB:1083,LineaB:1089,LineaB,311,390.99662821307214
LineaB:1083,LineaB:1090,LineaB,309,384.9781095476571
LineaB:1083,LineaB:1092,LineaB,379,467.905138268487
LineaB:1083,LineaC:1094,LineaB,517,655.9585312660735
LineaB:1083,LineaC:1095,LineaB,47,59.348899325753585
LineaB:1083,LineaC:1097,LineaB,54,67.02312404785762
LineaB:1083,LineaC:1098,LineaB,41,51.44226986516469
LineaB:1083,LineaC:1100,LineaB,58,72.80613029905334
LineaB:1083,LineaC:1101,LineaB,67,82.95083723599126
LineaB:1083,LineaD:1103,LineaB,31,39.46273114161944
LineaB:1083,LineaD:1104,LineaB,22,27.961564403060656
LineaB:1083,LineaD:1105,LineaB,17,21.66116673033469
LineaB:1083,LineaD:1106,LineaB,24,30.015217695792998
LineaB:1083,LineaD:1107,LineaB,14,17.607140208748856
LineaB:1083,LineaD:1108,LineaB,28,36.083376399463916
LineaB:1083,LineaD:1109,LineaB,19,24.556475879781754
LineaB:1083,LineaD:1110,LineaB,20,25.53911220608141
LineaB:1083,LineaD:1111,LineaB,33,41.76281351556368
LineaB:1083,LineaD:1112,LineaB,7,8.652505260760893
LineaB:1083,LineaD:1114,LineaB,46,58.03007885254515
LineaB:1083,LineaD:1115,LineaB,114,143.5972126357892
LineaB:1083,LineaD:1116,LineaB,114,143.50296297190457
LineaB:1083,LineaD:1117,LineaB,328,410.11791971753615
LineaB:1083,LineaE:1119,LineaB,182,225.6196996568128
LineaB:1083,LineaE:1120,LineaB,50,61.86897518482544
LineaB:1083,LineaE:1121,LineaB,147,183.7796750784693
LineaB:1083,LineaE:1122,LineaB,43,53.89269123452257
LineaB:1083,LineaE:1123,LineaB,36,45.53096718851771
LineaB:1083,LineaE:1124,LineaB,7,8.978108264732702
LineaB:1083,LineaE:1126,LineaB,13,16.394302151388167
LineaB:1083,LineaE:1127,LineaB,8,10.276930639123748
LineaB:1083,LineaE:1128,LineaB,3,3.758933334734917
LineaB:1083,LineaE:1129,LineaB,11,13.80360071907691
LineaB:1083,LineaE:1130,LineaB,15,19.068114060368966
LineaB:1083,LineaE:1131,LineaB,5,6.238819798070495
LineaB:1083,LineaE:1132,LineaB,13,16.60319254604021
LineaB:1083,LineaE:1133,LineaB,10,12.473246988458245
LineaB:1083,LineaE:1164,LineaB,189,237.7392723297457
LineaB:1083,LineaE:1165,LineaB,292,363.2367629349031
LineaB:1083,LineaE:1166,LineaB,487,605.9869021894883
LineaB:1083,LineaH:1134,LineaB,76,95.87341349684246
LineaB:1083,LineaH:1135,LineaB,79,99.10498315028941
LineaB:1083,LineaH:1136,LineaB,85,107.25399069276902
LineaB:1083,LineaH:1137,LineaB,56,71.32591900096128
LineaB:1083,LineaH:1138,LineaB,64,82.14160310658187
LineaB:1083,LineaH:1139,LineaB,63,80.26681739234797
LineaB:1083,LineaH:1140,LineaB,169,214.22822945468204
LineaB:1083,LineaH:1141,LineaB,201,252.20938650557585
LineaB:1083,LineaH:1160,LineaB,67,84.63503620709987
LineaB:1083,LineaH:1161,LineaB,97,121.64315396964099
LineaB:1083,LineaH:1162,LineaB,106,133.054159476688
LineaB:1083,LineaH:1163,LineaB,33,41.33265103046421
LineaB:1084,LineaA:1059,LineaB,22,28.42778058782377
LineaB:1084,LineaA:1060,LineaB,17,22.190593213722053
LineaB:1084,LineaA:1061,LineaB,7,9.533504069485378
LineaB:1084,LineaA:1062,LineaB,22,28.310946164824337
LineaB:1084,LineaA:1063,LineaB,15,19.27853115388549
LineaB:1084,LineaA:1064,LineaB,14,17.806085653089912
LineaB:1084,LineaA:1065,LineaB,16,20.04832064512358
LineaB:1084,LineaA:1066,LineaB,17,21.67558560336155
LineaB:1084,LineaA:1067,LineaB,21,26.56653029178753
LineaB:1084,LineaA:1069,LineaB,26,32.63193275328976
LineaB:1084,LineaA:1070,LineaB,35,44.403910109254674
LineaB:1084,LineaA:1071,LineaB,105,133.14852966284636
LineaB:1084,LineaA:1072,LineaB,47,59.26486168554181
LineaB:1084,LineaA:1074,LineaB,23,28.857420838903032
LineaB:1084,LineaA:1076,LineaB,113,140.395433207968
LineaB:1084,LineaB:1077,LineaB,580,739.7404674894552
LineaB:1084,LineaB:1078,LineaB,147,188.86840229188746
LineaB:1084,LineaB:1079,LineaB,175,222.10790455292408
LineaB:1084,LineaB:1080,LineaB,102,128.8037029037891
LineaB:1084,LineaB:1081,LineaB,351,449.4974119146094
LineaB:1084,LineaB:1082,LineaB,150,190.7901524994326
LineaB:1084,LineaB:1083,LineaB,78,99.47224886314329
LineaB:1084,LineaB:1085,LineaB,214,270.68751447517405
LineaB:1084,LineaB:1086,LineaB,285,360.7288493640476
LineaB:1084,LineaB:1088,LineaB,247,309.54323344090744
LineaB:1084,LineaB:1089,LineaB,444,557.3511638427323
LineaB:1084,LineaB:1090,LineaB,465,579.9367166750739
LineaB:1084,LineaB:1092,LineaB,495,611.8055030685676
LineaB:1084,LineaC:1094,LineaB,742,940.6633493372395
LineaB:1084,LineaC:1095,LineaB,72,90.09004977437853
LineaB:1084,LineaC:1097,LineaB,64,79.84127531003
LineaB:1084,LineaC:1098,LineaB,66,83.0652318982399
LineaB:1084,LineaC:1100,LineaB,78,98.58879484662431
LineaB:1084,LineaC:1101,LineaB,111,138.69773024002026
LineaB:1084,LineaD:1103,LineaB,28,35.52943047841634
LineaB:1084,LineaD:1104,LineaB,20,25.763832787705116
LineaB:1084,LineaD:1105,LineaB,11,14.110843366079266
LineaB:1084,LineaD:1106,LineaB,14,18.09093510089641
LineaB:1084,LineaD:1107,LineaB,12,15.22788063699661
LineaB:1084,LineaD:1108,LineaB,15,18.55904402641347
LineaB:1084,LineaD:1109,LineaB,19,23.833936540299767
LineaB:1084,LineaD:1110,LineaB,32,41.28549189700427
LineaB:1084,LineaD:1111,LineaB,13,16.528495018164694
LineaB:1084,LineaD:1112,LineaB,14,17.784396858189357
LineaB:1084,LineaD:1114,LineaB,76,94.77887696812864
LineaB:1084,LineaD:1115,LineaB,142,178.03689750026405
LineaB:1084,LineaD:1116,LineaB,153,191.98542284193158
LineaB:1084,LineaD:1117,LineaB,403,502.88572761470147
LineaB:1084,LineaE:1119,LineaB,217,270.26649037783284
LineaB:1084,LineaE:1120,LineaB,51,63.271589662489816
LineaB:1084,LineaE:1121,LineaB,185,231.11399608262022
LineaB:1084,LineaE:1122,LineaB,43,54.08680037374263
LineaB:1084,LineaE:1123,LineaB,47,60.1594918679963
LineaB:1084,LineaE:1124,LineaB,12,15.34253211175687
LineaB:1084,LineaE:1126,LineaB,23,28.987600366708868
LineaB:1084,LineaE:1127,LineaB,25,32.2624380535844
LineaB:1084,LineaE:1128,LineaB,6,7.644516788060206
LineaB:1084,LineaE:1129,LineaB,8,10.072752324921069
LineaB:1084,LineaE:1130,LineaB,10,12.600957434788493
LineaB:1084,LineaE:1131,LineaB,8,10.51821211896697
LineaB:1084,LineaE:1132,LineaB,10,12.700259497402007
LineaB:1084,LineaE:1133,LineaB,9,11.444014659722745
LineaB:1084,LineaE:1164,LineaB,176,221.06489459188597
LineaB:1084,LineaE:1165,LineaB,442,550.2433084101473
LineaB:1084,LineaE:1166,LineaB,682,845.4406735105008
LineaB:1084,LineaH:1134,LineaB,87,110.4470160879617
LineaB:1084,LineaH:1135,LineaB,85,106.88090044780512
LineaB:1084,LineaH:1136,LineaB,111,140.52895717075
LineaB:1084,LineaH:1137,LineaB,73,93.11359227636163
LineaB:1084,LineaH:1138,LineaB,84,106.93323233753668
LineaB:1084,LineaH:1139,LineaB,73,92.98847609880912
LineaB:1084,LineaH:1140,LineaB,206,260.1380243699045
LineaB:1084,LineaH:1141,LineaB,273,342.36728974848404
LineaB:1084,LineaH:1160,LineaB,82,103.27726866388066
LineaB:1084,LineaH:1161,LineaB,85,107.32444848231759
LineaB:1084,LineaH:1162,LineaB,82,103.73274926872027
LineaB:1084,LineaH:1163,LineaB,29,36.52135815105058
LineaB:1085,LineaA:1059,LineaB,19,24.33192945878342
LineaB:1085,LineaA:1060,LineaB,22,27.74927156058692
LineaB:1085,LineaA:1061,LineaB,22,28.205442720313126
LineaB:1085,LineaA:1062,LineaB,2,2.48801030543111
LineaB:1085,LineaA:1063,LineaB,12,15.490771043945575
LineaB:1085,LineaA:1064,LineaB,14,18.2259484453554
LineaB:1085,LineaA:1065,LineaB,7,8.893535495270415
LineaB:1085,LineaA:1066,LineaB,42,53.51950647107542
LineaB:1085,LineaA:1067,LineaB,17,21.764376732201868
LineaB:1085,LineaA:1069,LineaB,19,24.091318056191373
LineaB:1085,LineaA:1070,LineaB,20,25.111259526500927
LineaB:1085,LineaA:1071,LineaB,63,79.65757698229729
LineaB:1085,LineaA:1072,LineaB,37,46.764733651241414
LineaB:1085,LineaA:1074,LineaB,23,29.261115536573527
LineaB:1085,LineaA:1076,LineaB,78,97.66837860998002
LineaB:1085,LineaB:1077,LineaB,809,1029.2958492035525
LineaB:1085,LineaB:1078,LineaB,181,229.81804833240497
LineaB:1085,LineaB:1079,LineaB,233,297.5882258702969
LineaB:1085,LineaB:1080,LineaB,140,177.1675437234277
LineaB:1085,LineaB:1081,LineaB,789,1007.4736933895109
LineaB:1085,LineaB:1082,LineaB,327,414.74669096833736
LineaB:1085,LineaB:1083,LineaB,110,140.39474874395162
LineaB:1085,LineaB:1084,LineaB,253,322.2666048841833
LineaB:1085,LineaB:1086,LineaB,144,183.42119550387244
LineaB:1085,LineaB:1088,LineaB,185,232.5754464495543
LineaB:1085,LineaB:1089,LineaB,278,348.79450263836634
LineaB:1085,LineaB:1090,LineaB,304,380.4271840470639
LineaB:1085,LineaB:1092,LineaB,301,373.9818926759896
LineaB:1085,LineaC:1094,LineaB,645,822.0343842562047
LineaB:1085,LineaC:1095,LineaB,51,63.888612465342256
LineaB:1085,LineaC:1097,LineaB,31,38.55028330629075
LineaB:1085,LineaC:1098,LineaB,51,64.88409060372338
LineaB:1085,LineaC:1100,LineaB,65,81.96217156984724
LineaB:1085,LineaC:1101,LineaB,64,79.85353123131917
LineaB:1085,LineaD:1103,LineaB,58,75.15558457098025
LineaB:1085,LineaD:1104,LineaB,51,64.80726356069226
LineaB:1085,LineaD:1105,LineaB,18,22.431701020819432
LineaB:1085,LineaD:1106,LineaB,34,43.15902170840922
LineaB:1085,LineaD:1107,LineaB,17,21.708845759373375
LineaB:1085,LineaD:1108,LineaB,27,34.104464297344954
LineaB:1085,LineaD:1109,LineaB,33,42.10539747526045
LineaB:1085,LineaD:1110,LineaB,18,22.95120281201477
LineaB:1085,LineaD:1111,LineaB,35,44.14695079839425
LineaB:1085,LineaD:1112,LineaB,16,20.577678699835225
LineaB:1085,LineaD:1114,LineaB,42,53.34128239472247
LineaB:1085,LineaD:1115,LineaB,94,119.01210062066276
LineaB:1085,LineaD:1116,LineaB,115,145.04374992781243
LineaB:1085,LineaD:1117,LineaB,262,328.58223484476844
LineaB:1085,LineaE:1119,LineaB,161,200.11085556719058
LineaB:1085,LineaE:1120,LineaB,43,53.20004884581484
LineaB:1085,LineaE:1121,LineaB,144,180.05219768249185
LineaB:1085,LineaE:1122,LineaB,34,42.73667511398617
LineaB:1085,LineaE:1123,LineaB,22,28.153544785668824
LineaB:1085,LineaE:1124,LineaB,16,20.250340411661057
LineaB:1085,LineaE:1126,LineaB,8,10.14980774175441
LineaB:1085,LineaE:1127,LineaB,26,33.53883360877675
LineaB:1085,LineaE:1128,LineaB,9,11.680248060505335
LineaB:1085,LineaE:1129,LineaB,13,16.831318252521257
LineaB:1085,LineaE:1130,LineaB,6,7.895188643435683
LineaB:1085,LineaE:1131,LineaB,4,5.083659581889712
LineaB:1085,LineaE:1132,LineaB,21,26.831684193276416
LineaB:1085,LineaE:1133,LineaB,22,28.577774728423048
LineaB:1085,LineaE:1164,LineaB,181,227.68034842110856
LineaB:1085,LineaE:1165,LineaB,220,276.60041938676454
LineaB:1085,LineaE:1166,LineaB,396,496.91934938043937
LineaB:1085,LineaH:1134,LineaB,98,124.23759977107387
LineaB:1085,LineaH:1135,LineaB,87,109.20615688522736
LineaB:1085,LineaH:1136,LineaB,133,168.20011655213855
LineaB:1085,LineaH:1137,LineaB,61,77.43034050566577
LineaB:1085,LineaH:1138,LineaB,108,137.5799529967304
LineaB:1085,LineaH:1139,LineaB,65,82.6507241200791
LineaB:1085,LineaH:1140,LineaB,201,254.67762938075023
LineaB:1085,LineaH:1141,LineaB,196,247.14683574989746
LineaB:1085,LineaH:1160,LineaB,76,96.65435208915653
LineaB:1085,LineaH:1161,LineaB,123,155.90592641576805
LineaB:1085,LineaH:1162,LineaB,120,152.20234013128018
LineaB:1085,LineaH:1163,LineaB,39,49.065224801369965
LineaB:1086,LineaA:1059,LineaB,35,44.91167103018511
LineaB:1086,LineaA:1060,LineaB,36,47.318439295861964
LineaB:1086,LineaA:1061,LineaB,23,29.825378245760668
LineaB:1086,LineaA:1062,LineaB,11,13.89127250685372
LineaB:1086,LineaA:1063,LineaB,25,32.770252103083784
LineaB:1086,LineaA:1064,LineaB,27,34.45573068869555
LineaB:1086,LineaA:1065,LineaB,41,52.31473755076508
LineaB:1086,LineaA:1066,LineaB,27,34.83617642879697
LineaB:1086,LineaA:1067,LineaB,9,11.729436049119313
LineaB:1086,LineaA:1069,LineaB,22,27.828957952893685
LineaB:1086,LineaA:1070,LineaB,20,26.31635595376982
LineaB:1086,LineaA:1071,LineaB,69,88.34484503209845
LineaB:1086,LineaA:1072,LineaB,26,33.053198625243574
LineaB:1086,LineaA:1074,LineaB,10,12.643272212949984
LineaB:1086,LineaA:1076,LineaB,41,51.38803076815419
LineaB:1086,LineaB:1077,LineaB,531,683.5231070238752
LineaB:1086,LineaB:1078,LineaB,117,150.66158475814015
LineaB:1086,LineaB:1079,LineaB,162,209.2850584110807
LineaB:1086,LineaB:1080,LineaB,108,137.97077807465914
LineaB:1086,LineaB:1081,LineaB,659,850.4650926979417
LineaB:1086,LineaB:1082,LineaB,348,448.3181769568741
LineaB:1086,LineaB:1083,LineaB,349,451.9222491310056
LineaB:1086,LineaB:1084,LineaB,410,531.7581894949532
LineaB:1086,LineaB:1085,LineaB,224,288.2051769615472
LineaB:1086,LineaB:1088,LineaB,125,158.97719814857265
LineaB:1086,LineaB:1089,LineaB,208,266.0833155832252
LineaB:1086,LineaB:1090,LineaB,204,258.29302351912116
LineaB:1086,LineaB:1092,LineaB,197,246.26293572140256
LineaB:1086,LineaC:1094,LineaB,516,662.7384340725288
LineaB:1086,LineaC:1095,LineaB,28,35.21302966541901
LineaB:1086,LineaC:1097,LineaB,32,40.367486730805815
LineaB:1086,LineaC:1098,LineaB,33,42.420427058877934
LineaB:1086,LineaC:1100,LineaB,64,81.93046221406122
LineaB:1086,LineaC:1101,LineaB,39,49.840387223076426
LineaB:1086,LineaD:1103,LineaB,54,69.70044551258908
LineaB:1086,LineaD:1104,LineaB,39,49.949811159437026
LineaB:1086,LineaD:1105,LineaB,29,36.88778342570736
LineaB:1086,LineaD:1106,LineaB,29,36.757206932382694
LineaB:1086,LineaD:1107,LineaB,18,23.399025129114705
LineaB:1086,LineaD:1108,LineaB,44,56.96669374831035
LineaB:1086,LineaD:1109,LineaB,59,75.55169660796635
LineaB:1086,LineaD:1110,LineaB,37,48.4514050829493
LineaB:1086,LineaD:1111,LineaB,41,52.87516404877111
LineaB:1086,LineaD:1112,LineaB,16,20.575333804296104
LineaB:1086,LineaD:1114,LineaB,35,45.20005326928252
LineaB:1086,LineaD:1115,LineaB,70,89.56635986580935
LineaB:1086,LineaD:1116,LineaB,84,107.82379935480179
LineaB:1086,LineaD:1117,LineaB,190,242.51461355874457
LineaB:1086,LineaE:1119,LineaB,107,136.66792676440716
LineaB:1086,LineaE:1120,LineaB,35,44.80742651387469
LineaB:1086,LineaE:1121,LineaB,93,118.7974647829437
LineaB:1086,LineaE:1122,LineaB,33,42.13589540582099
LineaB:1086,LineaE:1123,LineaB,27,34.945426260199525
LineaB:1086,LineaE:1124,LineaB,23,30.51599868629025
LineaB:1086,LineaE:1126,LineaB,21,27.567761657202176
LineaB:1086,LineaE:1127,LineaB,31,39.73393193172091
LineaB:1086,LineaE:1128,LineaB,22,28.92089594567379
LineaB:1086,LineaE:1129,LineaB,19,25.024884149766034
LineaB:1086,LineaE:1130,LineaB,25,32.74493037602086
LineaB:1086,LineaE:1131,LineaB,11,14.182471822295142
LineaB:1086,LineaE:1132,LineaB,14,17.542972093064954
LineaB:1086,LineaE:1133,LineaB,29,38.11580002080285
LineaB:1086,LineaE:1164,LineaB,126,160.16806016916254
LineaB:1086,LineaE:1165,LineaB,125,159.02634409339495
LineaB:1086,LineaE:1166,LineaB,227,290.0524982283058
LineaB:1086,LineaH:1134,LineaB,85,110.28276725042349
LineaB:1086,LineaH:1135,LineaB,81,105.87723707312237
LineaB:1086,LineaH:1136,LineaB,105,134.4668838187248
LineaB:1086,LineaH:1137,LineaB,72,94.1748151695355
LineaB:1086,LineaH:1138,LineaB,64,83.79101789331536
LineaB:1086,LineaH:1139,LineaB,58,75.26179139439638
LineaB:1086,LineaH:1140,LineaB,115,148.0650270201733
LineaB:1086,LineaH:1141,LineaB,69,87.1800676598758
LineaB:1086,LineaH:1160,LineaB,53,67.67201515090714
LineaB:1086,LineaH:1161,LineaB,55,70.10095142300273
LineaB:1086,LineaH:1162,LineaB,62,80.89957504988988
LineaB:1086,LineaH:1163,LineaB,17,21.168079380822046
LineaB:1088,LineaA:1059,LineaB,17,21.360400845914413
LineaB:1088,LineaA:1060,LineaB,22,27.782265586701662
LineaB:1088,LineaA:1061,LineaB,6,7.531422257631476
LineaB:1088,LineaA:1062,LineaB,12,15.08501606847178
LineaB:1088,LineaA:1063,LineaB,7,8.755684921588163
LineaB:1088,LineaA:1064,LineaB,13,16.673184033669102
LineaB:1088,LineaA:1065,LineaB,21,26.622400795470558
LineaB:1088,LineaA:1066,LineaB,23,28.885225437441637
LineaB:1088,LineaA:1067,LineaB,20,25.677181769620976
LineaB:1088,LineaA:1069,LineaB,15,18.726602225477748
LineaB:1088,LineaA:1070,LineaB,14,17.956367384686935
LineaB:1088,LineaA:1071,LineaB,18,22.988749275483332
LineaB:1088,LineaA:1072,LineaB,8,9.972323626920431
LineaB:1088,LineaA:1074,LineaB,7,8.87975070928202
LineaB:1088,LineaA:1076,LineaB,27,33.96378470907637
LineaB:1088,LineaB:1077,LineaB,808,1025.148338424594
LineaB:1088,LineaB:1078,LineaB,152,192.8532386021849
LineaB:1088,LineaB:1079,LineaB,221,280.83366335162236
LineaB:1088,LineaB:1080,LineaB,140,178.4557668052888
LineaB:1088,LineaB:1081,LineaB,1079,1370.376475439132
LineaB:1088,LineaB:1082,LineaB,382,483.2502571931591
LineaB:1088,LineaB:1083,LineaB,299,376.8348842165257
LineaB:1088,LineaB:1084,LineaB,398,503.8224832676518
LineaB:1088,LineaB:1085,LineaB,264,334.62912138311907
LineaB:1088,LineaB:1086,LineaB,211,266.6476427563349
LineaB:1088,LineaB:1089,LineaB,54,68.01443687913955
LineaB:1088,LineaB:1090,LineaB,81,101.71376288258472
LineaB:1088,LineaB:1092,LineaB,128,160.06966280473748
LineaB:1088,LineaC:1094,LineaB,348,437.8611725208279
LineaB:1088,LineaC:1095,LineaB,17,21.809254712756434
LineaB:1088,LineaC:1097,LineaB,11,13.663811749997178
LineaB:1088,LineaC:1098,LineaB,21,26.232425453050574
LineaB:1088,LineaC:1100,LineaB,31,38.81189053549972
LineaB:1088,LineaC:1101,LineaB,20,25.1583927957988
LineaB:1088,LineaD:1103,LineaB,31,39.140107966115465
LineaB:1088,LineaD:1104,LineaB,12,15.253224641566172
LineaB:1088,LineaD:1105,LineaB,10,12.826938832113902
LineaB:1088,LineaD:1106,LineaB,16,20.322652667411198
LineaB:1088,LineaD:1107,LineaB,8,9.998597899245826
LineaB:1088,LineaD:1108,LineaB,25,31.719872599419293
LineaB:1088,LineaD:1109,LineaB,15,19.022923639485057
LineaB:1088,LineaD:1110,LineaB,14,17.71760626796409
LineaB:1088,LineaD:1111,LineaB,14,17.705962934770955
LineaB:1088,LineaD:1112,LineaB,10,12.632394816795523
LineaB:1088,LineaD:1114,LineaB,22,28.053499032100166
LineaB:1088,LineaD:1115,LineaB,18,22.786811388170793
LineaB:1088,LineaD:1116,LineaB,44,55.274445191457666
LineaB:1088,LineaD:1117,LineaB,98,123.71935369937813
LineaB:1088,LineaE:1119,LineaB,53,66.18432864298713
LineaB:1088,LineaE:1120,LineaB,9,11.262598176460516
LineaB:1088,LineaE:1121,LineaB,31,39.06132739508187
LineaB:1088,LineaE:1122,LineaB,19,23.980006085714862
LineaB:1088,LineaE:1123,LineaB,7,8.975319625176315
LineaB:1088,LineaE:1124,LineaB,7,9.110447385572147
LineaB:1088,LineaE:1126,LineaB,12,15.361908124033329
LineaB:1088,LineaE:1127,LineaB,9,11.482209994650148
LineaB:1088,LineaE:1128,LineaB,8,10.049208743378456
LineaB:1088,LineaE:1129,LineaB,10,12.99188095235768
LineaB:1088,LineaE:1130,LineaB,10,12.86961807690889
LineaB:1088,LineaE:1131,LineaB,5,6.39253646890988
LineaB:1088,LineaE:1132,LineaB,13,16.79926382655788
LineaB:1088,LineaE:1133,LineaB,9,11.446039965434926
LineaB:1088,LineaE:1164,LineaB,125,157.13604007551854
LineaB:1088,LineaE:1165,LineaB,102,128.49363163854105
LineaB:1088,LineaE:1166,LineaB,160,201.03767025271677
LineaB:1088,LineaH:1134,LineaB,36,45.62676648595144
LineaB:1088,LineaH:1135,LineaB,31,39.398767900843595
LineaB:1088,LineaH:1136,LineaB,34,43.23352419322152
LineaB:1088,LineaH:1137,LineaB,22,27.67487242756019
LineaB:1088,LineaH:1138,LineaB,27,34.25662302591598
LineaB:1088,LineaH:1139,LineaB,18,22.686836687123456
LineaB:1088,LineaH:1140,LineaB,75,94.90588115592132
LineaB:1088,LineaH:1160,LineaB,19,24.084183176984528
LineaB:1088,LineaH:1161,LineaB,19,24.049322229715777
LineaB:1088,LineaH:1162,LineaB,27,34.08795291069826
LineaB:1088,LineaH:1163,LineaB,6,7.545500405647129
LineaB:1089,LineaA:1059,LineaB,22,27.860285002960655
LineaB:1089,LineaA:1060,LineaB,15,19.65875709341358
LineaB:1089,LineaA:1061,LineaB,9,11.469894650774727
LineaB:1089,LineaA:1062,LineaB,12,15.21646810921391
LineaB:1089,LineaA:1063,LineaB,9,11.77383588040326
LineaB:1089,LineaA:1064,LineaB,23,28.92480389575613
LineaB:1089,LineaA:1065,LineaB,33,42.72002592344651
LineaB:1089,LineaA:1066,LineaB,46,59.08858980977919
LineaB:1089,LineaA:1067,LineaB,11,14.307283629652826
LineaB:1089,LineaA:1069,LineaB,4,5.117692901354064
LineaB:1089,LineaA:1070,LineaB,12,15.155827456178454
LineaB:1089,LineaA:1071,LineaB,47,60.208046030095524
LineaB:1089,LineaA:1072,LineaB,5,6.618397932321978
LineaB:1089,LineaA:1074,LineaB,3,3.8978110087025106
LineaB:1089,LineaA:1076,LineaB,53,66.43233374577473
LineaB:1089,LineaB:1077,LineaB,1171,1492.3830137322454
LineaB:1089,LineaB:1078,LineaB,258,328.76255905993827
LineaB:1089,LineaB:1079,LineaB,350,446.2781237629303
LineaB:1089,LineaB:1080,LineaB,211,267.67176733898305
LineaB:1089,LineaB:1081,LineaB,1215,1547.3154598043452
LineaB:1089,LineaB:1082,LineaB,472,601.8881397658103
LineaB:1089,LineaB:1083,LineaB,403,515.3747514318651
LineaB:1089,LineaB:1084,LineaB,614,785.3891900895168
LineaB:1089,LineaB:1085,LineaB,340,434.5794535869271
LineaB:1089,LineaB:1086,LineaB,315,401.4338102515838
LineaB:1089,LineaB:1088,LineaB,53,66.7420718024021
LineaB:1089,LineaB:1090,LineaB,28,35.22641424749692
LineaB:1089,LineaB:1092,LineaB,153,192.0431440589045
LineaB:1089,LineaC:1094,LineaB,336,426.5134167877228
LineaB:1089,LineaC:1095,LineaB,24,30.605659049233964
LineaB:1089,LineaC:1097,LineaB,14,17.596504178461544
LineaB:1089,LineaC:1098,LineaB,19,23.97280495048791
LineaB:1089,LineaC:1100,LineaB,37,46.88048136854645
LineaB:1089,LineaC:1101,LineaB,23,28.94506249251731
LineaB:1089,LineaD:1103,LineaB,27,35.42786796343102
LineaB:1089,LineaD:1104,LineaB,27,34.862679936810046
LineaB:1089,LineaD:1105,LineaB,24,31.151514048025057
LineaB:1089,LineaD:1106,LineaB,28,36.2109363076392
LineaB:1089,LineaD:1107,LineaB,14,17.56596212663882
LineaB:1089,LineaD:1108,LineaB,22,27.948469236299765
LineaB:1089,LineaD:1109,LineaB,33,42.09801985741657
LineaB:1089,LineaD:1110,LineaB,11,14.212331985874211
LineaB:1089,LineaD:1111,LineaB,29,36.98175764997432
LineaB:1089,LineaD:1112,LineaB,7,9.072278057608907
LineaB:1089,LineaD:1114,LineaB,16,20.162293382584664
LineaB:1089,LineaD:1115,LineaB,41,51.77968188864351
LineaB:1089,LineaD:1116,LineaB,25,31.919522896380215
LineaB:1089,LineaD:1117,LineaB,93,117.50672356318631
LineaB:1089,LineaE:1119,LineaB,62,77.45403616456525
LineaB:1089,LineaE:1120,LineaB,19,24.523596195647663
LineaB:1089,LineaE:1121,LineaB,34,43.580405949531546
LineaB:1089,LineaE:1122,LineaB,9,11.435383724494885
LineaB:1089,LineaE:1123,LineaB,23,29.53383694733769
LineaB:1089,LineaE:1124,LineaB,6,7.730290313159836
LineaB:1089,LineaE:1126,LineaB,9,11.653764475915041
LineaB:1089,LineaE:1127,LineaB,27,34.02199935864516
LineaB:1089,LineaE:1128,LineaB,14,17.93272813178423
LineaB:1089,LineaE:1129,LineaB,23,29.55142005519785
LineaB:1089,LineaE:1130,LineaB,8,10.483879412257028
LineaB:1089,LineaE:1131,LineaB,11,14.12512339228219
LineaB:1089,LineaE:1132,LineaB,24,30.94315879637227
LineaB:1089,LineaE:1133,LineaB,23,29.422907825684884
LineaB:1089,LineaE:1164,LineaB,176,223.65202729472026
LineaB:1089,LineaE:1165,LineaB,142,180.70253808573273
LineaB:1089,LineaE:1166,LineaB,242,305.543691586482
LineaB:1089,LineaH:1134,LineaB,64,81.35390935034299
LineaB:1089,LineaH:1135,LineaB,52,66.7036528072518
LineaB:1089,LineaH:1136,LineaB,56,71.42495063879703
LineaB:1089,LineaH:1137,LineaB,39,49.97101426796077
LineaB:1089,LineaH:1138,LineaB,48,61.97996259059233
LineaB:1089,LineaH:1139,LineaB,37,46.719915037501146
LineaB:1089,LineaH:1140,LineaB,220,277.8911310219709
LineaB:1089,LineaH:1141,LineaB,178,225.13081428702876
LineaB:1089,LineaH:1160,LineaB,35,44.882874909321615
LineaB:1089,LineaH:1161,LineaB,28,35.23565432004157
LineaB:1089,LineaH:1162,LineaB,30,39.10807391881231
LineaB:1089,LineaH:1163,LineaB,19,23.98258158142991
LineaB:1090,LineaA:1059,LineaB,18,22.939151813416515
LineaB:1090,LineaA:1060,LineaB,13,16.392543176066162
LineaB:1090,LineaA:1061,LineaB,10,12.750362782837437
LineaB:1090,LineaA:1062,LineaB,12,15.69643284951066
LineaB:1090,LineaA:1063,LineaB,23,29.63058951819908
LineaB:1090,LineaA:1064,LineaB,32,41.24800391925324
LineaB:1090,LineaA:1065,LineaB,28,35.68868917924026
LineaB:1090,LineaA:1066,LineaB,49,62.67991072768597
LineaB:1090,LineaA:1067,LineaB,28,35.82350143313743
LineaB:1090,LineaA:1069,LineaB,7,8.772730655124487
LineaB:1090,LineaA:1070,LineaB,9,11.190769117787037
LineaB:1090,LineaA:1071,LineaB,8,10.042711975480419
LineaB:1090,LineaA:1072,LineaB,13,16.35370821096526
LineaB:1090,LineaA:1074,LineaB,8,10.003235528567014
LineaB:1090,LineaA:1076,LineaB,27,34.005332543658014
LineaB:1090,LineaB:1077,LineaB,917,1165.6107911492793
LineaB:1090,LineaB:1078,LineaB,218,278.9429576151844
LineaB:1090,LineaB:1079,LineaB,297,377.5345194425288
LineaB:1090,LineaB:1080,LineaB,181,230.43049535647262
LineaB:1090,LineaB:1081,LineaB,1034,1320.0477093769198
LineaB:1090,LineaB:1082,LineaB,372,472.34875495254965
LineaB:1090,LineaB:1083,LineaB,397,503.77767366473836
LineaB:1090,LineaB:1084,LineaB,618,786.7322781101377
LineaB:1090,LineaB:1085,LineaB,417,529.5932438061332
LineaB:1090,LineaB:1086,LineaB,299,381.1795358046791
LineaB:1090,LineaB:1088,LineaB,95,119.01546727197949
LineaB:1090,LineaB:1089,LineaB,21,26.708512171635853
LineaB:1090,LineaB:1092,LineaB,126,158.3591927032341
LineaB:1090,LineaC:1094,LineaB,145,184.85062812773512
LineaB:1090,LineaC:1095,LineaB,15,18.916123061068003
LineaB:1090,LineaC:1097,LineaB,8,10.182775590032062
LineaB:1090,LineaC:1098,LineaB,8,10.057835606831063
LineaB:1090,LineaC:1100,LineaB,12,14.972034855658688
LineaB:1090,LineaC:1101,LineaB,12,15.298814240042681
LineaB:1090,LineaD:1103,LineaB,38,48.20868366557005
LineaB:1090,LineaD:1104,LineaB,28,35.800126114356644
LineaB:1090,LineaD:1105,LineaB,11,13.910276240202956
LineaB:1090,LineaD:1106,LineaB,13,16.54016306970746
LineaB:1090,LineaD:1107,LineaB,11,13.790013477970371
LineaB:1090,LineaD:1108,LineaB,21,26.891425824576228
LineaB:1090,LineaD:1109,LineaB,22,27.5664172397079
LineaB:1090,LineaD:1110,LineaB,26,33.12866959822933
LineaB:1090,LineaD:1111,LineaB,12,15.094817113262334
LineaB:1090,LineaD:1112,LineaB,11,13.97511501624518
LineaB:1090,LineaD:1114,LineaB,13,16.407383046609848
LineaB:1090,LineaD:1115,LineaB,11,13.960631404302838
LineaB:1090,LineaD:1117,LineaB,1,1.25492483495506
LineaB:1090,LineaE:1119,LineaB,54,67.71655397802532
LineaB:1090,LineaE:1120,LineaB,8,10.161530499362609
LineaB:1090,LineaE:1121,LineaB,20,25.56464066924563
LineaB:1090,LineaE:1122,LineaB,7,8.655699483033548
LineaB:1090,LineaE:1123,LineaB,7,8.9617550878984
LineaB:1090,LineaE:1124,LineaB,4,5.305188670797057
LineaB:1090,LineaE:1126,LineaB,21,26.866294405116136
LineaB:1090,LineaE:1127,LineaB,25,32.4577132720833
LineaB:1090,LineaE:1128,LineaB,25,32.10992749196227
LineaB:1090,LineaE:1129,LineaB,26,33.79191716583183
LineaB:1090,LineaE:1130,LineaB,21,26.772676419590297
LineaB:1090,LineaE:1131,LineaB,18,23.137098553673617
LineaB:1090,LineaE:1132,LineaB,24,30.26006283255186
LineaB:1090,LineaE:1133,LineaB,30,38.294326980131125
LineaB:1090,LineaE:1164,LineaB,84,105.92738983280947
LineaB:1090,LineaE:1165,LineaB,59,75.46229582914766
LineaB:1090,LineaE:1166,LineaB,174,219.20582442486938
LineaB:1090,LineaH:1134,LineaB,68,86.17367981872707
LineaB:1090,LineaH:1135,LineaB,31,39.26179524658164
LineaB:1090,LineaH:1136,LineaB,32,40.836925823931374
LineaB:1090,LineaH:1137,LineaB,29,37.31714259549069
LineaB:1090,LineaH:1138,LineaB,46,59.05679161185879
LineaB:1090,LineaH:1139,LineaB,35,44.907998938465205
LineaB:1090,LineaH:1140,LineaB,327,413.4769087747498
LineaB:1090,LineaH:1141,LineaB,189,237.7560310838453
LineaB:1090,LineaH:1160,LineaB,38,47.98102337560194
LineaB:1090,LineaH:1161,LineaB,20,25.55623439758293
LineaB:1090,LineaH:1162,LineaB,29,37.01095256408652
LineaB:1090,LineaH:1163,LineaB,18,22.83915997784688
LineaB:1092,LineaA:1059,LineaB,15,19.115193619268606
LineaB:1092,LineaA:1060,LineaB,25,32.36229536793206
LineaB:1092,LineaA:1061,LineaB,11,14.20118304037617
LineaB:1092,LineaA:1062,LineaB,11,13.977819757349776
LineaB:1092,LineaA:1063,LineaB,27,34.30980920715206
LineaB:1092,LineaA:1064,LineaB,21,26.979291383273967
LineaB:1092,LineaA:1065,LineaB,42,53.154618850035064
LineaB:1092,LineaA:1066,LineaB,60,75.81339731214563
LineaB:1092,LineaA:1067,LineaB,26,33.12970589717805
LineaB:1092,LineaA:1069,LineaB,24,30.236111673390983
LineaB:1092,LineaA:1070,LineaB,19,23.974884750023136
LineaB:1092,LineaA:1071,LineaB,68,86.08453524617792
LineaB:1092,LineaA:1072,LineaB,17,21.537091884578896
LineaB:1092,LineaA:1074,LineaB,3,3.765236788041685
LineaB:1092,LineaA:1076,LineaB,13,16.67055599363379
LineaB:1092,LineaB:1077,LineaB,1113,1416.0853074394633
LineaB:1092,LineaB:1078,LineaB,311,395.6870398693964
LineaB:1092,LineaB:1079,LineaB,352,447.21769992949066
LineaB:1092,LineaB:1080,LineaB,167,212.62402016456232
LineaB:1092,LineaB:1081,LineaB,1273,1617.153199142496
LineaB:1092,LineaB:1082,LineaB,416,527.5169615390787
LineaB:1092,LineaB:1083,LineaB,454,575.7760137812421
LineaB:1092,LineaB:1084,LineaB,748,946.9910542297417
LineaB:1092,LineaB:1085,LineaB,491,623.159584927
LineaB:1092,LineaB:1086,LineaB,297,376.4245974638534
LineaB:1092,LineaB:1088,LineaB,191,240.38128455589464
LineaB:1092,LineaB:1089,LineaB,195,246.0865012576594
LineaB:1092,LineaB:1090,LineaB,160,201.0919985728868
LineaB:1092,LineaC:1094,LineaB,77,98.00188571591053
LineaB:1092,LineaC:1095,LineaB,3,3.8775081923690355
LineaB:1092,LineaC:1097,LineaB,8,10.229477302610904
LineaB:1092,LineaC:1098,LineaB,7,8.790059231117263
LineaB:1092,LineaC:1101,LineaB,6,7.759189510717292
LineaB:1092,LineaD:1103,LineaB,66,83.84921275307022
LineaB:1092,LineaD:1104,LineaB,41,52.41627606345116
LineaB:1092,LineaD:1105,LineaB,22,28.150677405504407
LineaB:1092,LineaD:1106,LineaB,32,40.82458555309975
LineaB:1092,LineaD:1107,LineaB,24,30.574359207969596
LineaB:1092,LineaD:1108,LineaB,44,55.697936503689824
LineaB:1092,LineaD:1109,LineaB,46,58.54043581667214
LineaB:1092,LineaD:1110,LineaB,38,48.664595149135714
LineaB:1092,LineaD:1111,LineaB,41,51.73297106002733
LineaB:1092,LineaD:1112,LineaB,25,31.651604793771355
LineaB:1092,LineaD:1114,LineaB,45,56.90396176940599
LineaB:1092,LineaD:1115,LineaB,66,83.70149550292776
LineaB:1092,LineaD:1116,LineaB,45,56.491167197368476
LineaB:1092,LineaD:1117,LineaB,16,20.2340624999764
LineaB:1092,LineaE:1119,LineaB,11,13.826574988979903
LineaB:1092,LineaE:1120,LineaB,3,3.7218001970669734
LineaB:1092,LineaE:1121,LineaB,17,21.57328735809921
LineaB:1092,LineaE:1122,LineaB,7,8.97619940639778
LineaB:1092,LineaE:1123,LineaB,11,13.89085885327765
LineaB:1092,LineaE:1124,LineaB,7,9.073471533728341
LineaB:1092,LineaE:1126,LineaB,25,32.078215608753
LineaB:1092,LineaE:1127,LineaB,23,29.220564370852777
LineaB:1092,LineaE:1128,LineaB,11,14.043244242609818
LineaB:1092,LineaE:1129,LineaB,9,11.493716388387716
LineaB:1092,LineaE:1130,LineaB,22,28.127616264072326
LineaB:1092,LineaE:1131,LineaB,10,12.559058413288575
LineaB:1092,LineaE:1132,LineaB,16,20.38524085512135
LineaB:1092,LineaE:1133,LineaB,17,21.45163907711867
LineaB:1092,LineaE:1164,LineaB,46,58.54099342777252
LineaB:1092,LineaE:1165,LineaB,14,17.899334698076967
LineaB:1092,LineaE:1166,LineaB,24,30.275146208837157
LineaB:1092,LineaH:1134,LineaB,75,95.55431189224574
LineaB:1092,LineaH:1135,LineaB,62,78.37093495348081
LineaB:1092,LineaH:1136,LineaB,43,54.20597220475586
LineaB:1092,LineaH:1137,LineaB,32,40.74160463216692
LineaB:1092,LineaH:1138,LineaB,24,30.644091147176773
LineaB:1092,LineaH:1139,LineaB,52,66.74649381501904
LineaB:1092,LineaH:1140,LineaB,413,520.8064077713196
LineaB:1092,LineaH:1141,LineaB,228,287.6413438623218
LineaB:1092,LineaH:1160,LineaB,59,74.35323145776134
LineaB:1092,LineaH:1161,LineaB,50,63.39589067428234
LineaB:1092,LineaH:1162,LineaB,54,68.88732087548776
LineaB:1092,LineaH:1163,LineaB,9,11.366086929345059
LineaC:1094,LineaA:1059,LineaC,550,683.650245410671
LineaC:1094,LineaA:1060,LineaC,1265,1567.6517057813921
LineaC:1094,LineaA:1061,LineaC,286,356.48278647264135
LineaC:1094,LineaA:1062,LineaC,209,260.4033057085568
LineaC:1094,LineaA:1063,LineaC,348,433.36156044860553
LineaC:1094,LineaA:1064,LineaC,458,570.6737501121847
LineaC:1094,LineaA:1065,LineaC,319,397.615658525044
LineaC:1094,LineaA:1066,LineaC,325,406.79774932592863
LineaC:1094,LineaA:1067,LineaC,319,397.3698285126547
LineaC:1094,LineaA:1069,LineaC,67,82.95032251683705
LineaC:1094,LineaA:1070,LineaC,272,338.07290647887106
LineaC:1094,LineaA:1071,LineaC,338,419.1278163705524
LineaC:1094,LineaA:1072,LineaC,146,180.80956600744094
LineaC:1094,LineaA:1074,LineaC,81,100.61431455015699
LineaC:1094,LineaA:1076,LineaC,339,419.0020642792517
LineaC:1094,LineaB:1077,LineaC,641,799.4598859764526
LineaC:1094,LineaB:1078,LineaC,163,203.00739599610736
LineaC:1094,LineaB:1079,LineaC,268,334.46405148566146
LineaC:1094,LineaB:1080,LineaC,228,283.4099179741024
LineaC:1094,LineaB:1081,LineaC,1098,1371.7724365024694
LineaC:1094,LineaB:1082,LineaC,807,1005.0838605542749
LineaC:1094,LineaB:1083,LineaC,556,691.3431750018099
LineaC:1094,LineaB:1084,LineaC,783,971.9071792067685
LineaC:1094,LineaB:1085,LineaC,647,807.433642072678
LineaC:1094,LineaB:1086,LineaC,461,573.6899135329592
LineaC:1094,LineaB:1088,LineaC,322,398.36685150255084
LineaC:1094,LineaB:1089,LineaC,282,349.92741354222113
LineaC:1094,LineaB:1090,LineaC,168,208.2678943367675
LineaC:1094,LineaB:1092,LineaC,148,183.08165218203493
LineaC:1094,LineaC:1095,LineaC,178,222.87702422318955
LineaC:1094,LineaC:1097,LineaC,948,1171.9737308772703
LineaC:1094,LineaC:1098,LineaC,968,1196.5412626566804
LineaC:1094,LineaC:1100,LineaC,1748,2155.4534088345063
LineaC:1094,LineaC:1101,LineaC,1121,1384.0247603250991
LineaC:1094,LineaD:1103,LineaC,987,1227.7095536519018
LineaC:1094,LineaD:1104,LineaC,869,1079.6495124451314
LineaC:1094,LineaD:1105,LineaC,463,574.1677084430528
LineaC:1094,LineaD:1106,LineaC,571,707.44117780639
LineaC:1094,LineaD:1107,LineaC,527,652.327876450222
LineaC:1094,LineaD:1108,LineaC,1180,1465.3384326897703
LineaC:1094,LineaD:1109,LineaC,1029,1282.0554940820602
LineaC:1094,LineaD:1110,LineaC,678,842.1459254511914
LineaC:1094,LineaD:1111,LineaC,621,770.0876534872642
LineaC:1094,LineaD:1112,LineaC,411,510.15760974728124
LineaC:1094,LineaD:1114,LineaC,1524,1892.6708873856355
LineaC:1094,LineaD:1115,LineaC,673,832.2239996991661
LineaC:1094,LineaD:1116,LineaC,508,629.2401436258544
LineaC:1094,LineaD:1117,LineaC,854,1060.7772744336241
LineaC:1094,LineaE:1119,LineaC,711,877.6395475559369
LineaC:1094,LineaE:1120,LineaC,67,83.11165700938008
LineaC:1094,LineaE:1121,LineaC,855,1063.9616310351562
LineaC:1094,LineaE:1122,LineaC,72,90.51088005818279
LineaC:1094,LineaE:1123,LineaC,39,48.977179698771685
LineaC:1094,LineaE:1124,LineaC,38,47.94627694612481
LineaC:1094,LineaE:1126,LineaC,120,150.4620658466161
LineaC:1094,LineaE:1127,LineaC,149,186.58732735864592
LineaC:1094,LineaE:1128,LineaC,141,176.1688549452512
LineaC:1094,LineaE:1129,LineaC,137,170.6076408506575
LineaC:1094,LineaE:1130,LineaC,126,157.22325652400482
LineaC:1094,LineaE:1131,LineaC,60,74.42635842578605
LineaC:1094,LineaE:1132,LineaC,157,196.8379565728341
LineaC:1094,LineaE:1133,LineaC,108,135.55359733790178
LineaC:1094,LineaE:1164,LineaC,8511,10579.418010893685
LineaC:1094,LineaE:1165,LineaC,607,749.8661890552424
LineaC:1094,LineaE:1166,LineaC,597,736.8700164582973
LineaC:1094,LineaH:1134,LineaC,77,96.37416651293998
LineaC:1094,LineaH:1135,LineaC,38,47.46888911546966
LineaC:1094,LineaH:1136,LineaC,20,25.22707810157487
LineaC:1094,LineaH:1137,LineaC,14,18.155566771495295
LineaC:1094,LineaH:1138,LineaC,104,129.50343028228602
LineaC:1094,LineaH:1139,LineaC,69,86.24567631699152
LineaC:1094,LineaH:1140,LineaC,1768,2204.9117296356812
LineaC:1094,LineaH:1141,LineaC,434,538.2655470191565
LineaC:1094,LineaH:1160,LineaC,196,244.19226276738047
LineaC:1094,LineaH:1161,LineaC,678,842.3638100056792
LineaC:1094,LineaH:1162,LineaC,226,281.3377844404921
LineaC:1094,LineaH:1163,LineaC,110,137.2861172201677
LineaC:1095,LineaA:1059,LineaC,30,38.55362547460648
LineaC:1095,LineaA:1060,LineaC,41,52.67482900122052
LineaC:1095,LineaA:1061,LineaC,30,38.31618163747479
LineaC:1095,LineaA:1062,LineaC,17,21.535016924499804
LineaC:1095,LineaA:1063,LineaC,36,46.39442482999952
LineaC:1095,LineaA:1064,LineaC,62,79.50365170947515
LineaC:1095,LineaA:1065,LineaC,21,27.262882501300414
LineaC:1095,LineaA:1066,LineaC,20,26.37451032056441
LineaC:1095,LineaA:1067,LineaC,24,30.455773322441978
LineaC:1095,LineaA:1069,LineaC,3,3.737564905177779
LineaC:1095,LineaA:1070,LineaC,20,25.292238647796104
LineaC:1095,LineaA:1071,LineaC,27,34.43342833077149
LineaC:1095,LineaA:1072,LineaC,16,19.853758578814443
LineaC:1095,LineaA:1074,LineaC,12,14.723468084517084
LineaC:1095,LineaA:1076,LineaC,15,19.182772822413263
LineaC:1095,LineaB:1077,LineaC,81,103.01415090150813
LineaC:1095,LineaB:1078,LineaC,8,10.130340651561616
LineaC:1095,LineaB:1079,LineaC,28,35.784103874185114
LineaC:1095,LineaB:1080,LineaC,13,17.35227995262202
LineaC:1095,LineaB:1081,LineaC,87,110.89607042940983
LineaC:1095,LineaB:1082,LineaC,34,43.74492033352503
LineaC:1095,LineaB:1083,LineaC,54,69.01521218550978
LineaC:1095,LineaB:1084,LineaC,63,80.99955626154109
LineaC:1095,LineaB:1085,LineaC,52,67.53484902673311
LineaC:1095,LineaB:1086,LineaC,40,50.4439961273807
LineaC:1095,LineaB:1088,LineaC,30,37.78449005749498
LineaC:1095,LineaB:1089,LineaC,34,42.57083322495334
LineaC:1095,LineaB:1090,LineaC,15,19.28155851316648
LineaC:1095,LineaB:1092,LineaC,7,8.918171912265182
LineaC:1095,LineaC:1094,LineaC,256,334.499346846692
LineaC:1095,LineaC:1097,LineaC,26,32.801573275877224
LineaC:1095,LineaC:1098,LineaC,38,47.69748026624304
LineaC:1095,LineaC:1100,LineaC,59,74.80686972941905
LineaC:1095,LineaC:1101,LineaC,71,88.9638776643179
LineaC:1095,LineaD:1103,LineaC,82,105.08707278827522
LineaC:1095,LineaD:1104,LineaC,61,77.5015402876977
LineaC:1095,LineaD:1105,LineaC,29,37.15899243462676
LineaC:1095,LineaD:1106,LineaC,18,23.273233380054712
LineaC:1095,LineaD:1107,LineaC,29,37.158747940972965
LineaC:1095,LineaD:1108,LineaC,40,50.816105084419846
LineaC:1095,LineaD:1109,LineaC,48,61.30960987237809
LineaC:1095,LineaD:1110,LineaC,42,53.199335413540844
LineaC:1095,LineaD:1111,LineaC,46,58.67813065495743
LineaC:1095,LineaD:1112,LineaC,27,34.83005784772495
LineaC:1095,LineaD:1114,LineaC,57,71.78690331780471
LineaC:1095,LineaD:1115,LineaC,39,48.94750579905832
LineaC:1095,LineaD:1116,LineaC,27,34.03277976025521
LineaC:1095,LineaD:1117,LineaC,37,46.3580784412303
LineaC:1095,LineaE:1119,LineaC,36,44.94124289286597
LineaC:1095,LineaE:1120,LineaC,3,3.7304532324334447
LineaC:1095,LineaE:1121,LineaC,17,21.430495521235798
LineaC:1095,LineaE:1122,LineaC,14,18.179957956095272
LineaC:1095,LineaE:1123,LineaC,7,8.916198677328419
LineaC:1095,LineaE:1124,LineaC,10,12.91542698711351
LineaC:1095,LineaE:1126,LineaC,9,11.65045756305374
LineaC:1095,LineaE:1127,LineaC,15,19.291632362424984
LineaC:1095,LineaE:1128,LineaC,11,14.335122273651711
LineaC:1095,LineaE:1129,LineaC,21,27.330678931335505
LineaC:1095,LineaE:1130,LineaC,11,14.076292269538428
LineaC:1095,LineaE:1131,LineaC,6,7.62302867046968
LineaC:1095,LineaE:1132,LineaC,12,15.554569391835626
LineaC:1095,LineaE:1133,LineaC,15,19.081640438435343
LineaC:1095,LineaE:1164,LineaC,320,403.79247203030394
LineaC:1095,LineaE:1165,LineaC,21,26.474286521042636
LineaC:1095,LineaE:1166,LineaC,19,23.46771712094227
LineaC:1095,LineaH:1134,LineaC,5,6.561187600467838
LineaC:1095,LineaH:1135,LineaC,12,14.971083710834968
LineaC:1095,LineaH:1136,LineaC,5,6.385176788832301
LineaC:1095,LineaH:1137,LineaC,1,1.252369627408403
LineaC:1095,LineaH:1138,LineaC,13,16.244418910397485
LineaC:1095,LineaH:1139,LineaC,3,3.755594949664149
LineaC:1095,LineaH:1140,LineaC,139,177.23457894623286
LineaC:1095,LineaH:1141,LineaC,26,33.09742967709814
LineaC:1095,LineaH:1160,LineaC,30,38.25759489859939
LineaC:1095,LineaH:1161,LineaC,44,55.59401982776715
LineaC:1095,LineaH:1162,LineaC,15,19.009701872333455
LineaC:1095,LineaH:1163,LineaC,5,6.216344945958452
LineaC:1097,LineaA:1059,LineaC,14,17.82184588700542
LineaC:1097,LineaA:1060,LineaC,18,22.675676142479702
LineaC:1097,LineaA:1061,LineaC,20,25.653431110607066
LineaC:1097,LineaA:1062,LineaC,8,10.159543812691972
LineaC:1097,LineaA:1063,LineaC,13,16.3365054847504
LineaC:1097,LineaA:1064,LineaC,17,21.49839506718867
LineaC:1097,LineaA:1065,LineaC,9,11.613248857641688
LineaC:1097,LineaA:1066,LineaC,11,13.792528263774914
LineaC:1097,LineaA:1067,LineaC,7,8.782555878187626
LineaC:1097,LineaA:1070,LineaC,2,2.516993986295782
LineaC:1097,LineaA:1071,LineaC,9,11.568606238129192
LineaC:1097,LineaA:1072,LineaC,6,7.894821819253038
LineaC:1097,LineaA:1074,LineaC,6,7.6366366811184845
LineaC:1097,LineaA:1076,LineaC,5,6.174323819965992
LineaC:1097,LineaB:1077,LineaC,98,124.28987911823809
LineaC:1097,LineaB:1078,LineaC,32,40.73130161065572
LineaC:1097,LineaB:1079,LineaC,30,37.999557271925894
LineaC:1097,LineaB:1080,LineaC,10,12.81624725232557
LineaC:1097,LineaB:1081,LineaC,107,135.95402728908041
LineaC:1097,LineaB:1082,LineaC,32,41.014088558914935
LineaC:1097,LineaB:1083,LineaC,52,65.8659336573293
LineaC:1097,LineaB:1084,LineaC,67,85.07179015849826
LineaC:1097,LineaB:1085,LineaC,41,51.57279623813832
LineaC:1097,LineaB:1086,LineaC,36,45.69730083259158
LineaC:1097,LineaB:1088,LineaC,15,18.790299829563057
LineaC:1097,LineaB:1089,LineaC,15,18.815623883810236
LineaC:1097,LineaB:1090,LineaC,7,8.904792848817575
LineaC:1097,LineaB:1092,LineaC,6,7.497830767454596
LineaC:1097,LineaC:1094,LineaC,775,983.6593099127384
LineaC:1097,LineaC:1095,LineaC,23,29.047273930154287
LineaC:1097,LineaC:1098,LineaC,3,3.72984865435476
LineaC:1097,LineaC:1100,LineaC,52,64.80738500451189
LineaC:1097,LineaC:1101,LineaC,47,58.50810873513608
LineaC:1097,LineaD:1103,LineaC,112,142.60334475885196
LineaC:1097,LineaD:1104,LineaC,92,117.47441380196072
LineaC:1097,LineaD:1105,LineaC,45,57.23923344472797
LineaC:1097,LineaD:1106,LineaC,50,63.25718243811717
LineaC:1097,LineaD:1107,LineaC,36,45.724693904783805
LineaC:1097,LineaD:1108,LineaC,57,72.24982596363003
LineaC:1097,LineaD:1109,LineaC,56,71.71379822718241
LineaC:1097,LineaD:1110,LineaC,62,78.95948238022069
LineaC:1097,LineaD:1111,LineaC,65,82.86582990605498
LineaC:1097,LineaD:1112,LineaC,31,39.74092993194249
LineaC:1097,LineaD:1114,LineaC,54,67.84478996333917
LineaC:1097,LineaD:1115,LineaC,36,45.495754465158306
LineaC:1097,LineaD:1116,LineaC,16,20.6799074328099
LineaC:1097,LineaD:1117,LineaC,30,38.012556327074115
LineaC:1097,LineaE:1119,LineaC,11,13.744730017237274
LineaC:1097,LineaE:1120,LineaC,5,6.724969613071937
LineaC:1097,LineaE:1122,LineaC,2,2.696798201410962
LineaC:1097,LineaE:1123,LineaC,2,2.519479380786837
LineaC:1097,LineaE:1124,LineaC,1,1.2563479271804898
LineaC:1097,LineaE:1126,LineaC,2,2.6047470278859706
LineaC:1097,LineaE:1127,LineaC,4,5.249039541975883
LineaC:1097,LineaE:1128,LineaC,3,3.7168334078298226
LineaC:1097,LineaE:1129,LineaC,4,5.017319090145942
LineaC:1097,LineaE:1130,LineaC,2,2.505514368561043
LineaC:1097,LineaE:1131,LineaC,1,1.253418966173874
LineaC:1097,LineaE:1132,LineaC,1,1.2583857554110247
LineaC:1097,LineaE:1133,LineaC,3,4.029498545307376
LineaC:1097,LineaE:1164,LineaC,791,1001.6210954513489
LineaC:1097,LineaE:1165,LineaC,17,21.58305823385316
LineaC:1097,LineaE:1166,LineaC,6,7.559760886587546
LineaC:1097,LineaH:1134,LineaC,2,2.606784856116506
LineaC:1097,LineaH:1135,LineaC,3,4.105702077960998
LineaC:1097,LineaH:1136,LineaC,4,4.978915522670699
LineaC:1097,LineaH:1138,LineaC,2,2.459436141883862
LineaC:1097,LineaH:1139,LineaC,2,2.684708377936179
LineaC:1097,LineaH:1140,LineaC,33,42.287333796157704
LineaC:1097,LineaH:1141,LineaC,16,20.42623260235636
LineaC:1097,LineaH:1160,LineaC,16,20.236339704145998
LineaC:1097,LineaH:1161,LineaC,35,44.34612534701738
LineaC:1097,LineaH:1162,LineaC,19,24.313642646592488
LineaC:1097,LineaH:1163,LineaC,4,5.122720539891622
LineaC:1098,LineaA:1059,LineaA,338,429.99597524393147
LineaC:1098,LineaA:1059,LineaC,80,101.2114381170528
LineaC:1098,LineaA:1060,LineaA,395,500.6413880968023
LineaC:1098,LineaA:1060,LineaC,84,107.35489656119003
LineaC:1098,LineaA:1061,LineaA,226,287.4348831698059
LineaC:1098,LineaA:1061,LineaC,46,58.60591209262133
LineaC:1098,LineaA:1062,LineaA,159,202.12101021788737
LineaC:1098,LineaA:1062,LineaC,23,29.14436459657798
LineaC:1098,LineaA:1063,LineaA,271,345.14214186544154
LineaC:1098,LineaA:1063,LineaC,43,55.18815607775098
LineaC:1098,LineaA:1064,LineaA,336,429.6479021880648
LineaC:1098,LineaA:1064,LineaC,70,89.0347714940942
LineaC:1098,LineaA:1065,LineaA,219,280.182915874326
LineaC:1098,LineaA:1065,LineaC,38,48.0888042813281
LineaC:1098,LineaA:1066,LineaA,175,220.87218359578392
LineaC:1098,LineaA:1066,LineaC,30,38.277183677790426
LineaC:1098,LineaA:1067,LineaA,97,122.84950647105804
LineaC:1098,LineaA:1067,LineaC,35,44.93847021404689
LineaC:1098,LineaA:1069,LineaA,26,32.3820196010125
LineaC:1098,LineaA:1069,LineaC,5,6.196353068580448
LineaC:1098,LineaA:1070,LineaA,47,59.58209494589632
LineaC:1098,LineaA:1070,LineaC,17,21.573873738550063
LineaC:1098,LineaA:1071,LineaA,52,65.55554441061066
LineaC:1098,LineaA:1071,LineaC,39,49.039785248835415
LineaC:1098,LineaA:1072,LineaC,3,3.7681526487653887
LineaC:1098,LineaA:1074,LineaA,3,3.749848683590461
LineaC:1098,LineaA:1076,LineaA,45,57.00985720441345
LineaC:1098,LineaA:1076,LineaC,13,16.170986134607016
LineaC:1098,LineaB:1077,LineaA,7,9.062934868283879
LineaC:1098,LineaB:1077,LineaC,16,20.218203506765366
LineaC:1098,LineaB:1078,LineaA,1,1.252369627408403
LineaC:1098,LineaB:1078,LineaC,8,10.17557017308313
LineaC:1098,LineaB:1079,LineaA,2,2.507552196791578
LineaC:1098,LineaB:1079,LineaC,7,8.87062755400806
LineaC:1098,LineaB:1080,LineaA,3,3.757510242509487
LineaC:1098,LineaB:1080,LineaC,5,6.2779651492612345
LineaC:1098,LineaB:1081,LineaA,9,11.634451056550638
LineaC:1098,LineaB:1081,LineaC,27,34.28878945131435
LineaC:1098,LineaB:1082,LineaA,4,5.203507786395349
LineaC:1098,LineaB:1082,LineaC,8,10.19276901213937
LineaC:1098,LineaB:1083,LineaA,23,29.109959486793976
LineaC:1098,LineaB:1083,LineaC,10,12.677162197561962
LineaC:1098,LineaB:1084,LineaA,25,31.77617528083584
LineaC:1098,LineaB:1084,LineaC,19,24.15283065516303
LineaC:1098,LineaB:1085,LineaA,27,35.54743905828282
LineaC:1098,LineaB:1085,LineaC,24,30.707013894924724
LineaC:1098,LineaB:1086,LineaA,14,18.107438493547917
LineaC:1098,LineaB:1086,LineaC,10,12.614539243064542
LineaC:1098,LineaB:1088,LineaA,9,11.235622075044294
LineaC:1098,LineaB:1088,LineaC,6,7.520092963015207
LineaC:1098,LineaB:1089,LineaA,11,13.92406600227118
LineaC:1098,LineaB:1089,LineaC,6,7.573843007847548
LineaC:1098,LineaB:1090,LineaA,2,2.5137209872123307
LineaC:1098,LineaB:1090,LineaC,2,2.504274302849326
LineaC:1098,LineaB:1092,LineaA,8,9.992842355870941
LineaC:1098,LineaB:1092,LineaC,2,2.510755382819428
LineaC:1098,LineaC:1094,LineaA,146,186.45798824046352
LineaC:1098,LineaC:1094,LineaC,723,920.687366718886
LineaC:1098,LineaC:1095,LineaA,11,14.585576902335276
LineaC:1098,LineaC:1095,LineaC,37,47.29585126404746
LineaC:1098,LineaC:1097,LineaA,9,11.524588138454089
LineaC:1098,LineaC:1097,LineaC,7,8.967856586079572
LineaC:1098,LineaC:1100,LineaA,9,11.43320519111283
LineaC:1098,LineaC:1100,LineaC,17,21.246910232512604
LineaC:1098,LineaC:1101,LineaA,16,20.100157767024623
LineaC:1098,LineaC:1101,LineaC,29,36.98932694300909
LineaC:1098,LineaD:1103,LineaA,26,32.65722809150174
LineaC:1098,LineaD:1103,LineaC,19,24.508925833382868
LineaC:1098,LineaD:1104,LineaA,18,22.92264965753572
LineaC:1098,LineaD:1104,LineaC,24,30.51794162936892
LineaC:1098,LineaD:1105,LineaA,18,22.762794454142877
LineaC:1098,LineaD:1105,LineaC,8,10.447710753299976
LineaC:1098,LineaD:1106,LineaA,10,12.55609000332194
LineaC:1098,LineaD:1106,LineaC,8,10.278903944272356
LineaC:1098,LineaD:1107,LineaA,8,10.645186178555994
LineaC:1098,LineaD:1107,LineaC,7,8.766267319033236
LineaC:1098,LineaD:1108,LineaA,16,20.12997644897622
LineaC:1098,LineaD:1108,LineaC,18,22.906292158905174
LineaC:1098,LineaD:1109,LineaA,23,29.091800396847244
LineaC:1098,LineaD:1109,LineaC,16,20.499421592061054
LineaC:1098,LineaD:1110,LineaA,13,16.44567428699967
LineaC:1098,LineaD:1110,LineaC,13,16.688372656553437
LineaC:1098,LineaD:1111,LineaA,16,20.361964557901974
LineaC:1098,LineaD:1111,LineaC,12,15.156423934515933
LineaC:1098,LineaD:1112,LineaA,2,2.679741588699028
LineaC:1098,LineaD:1112,LineaC,11,13.940953130965129
LineaC:1098,LineaD:1114,LineaA,11,14.16222054853278
LineaC:1098,LineaD:1114,LineaC,10,12.739394359085507
LineaC:1098,LineaD:1115,LineaA,13,16.664961412167735
LineaC:1098,LineaD:1115,LineaC,16,20.032961532324634
LineaC:1098,LineaD:1116,LineaA,6,7.786881404337402
LineaC:1098,LineaD:1116,LineaC,5,6.221982986686102
LineaC:1098,LineaD:1117,LineaA,19,23.81922278797511
LineaC:1098,LineaD:1117,LineaC,10,12.547512649415719
LineaC:1098,LineaE:1119,LineaA,49,61.964102147619016
LineaC:1098,LineaE:1119,LineaC,5,6.326935236226573
LineaC:1098,LineaE:1120,LineaA,5,6.450119020229245
LineaC:1098,LineaE:1121,LineaA,12,15.28154912585516
LineaC:1098,LineaE:1121,LineaC,16,20.147577772575886
LineaC:1098,LineaE:1122,LineaA,6,7.666773547487536
LineaC:1098,LineaE:1122,LineaC,6,7.44239977738225
LineaC:1098,LineaE:1123,LineaA,2,2.5147336825915145
LineaC:1098,LineaE:1123,LineaC,10,12.724078943835305
LineaC:1098,LineaE:1124,LineaA,3,3.762477031746638
LineaC:1098,LineaE:1124,LineaC,6,7.669724436734598
LineaC:1098,LineaE:1126,LineaA,3,3.898085233723745
LineaC:1098,LineaE:1126,LineaC,8,10.427897249681896
LineaC:1098,LineaE:1127,LineaA,20,25.45524005126908
LineaC:1098,LineaE:1127,LineaC,12,15.438628122554064
LineaC:1098,LineaE:1128,LineaA,9,11.574453068317089
LineaC:1098,LineaE:1128,LineaC,4,5.167453906374542
LineaC:1098,LineaE:1129,LineaA,30,38.16332398476029
LineaC:1098,LineaE:1129,LineaC,11,14.04128056014358
LineaC:1098,LineaE:1130,LineaA,27,34.36562084366655
LineaC:1098,LineaE:1130,LineaC,5,6.39155694320001
LineaC:1098,LineaE:1131,LineaA,11,13.789497392365043
LineaC:1098,LineaE:1131,LineaC,8,10.931669946665398
LineaC:1098,LineaE:1132,LineaA,8,10.051214064750422
LineaC:1098,LineaE:1132,LineaC,3,3.913555728525065
LineaC:1098,LineaE:1133,LineaA,13,16.63151387284952
LineaC:1098,LineaE:1133,LineaC,10,12.976012278360386
LineaC:1098,LineaE:1164,LineaA,141,179.4124798535426
LineaC:1098,LineaE:1164,LineaC,488,616.5541428663294
LineaC:1098,LineaE:1165,LineaA,8,10.423780376402895
LineaC:1098,LineaE:1165,LineaC,8,10.017210341800771
LineaC:1098,LineaE:1166,LineaA,21,26.16072572112324
LineaC:1098,LineaE:1166,LineaC,9,11.88503275175713
LineaC:1098,LineaH:1134,LineaA,25,31.338335485843235
LineaC:1098,LineaH:1134,LineaC,10,12.89897616830332
LineaC:1098,LineaH:1135,LineaA,10,12.584648378035002
LineaC:1098,LineaH:1135,LineaC,3,3.73719115171782
LineaC:1098,LineaH:1136,LineaA,16,20.92438356605936
LineaC:1098,LineaH:1136,LineaC,2,2.5118047215848986
LineaC:1098,LineaH:1137,LineaA,16,20.2165069086881
LineaC:1098,LineaH:1137,LineaC,7,9.018734817965425
LineaC:1098,LineaH:1138,LineaA,14,17.653543590706835
LineaC:1098,LineaH:1138,LineaC,3,3.91523694138427
LineaC:1098,LineaH:1139,LineaA,15,18.98409630011553
LineaC:1098,LineaH:1139,LineaC,6,7.487019562761231
LineaC:1098,LineaH:1140,LineaA,608,773.4742680195575
LineaC:1098,LineaH:1140,LineaC,191,241.87195768439105
LineaC:1098,LineaH:1141,LineaA,19,23.86386021406022
LineaC:1098,LineaH:1141,LineaC,20,24.973922218825543
LineaC:1098,LineaH:1160,LineaA,13,16.287989885182476
LineaC:1098,LineaH:1160,LineaC,6,7.6785015777233045
LineaC:1098,LineaH:1161,LineaA,22,28.093785717758276
LineaC:1098,LineaH:1161,LineaC,15,19.15632471809817
LineaC:1098,LineaH:1162,LineaA,14,17.56954244963534
LineaC:1098,LineaH:1162,LineaC,6,7.835873116490001
LineaC:1098,LineaH:1163,LineaA,5,6.542810108455555
LineaC:1098,LineaH:1163,LineaC,5,6.2415056047822235
LineaC:1100,LineaA:1059,LineaC,81,102.76761802554951
LineaC:1100,LineaA:1060,LineaC,82,104.81195010975887
LineaC:1100,LineaA:1061,LineaC,42,53.40514721584312
LineaC:1100,LineaA:1062,LineaC,32,40.28464099809932
LineaC:1100,LineaA:1063,LineaC,58,73.62829566519736
LineaC:1100,LineaA:1064,LineaC,49,62.33132084335608
LineaC:1100,LineaA:1065,LineaC,36,45.58636460447378
LineaC:1100,LineaA:1066,LineaC,13,16.655471231021178
LineaC:1100,LineaA:1067,LineaC,17,21.419546756110833
LineaC:1100,LineaA:1069,LineaC,3,3.7659379522026026
LineaC:1100,LineaA:1070,LineaC,12,15.573221915251866
LineaC:1100,LineaA:1071,LineaC,11,13.873611757730327
LineaC:1100,LineaA:1072,LineaC,8,10.216918389824805
LineaC:1100,LineaA:1074,LineaC,3,3.9477622553224077
LineaC:1100,LineaA:1076,LineaC,4,5.019509580794607
LineaC:1100,LineaB:1077,LineaC,8,10.291466007979942
LineaC:1100,LineaB:1078,LineaC,1,1.25492483495506
LineaC:1100,LineaB:1080,LineaC,2,2.600838541169486
LineaC:1100,LineaB:1081,LineaC,4,5.023160260276205
LineaC:1100,LineaB:1082,LineaC,3,3.866372612711132
LineaC:1100,LineaB:1083,LineaC,6,7.497479778502754
LineaC:1100,LineaB:1084,LineaC,6,7.467183562529924
LineaC:1100,LineaB:1085,LineaC,8,10.436727057151147
LineaC:1100,LineaB:1086,LineaC,7,8.752741555675389
LineaC:1100,LineaB:1088,LineaC,6,7.63395282165486
LineaC:1100,LineaB:1089,LineaC,1,1.250341121104954
LineaC:1100,LineaB:1090,LineaC,2,2.5179735120056512
LineaC:1100,LineaC:1094,LineaC,2034,2593.7955651818147
LineaC:1100,LineaC:1095,LineaC,55,69.97064642602741
LineaC:1100,LineaC:1097,LineaC,49,61.51885448280201
LineaC:1100,LineaC:1098,LineaC,28,35.304490415667004
LineaC:1100,LineaC:1101,LineaC,13,16.370469001349726
LineaC:1100,LineaD:1103,LineaC,16,20.234326109684208
LineaC:1100,LineaD:1104,LineaC,16,20.204402856360588
LineaC:1100,LineaD:1105,LineaC,2,2.505265956060014
LineaC:1100,LineaD:1106,LineaC,7,8.740525627555376
LineaC:1100,LineaD:1107,LineaC,5,6.28801510493927
LineaC:1100,LineaD:1108,LineaC,19,24.41430596662956
LineaC:1100,LineaD:1109,LineaC,14,17.541727244462898
LineaC:1100,LineaD:1110,LineaC,15,19.034036933715722
LineaC:1100,LineaD:1111,LineaC,10,12.781542827907701
LineaC:1100,LineaD:1112,LineaC,8,9.991202344338902
LineaC:1100,LineaD:1114,LineaC,4,4.964175396700668
LineaC:1100,LineaD:1115,LineaC,6,7.675104854523884
LineaC:1100,LineaD:1116,LineaC,1,1.2645545458317773
LineaC:1100,LineaD:1117,LineaC,10,12.868493383735592
LineaC:1100,LineaE:1119,LineaC,7,9.036952612358485
LineaC:1100,LineaE:1120,LineaC,5,6.628979230573995
LineaC:1100,LineaE:1121,LineaC,64,81.75221625209085
LineaC:1100,LineaE:1122,LineaC,19,24.2251139038213
LineaC:1100,LineaE:1123,LineaC,13,16.50344352540736
LineaC:1100,LineaE:1124,LineaC,12,15.298548447402869
LineaC:1100,LineaE:1126,LineaC,20,25.583255286947306
LineaC:1100,LineaE:1127,LineaC,22,28.539183781170202
LineaC:1100,LineaE:1128,LineaC,23,29.19582044332863
LineaC:1100,LineaE:1129,LineaC,27,34.46268789437749
LineaC:1100,LineaE:1130,LineaC,21,26.35359988334694
LineaC:1100,LineaE:1131,LineaC,12,15.282211969834696
LineaC:1100,LineaE:1132,LineaC,24,30.33247452158145
LineaC:1100,LineaE:1133,LineaC,22,27.827485327218525
LineaC:1100,LineaE:1164,LineaC,617,782.4486645161535
LineaC:1100,LineaE:1165,LineaC,3,3.7123324705354728
LineaC:1100,LineaE:1166,LineaC,2,2.5133105903660846
LineaC:1100,LineaH:1134,LineaC,7,8.827876700873684
LineaC:1100,LineaH:1135,LineaC,2,2.510755382819428
LineaC:1100,LineaH:1136,LineaC,4,5.086033818938862
LineaC:1100,LineaH:1137,LineaC,4,5.062303547528688
LineaC:1100,LineaH:1138,LineaC,9,11.289393948845849
LineaC:1100,LineaH:1139,LineaC,4,5.008374001136704
LineaC:1100,LineaH:1140,LineaC,148,187.6617406914877
LineaC:1100,LineaH:1141,LineaC,8,10.13382718672532
LineaC:1100,LineaH:1160,LineaC,4,5.016431735725687
LineaC:1100,LineaH:1161,LineaC,4,4.978458992654984
LineaC:1100,LineaH:1162,LineaC,3,3.756199527742833
LineaC:1100,LineaH:1163,LineaC,1,1.253418966173874
LineaC:1101,LineaA:1059,LineaC,79,99.92053992751289
LineaC:1101,LineaA:1060,LineaC,70,88.73649715892083
LineaC:1101,LineaA:1061,LineaC,56,71.7869041232945
LineaC:1101,LineaA:1062,LineaC,27,34.64029668371014
LineaC:1101,LineaA:1063,LineaC,73,93.67771949192773
LineaC:1101,LineaA:1064,LineaC,54,69.29580541341991
LineaC:1101,LineaA:1065,LineaC,52,65.77818859931364
LineaC:1101,LineaA:1066,LineaC,33,42.20914463618106
LineaC:1101,LineaA:1067,LineaC,18,23.11758239286027
LineaC:1101,LineaA:1069,LineaC,2,2.5133105903660846
LineaC:1101,LineaA:1070,LineaC,12,15.221267182870388
LineaC:1101,LineaA:1071,LineaC,29,36.38864588582463
LineaC:1101,LineaA:1072,LineaC,7,8.76706886268903
LineaC:1101,LineaA:1074,LineaC,3,3.853652929264676
LineaC:1101,LineaA:1076,LineaC,12,15.371914537186644
LineaC:1101,LineaB:1077,LineaC,29,38.084893694765505
LineaC:1101,LineaB:1078,LineaC,8,10.2300712610143
LineaC:1101,LineaB:1079,LineaC,9,11.636609941308686
LineaC:1101,LineaB:1080,LineaC,13,16.569133082963667
LineaC:1101,LineaB:1081,LineaC,51,65.34470165334517
LineaC:1101,LineaB:1082,LineaC,15,19.18449184547594
LineaC:1101,LineaB:1083,LineaC,31,39.54259822957762
LineaC:1101,LineaB:1084,LineaC,25,31.875735547556545
LineaC:1101,LineaB:1085,LineaC,21,26.522299944425516
LineaC:1101,LineaB:1086,LineaC,16,20.333371157768
LineaC:1101,LineaB:1088,LineaC,12,15.276448032688931
LineaC:1101,LineaB:1089,LineaC,10,12.522513404133981
LineaC:1101,LineaB:1090,LineaC,3,3.8499351694944375
LineaC:1101,LineaB:1092,LineaC,3,3.7304532324334447
LineaC:1101,LineaC:1094,LineaC,1064,1355.5242270599729
LineaC:1101,LineaC:1095,LineaC,59,75.04440781001266
LineaC:1101,LineaC:1097,LineaC,53,67.24587318244433
LineaC:1101,LineaC:1098,LineaC,44,55.51044660656496
LineaC:1101,LineaC:1100,LineaC,19,23.74996400370774
LineaC:1101,LineaD:1103,LineaC,50,63.87064868306416
LineaC:1101,LineaD:1104,LineaC,36,46.016565969828456
LineaC:1101,LineaD:1105,LineaC,28,35.83040061208054
LineaC:1101,LineaD:1106,LineaC,18,22.772820379714524
LineaC:1101,LineaD:1107,LineaC,13,16.678660169120963
LineaC:1101,LineaD:1108,LineaC,25,31.723131272863508
LineaC:1101,LineaD:1109,LineaC,58,73.27076217858689
LineaC:1101,LineaD:1110,LineaC,28,35.759908321914644
LineaC:1101,LineaD:1111,LineaC,20,25.23066941271677
LineaC:1101,LineaD:1112,LineaC,10,12.73725949860055
LineaC:1101,LineaD:1114,LineaC,11,14.038952272509418
LineaC:1101,LineaD:1115,LineaC,10,12.75163328545151
LineaC:1101,LineaD:1116,LineaC,6,7.481281441733774
LineaC:1101,LineaD:1117,LineaC,14,17.930418814352144
LineaC:1101,LineaE:1119,LineaC,24,30.248285398577572
LineaC:1101,LineaE:1120,LineaC,8,10.146425859900088
LineaC:1101,LineaE:1121,LineaC,52,65.41549933987007
LineaC:1101,LineaE:1122,LineaC,9,11.646175808169419
LineaC:1101,LineaE:1123,LineaC,8,10.214565342442071
LineaC:1101,LineaE:1124,LineaC,6,7.8073636815052385
LineaC:1101,LineaE:1126,LineaC,3,3.8991345724892157
LineaC:1101,LineaE:1127,LineaC,13,16.659533966277035
LineaC:1101,LineaE:1128,LineaC,13,16.337011054983535
LineaC:1101,LineaE:1129,LineaC,9,11.339051802466443
LineaC:1101,LineaE:1130,LineaC,13,16.72258947873627
LineaC:1101,LineaE:1131,LineaC,5,6.438278498054598
LineaC:1101,LineaE:1132,LineaC,12,15.123630246474537
LineaC:1101,LineaE:1133,LineaC,7,9.119108127911208
LineaC:1101,LineaE:1165,LineaC,8,10.218342105652834
LineaC:1101,LineaE:1166,LineaC,5,6.35891888532469
LineaC:1101,LineaH:1134,LineaC,9,11.546818371340828
LineaC:1101,LineaH:1135,LineaC,7,8.903963520138088
LineaC:1101,LineaH:1136,LineaC,1,1.207066514475459
LineaC:1101,LineaH:1137,LineaC,1,1.253418966173874
LineaC:1101,LineaH:1138,LineaC,9,11.270486975829275
LineaC:1101,LineaH:1139,LineaC,9,11.53009563658895
LineaC:1101,LineaH:1140,LineaC,173,219.53054831079078
LineaC:1101,LineaH:1141,LineaC,8,10.285913211279855
LineaC:1101,LineaH:1160,LineaC,11,13.787696204956772
LineaC:1101,LineaH:1161,LineaC,9,11.436128197436526
LineaC:1101,LineaH:1162,LineaC,11,14.083243611690335
LineaC:1101,LineaH:1163,LineaC,1,1.207066514475459
LineaD:1103,LineaA:1059,LineaD,42,53.438045569847496
LineaD:1103,LineaA:1060,LineaD,48,61.3354003833508
LineaD:1103,LineaA:1061,LineaD,43,54.376673393338265
LineaD:1103,LineaA:1062,LineaD,55,69.99652435366204
LineaD:1103,LineaA:1063,LineaD,61,77.77464333324818
LineaD:1103,LineaA:1064,LineaD,87,109.23521494333728
LineaD:1103,LineaA:1065,LineaD,72,91.83265586873404
LineaD:1103,LineaA:1066,LineaD,48,61.29546826426823
LineaD:1103,LineaA:1067,LineaD,33,41.326225077349484
LineaD:1103,LineaA:1069,LineaD,25,31.303004537006675
LineaD:1103,LineaA:1070,LineaD,38,47.92926483850812
LineaD:1103,LineaA:1071,LineaD,161,201.048337244122
LineaD:1103,LineaA:1072,LineaD,88,109.90829950274214
LineaD:1103,LineaA:1074,LineaD,39,48.398882640745285
LineaD:1103,LineaA:1076,LineaD,159,197.265343227263
LineaD:1103,LineaB:1077,LineaD,48,61.57878032216169
LineaD:1103,LineaB:1078,LineaD,9,11.293716808051702
LineaD:1103,LineaB:1079,LineaD,6,7.744117256574414
LineaD:1103,LineaB:1080,LineaD,3,4.005250286678726
LineaD:1103,LineaB:1081,LineaD,29,36.51420971464433
LineaD:1103,LineaB:1082,LineaD,32,40.257137673455574
LineaD:1103,LineaB:1083,LineaD,42,53.327723008257756
LineaD:1103,LineaB:1084,LineaD,46,58.740044219171786
LineaD:1103,LineaB:1085,LineaD,85,107.73934698696596
LineaD:1103,LineaB:1086,LineaD,61,76.71116113152657
LineaD:1103,LineaB:1088,LineaD,90,112.60028403851388
LineaD:1103,LineaB:1089,LineaD,122,151.80375306222066
LineaD:1103,LineaB:1090,LineaD,119,148.40233004182193
LineaD:1103,LineaB:1092,LineaD,97,119.80632184923846
LineaD:1103,LineaC:1094,LineaD,1102,1394.5265019679393
LineaD:1103,LineaC:1095,LineaD,135,168.4972806283609
LineaD:1103,LineaC:1097,LineaD,163,201.59475518355362
LineaD:1103,LineaC:1098,LineaD,117,145.07122278696656
LineaD:1103,LineaC:1100,LineaD,78,97.91928376732685
LineaD:1103,LineaC:1101,LineaD,162,201.39530070024554
LineaD:1103,LineaD:1104,LineaD,272,342.3703075851217
LineaD:1103,LineaD:1105,LineaD,216,271.1421412973846
LineaD:1103,LineaD:1106,LineaD,277,348.4292175072599
LineaD:1103,LineaD:1107,LineaD,246,308.44806597344274
LineaD:1103,LineaD:1108,LineaD,544,685.5519100960868
LineaD:1103,LineaD:1109,LineaD,459,573.7315829004715
LineaD:1103,LineaD:1110,LineaD,435,549.6608457295066
LineaD:1103,LineaD:1111,LineaD,583,733.7286711343132
LineaD:1103,LineaD:1112,LineaD,441,554.2245107040115
LineaD:1103,LineaD:1114,LineaD,1557,1938.117201177344
LineaD:1103,LineaD:1115,LineaD,1312,1631.3712307859846
LineaD:1103,LineaD:1116,LineaD,1007,1249.6228831798874
LineaD:1103,LineaD:1117,LineaD,539,672.8103455932156
LineaD:1103,LineaE:1119,LineaD,2162,2664.9802639475715
LineaD:1103,LineaE:1120,LineaD,74,91.81491723609379
LineaD:1103,LineaE:1121,LineaD,470,585.8468607654137
LineaD:1103,LineaE:1122,LineaD,83,104.67825210377843
LineaD:1103,LineaE:1123,LineaD,66,84.24629849441008
LineaD:1103,LineaE:1124,LineaD,19,23.752050359014994
LineaD:1103,LineaE:1126,LineaD,57,72.03364361612188
LineaD:1103,LineaE:1127,LineaD,64,80.8569582182335
LineaD:1103,LineaE:1128,LineaD,54,68.57153789868141
LineaD:1103,LineaE:1129,LineaD,50,63.138232940727704
LineaD:1103,LineaE:1130,LineaD,47,59.93681893415061
LineaD:1103,LineaE:1131,LineaD,23,29.541903875903397
LineaD:1103,LineaE:1132,LineaD,39,49.169813941030085
LineaD:1103,LineaE:1133,LineaD,25,31.768893981593354
LineaD:1103,LineaE:1164,LineaD,293,364.71208244257707
LineaD:1103,LineaE:1165,LineaD,119,148.63112889739543
LineaD:1103,LineaE:1166,LineaD,242,300.65519432303904
LineaD:1103,LineaH:1134,LineaD,255,319.8146377820258
LineaD:1103,LineaH:1135,LineaD,300,372.85054283782586
LineaD:1103,LineaH:1136,LineaD,201,251.47620833840102
LineaD:1103,LineaH:1137,LineaD,115,145.95858413260854
LineaD:1103,LineaH:1138,LineaD,109,139.37744970723057
LineaD:1103,LineaH:1139,LineaD,136,171.08735526628178
LineaD:1103,LineaH:1140,LineaD,322,405.25374226456756
LineaD:1103,LineaH:1141,LineaD,184,230.15603169882039
LineaD:1103,LineaH:1160,LineaD,229,286.1711817267171
LineaD:1103,LineaH:1161,LineaD,645,805.5234847104707
LineaD:1103,LineaH:1162,LineaD,173,216.7071355512262
LineaD:1103,LineaH:1163,LineaD,95,118.38767185928579
LineaD:1104,LineaA:1059,LineaD,24,30.888703778142606
LineaD:1104,LineaA:1060,LineaD,37,46.8885973753166
LineaD:1104,LineaA:1061,LineaD,24,31.128935050798933
LineaD:1104,LineaA:1062,LineaD,27,34.67814786835859
LineaD:1104,LineaA:1063,LineaD,44,56.349983410898965
LineaD:1104,LineaA:1064,LineaD,45,58.38287158876971
LineaD:1104,LineaA:1065,LineaD,32,41.33686992607757
LineaD:1104,LineaA:1066,LineaD,28,36.009172614247134
LineaD:1104,LineaA:1067,LineaD,28,36.11194901693432
LineaD:1104,LineaA:1069,LineaD,16,20.555825635038293
LineaD:1104,LineaA:1070,LineaD,22,28.189870872790653
LineaD:1104,LineaA:1071,LineaD,90,113.6277897196689
LineaD:1104,LineaA:1072,LineaD,28,35.244604056307026
LineaD:1104,LineaA:1074,LineaD,12,15.084362647610087
LineaD:1104,LineaA:1076,LineaD,80,99.94554189649148
LineaD:1104,LineaB:1077,LineaD,23,29.953391687390237
LineaD:1104,LineaB:1078,LineaD,8,10.249300574389146
LineaD:1104,LineaB:1079,LineaD,8,10.492703765764304
LineaD:1104,LineaB:1080,LineaD,5,6.595783889837874
LineaD:1104,LineaB:1081,LineaD,14,17.656970872000016
LineaD:1104,LineaB:1082,LineaD,22,28.08463181862529
LineaD:1104,LineaB:1083,LineaD,33,42.308397743236945
LineaD:1104,LineaB:1084,LineaD,25,32.30442157755756
LineaD:1104,LineaB:1085,LineaD,49,63.38297706316667
LineaD:1104,LineaB:1086,LineaD,48,60.86027035761783
LineaD:1104,LineaB:1088,LineaD,29,36.58662167126941
LineaD:1104,LineaB:1089,LineaD,67,84.55280992131551
LineaD:1104,LineaB:1090,LineaD,42,52.73318559327561
LineaD:1104,LineaB:1092,LineaD,30,37.43054230740582
LineaD:1104,LineaC:1094,LineaD,523,666.4046125386506
LineaD:1104,LineaC:1095,LineaD,40,50.31481089210911
LineaD:1104,LineaC:1097,LineaD,51,62.91520758854524
LineaD:1104,LineaC:1098,LineaD,47,59.24455128045201
LineaD:1104,LineaC:1100,LineaD,51,64.74383717826397
LineaD:1104,LineaC:1101,LineaD,92,116.1617492512899
LineaD:1104,LineaD:1103,LineaD,148,189.62240499562697
LineaD:1104,LineaD:1105,LineaD,65,82.82455447923928
LineaD:1104,LineaD:1106,LineaD,211,267.70030605487267
LineaD:1104,LineaD:1107,LineaD,215,274.85208638723475
LineaD:1104,LineaD:1108,LineaD,420,534.5852347393264
LineaD:1104,LineaD:1109,LineaD,298,376.8679012953817
LineaD:1104,LineaD:1110,LineaD,288,364.96004420679185
LineaD:1104,LineaD:1111,LineaD,373,473.9683712005521
LineaD:1104,LineaD:1112,LineaD,259,328.14982681117
LineaD:1104,LineaD:1114,LineaD,517,647.6399241349508
LineaD:1104,LineaD:1115,LineaD,525,657.2063765516107
LineaD:1104,LineaD:1116,LineaD,467,584.6078948366458
LineaD:1104,LineaD:1117,LineaD,261,328.08570309358663
LineaD:1104,LineaE:1119,LineaD,745,921.174394542531
LineaD:1104,LineaE:1120,LineaD,32,40.1401051965898
LineaD:1104,LineaE:1121,LineaD,138,173.27948255057115
LineaD:1104,LineaE:1122,LineaD,50,63.1631098763756
LineaD:1104,LineaE:1123,LineaD,39,50.423814324817144
LineaD:1104,LineaE:1124,LineaD,9,11.71611169041298
LineaD:1104,LineaE:1126,LineaD,26,33.68587542915606
LineaD:1104,LineaE:1127,LineaD,43,56.19152089925911
LineaD:1104,LineaE:1128,LineaD,20,25.722850818744334
LineaD:1104,LineaE:1129,LineaD,25,31.85072974394902
LineaD:1104,LineaE:1130,LineaD,22,28.230368469195803
LineaD:1104,LineaE:1131,LineaD,9,11.719204938756105
LineaD:1104,LineaE:1132,LineaD,15,19.34523933824781
LineaD:1104,LineaE:1133,LineaD,24,30.83203239245106
LineaD:1104,LineaE:1164,LineaD,109,136.58647602975648
LineaD:1104,LineaE:1165,LineaD,50,63.34649323848786
LineaD:1104,LineaE:1166,LineaD,101,126.46372056044126
LineaD:1104,LineaH:1134,LineaD,134,169.8607200832502
LineaD:1104,LineaH:1135,LineaD,152,191.21971891171998
LineaD:1104,LineaH:1136,LineaD,99,125.63504526511771
LineaD:1104,LineaH:1137,LineaD,46,58.00865064042654
LineaD:1104,LineaH:1138,LineaD,53,68.23300155063022
LineaD:1104,LineaH:1139,LineaD,67,84.36305205089091
LineaD:1104,LineaH:1140,LineaD,227,289.17386776127654
LineaD:1104,LineaH:1141,LineaD,76,96.16479184194854
LineaD:1104,LineaH:1160,LineaD,118,149.42241505883047
LineaD:1104,LineaH:1161,LineaD,372,470.8848172719896
LineaD:1104,LineaH:1162,LineaD,92,117.0898574595568
LineaD:1104,LineaH:1163,LineaD,29,36.53011498955754
LineaD:1105,LineaA:1059,LineaD,10,12.678480144970637
LineaD:1105,LineaA:1060,LineaD,25,31.669302554240343
LineaD:1105,LineaA:1061,LineaD,11,14.554248071688885
LineaD:1105,LineaA:1062,LineaD,8,10.15514864262341
LineaD:1105,LineaA:1063,LineaD,21,26.937591874373936
LineaD:1105,LineaA:1064,LineaD,26,33.32310063640498
LineaD:1105,LineaA:1065,LineaD,12,15.561017274121756
LineaD:1105,LineaA:1066,LineaD,21,26.91712253308432
LineaD:1105,LineaA:1067,LineaD,26,32.4556805602215
LineaD:1105,LineaA:1069,LineaD,7,8.871580849073702
LineaD:1105,LineaA:1070,LineaD,14,17.733001209740642
LineaD:1105,LineaA:1071,LineaD,52,65.0369980863877
LineaD:1105,LineaA:1072,LineaD,22,27.47663686322638
LineaD:1105,LineaA:1074,LineaD,10,12.325728881936172
LineaD:1105,LineaA:1076,LineaD,66,82.64077520874545
LineaD:1105,LineaB:1077,LineaD,8,10.037557426015228
LineaD:1105,LineaB:1078,LineaD,5,6.478124258064788
LineaD:1105,LineaB:1079,LineaD,5,6.259304045726559
LineaD:1105,LineaB:1080,LineaD,12,15.123498448647997
LineaD:1105,LineaB:1081,LineaD,10,12.694301555197779
LineaD:1105,LineaB:1082,LineaD,12,15.109829946870677
LineaD:1105,LineaB:1083,LineaD,17,21.656952892006682
LineaD:1105,LineaB:1084,LineaD,15,19.34323156236064
LineaD:1105,LineaB:1085,LineaD,22,28.13372031827688
LineaD:1105,LineaB:1086,LineaD,19,24.32119442893578
LineaD:1105,LineaB:1088,LineaD,27,34.32221984808988
LineaD:1105,LineaB:1089,LineaD,38,47.921323478903766
LineaD:1105,LineaB:1090,LineaD,28,34.76786861754977
LineaD:1105,LineaB:1092,LineaD,36,44.56614827759958
LineaD:1105,LineaC:1094,LineaD,438,555.9224586954529
LineaD:1105,LineaC:1095,LineaD,33,41.494336824998
LineaD:1105,LineaC:1097,LineaD,46,57.12351899223018
LineaD:1105,LineaC:1098,LineaD,49,61.725670865855385
LineaD:1105,LineaC:1100,LineaD,25,31.532295744317413
LineaD:1105,LineaC:1101,LineaD,68,84.55196644280558
LineaD:1105,LineaD:1103,LineaD,217,275.66924336393976
LineaD:1105,LineaD:1104,LineaD,88,111.40402978657755
LineaD:1105,LineaD:1106,LineaD,111,140.88115818130257
LineaD:1105,LineaD:1107,LineaD,165,208.70386315271708
LineaD:1105,LineaD:1108,LineaD,266,336.6632548210776
LineaD:1105,LineaD:1109,LineaD,183,230.30856680961955
LineaD:1105,LineaD:1110,LineaD,183,232.4794736546169
LineaD:1105,LineaD:1111,LineaD,324,409.38256213931555
LineaD:1105,LineaD:1112,LineaD,153,194.87155099199174
LineaD:1105,LineaD:1114,LineaD,384,479.4554575903888
LineaD:1105,LineaD:1115,LineaD,390,486.1189698909838
LineaD:1105,LineaD:1116,LineaD,381,474.10345452977015
LineaD:1105,LineaD:1117,LineaD,179,223.50531505024622
LineaD:1105,LineaE:1119,LineaD,677,836.3973854614406
LineaD:1105,LineaE:1120,LineaD,28,34.55754673818167
LineaD:1105,LineaE:1121,LineaD,127,159.26875742782414
LineaD:1105,LineaE:1122,LineaD,28,35.309005278647035
LineaD:1105,LineaE:1123,LineaD,14,18.565765397043577
LineaD:1105,LineaE:1124,LineaD,7,9.061634789909519
LineaD:1105,LineaE:1126,LineaD,6,7.632539530437393
LineaD:1105,LineaE:1127,LineaD,19,24.205336332066047
LineaD:1105,LineaE:1128,LineaD,6,7.853177486568658
LineaD:1105,LineaE:1129,LineaD,20,25.40318675774438
LineaD:1105,LineaE:1130,LineaD,9,11.524648637449951
LineaD:1105,LineaE:1131,LineaD,9,11.660439072708167
LineaD:1105,LineaE:1132,LineaD,10,12.807068917596908
LineaD:1105,LineaE:1133,LineaD,15,19.0768883215461
LineaD:1105,LineaE:1164,LineaD,90,112.86089495838901
LineaD:1105,LineaE:1165,LineaD,47,58.82832671072411
LineaD:1105,LineaE:1166,LineaD,94,117.04264129085661
LineaD:1105,LineaH:1134,LineaD,96,121.64166084110992
LineaD:1105,LineaH:1135,LineaD,93,115.698390602935
LineaD:1105,LineaH:1136,LineaD,78,98.20356474350851
LineaD:1105,LineaH:1137,LineaD,35,43.67677958439317
LineaD:1105,LineaH:1138,LineaD,35,44.40033946289229
LineaD:1105,LineaH:1139,LineaD,49,62.20031185273439
LineaD:1105,LineaH:1140,LineaD,156,196.91868454456576
LineaD:1105,LineaH:1141,LineaD,37,47.028618035038114
LineaD:1105,LineaH:1160,LineaD,50,63.367355816463764
LineaD:1105,LineaH:1161,LineaD,261,327.6336332774286
LineaD:1105,LineaH:1162,LineaD,89,112.2384465918117
LineaD:1105,LineaH:1163,LineaD,34,42.35038629929061
LineaD:1106,LineaA:1059,LineaD,24,30.539951339876772
LineaD:1106,LineaA:1060,LineaD,24,30.802270483086968
LineaD:1106,LineaA:1061,LineaD,23,29.13401887384392
LineaD:1106,LineaA:1062,LineaD,13,16.602242619870943
LineaD:1106,LineaA:1063,LineaD,26,33.996050765455216
LineaD:1106,LineaA:1064,LineaD,11,13.917891792708284
LineaD:1106,LineaA:1065,LineaD,25,31.938709050649106
LineaD:1106,LineaA:1066,LineaD,21,27.064069231790075
LineaD:1106,LineaA:1067,LineaD,25,32.06082739727546
LineaD:1106,LineaA:1069,LineaD,9,11.392247818557122
LineaD:1106,LineaA:1070,LineaD,19,23.854849430388317
LineaD:1106,LineaA:1071,LineaD,40,50.67448320392682
LineaD:1106,LineaA:1072,LineaD,26,32.80289810194473
LineaD:1106,LineaA:1074,LineaD,12,14.784552184314219
LineaD:1106,LineaA:1076,LineaD,64,80.01636546016094
LineaD:1106,LineaB:1077,LineaD,10,12.821300700812786
LineaD:1106,LineaB:1078,LineaD,2,2.520902473012267
LineaD:1106,LineaB:1079,LineaD,2,2.6129536465372585
LineaD:1106,LineaB:1080,LineaD,3,3.7239906877156397
LineaD:1106,LineaB:1081,LineaD,15,18.784532240498834
LineaD:1106,LineaB:1082,LineaD,7,9.139617082743731
LineaD:1106,LineaB:1083,LineaD,25,32.07738309311437
LineaD:1106,LineaB:1084,LineaD,11,14.409131415774809
LineaD:1106,LineaB:1085,LineaD,38,48.70850061718363
LineaD:1106,LineaB:1086,LineaD,21,26.751270359252185
LineaD:1106,LineaB:1088,LineaD,18,22.704955433544328
LineaD:1106,LineaB:1089,LineaD,24,30.164339419641
LineaD:1106,LineaB:1090,LineaD,36,45.25481448783374
LineaD:1106,LineaB:1092,LineaD,22,27.29866901180371
LineaD:1106,LineaC:1094,LineaD,489,622.4978078959027
LineaD:1106,LineaC:1095,LineaD,20,25.197377182424226
LineaD:1106,LineaC:1097,LineaD,37,45.67128212836275
LineaD:1106,LineaC:1098,LineaD,32,40.25582152412993
LineaD:1106,LineaC:1100,LineaD,27,34.10927368474169
LineaD:1106,LineaC:1101,LineaD,47,59.31160706227945
LineaD:1106,LineaD:1103,LineaD,252,320.46751112025197
LineaD:1106,LineaD:1104,LineaD,199,252.06234829965499
LineaD:1106,LineaD:1105,LineaD,102,129.56244131495168
LineaD:1106,LineaD:1107,LineaD,80,100.71972930507008
LineaD:1106,LineaD:1108,LineaD,205,260.71899382906133
LineaD:1106,LineaD:1109,LineaD,155,195.4126853158302
LineaD:1106,LineaD:1110,LineaD,180,228.90601108920234
LineaD:1106,LineaD:1111,LineaD,276,348.75328011481037
LineaD:1106,LineaD:1112,LineaD,183,232.48598013612929
LineaD:1106,LineaD:1114,LineaD,345,430.66957968732703
LineaD:1106,LineaD:1115,LineaD,337,421.89433795115144
LineaD:1106,LineaD:1116,LineaD,340,423.2773053164118
LineaD:1106,LineaD:1117,LineaD,176,220.61238620323147
LineaD:1106,LineaE:1119,LineaD,663,818.7626047096927
LineaD:1106,LineaE:1120,LineaD,28,34.95150881759845
LineaD:1106,LineaE:1121,LineaD,105,131.37989202553075
LineaD:1106,LineaE:1122,LineaD,14,17.48832593440471
LineaD:1106,LineaE:1123,LineaD,28,35.89629367690111
LineaD:1106,LineaE:1124,LineaD,8,10.227942101146429
LineaD:1106,LineaE:1126,LineaD,21,27.36979344534758
LineaD:1106,LineaE:1127,LineaD,28,36.24473033402676
LineaD:1106,LineaE:1128,LineaD,11,14.3711653283811
LineaD:1106,LineaE:1129,LineaD,15,19.08710573352583
LineaD:1106,LineaE:1130,LineaD,10,12.55559749283261
LineaD:1106,LineaE:1131,LineaD,12,15.250451382479184
LineaD:1106,LineaE:1132,LineaD,19,24.061754993531974
LineaD:1106,LineaE:1133,LineaD,24,30.816728119288427
LineaD:1106,LineaE:1164,LineaD,93,117.80514861067647
LineaD:1106,LineaE:1165,LineaD,36,44.95331474355298
LineaD:1106,LineaE:1166,LineaD,83,103.25253675854056
LineaD:1106,LineaH:1134,LineaD,113,142.75486922959007
LineaD:1106,LineaH:1135,LineaD,108,135.63431632614598
LineaD:1106,LineaH:1136,LineaD,84,107.26112397192055
LineaD:1106,LineaH:1137,LineaD,34,43.30941894582158
LineaD:1106,LineaH:1138,LineaD,42,53.64977727753436
LineaD:1106,LineaH:1139,LineaD,36,45.85560637829208
LineaD:1106,LineaH:1140,LineaD,160,201.87419911704941
LineaD:1106,LineaH:1141,LineaD,37,46.418425883690105
LineaD:1106,LineaH:1160,LineaD,58,73.85458675477113
LineaD:1106,LineaH:1161,LineaD,251,314.52641537328793
LineaD:1106,LineaH:1162,LineaD,64,81.24088241159295
LineaD:1106,LineaH:1163,LineaD,29,36.305899711746044
LineaD:1107,LineaA:1059,LineaD,29,37.274524191261996
LineaD:1107,LineaA:1060,LineaD,24,30.168209009594282
LineaD:1107,LineaA:1061,LineaD,24,31.205760344935346
LineaD:1107,LineaA:1062,LineaD,18,22.820999402692497
LineaD:1107,LineaA:1063,LineaD,24,30.739585922618872
LineaD:1107,LineaA:1064,LineaD,26,33.52266743313441
LineaD:1107,LineaA:1065,LineaD,22,28.05577627451584
LineaD:1107,LineaA:1066,LineaD,18,22.937821311181303
LineaD:1107,LineaA:1067,LineaD,21,26.69176325673026
LineaD:1107,LineaA:1069,LineaD,7,8.727954606782092
LineaD:1107,LineaA:1070,LineaD,9,11.43326559519932
LineaD:1107,LineaA:1071,LineaD,41,52.3684619938775
LineaD:1107,LineaA:1072,LineaD,18,22.53310125344263
LineaD:1107,LineaA:1074,LineaD,8,9.732872278278274
LineaD:1107,LineaA:1076,LineaD,52,65.29486849087436
LineaD:1107,LineaB:1077,LineaD,35,43.91609985530742
LineaD:1107,LineaB:1078,LineaD,7,9.072542238407346
LineaD:1107,LineaB:1079,LineaD,1,1.2645545458317773
LineaD:1107,LineaB:1080,LineaD,2,2.5137209872123307
LineaD:1107,LineaB:1081,LineaD,14,17.688152102852417
LineaD:1107,LineaB:1082,LineaD,7,8.917328585478813
LineaD:1107,LineaB:1083,LineaD,17,21.666314203705713
LineaD:1107,LineaB:1084,LineaD,9,11.286180871601776
LineaD:1107,LineaB:1085,LineaD,36,46.187053113400836
LineaD:1107,LineaB:1086,LineaD,32,40.34040233789485
LineaD:1107,LineaB:1088,LineaD,39,48.82294868110458
LineaD:1107,LineaB:1089,LineaD,41,51.84125791536225
LineaD:1107,LineaB:1090,LineaD,40,50.42609176217245
LineaD:1107,LineaB:1092,LineaD,32,39.426238530300864
LineaD:1107,LineaC:1094,LineaD,447,568.6223205714192
LineaD:1107,LineaC:1095,LineaD,38,48.42158852075181
LineaD:1107,LineaC:1097,LineaD,29,36.01628144034778
LineaD:1107,LineaC:1098,LineaD,30,37.800052651888244
LineaD:1107,LineaC:1100,LineaD,16,20.1010876056112
LineaD:1107,LineaC:1101,LineaD,42,53.426627232519984
LineaD:1107,LineaD:1103,LineaD,276,350.92664188619676
LineaD:1107,LineaD:1104,LineaD,301,382.3341933470869
LineaD:1107,LineaD:1105,LineaD,153,194.93106744455363
LineaD:1107,LineaD:1106,LineaD,102,129.82500484025758
LineaD:1107,LineaD:1108,LineaD,213,268.8698915367651
LineaD:1107,LineaD:1109,LineaD,217,274.1495778526578
LineaD:1107,LineaD:1110,LineaD,225,285.0758802190115
LineaD:1107,LineaD:1111,LineaD,350,441.47068480036455
LineaD:1107,LineaD:1112,LineaD,190,238.33373734227854
LineaD:1107,LineaD:1114,LineaD,490,613.0746876087326
LineaD:1107,LineaD:1115,LineaD,364,455.99675252011536
LineaD:1107,LineaD:1116,LineaD,296,369.5111391140333
LineaD:1107,LineaD:1117,LineaD,145,182.4764566316152
LineaD:1107,LineaE:1119,LineaD,565,698.941670031087
LineaD:1107,LineaE:1120,LineaD,23,28.906165415248953
LineaD:1107,LineaE:1121,LineaD,88,110.47725507254196
LineaD:1107,LineaE:1122,LineaD,20,25.577532414412403
LineaD:1107,LineaE:1123,LineaD,14,17.81588326165158
LineaD:1107,LineaE:1124,LineaD,7,8.75744128855734
LineaD:1107,LineaE:1126,LineaD,12,15.111356718145146
LineaD:1107,LineaE:1127,LineaD,30,37.99386350966262
LineaD:1107,LineaE:1128,LineaD,18,22.57223023188404
LineaD:1107,LineaE:1129,LineaD,14,18.66388934681788
LineaD:1107,LineaE:1130,LineaD,12,15.075126885379992
LineaD:1107,LineaE:1131,LineaD,16,20.003563531964716
LineaD:1107,LineaE:1132,LineaD,25,31.469956508766877
LineaD:1107,LineaE:1133,LineaD,21,26.889443269817512
LineaD:1107,LineaE:1164,LineaD,75,94.81150432333935
LineaD:1107,LineaE:1165,LineaD,40,50.520974354587196
LineaD:1107,LineaE:1166,LineaD,117,147.08813499316747
LineaD:1107,LineaH:1134,LineaD,131,165.131217806366
LineaD:1107,LineaH:1135,LineaD,92,115.38083297434754
LineaD:1107,LineaH:1136,LineaD,73,91.82390585681044
LineaD:1107,LineaH:1137,LineaD,41,52.4298458972336
LineaD:1107,LineaH:1138,LineaD,32,40.87929468735794
LineaD:1107,LineaH:1139,LineaD,32,40.7394593202517
LineaD:1107,LineaH:1140,LineaD,144,181.89828958432628
LineaD:1107,LineaH:1141,LineaD,58,72.74903355333025
LineaD:1107,LineaH:1160,LineaD,54,68.07098931966547
LineaD:1107,LineaH:1161,LineaD,312,390.83097234586387
LineaD:1107,LineaH:1162,LineaD,78,98.22167080844994
LineaD:1107,LineaH:1163,LineaD,26,32.532635300412174
LineaD:1108,LineaA:1059,LineaD,54,68.82289610412411
LineaD:1108,LineaA:1060,LineaD,53,67.09003277678677
LineaD:1108,LineaA:1061,LineaD,32,41.19122323269009
LineaD:1108,LineaA:1062,LineaD,30,38.17146531474036
LineaD:1108,LineaA:1063,LineaD,38,48.220638029654076
LineaD:1108,LineaA:1064,LineaD,31,39.664511171479774
LineaD:1108,LineaA:1065,LineaD,39,51.03462042190206
LineaD:1108,LineaA:1066,LineaD,31,39.32082487118129
LineaD:1108,LineaA:1067,LineaD,31,39.479237225713376
LineaD:1108,LineaA:1069,LineaD,20,25.208857453631165
LineaD:1108,LineaA:1070,LineaD,22,27.730089557023252
LineaD:1108,LineaA:1071,LineaD,54,68.50314301079389
LineaD:1108,LineaA:1072,LineaD,26,32.807893797051676
LineaD:1108,LineaA:1074,LineaD,25,31.49619501924208
LineaD:1108,LineaA:1076,LineaD,93,117.06603307615714
LineaD:1108,LineaB:1077,LineaD,27,34.70073438460375
LineaD:1108,LineaB:1078,LineaD,6,7.8218708289974055
LineaD:1108,LineaB:1079,LineaD,5,6.381997428078728
LineaD:1108,LineaB:1080,LineaD,8,10.175942001762941
LineaD:1108,LineaB:1081,LineaD,46,59.41772239274528
LineaD:1108,LineaB:1082,LineaD,43,53.880858463069195
LineaD:1108,LineaB:1083,LineaD,16,20.644942943228564
LineaD:1108,LineaB:1084,LineaD,18,22.878829212486263
LineaD:1108,LineaB:1085,LineaD,44,56.41162989687657
LineaD:1108,LineaB:1086,LineaD,30,38.22582567136969
LineaD:1108,LineaB:1088,LineaD,57,70.90756977986834
LineaD:1108,LineaB:1089,LineaD,63,78.91424936968762
LineaD:1108,LineaB:1090,LineaD,56,69.91698343753775
LineaD:1108,LineaB:1092,LineaD,48,60.110168084335875
LineaD:1108,LineaC:1094,LineaD,971,1237.1515632763092
LineaD:1108,LineaC:1095,LineaD,39,49.05392235191416
LineaD:1108,LineaC:1097,LineaD,56,69.90313175236439
LineaD:1108,LineaC:1098,LineaD,67,85.06611617242397
LineaD:1108,LineaC:1100,LineaD,51,64.64364908939609
LineaD:1108,LineaC:1101,LineaD,76,95.97367977175603
LineaD:1108,LineaD:1103,LineaD,512,648.7904352375261
LineaD:1108,LineaD:1104,LineaD,473,598.2801336467854
LineaD:1108,LineaD:1105,LineaD,291,366.58162835280126
LineaD:1108,LineaD:1106,LineaD,202,255.01800217194452
LineaD:1108,LineaD:1107,LineaD,138,173.62487765517312
LineaD:1108,LineaD:1110,LineaD,201,254.7565983855454
LineaD:1108,LineaD:1111,LineaD,436,550.9055023081683
LineaD:1108,LineaD:1112,LineaD,269,340.8385443016307
LineaD:1108,LineaD:1114,LineaD,622,778.8414869438644
LineaD:1108,LineaD:1115,LineaD,449,563.6453322341922
LineaD:1108,LineaD:1116,LineaD,360,451.8297767826599
LineaD:1108,LineaD:1117,LineaD,245,309.406991605265
LineaD:1108,LineaE:1119,LineaD,550,685.0127911559359
LineaD:1108,LineaE:1120,LineaD,21,26.590671959252266
LineaD:1108,LineaE:1121,LineaD,131,164.78246243037313
LineaD:1108,LineaE:1122,LineaD,39,49.43182946975199
LineaD:1108,LineaE:1123,LineaD,17,21.667080751277183
LineaD:1108,LineaE:1124,LineaD,13,16.633247443678705
LineaD:1108,LineaE:1126,LineaD,25,31.599959470205135
LineaD:1108,LineaE:1127,LineaD,41,52.507500361160496
LineaD:1108,LineaE:1128,LineaD,43,55.13589372556011
LineaD:1108,LineaE:1129,LineaD,33,42.16838297958578
LineaD:1108,LineaE:1130,LineaD,32,41.63926166081023
LineaD:1108,LineaE:1131,LineaD,23,29.36723222744907
LineaD:1108,LineaE:1132,LineaD,34,43.81595882597337
LineaD:1108,LineaE:1133,LineaD,32,40.91011621431679
LineaD:1108,LineaE:1164,LineaD,113,142.2289405057722
LineaD:1108,LineaE:1165,LineaD,60,75.7319512621351
LineaD:1108,LineaE:1166,LineaD,105,131.5209172861574
LineaD:1108,LineaH:1134,LineaD,186,236.64241888163602
LineaD:1108,LineaH:1135,LineaD,130,165.30113698763031
LineaD:1108,LineaH:1136,LineaD,116,149.69231336210262
LineaD:1108,LineaH:1137,LineaD,61,78.47061471997652
LineaD:1108,LineaH:1138,LineaD,57,73.66060707582315
LineaD:1108,LineaH:1139,LineaD,63,80.67643776678673
LineaD:1108,LineaH:1140,LineaD,242,306.182629073493
LineaD:1108,LineaH:1141,LineaD,68,85.59595455786703
LineaD:1108,LineaH:1160,LineaD,129,162.05970082314514
LineaD:1108,LineaH:1161,LineaD,381,479.4848535173443
LineaD:1108,LineaH:1162,LineaD,106,134.49065661976482
LineaD:1108,LineaH:1163,LineaD,37,46.76440045913137
LineaD:1109,LineaA:1059,LineaD,61,77.25296279799684
LineaD:1109,LineaA:1060,LineaD,56,70.45850260275104
LineaD:1109,LineaA:1061,LineaD,40,50.297006099283834
LineaD:1109,LineaA:1062,LineaD,21,26.702607772507996
LineaD:1109,LineaA:1063,LineaD,37,47.318113748914605
LineaD:1109,LineaA:1064,LineaD,35,44.19033480974691
LineaD:1109,LineaA:1065,LineaD,34,43.45676008902791
LineaD:1109,LineaA:1066,LineaD,20,25.212937362459236
LineaD:1109,LineaA:1067,LineaD,46,57.956944056473375
LineaD:1109,LineaA:1069,LineaD,9,11.454274024413834
LineaD:1109,LineaA:1070,LineaD,22,28.212963050706634
LineaD:1109,LineaA:1071,LineaD,58,72.99914075939502
LineaD:1109,LineaA:1072,LineaD,29,36.29197651478177
LineaD:1109,LineaA:1074,LineaD,8,9.886160832882661
LineaD:1109,LineaA:1076,LineaD,95,119.53350691304449
LineaD:1109,LineaB:1077,LineaD,27,34.30545586193315
LineaD:1109,LineaB:1078,LineaD,11,14.01732252969639
LineaD:1109,LineaB:1079,LineaD,2,2.505265956060014
LineaD:1109,LineaB:1080,LineaD,3,3.7719188212508423
LineaD:1109,LineaB:1081,LineaD,27,34.28137285443317
LineaD:1109,LineaB:1082,LineaD,7,9.07350608782956
LineaD:1109,LineaB:1083,LineaD,25,31.857823219027004
LineaD:1109,LineaB:1084,LineaD,20,25.55022922707751
LineaD:1109,LineaB:1085,LineaD,33,42.1743752968866
LineaD:1109,LineaB:1086,LineaD,39,49.21847428274685
LineaD:1109,LineaB:1088,LineaD,24,30.09994012929719
LineaD:1109,LineaB:1089,LineaD,53,66.12904402544528
LineaD:1109,LineaB:1090,LineaD,44,55.14397099073257
LineaD:1109,LineaB:1092,LineaD,45,56.09492166997163
LineaD:1109,LineaC:1094,LineaD,815,1033.0353228735642
LineaD:1109,LineaC:1095,LineaD,50,62.926836262990435
LineaD:1109,LineaC:1097,LineaD,39,48.69327917385684
LineaD:1109,LineaC:1098,LineaD,57,71.73979422131396
LineaD:1109,LineaC:1100,LineaD,40,50.47231641713106
LineaD:1109,LineaC:1101,LineaD,75,94.7775884717362
LineaD:1109,LineaD:1103,LineaD,335,425.29441586516697
LineaD:1109,LineaD:1104,LineaD,332,421.6614450930424
LineaD:1109,LineaD:1105,LineaD,180,228.80321803563075
LineaD:1109,LineaD:1106,LineaD,115,145.12201152560147
LineaD:1109,LineaD:1107,LineaD,220,277.348625663239
LineaD:1109,LineaD:1110,LineaD,46,58.250327911742154
LineaD:1109,LineaD:1111,LineaD,209,264.3091063786971
LineaD:1109,LineaD:1112,LineaD,148,188.53602451380388
LineaD:1109,LineaD:1114,LineaD,368,462.1597372233224
LineaD:1109,LineaD:1115,LineaD,324,405.76544110660564
LineaD:1109,LineaD:1116,LineaD,305,382.5852287778954
LineaD:1109,LineaD:1117,LineaD,237,298.3587600255565
LineaD:1109,LineaE:1119,LineaD,574,713.7720944321748
LineaD:1109,LineaE:1120,LineaD,31,38.96288659780097
LineaD:1109,LineaE:1121,LineaD,104,130.17989282230474
LineaD:1109,LineaE:1122,LineaD,29,36.55396008359156
LineaD:1109,LineaE:1123,LineaD,21,26.595369703598344
LineaD:1109,LineaE:1124,LineaD,8,10.366528031364314
LineaD:1109,LineaE:1126,LineaD,16,20.188142777958507
LineaD:1109,LineaE:1127,LineaD,29,36.87721849690396
LineaD:1109,LineaE:1128,LineaD,19,24.342576832271586
LineaD:1109,LineaE:1129,LineaD,29,36.92716377603515
LineaD:1109,LineaE:1130,LineaD,25,31.85608378106109
LineaD:1109,LineaE:1131,LineaD,14,17.52740935306093
LineaD:1109,LineaE:1132,LineaD,38,47.89892760851781
LineaD:1109,LineaE:1133,LineaD,31,39.20975863904418
LineaD:1109,LineaE:1164,LineaD,120,151.85870310342764
LineaD:1109,LineaE:1165,LineaD,72,90.06950527384785
LineaD:1109,LineaE:1166,LineaD,122,152.98641105669174
LineaD:1109,LineaH:1134,LineaD,140,176.79097043105827
LineaD:1109,LineaH:1135,LineaD,117,148.01373000942561
LineaD:1109,LineaH:1136,LineaD,93,118.24399600695976
LineaD:1109,LineaH:1137,LineaD,51,64.45868326330246
LineaD:1109,LineaH:1138,LineaD,48,61.26775051464039
LineaD:1109,LineaH:1139,LineaD,60,76.48074851772392
LineaD:1109,LineaH:1140,LineaD,247,311.19923160217115
LineaD:1109,LineaH:1141,LineaD,70,88.14699723631496
LineaD:1109,LineaH:1160,LineaD,78,98.80770323993444
LineaD:1109,LineaH:1161,LineaD,229,290.2558486801974
LineaD:1109,LineaH:1162,LineaD,55,69.92358990234476
LineaD:1109,LineaH:1163,LineaD,34,42.77735691013751
LineaD:1110,LineaA:1059,LineaD,37,46.96901090825947
LineaD:1110,LineaA:1060,LineaD,57,72.01590792148362
LineaD:1110,LineaA:1061,LineaD,21,26.736446614381425
LineaD:1110,LineaA:1062,LineaD,16,20.661636097198315
LineaD:1110,LineaA:1063,LineaD,23,29.294149072972846
LineaD:1110,LineaA:1064,LineaD,26,32.94826020395798
LineaD:1110,LineaA:1065,LineaD,18,22.867197958593405
LineaD:1110,LineaA:1066,LineaD,18,22.708715889256638
LineaD:1110,LineaA:1067,LineaD,19,24.35045833796808
LineaD:1110,LineaA:1069,LineaD,11,13.717263089395864
LineaD:1110,LineaA:1070,LineaD,8,10.048582905619694
LineaD:1110,LineaA:1071,LineaD,41,52.05132508378977
LineaD:1110,LineaA:1072,LineaD,20,25.142864034321796
LineaD:1110,LineaA:1074,LineaD,29,36.14144476936137
LineaD:1110,LineaA:1076,LineaD,84,105.42692616119466
LineaD:1110,LineaB:1077,LineaD,16,20.113937114688948
LineaD:1110,LineaB:1078,LineaD,11,14.350757516848246
LineaD:1110,LineaB:1079,LineaD,7,8.839789296576942
LineaD:1110,LineaB:1080,LineaD,5,6.615122276796946
LineaD:1110,LineaB:1081,LineaD,15,19.14027174003988
LineaD:1110,LineaB:1082,LineaD,10,12.672713723435937
LineaD:1110,LineaB:1083,LineaD,23,29.168539773901365
LineaD:1110,LineaB:1084,LineaD,20,25.22656946601046
LineaD:1110,LineaB:1085,LineaD,19,24.257287520621365
LineaD:1110,LineaB:1086,LineaD,24,31.21468590676674
LineaD:1110,LineaB:1088,LineaD,19,23.908012590436527
LineaD:1110,LineaB:1089,LineaD,45,56.61486263101263
LineaD:1110,LineaB:1090,LineaD,39,49.081252310466255
LineaD:1110,LineaB:1092,LineaD,37,45.77036956389611
LineaD:1110,LineaC:1094,LineaD,534,676.6152301874206
LineaD:1110,LineaC:1095,LineaD,32,39.724423038464025
LineaD:1110,LineaC:1097,LineaD,46,57.08981014467796
LineaD:1110,LineaC:1098,LineaD,33,41.31293015353599
LineaD:1110,LineaC:1100,LineaD,34,43.179188135461565
LineaD:1110,LineaC:1101,LineaD,53,67.27528887438359
LineaD:1110,LineaD:1103,LineaD,367,466.85857943526884
LineaD:1110,LineaD:1104,LineaD,333,423.1080470554803
LineaD:1110,LineaD:1105,LineaD,203,258.38592786215736
LineaD:1110,LineaD:1106,LineaD,191,242.01369395145431
LineaD:1110,LineaD:1107,LineaD,223,281.75563192618574
LineaD:1110,LineaD:1108,LineaD,185,234.66776960580762
LineaD:1110,LineaD:1109,LineaD,51,64.46197357795626
LineaD:1110,LineaD:1111,LineaD,44,56.27773526621803
LineaD:1110,LineaD:1112,LineaD,65,83.22836966730475
LineaD:1110,LineaD:1114,LineaD,259,324.0700881370176
LineaD:1110,LineaD:1115,LineaD,243,305.0921632786356
LineaD:1110,LineaD:1116,LineaD,339,422.08493416528876
LineaD:1110,LineaD:1117,LineaD,156,194.98313791111633
LineaD:1110,LineaE:1119,LineaD,661,816.5733857555707
LineaD:1110,LineaE:1120,LineaD,28,34.89150397693858
LineaD:1110,LineaE:1121,LineaD,123,153.84442406310023
LineaD:1110,LineaE:1122,LineaD,22,27.298694842244867
LineaD:1110,LineaE:1123,LineaD,16,20.11336385184017
LineaD:1110,LineaE:1124,LineaD,7,8.883324849214056
LineaD:1110,LineaE:1126,LineaD,17,21.524007191305646
LineaD:1110,LineaE:1127,LineaD,11,14.096193712496108
LineaD:1110,LineaE:1128,LineaD,15,19.360987030261146
LineaD:1110,LineaE:1129,LineaD,18,22.86618889417046
LineaD:1110,LineaE:1130,LineaD,20,25.984913288809473
LineaD:1110,LineaE:1131,LineaD,15,19.539301022519854
LineaD:1110,LineaE:1132,LineaD,28,35.865505812916496
LineaD:1110,LineaE:1133,LineaD,23,29.302366330133857
LineaD:1110,LineaE:1164,LineaD,98,123.31849087443102
LineaD:1110,LineaE:1165,LineaD,53,66.20434545992451
LineaD:1110,LineaE:1166,LineaD,94,117.22606865852684
LineaD:1110,LineaH:1134,LineaD,126,158.739315063668
LineaD:1110,LineaH:1135,LineaD,107,134.0928123579201
LineaD:1110,LineaH:1136,LineaD,88,110.40305431240942
LineaD:1110,LineaH:1137,LineaD,41,52.303268946247506
LineaD:1110,LineaH:1138,LineaD,37,46.68743389863762
LineaD:1110,LineaH:1139,LineaD,42,53.25206831032082
LineaD:1110,LineaH:1140,LineaD,161,204.35894966666584
LineaD:1110,LineaH:1141,LineaD,39,49.04833611548627
LineaD:1110,LineaH:1160,LineaD,25,31.731047507416857
LineaD:1110,LineaH:1161,LineaD,131,166.19946679717822
LineaD:1110,LineaH:1162,LineaD,46,58.32471609397876
LineaD:1110,LineaH:1163,LineaD,29,36.67986277223039
LineaD:1111,LineaA:1059,LineaD,48,62.11208074772016
LineaD:1111,LineaA:1060,LineaD,53,67.46771227657796
LineaD:1111,LineaA:1061,LineaD,37,46.6274491540149
LineaD:1111,LineaA:1062,LineaD,36,46.044055435518665
LineaD:1111,LineaA:1063,LineaD,48,62.14544244829609
LineaD:1111,LineaA:1064,LineaD,45,57.64887028437108
LineaD:1111,LineaA:1065,LineaD,55,70.73341958796063
LineaD:1111,LineaA:1066,LineaD,12,15.824872087230938
LineaD:1111,LineaA:1067,LineaD,18,22.6284242571641
LineaD:1111,LineaA:1069,LineaD,11,14.391800867766092
LineaD:1111,LineaA:1070,LineaD,12,15.049490501851905
LineaD:1111,LineaA:1071,LineaD,56,70.48823986682605
LineaD:1111,LineaA:1072,LineaD,20,25.37559446541103
LineaD:1111,LineaA:1074,LineaD,8,9.908946800637
LineaD:1111,LineaA:1076,LineaD,93,117.27050810581129
LineaD:1111,LineaB:1077,LineaD,61,79.12809362926643
LineaD:1111,LineaB:1078,LineaD,12,15.30720575760753
LineaD:1111,LineaB:1079,LineaD,17,21.61091240132681
LineaD:1111,LineaB:1080,LineaD,10,12.411107406439026
LineaD:1111,LineaB:1081,LineaD,33,42.99096647163712
LineaD:1111,LineaB:1082,LineaD,11,13.961027191927176
LineaD:1111,LineaB:1083,LineaD,25,31.893125450667743
LineaD:1111,LineaB:1084,LineaD,16,20.35872216746913
LineaD:1111,LineaB:1085,LineaD,38,48.736822979321026
LineaD:1111,LineaB:1086,LineaD,27,34.09566725774948
LineaD:1111,LineaB:1088,LineaD,25,31.950056769813898
LineaD:1111,LineaB:1089,LineaD,44,56.03967898464854
LineaD:1111,LineaB:1090,LineaD,36,45.25314060720024
LineaD:1111,LineaB:1092,LineaD,43,54.01097655240537
LineaD:1111,LineaC:1094,LineaD,620,792.3590009744896
LineaD:1111,LineaC:1095,LineaD,55,69.46866264246589
LineaD:1111,LineaC:1097,LineaD,58,72.02065124736431
LineaD:1111,LineaC:1098,LineaD,57,71.53663825288389
LineaD:1111,LineaC:1100,LineaD,37,46.90664767034622
LineaD:1111,LineaC:1101,LineaD,55,69.42781018851849
LineaD:1111,LineaD:1103,LineaD,575,735.8162014199788
LineaD:1111,LineaD:1104,LineaD,488,620.291109329978
LineaD:1111,LineaD:1105,LineaD,314,400.4577598194597
LineaD:1111,LineaD:1106,LineaD,294,377.20257119418875
LineaD:1111,LineaD:1107,LineaD,372,473.2858308816776
LineaD:1111,LineaD:1108,LineaD,421,537.4418625527819
LineaD:1111,LineaD:1109,LineaD,189,241.8418019095029
LineaD:1111,LineaD:1110,LineaD,62,80.28200161331365
LineaD:1111,LineaD:1112,LineaD,36,46.09466472982348
LineaD:1111,LineaD:1114,LineaD,215,271.0210036327214
LineaD:1111,LineaD:1115,LineaD,274,345.9989269938462
LineaD:1111,LineaD:1116,LineaD,331,413.86059005344697
LineaD:1111,LineaD:1117,LineaD,167,211.61337212930135
LineaD:1111,LineaE:1119,LineaD,765,948.1368167564067
LineaD:1111,LineaE:1120,LineaD,38,48.71331915705144
LineaD:1111,LineaE:1121,LineaD,151,189.08574976721906
LineaD:1111,LineaE:1122,LineaD,28,35.047812169289045
LineaD:1111,LineaE:1123,LineaD,16,20.414668092663742
LineaD:1111,LineaE:1124,LineaD,9,11.76211542336628
LineaD:1111,LineaE:1126,LineaD,18,22.765286456624292
LineaD:1111,LineaE:1127,LineaD,21,26.79105874307468
LineaD:1111,LineaE:1128,LineaD,32,41.78710035774303
LineaD:1111,LineaE:1129,LineaD,37,48.36668203649018
LineaD:1111,LineaE:1130,LineaD,35,45.020051249040016
LineaD:1111,LineaE:1131,LineaD,19,24.169878486398677
LineaD:1111,LineaE:1132,LineaD,44,56.08988790209062
LineaD:1111,LineaE:1133,LineaD,40,50.96649311759771
LineaD:1111,LineaE:1164,LineaD,111,141.6311134278059
LineaD:1111,LineaE:1165,LineaD,64,81.83613838958001
LineaD:1111,LineaE:1166,LineaD,106,132.12680948971757
LineaD:1111,LineaH:1134,LineaD,122,154.97549009807497
LineaD:1111,LineaH:1135,LineaD,108,136.3300953226537
LineaD:1111,LineaH:1136,LineaD,112,140.76851157598975
LineaD:1111,LineaH:1137,LineaD,46,58.69083864603591
LineaD:1111,LineaH:1138,LineaD,56,72.60793965191772
LineaD:1111,LineaH:1139,LineaD,46,58.49871684371725
LineaD:1111,LineaH:1140,LineaD,175,222.42865426782666
LineaD:1111,LineaH:1141,LineaD,57,71.93034808428838
LineaD:1111,LineaH:1160,LineaD,45,56.803352173085536
LineaD:1111,LineaH:1161,LineaD,114,143.729165714832
LineaD:1111,LineaH:1162,LineaD,64,81.02211174965667
LineaD:1111,LineaH:1163,LineaD,40,50.0333606264618
LineaD:1112,LineaA:1059,LineaD,16,20.398429619648816
LineaD:1112,LineaA:1060,LineaD,28,35.96950328502426
LineaD:1112,LineaA:1061,LineaD,16,20.496618295989023
LineaD:1112,LineaA:1062,LineaD,12,15.736211021284806
LineaD:1112,LineaA:1063,LineaD,17,21.65350906066631
LineaD:1112,LineaA:1064,LineaD,28,35.67122387195175
LineaD:1112,LineaA:1065,LineaD,13,16.38567182816227
LineaD:1112,LineaA:1066,LineaD,12,15.26106967920201
LineaD:1112,LineaA:1067,LineaD,6,7.5236706701858225
LineaD:1112,LineaA:1069,LineaD,9,11.34694999602971
LineaD:1112,LineaA:1070,LineaD,8,9.923158783957822
LineaD:1112,LineaA:1071,LineaD,19,24.166148932187255
LineaD:1112,LineaA:1072,LineaD,14,17.86080289313377
LineaD:1112,LineaA:1074,LineaD,15,18.822427004704096
LineaD:1112,LineaA:1076,LineaD,89,111.25518718230171
LineaD:1112,LineaB:1077,LineaD,31,39.793146963574436
LineaD:1112,LineaB:1078,LineaD,10,12.72390953538651
LineaD:1112,LineaB:1079,LineaD,8,10.047097323736491
LineaD:1112,LineaB:1080,LineaD,4,5.2071306911965305
LineaD:1112,LineaB:1081,LineaD,18,23.015872672704425
LineaD:1112,LineaB:1082,LineaD,8,9.98739650627728
LineaD:1112,LineaB:1083,LineaD,7,8.971371698492206
LineaD:1112,LineaB:1084,LineaD,13,16.26625636128172
LineaD:1112,LineaB:1085,LineaD,7,9.003328313560287
LineaD:1112,LineaB:1086,LineaD,8,10.37284366628116
LineaD:1112,LineaB:1088,LineaD,10,12.815353591355674
LineaD:1112,LineaB:1089,LineaD,18,22.779430807048342
LineaD:1112,LineaB:1090,LineaD,38,47.05871901054921
LineaD:1112,LineaB:1092,LineaD,18,22.396818212544837
LineaD:1112,LineaC:1094,LineaD,447,569.0830288973041
LineaD:1112,LineaC:1095,LineaD,40,50.007129105861075
LineaD:1112,LineaC:1097,LineaD,30,37.04805940227574
LineaD:1112,LineaC:1098,LineaD,41,50.939916590818534
LineaD:1112,LineaC:1100,LineaD,21,26.373870391145914
LineaD:1112,LineaC:1101,LineaD,44,55.65767356009311
LineaD:1112,LineaD:1103,LineaD,397,503.92690002249446
LineaD:1112,LineaD:1104,LineaD,342,432.466963656779
LineaD:1112,LineaD:1105,LineaD,175,221.77103170991649
LineaD:1112,LineaD:1106,LineaD,201,254.8349834193331
LineaD:1112,LineaD:1107,LineaD,215,271.2335515870989
LineaD:1112,LineaD:1108,LineaD,343,435.4318808629703
LineaD:1112,LineaD:1109,LineaD,159,200.5708511991049
LineaD:1112,LineaD:1110,LineaD,81,103.4948672272247
LineaD:1112,LineaD:1111,LineaD,53,68.08041401275938
LineaD:1112,LineaD:1114,LineaD,143,179.10911385265408
LineaD:1112,LineaD:1115,LineaD,183,228.7621623241965
LineaD:1112,LineaD:1116,LineaD,258,323.4616092225978
LineaD:1112,LineaD:1117,LineaD,148,186.07471686286274
LineaD:1112,LineaE:1119,LineaD,545,675.0174261522598
LineaD:1112,LineaE:1120,LineaD,23,29.171509439438697
LineaD:1112,LineaE:1121,LineaD,133,165.1809354140483
LineaD:1112,LineaE:1122,LineaD,22,28.40651488817995
LineaD:1112,LineaE:1123,LineaD,7,8.905472487912435
LineaD:1112,LineaE:1124,LineaD,2,2.508343801128934
LineaD:1112,LineaE:1126,LineaD,4,5.031284102371735
LineaD:1112,LineaE:1127,LineaD,9,11.571770451501957
LineaD:1112,LineaE:1128,LineaD,13,16.954787954843983
LineaD:1112,LineaE:1129,LineaD,12,15.544069374992874
LineaD:1112,LineaE:1130,LineaD,7,8.87778871550579
LineaD:1112,LineaE:1131,LineaD,12,15.637245848688833
LineaD:1112,LineaE:1132,LineaD,14,17.674891716654592
LineaD:1112,LineaE:1133,LineaD,10,12.55224690259277
LineaD:1112,LineaE:1164,LineaD,61,76.79491961367636
LineaD:1112,LineaE:1165,LineaD,26,32.56332102035414
LineaD:1112,LineaE:1166,LineaD,69,85.7292609347214
LineaD:1112,LineaH:1134,LineaD,42,52.94808897306975
LineaD:1112,LineaH:1135,LineaD,23,29.16508276697813
LineaD:1112,LineaH:1136,LineaD,22,27.84460059781338
LineaD:1112,LineaH:1137,LineaD,17,21.591907912189004
LineaD:1112,LineaH:1138,LineaD,12,15.53286965205394
LineaD:1112,LineaH:1139,LineaD,22,27.767757023983712
LineaD:1112,LineaH:1140,LineaD,79,100.56017883774453
LineaD:1112,LineaH:1141,LineaD,13,16.69377700895848
LineaD:1112,LineaH:1160,LineaD,16,20.405595811560758
LineaD:1112,LineaH:1162,LineaD,36,46.202182254105246
LineaD:1112,LineaH:1163,LineaD,13,16.236777417729975
LineaD:1114,LineaA:1059,LineaD,61,79.1761246926767
LineaD:1114,LineaA:1060,LineaD,82,105.57683137166318
LineaD:1114,LineaA:1061,LineaD,43,55.080758472581806
LineaD:1114,LineaA:1062,LineaD,29,37.04496687341067
LineaD:1114,LineaA:1063,LineaD,35,44.941929561781365
LineaD:1114,LineaA:1064,LineaD,25,32.64918701257699
LineaD:1114,LineaA:1065,LineaD,30,39.58823578359008
LineaD:1114,LineaA:1066,LineaD,25,32.03570409094876
LineaD:1114,LineaA:1067,LineaD,19,24.795147395485472
LineaD:1114,LineaA:1069,LineaD,2,2.520902473012267
LineaD:1114,LineaA:1070,LineaD,9,11.370271078985146
LineaD:1114,LineaA:1071,LineaD,16,20.406302025128266
LineaD:1114,LineaA:1072,LineaD,28,36.03977300861152
LineaD:1114,LineaA:1074,LineaD,15,18.874694265170525
LineaD:1114,LineaA:1076,LineaD,95,119.6444036238907
LineaD:1114,LineaB:1077,LineaD,70,90.59264679721493
LineaD:1114,LineaB:1078,LineaD,22,28.79543272734663
LineaD:1114,LineaB:1079,LineaD,28,36.090559718828665
LineaD:1114,LineaB:1080,LineaD,17,21.59010936438828
LineaD:1114,LineaB:1081,LineaD,93,121.04265104137899
LineaD:1114,LineaB:1082,LineaD,36,46.29129159380039
LineaD:1114,LineaB:1083,LineaD,31,40.181261324873596
LineaD:1114,LineaB:1084,LineaD,47,60.45503222235412
LineaD:1114,LineaB:1085,LineaD,46,60.120725272423265
LineaD:1114,LineaB:1086,LineaD,20,25.50770609170625
LineaD:1114,LineaB:1088,LineaD,25,32.03308898999678
LineaD:1114,LineaB:1089,LineaD,17,22.220350807827725
LineaD:1114,LineaB:1090,LineaD,27,34.40005583997316
LineaD:1114,LineaB:1092,LineaD,34,42.6186434327796
LineaD:1114,LineaC:1094,LineaD,1805,2313.1407990392377
LineaD:1114,LineaC:1095,LineaD,75,95.45308877039562
LineaD:1114,LineaC:1097,LineaD,56,70.99384358248432
LineaD:1114,LineaC:1098,LineaD,46,57.94652136488304
LineaD:1114,LineaC:1100,LineaD,56,71.60681425842965
LineaD:1114,LineaC:1101,LineaD,42,54.050721490722204
LineaD:1114,LineaD:1103,LineaD,1287,1654.6265729327831
LineaD:1114,LineaD:1104,LineaD,1048,1342.097574691614
LineaD:1114,LineaD:1105,LineaD,488,623.1981178159579
LineaD:1114,LineaD:1106,LineaD,455,579.6159577402194
LineaD:1114,LineaD:1107,LineaD,556,709.790064160312
LineaD:1114,LineaD:1108,LineaD,799,1019.7044183963542
LineaD:1114,LineaD:1109,LineaD,666,853.9435697773176
LineaD:1114,LineaD:1110,LineaD,376,480.1725496569724
LineaD:1114,LineaD:1111,LineaD,324,415.0344537962357
LineaD:1114,LineaD:1112,LineaD,147,187.85952320773453
LineaD:1114,LineaD:1115,LineaD,51,65.31274522109749
LineaD:1114,LineaD:1116,LineaD,146,184.81336844488973
LineaD:1114,LineaD:1117,LineaD,175,222.90267340015205
LineaD:1114,LineaE:1119,LineaD,417,523.1954191012816
LineaD:1114,LineaE:1120,LineaD,37,46.60738969079962
LineaD:1114,LineaE:1121,LineaD,95,120.9375439868314
LineaD:1114,LineaE:1122,LineaD,36,46.34311748686328
LineaD:1114,LineaE:1123,LineaD,10,12.560446240915581
LineaD:1114,LineaE:1124,LineaD,5,6.246523579094577
LineaD:1114,LineaE:1126,LineaD,23,29.929185795178213
LineaD:1114,LineaE:1127,LineaD,27,34.81398137563436
LineaD:1114,LineaE:1128,LineaD,29,37.7187138815205
LineaD:1114,LineaE:1129,LineaD,13,17.03455349468947
LineaD:1114,LineaE:1130,LineaD,23,29.692982974254182
LineaD:1114,LineaE:1131,LineaD,16,20.64833465413892
LineaD:1114,LineaE:1132,LineaD,45,57.036738500142214
LineaD:1114,LineaE:1133,LineaD,30,38.85014698702539
LineaD:1114,LineaE:1164,LineaD,194,246.86898824307985
LineaD:1114,LineaE:1165,LineaD,61,77.90260206569495
LineaD:1114,LineaE:1166,LineaD,103,130.21392453203794
LineaD:1114,LineaH:1134,LineaD,74,94.561826583769
LineaD:1114,LineaH:1135,LineaD,52,67.01077411100293
LineaD:1114,LineaH:1136,LineaD,42,53.32363166888151
LineaD:1114,LineaH:1137,LineaD,32,41.419872380963994
LineaD:1114,LineaH:1138,LineaD,21,27.317048470466645
LineaD:1114,LineaH:1139,LineaD,27,34.52854937639739
LineaD:1114,LineaH:1140,LineaD,202,260.2004259525429
LineaD:1114,LineaH:1141,LineaD,19,24.20039891761052
LineaD:1114,LineaH:1160,LineaD,28,35.82286123473668
LineaD:1114,LineaH:1161,LineaD,73,93.35983632325762
LineaD:1114,LineaH:1162,LineaD,43,55.658867425206644
LineaD:1114,LineaH:1163,LineaD,19,24.01693933721387
LineaD:1115,LineaA:1059,LineaD,57,73.10814119584296
LineaD:1115,LineaA:1060,LineaD,69,88.73220101674814
LineaD:1115,LineaA:1061,LineaD,39,49.98378553648578
LineaD:1115,LineaA:1062,LineaD,42,54.22578167742017
LineaD:1115,LineaA:1063,LineaD,30,38.944683115963905
LineaD:1115,LineaA:1064,LineaD,47,60.12258142582871
LineaD:1115,LineaA:1065,LineaD,30,38.919903638818305
LineaD:1115,LineaA:1066,LineaD,31,39.68383116611394
LineaD:1115,LineaA:1067,LineaD,18,23.309193354543645
LineaD:1115,LineaA:1069,LineaD,7,8.834752336112299
LineaD:1115,LineaA:1070,LineaD,18,23.10152698338309
LineaD:1115,LineaA:1071,LineaD,30,38.043047323585995
LineaD:1115,LineaA:1072,LineaD,7,8.776535971829178
LineaD:1115,LineaA:1074,LineaD,11,13.951946008373692
LineaD:1115,LineaA:1076,LineaD,89,113.0247971033619
LineaD:1115,LineaB:1077,LineaD,49,63.10418471542664
LineaD:1115,LineaB:1078,LineaD,12,15.226522668203895
LineaD:1115,LineaB:1079,LineaD,21,26.944263044973543
LineaD:1115,LineaB:1080,LineaD,9,11.550039408753323
LineaD:1115,LineaB:1081,LineaD,44,56.3195720802253
LineaD:1115,LineaB:1082,LineaD,29,37.55300837408881
LineaD:1115,LineaB:1083,LineaD,30,37.959560149853594
LineaD:1115,LineaB:1084,LineaD,32,41.13879464953496
LineaD:1115,LineaB:1085,LineaD,24,30.875444470596378
LineaD:1115,LineaB:1086,LineaD,12,15.315223726545714
LineaD:1115,LineaB:1088,LineaD,7,8.872811768342219
LineaD:1115,LineaB:1089,LineaD,21,27.06889907438739
LineaD:1115,LineaB:1090,LineaD,12,15.235779243584581
LineaD:1115,LineaB:1092,LineaD,22,27.834908823275345
LineaD:1115,LineaC:1094,LineaD,638,815.83619736699
LineaD:1115,LineaC:1095,LineaD,27,34.68845690297726
LineaD:1115,LineaC:1097,LineaD,24,30.290900358547507
LineaD:1115,LineaC:1098,LineaD,35,44.57537865440547
LineaD:1115,LineaC:1100,LineaD,27,34.190691499369656
LineaD:1115,LineaC:1101,LineaD,27,34.43681741850144
LineaD:1115,LineaD:1103,LineaD,1098,1403.8313085023883
LineaD:1115,LineaD:1104,LineaD,904,1152.1604491177998
LineaD:1115,LineaD:1105,LineaD,434,556.0866385501113
LineaD:1115,LineaD:1106,LineaD,370,468.5928584593443
LineaD:1115,LineaD:1107,LineaD,383,489.40004149583456
LineaD:1115,LineaD:1108,LineaD,484,614.8304245479168
LineaD:1115,LineaD:1109,LineaD,437,558.8795045296529
LineaD:1115,LineaD:1110,LineaD,291,372.2978678331334
LineaD:1115,LineaD:1111,LineaD,301,383.92757745879084
LineaD:1115,LineaD:1112,LineaD,159,203.29202087211735
LineaD:1115,LineaD:1114,LineaD,24,30.40907258959675
LineaD:1115,LineaD:1116,LineaD,45,56.542749715476496
LineaD:1115,LineaD:1117,LineaD,72,91.77063291414262
LineaD:1115,LineaE:1119,LineaD,406,508.9939523666771
LineaD:1115,LineaE:1120,LineaD,28,34.869238939960354
LineaD:1115,LineaE:1121,LineaD,69,87.79228194031691
LineaD:1115,LineaE:1122,LineaD,19,24.549331733173144
LineaD:1115,LineaE:1123,LineaD,23,29.65558521084599
LineaD:1115,LineaE:1124,LineaD,4,5.261598213859216
LineaD:1115,LineaE:1126,LineaD,20,26.21507341238022
LineaD:1115,LineaE:1127,LineaD,40,50.91223513051274
LineaD:1115,LineaE:1128,LineaD,39,50.052575314109205
LineaD:1115,LineaE:1129,LineaD,44,56.36910219878997
LineaD:1115,LineaE:1130,LineaD,44,56.692279727494856
LineaD:1115,LineaE:1131,LineaD,16,20.48892385631822
LineaD:1115,LineaE:1132,LineaD,33,42.37399523702149
LineaD:1115,LineaE:1133,LineaD,34,43.22074924479012
LineaD:1115,LineaE:1164,LineaD,113,143.61919418069763
LineaD:1115,LineaE:1165,LineaD,29,36.90409756647796
LineaD:1115,LineaE:1166,LineaD,56,71.23627060321745
LineaD:1115,LineaH:1134,LineaD,66,84.2366342246267
LineaD:1115,LineaH:1135,LineaD,45,57.02451903343577
LineaD:1115,LineaH:1136,LineaD,47,60.51562389418998
LineaD:1115,LineaH:1137,LineaD,43,54.90871034336132
LineaD:1115,LineaH:1138,LineaD,44,56.25395846835064
LineaD:1115,LineaH:1139,LineaD,22,28.64848329428542
LineaD:1115,LineaH:1140,LineaD,146,186.93186469238253
LineaD:1115,LineaH:1141,LineaD,15,18.942983434800123
LineaD:1115,LineaH:1160,LineaD,22,28.24932838585523
LineaD:1115,LineaH:1161,LineaD,115,146.35398789280052
LineaD:1115,LineaH:1162,LineaD,48,61.58215829043564
LineaD:1115,LineaH:1163,LineaD,13,16.683756413848062
LineaD:1116,LineaA:1059,LineaD,69,87.27375628948322
LineaD:1116,LineaA:1060,LineaD,95,120.69547163494398
LineaD:1116,LineaA:1061,LineaD,53,66.97504370963146
LineaD:1116,LineaA:1062,LineaD,42,53.466482272821395
LineaD:1116,LineaA:1063,LineaD,69,87.3376532209991
LineaD:1116,LineaA:1064,LineaD,42,53.266881693045526
LineaD:1116,LineaA:1065,LineaD,46,58.26680078390594
LineaD:1116,LineaA:1066,LineaD,32,40.80265241971857
LineaD:1116,LineaA:1067,LineaD,16,20.10972689677328
LineaD:1116,LineaA:1069,LineaD,3,3.751947002949512
LineaD:1116,LineaA:1070,LineaD,8,10.019367189525406
LineaD:1116,LineaA:1071,LineaD,17,21.573226434890877
LineaD:1116,LineaA:1072,LineaD,5,6.241417570020326
LineaD:1116,LineaA:1074,LineaD,6,7.511859505222407
LineaD:1116,LineaA:1076,LineaD,47,58.7615794571242
LineaD:1116,LineaB:1077,LineaD,37,47.15360260763631
LineaD:1116,LineaB:1078,LineaD,12,15.273560891315126
LineaD:1116,LineaB:1079,LineaD,11,14.031886128847983
LineaD:1116,LineaB:1080,LineaD,15,18.96255428923059
LineaD:1116,LineaB:1081,LineaD,38,47.78236786678228
LineaD:1116,LineaB:1082,LineaD,27,34.066847414963725
LineaD:1116,LineaB:1083,LineaD,19,24.540519538229017
LineaD:1116,LineaB:1084,LineaD,24,30.70420604668035
LineaD:1116,LineaB:1085,LineaD,25,31.632180417927668
LineaD:1116,LineaB:1086,LineaD,12,15.179779902837746
LineaD:1116,LineaB:1088,LineaD,11,13.796255634068828
LineaD:1116,LineaB:1089,LineaD,10,12.825371099067715
LineaD:1116,LineaB:1092,LineaD,22,27.701777296852935
LineaD:1116,LineaC:1094,LineaD,251,318.8682718638307
LineaD:1116,LineaC:1095,LineaD,14,17.80822386556399
LineaD:1116,LineaC:1097,LineaD,9,11.394392025170962
LineaD:1116,LineaC:1098,LineaD,11,13.683524939186023
LineaD:1116,LineaC:1100,LineaD,5,6.285977276708736
LineaD:1116,LineaC:1101,LineaD,14,17.704626288615678
LineaD:1116,LineaD:1103,LineaD,907,1152.6793897497412
LineaD:1116,LineaD:1104,LineaD,740,940.4476591333382
LineaD:1116,LineaD:1105,LineaD,375,476.3420185306124
LineaD:1116,LineaD:1106,LineaD,367,465.19422559769754
LineaD:1116,LineaD:1107,LineaD,292,371.79915073174806
LineaD:1116,LineaD:1108,LineaD,415,524.7436059910326
LineaD:1116,LineaD:1109,LineaD,414,525.3014259349517
LineaD:1116,LineaD:1110,LineaD,398,503.9274477508752
LineaD:1116,LineaD:1111,LineaD,399,504.8088358941206
LineaD:1116,LineaD:1112,LineaD,253,322.06799087875504
LineaD:1116,LineaD:1114,LineaD,119,150.14135026172556
LineaD:1116,LineaD:1115,LineaD,65,81.69982458730314
LineaD:1116,LineaD:1117,LineaD,2,2.5112727621355497
LineaD:1116,LineaE:1119,LineaD,238,297.81768002099943
LineaD:1116,LineaE:1120,LineaD,14,17.64892462106087
LineaD:1116,LineaE:1121,LineaD,24,30.639130122988227
LineaD:1116,LineaE:1122,LineaD,8,10.13477440986506
LineaD:1116,LineaE:1123,LineaD,3,3.910270152147119
LineaD:1116,LineaE:1124,LineaD,10,12.782515406938769
LineaD:1116,LineaE:1126,LineaD,18,22.881125943784337
LineaD:1116,LineaE:1127,LineaD,34,43.87450695998293
LineaD:1116,LineaE:1128,LineaD,41,51.921945629574815
LineaD:1116,LineaE:1129,LineaD,29,36.82068703463065
LineaD:1116,LineaE:1130,LineaD,52,66.26122058551331
LineaD:1116,LineaE:1131,LineaD,27,34.245598479490454
LineaD:1116,LineaE:1132,LineaD,30,37.878520530497404
LineaD:1116,LineaE:1133,LineaD,38,48.07092516556201
LineaD:1116,LineaE:1164,LineaD,97,122.41421992423251
LineaD:1116,LineaE:1165,LineaD,5,6.4359055955024225
LineaD:1116,LineaE:1166,LineaD,25,31.345592917562115
LineaD:1116,LineaH:1134,LineaD,49,61.75974779158844
LineaD:1116,LineaH:1135,LineaD,21,26.302009035237095
LineaD:1116,LineaH:1136,LineaD,35,44.28821052929441
LineaD:1116,LineaH:1137,LineaD,17,21.310562421420297
LineaD:1116,LineaH:1138,LineaD,22,28.107436232069475
LineaD:1116,LineaH:1139,LineaD,27,34.42336335819046
LineaD:1116,LineaH:1140,LineaD,101,127.64855799159827
LineaD:1116,LineaH:1141,LineaD,17,21.408380064053254
LineaD:1116,LineaH:1160,LineaD,48,61.31089993696024
LineaD:1116,LineaH:1161,LineaD,263,333.23697069611165
LineaD:1116,LineaH:1162,LineaD,69,86.78718206945716
LineaD:1116,LineaH:1163,LineaD,38,47.73974750638439
LineaD:1117,LineaA:1059,LineaB,34,44.88675559452874
LineaD:1117,LineaA:1060,LineaB,47,60.35886457897707
LineaD:1117,LineaA:1061,LineaB,20,26.29789451292084
LineaD:1117,LineaA:1062,LineaB,23,29.688875348555207
LineaD:1117,LineaA:1063,LineaB,29,37.06137568686506
LineaD:1117,LineaA:1064,LineaB,38,48.6017101736208
LineaD:1117,LineaA:1065,LineaB,37,47.5255566166589
LineaD:1117,LineaA:1066,LineaB,60,77.01623192762861
LineaD:1117,LineaA:1067,LineaB,38,49.393149490489755
LineaD:1117,LineaA:1069,LineaB,13,16.86854409465952
LineaD:1117,LineaA:1070,LineaB,21,27.04581896506046
LineaD:1117,LineaA:1071,LineaB,33,41.46791131971774
LineaD:1117,LineaA:1072,LineaB,8,10.220664025611317
LineaD:1117,LineaA:1074,LineaB,6,8.110808782657132
LineaD:1117,LineaA:1076,LineaB,24,30.854395385046686
LineaD:1117,LineaB:1077,LineaB,918,1177.3383606600028
LineaD:1117,LineaB:1078,LineaB,250,317.50505014873016
LineaD:1117,LineaB:1079,LineaB,290,370.93283553880025
LineaD:1117,LineaB:1080,LineaB,181,229.42080668819983
LineaD:1117,LineaB:1081,LineaB,1086,1387.034779463126
LineaD:1117,LineaB:1082,LineaB,358,458.39290636589857
LineaD:1117,LineaB:1083,LineaB,415,530.0536936747426
LineaD:1117,LineaB:1084,LineaB,627,799.1985092501906
LineaD:1117,LineaB:1085,LineaB,377,480.7611355602874
LineaD:1117,LineaB:1086,LineaB,274,347.3349801777413
LineaD:1117,LineaB:1088,LineaB,116,147.3189736464546
LineaD:1117,LineaB:1089,LineaB,102,128.851822787091
LineaD:1117,LineaB:1092,LineaB,14,17.890440442180754
LineaD:1117,LineaC:1094,LineaB,546,701.38449395727
LineaD:1117,LineaC:1095,LineaB,40,51.25352812410465
LineaD:1117,LineaC:1097,LineaB,17,21.81917982573101
LineaD:1117,LineaC:1098,LineaB,29,37.6388627344293
LineaD:1117,LineaC:1100,LineaB,20,25.518062219511634
LineaD:1117,LineaC:1101,LineaB,26,33.102252413281626
LineaD:1117,LineaD:1103,LineaB,323,415.0577075345026
LineaD:1117,LineaD:1104,LineaB,301,386.5310585707241
LineaD:1117,LineaD:1105,LineaB,166,212.1946390329018
LineaD:1117,LineaD:1106,LineaB,152,193.57089197458416
LineaD:1117,LineaD:1107,LineaB,110,142.04868538261917
LineaD:1117,LineaD:1108,LineaB,234,299.1535214227174
LineaD:1117,LineaD:1109,LineaB,279,356.18767089013517
LineaD:1117,LineaD:1110,LineaB,163,209.0281243870819
LineaD:1117,LineaD:1111,LineaB,168,216.1828890227583
LineaD:1117,LineaD:1112,LineaB,101,129.7358719348449
LineaD:1117,LineaD:1114,LineaB,127,160.68947007970468
LineaD:1117,LineaD:1115,LineaB,81,102.76537891045392
LineaD:1117,LineaE:1119,LineaB,39,49.433693488777394
LineaD:1117,LineaE:1120,LineaB,12,15.213305810575886
LineaD:1117,LineaE:1121,LineaB,40,50.94601543132575
LineaD:1117,LineaE:1122,LineaB,13,16.553218562715386
LineaD:1117,LineaE:1123,LineaB,18,23.180498645380094
LineaD:1117,LineaE:1124,LineaB,13,16.698939002909068
LineaD:1117,LineaE:1126,LineaB,30,38.79849191892965
LineaD:1117,LineaE:1127,LineaB,22,28.08372807488368
LineaD:1117,LineaE:1128,LineaB,23,29.04928027634095
LineaD:1117,LineaE:1129,LineaB,17,21.862656326620126
LineaD:1117,LineaE:1130,LineaB,26,33.30171792501355
LineaD:1117,LineaE:1131,LineaB,8,10.350606799081516
LineaD:1117,LineaE:1132,LineaB,23,29.399823301468885
LineaD:1117,LineaE:1133,LineaB,36,45.41238978111828
LineaD:1117,LineaE:1164,LineaB,224,286.07669819233354
LineaD:1117,LineaE:1165,LineaB,42,54.54332028366117
LineaD:1117,LineaE:1166,LineaB,99,125.52342859331455
LineaD:1117,LineaH:1134,LineaB,76,96.98322836712953
LineaD:1117,LineaH:1135,LineaB,43,56.05843363428509
LineaD:1117,LineaH:1136,LineaB,40,51.56021411764923
LineaD:1117,LineaH:1137,LineaB,48,62.097669868671716
LineaD:1117,LineaH:1138,LineaB,28,36.98562147024297
LineaD:1117,LineaH:1139,LineaB,29,37.988822468764795
LineaD:1117,LineaH:1140,LineaB,378,479.6817600213978
LineaD:1117,LineaH:1141,LineaB,205,260.6564638780544
LineaD:1117,LineaH:1160,LineaB,68,86.64221958074958
LineaD:1117,LineaH:1161,LineaB,144,183.64486433499752
LineaD:1117,LineaH:1162,LineaB,61,77.85962704767023
LineaD:1117,LineaH:1163,LineaB,19,24.114718364970983
LineaE:1119,LineaA:1059,LineaA,531,674.5511048522211
LineaE:1119,LineaA:1059,LineaD,44,56.2626279788124
LineaE:1119,LineaA:1059,LineaE,57,73.11146211677686
LineaE:1119,LineaA:1060,LineaA,611,776.2901594443689
LineaE:1119,LineaA:1060,LineaD,53,66.74590911789758
LineaE:1119,LineaA:1060,LineaE,71,90.64232981015131
LineaE:1119,LineaA:1061,LineaA,466,592.8293298041538
LineaE:1119,LineaA:1061,LineaD,23,29.237235896931715
LineaE:1119,LineaA:1061,LineaE,61,78.05045270976845
LineaE:1119,LineaA:1062,LineaA,313,397.6706573443269
LineaE:1119,LineaA:1062,LineaD,24,30.902072422799428
LineaE:1119,LineaA:1062,LineaE,34,43.05824338908802
LineaE:1119,LineaA:1063,LineaA,471,598.2032708264967
LineaE:1119,LineaA:1063,LineaD,24,31.0379652173265
LineaE:1119,LineaA:1063,LineaE,46,58.762384324676894
LineaE:1119,LineaA:1064,LineaA,535,679.5233662104364
LineaE:1119,LineaA:1064,LineaD,38,48.876262162290196
LineaE:1119,LineaA:1064,LineaE,80,101.89099474997822
LineaE:1119,LineaA:1065,LineaA,344,437.8604675949022
LineaE:1119,LineaA:1065,LineaD,27,34.98607740165464
LineaE:1119,LineaA:1065,LineaE,51,65.19675935893558
LineaE:1119,LineaA:1066,LineaA,243,309.1244204128519
LineaE:1119,LineaA:1066,LineaD,15,18.97303688738312
LineaE:1119,LineaA:1066,LineaE,60,77.23668000877305
LineaE:1119,LineaA:1067,LineaA,167,212.01519914367398
LineaE:1119,LineaA:1067,LineaD,15,19.0134384013778
LineaE:1119,LineaA:1067,LineaE,20,25.518405120161376
LineaE:1119,LineaA:1069,LineaA,31,39.281692276519166
LineaE:1119,LineaA:1069,LineaD,8,10.114924698109158
LineaE:1119,LineaA:1069,LineaE,10,13.030173429908185
LineaE:1119,LineaA:1070,LineaA,104,131.59366346831413
LineaE:1119,LineaA:1070,LineaD,11,13.893286516887649
LineaE:1119,LineaA:1070,LineaE,27,34.465244278726836
LineaE:1119,LineaA:1071,LineaA,153,192.99556123363126
LineaE:1119,LineaA:1071,LineaD,32,40.5756344845262
LineaE:1119,LineaA:1071,LineaE,31,39.199012536885064
LineaE:1119,LineaA:1072,LineaA,69,86.7118663156228
LineaE:1119,LineaA:1072,LineaD,18,22.78193970622813
LineaE:1119,LineaA:1072,LineaE,11,14.202514528852053
LineaE:1119,LineaA:1074,LineaD,6,7.569458447756933
LineaE:1119,LineaA:1076,LineaA,7,8.894030636106407
LineaE:1119,LineaA:1076,LineaD,37,46.76789647349841
LineaE:1119,LineaA:1076,LineaE,12,15.52824452535018
LineaE:1119,LineaB:1077,LineaA,6,7.63979730274316
LineaE:1119,LineaB:1077,LineaD,123,156.03920944692638
LineaE:1119,LineaB:1077,LineaE,174,220.23209632413702
LineaE:1119,LineaB:1078,LineaA,2,2.681099444601896
LineaE:1119,LineaB:1078,LineaD,41,51.99157207943851
LineaE:1119,LineaB:1078,LineaE,43,55.09988881046202
LineaE:1119,LineaB:1079,LineaA,3,3.866372612711132
LineaE:1119,LineaB:1079,LineaD,38,48.327510430384095
LineaE:1119,LineaB:1079,LineaE,47,59.28022979440415
LineaE:1119,LineaB:1080,LineaA,4,5.149397458586803
LineaE:1119,LineaB:1080,LineaD,26,32.815500625946534
LineaE:1119,LineaB:1080,LineaE,23,29.551688182269775
LineaE:1119,LineaB:1081,LineaA,8,10.582248044215397
LineaE:1119,LineaB:1081,LineaD,157,199.1562361502766
LineaE:1119,LineaB:1081,LineaE,173,219.54007242552782
LineaE:1119,LineaB:1082,LineaA,6,7.635583563997187
LineaE:1119,LineaB:1082,LineaD,71,90.63826539705933
LineaE:1119,LineaB:1082,LineaE,58,74.49548268535942
LineaE:1119,LineaB:1083,LineaA,34,43.55573056252025
LineaE:1119,LineaB:1083,LineaD,89,113.2900764242167
LineaE:1119,LineaB:1083,LineaE,60,76.27043657803657
LineaE:1119,LineaB:1084,LineaA,27,34.59553981450084
LineaE:1119,LineaB:1084,LineaD,76,96.01968555045093
LineaE:1119,LineaB:1084,LineaE,104,132.75855420281061
LineaE:1119,LineaB:1085,LineaA,36,45.553289049467054
LineaE:1119,LineaB:1085,LineaD,92,116.89461454494646
LineaE:1119,LineaB:1085,LineaE,54,68.53515384573923
LineaE:1119,LineaB:1086,LineaA,20,25.4092080926
LineaE:1119,LineaB:1086,LineaD,46,58.20085693035238
LineaE:1119,LineaB:1086,LineaE,40,51.11354522567204
LineaE:1119,LineaB:1088,LineaA,24,30.71351516914346
LineaE:1119,LineaB:1088,LineaD,38,48.09649435597542
LineaE:1119,LineaB:1088,LineaE,19,23.865665306804413
LineaE:1119,LineaB:1089,LineaA,22,27.802036578644614
LineaE:1119,LineaB:1089,LineaD,40,50.35232863539871
LineaE:1119,LineaB:1089,LineaE,18,22.648647907765927
LineaE:1119,LineaB:1090,LineaA,8,10.227715303608178
LineaE:1119,LineaB:1090,LineaD,49,61.769402160159444
LineaE:1119,LineaB:1090,LineaE,12,14.988866332801148
LineaE:1119,LineaB:1092,LineaA,3,3.7283549130743934
LineaE:1119,LineaB:1092,LineaE,6,7.687387129636241
LineaE:1119,LineaC:1094,LineaA,86,109.40047980024373
LineaE:1119,LineaC:1094,LineaD,235,297.4010493999321
LineaE:1119,LineaC:1094,LineaE,395,499.8895994982166
LineaE:1119,LineaC:1095,LineaA,7,9.007830268862838
LineaE:1119,LineaC:1095,LineaD,17,21.401991487213916
LineaE:1119,LineaC:1095,LineaE,16,20.72844611005376
LineaE:1119,LineaC:1097,LineaA,2,2.597565542086034
LineaE:1119,LineaC:1097,LineaD,5,6.219443063574423
LineaE:1119,LineaC:1097,LineaE,9,11.421676832902865
LineaE:1119,LineaC:1098,LineaA,20,25.494940514599865
LineaE:1119,LineaC:1098,LineaD,17,21.69432900086528
LineaE:1119,LineaC:1098,LineaE,8,10.036392337067007
LineaE:1119,LineaC:1100,LineaA,3,3.7579538090250484
LineaE:1119,LineaC:1100,LineaE,7,8.867291565837412
LineaE:1119,LineaC:1101,LineaA,2,2.516993986295782
LineaE:1119,LineaC:1101,LineaD,33,41.7231992236218
LineaE:1119,LineaC:1101,LineaE,12,15.061652986131222
LineaE:1119,LineaD:1103,LineaA,25,32.00305667206233
LineaE:1119,LineaD:1103,LineaD,2029,2574.467654921008
LineaE:1119,LineaD:1103,LineaE,165,209.3225009855767
LineaE:1119,LineaD:1104,LineaA,19,23.8862425384198
LineaE:1119,LineaD:1104,LineaD,1378,1748.0301537563305
LineaE:1119,LineaD:1104,LineaE,101,128.1733488513484
LineaE:1119,LineaD:1105,LineaA,10,12.805960909511064
LineaE:1119,LineaD:1105,LineaD,851,1077.9750699553979
LineaE:1119,LineaD:1105,LineaE,65,81.94962005283269
LineaE:1119,LineaD:1106,LineaA,14,17.859794971872894
LineaE:1119,LineaD:1106,LineaD,787,998.1828065996956
LineaE:1119,LineaD:1106,LineaE,69,87.62379501743608
LineaE:1119,LineaD:1107,LineaA,18,23.179582514291933
LineaE:1119,LineaD:1107,LineaD,645,816.0301941627896
LineaE:1119,LineaD:1107,LineaE,73,92.12217987800189
LineaE:1119,LineaD:1108,LineaA,19,23.933078606706562
LineaE:1119,LineaD:1108,LineaD,776,981.6619946917366
LineaE:1119,LineaD:1108,LineaE,78,98.58104971460429
LineaE:1119,LineaD:1109,LineaA,11,13.835980264497824
LineaE:1119,LineaD:1109,LineaD,890,1124.874830491345
LineaE:1119,LineaD:1109,LineaE,123,156.1507464404747
LineaE:1119,LineaD:1110,LineaA,21,26.32263907973222
LineaE:1119,LineaD:1110,LineaD,831,1052.545444432222
LineaE:1119,LineaD:1110,LineaE,85,107.63871691835394
LineaE:1119,LineaD:1111,LineaA,21,26.880775282559323
LineaE:1119,LineaD:1111,LineaD,888,1126.2226802300402
LineaE:1119,LineaD:1111,LineaE,98,123.27547228086469
LineaE:1119,LineaD:1112,LineaA,8,10.16393822073766
LineaE:1119,LineaD:1112,LineaD,543,689.3009362608393
LineaE:1119,LineaD:1112,LineaE,54,68.60507488729344
LineaE:1119,LineaD:1114,LineaA,15,19.078800754032205
LineaE:1119,LineaD:1114,LineaD,459,576.8720877393836
LineaE:1119,LineaD:1114,LineaE,58,72.53482009323264
LineaE:1119,LineaD:1115,LineaA,18,22.471948770265747
LineaE:1119,LineaD:1115,LineaD,485,611.8042989197747
LineaE:1119,LineaD:1115,LineaE,72,90.8640081065577
LineaE:1119,LineaD:1116,LineaA,13,16.484060159095822
LineaE:1119,LineaD:1116,LineaD,221,277.84754469871666
LineaE:1119,LineaD:1116,LineaE,35,43.69836845162191
LineaE:1119,LineaD:1117,LineaA,4,5.017061355717827
LineaE:1119,LineaD:1117,LineaD,28,35.2549912025684
LineaE:1119,LineaD:1117,LineaE,22,28.022668417993675
LineaE:1119,LineaE:1120,LineaD,6,7.524613552509405
LineaE:1119,LineaE:1121,LineaA,13,16.24987540822681
LineaE:1119,LineaE:1121,LineaD,30,37.92211568218307
LineaE:1119,LineaE:1121,LineaE,104,131.61181932304007
LineaE:1119,LineaE:1122,LineaA,6,7.802256408505714
LineaE:1119,LineaE:1122,LineaD,8,10.024796342128534
LineaE:1119,LineaE:1122,LineaE,77,97.71671297191457
LineaE:1119,LineaE:1123,LineaA,16,20.778869011602225
LineaE:1119,LineaE:1123,LineaD,10,13.047457694971266
LineaE:1119,LineaE:1123,LineaE,164,208.11165273718169
LineaE:1119,LineaE:1124,LineaA,9,11.700329463573702
LineaE:1119,LineaE:1124,LineaD,13,16.659436563652672
LineaE:1119,LineaE:1124,LineaE,105,133.12056778860313
LineaE:1119,LineaE:1126,LineaA,14,17.693230681268986
LineaE:1119,LineaE:1126,LineaD,20,25.907260187283516
LineaE:1119,LineaE:1126,LineaE,198,251.13743947578396
LineaE:1119,LineaE:1127,LineaA,25,32.02942876515485
LineaE:1119,LineaE:1127,LineaD,18,22.936361774219353
LineaE:1119,LineaE:1127,LineaE,321,407.5954774578318
LineaE:1119,LineaE:1128,LineaA,35,44.35232834947321
LineaE:1119,LineaE:1128,LineaD,30,38.42156362777179
LineaE:1119,LineaE:1128,LineaE,268,339.8802106834304
LineaE:1119,LineaE:1129,LineaA,32,40.92659909159597
LineaE:1119,LineaE:1129,LineaD,19,24.244799359714214
LineaE:1119,LineaE:1129,LineaE,231,294.35687658587136
LineaE:1119,LineaE:1130,LineaA,40,50.95757796904311
LineaE:1119,LineaE:1130,LineaD,19,24.011446126761573
LineaE:1119,LineaE:1130,LineaE,254,323.8995431787993
LineaE:1119,LineaE:1131,LineaA,14,17.564233717866145
LineaE:1119,LineaE:1131,LineaD,5,6.365113185447017
LineaE:1119,LineaE:1131,LineaE,130,165.41829258146754
LineaE:1119,LineaE:1132,LineaA,27,34.47669219520866
LineaE:1119,LineaE:1132,LineaD,13,16.48612148558291
LineaE:1119,LineaE:1132,LineaE,198,251.65469347253244
LineaE:1119,LineaE:1133,LineaA,28,35.56195079988572
LineaE:1119,LineaE:1133,LineaD,18,22.968968525643188
LineaE:1119,LineaE:1133,LineaE,286,363.8820934176376
LineaE:1119,LineaE:1164,LineaA,38,48.39892171264532
LineaE:1119,LineaE:1164,LineaD,171,217.81356138648601
LineaE:1119,LineaE:1164,LineaE,436,550.4078436064626
LineaE:1119,LineaE:1165,LineaA,6,7.509582586417929
LineaE:1119,LineaE:1165,LineaD,43,54.03302209172342
LineaE:1119,LineaE:1165,LineaE,68,85.24530877484719
LineaE:1119,LineaE:1166,LineaA,2,2.776079579133503
LineaE:1119,LineaE:1166,LineaD,23,28.864779596902093
LineaE:1119,LineaE:1166,LineaE,34,43.34285871865877
LineaE:1119,LineaH:1134,LineaA,33,41.914706029475575
LineaE:1119,LineaH:1134,LineaD,15,18.972011631650116
LineaE:1119,LineaH:1134,LineaE,72,91.04515981315589
LineaE:1119,LineaH:1135,LineaA,26,33.35636907323353
LineaE:1119,LineaH:1135,LineaD,36,45.28562019611906
LineaE:1119,LineaH:1135,LineaE,42,53.38691123682248
LineaE:1119,LineaH:1136,LineaA,13,16.52171787555301
LineaE:1119,LineaH:1136,LineaD,17,21.34489560947994
LineaE:1119,LineaH:1136,LineaE,41,51.52418147583359
LineaE:1119,LineaH:1137,LineaA,18,22.8983499609451
LineaE:1119,LineaH:1137,LineaD,9,11.786612050413115
LineaE:1119,LineaH:1137,LineaE,32,41.418993304994096
LineaE:1119,LineaH:1138,LineaA,14,17.926151668700314
LineaE:1119,LineaH:1138,LineaD,8,10.341761238511003
LineaE:1119,LineaH:1138,LineaE,140,178.76963117667268
LineaE:1119,LineaH:1139,LineaA,35,44.57544737677885
LineaE:1119,LineaH:1139,LineaD,13,16.462048472909437
LineaE:1119,LineaH:1139,LineaE,32,41.012724231250644
LineaE:1119,LineaH:1140,LineaA,1039,1320.5785123866801
LineaE:1119,LineaH:1140,LineaD,90,114.65064986498403
LineaE:1119,LineaH:1140,LineaE,130,165.28962246262412
LineaE:1119,LineaH:1141,LineaA,32,40.55442803076641
LineaE:1119,LineaH:1141,LineaD,47,59.05772664819944
LineaE:1119,LineaH:1141,LineaE,16,20.037727105372078
LineaE:1119,LineaH:1160,LineaA,8,10.209932058039401
LineaE:1119,LineaH:1160,LineaD,167,210.34071785633432
LineaE:1119,LineaH:1160,LineaE,17,21.400506201809463
LineaE:1119,LineaH:1161,LineaA,14,17.7210120886062
LineaE:1119,LineaH:1161,LineaD,704,889.1646972910678
LineaE:1119,LineaH:1161,LineaE,64,81.06025767607089
LineaE:1119,LineaH:1162,LineaA,19,24.07046356094539
LineaE:1119,LineaH:1162,LineaD,189,239.733126792211
LineaE:1119,LineaH:1162,LineaE,33,41.98856277123014
LineaE:1119,LineaH:1163,LineaA,7,9.161568613395364
LineaE:1119,LineaH:1163,LineaD,60,75.80290299756467
LineaE:1119,LineaH:1163,LineaE,13,16.501070519904538
LineaE:1120,LineaA:1059,LineaE,18,22.69813651129608
LineaE:1120,LineaA:1060,LineaE,19,24.452746625473015
LineaE:1120,LineaA:1061,LineaE,12,15.401331987457867
LineaE:1120,LineaA:1062,LineaE,8,10.123119623548387
LineaE:1120,LineaA:1063,LineaE,17,21.501282297891873
LineaE:1120,LineaA:1064,LineaE,22,27.808319587797996
LineaE:1120,LineaA:1065,LineaE,10,12.644541303219423
LineaE:1120,LineaA:1066,LineaE,16,20.48374016437626
LineaE:1120,LineaA:1067,LineaE,11,13.956050391463167
LineaE:1120,LineaA:1069,LineaE,2,2.645715606315342
LineaE:1120,LineaA:1070,LineaE,9,11.406857444829914
LineaE:1120,LineaA:1071,LineaE,12,15.029187987135387
LineaE:1120,LineaA:1072,LineaE,2,2.4726222009798855
LineaE:1120,LineaA:1076,LineaE,6,7.461908755084875
LineaE:1120,LineaB:1077,LineaE,94,119.65301992493019
LineaE:1120,LineaB:1078,LineaE,25,32.5413539787126
LineaE:1120,LineaB:1079,LineaE,31,39.071939929841534
LineaE:1120,LineaB:1080,LineaE,27,33.94173491968793
LineaE:1120,LineaB:1081,LineaE,107,135.5753458627838
LineaE:1120,LineaB:1082,LineaE,29,37.34649553973345
LineaE:1120,LineaB:1083,LineaE,56,70.78542605292182
LineaE:1120,LineaB:1084,LineaE,66,84.03727766202087
LineaE:1120,LineaB:1085,LineaE,39,49.79217833652106
LineaE:1120,LineaB:1086,LineaE,33,41.66012242119694
LineaE:1120,LineaB:1088,LineaE,11,13.73027446483687
LineaE:1120,LineaB:1089,LineaE,8,10.066999821047682
LineaE:1120,LineaB:1090,LineaE,9,11.288927527613911
LineaE:1120,LineaB:1092,LineaE,5,6.332396640271729
LineaE:1120,LineaC:1094,LineaE,48,61.21927133052389
LineaE:1120,LineaC:1095,LineaE,4,5.018493769870343
LineaE:1120,LineaC:1097,LineaE,6,7.48943332385518
LineaE:1120,LineaC:1098,LineaE,6,7.541212980071316
LineaE:1120,LineaC:1100,LineaE,2,2.504274302849326
LineaE:1120,LineaC:1101,LineaE,7,8.749105999666623
LineaE:1120,LineaD:1103,LineaE,28,35.565710254123196
LineaE:1120,LineaD:1104,LineaE,16,20.21290565903778
LineaE:1120,LineaD:1105,LineaE,5,6.2444121594526125
LineaE:1120,LineaD:1106,LineaE,16,19.943465313504973
LineaE:1120,LineaD:1107,LineaE,8,9.99192317661128
LineaE:1120,LineaD:1108,LineaE,12,15.000511046653317
LineaE:1120,LineaD:1109,LineaE,16,20.3752932967573
LineaE:1120,LineaD:1110,LineaE,19,24.017313370145544
LineaE:1120,LineaD:1111,LineaE,16,20.077719146255053
LineaE:1120,LineaD:1112,LineaE,14,17.9599945807066
LineaE:1120,LineaD:1114,LineaE,11,13.960132200093758
LineaE:1120,LineaD:1115,LineaE,21,26.058972933227064
LineaE:1120,LineaD:1116,LineaE,9,11.328534642179253
LineaE:1120,LineaD:1117,LineaE,6,7.701065555412218
LineaE:1120,LineaE:1119,LineaE,7,8.875259315688353
LineaE:1120,LineaE:1121,LineaE,18,22.860769698786186
LineaE:1120,LineaE:1122,LineaE,50,64.27704044233025
LineaE:1120,LineaE:1123,LineaE,60,75.9168802876588
LineaE:1120,LineaE:1124,LineaE,55,69.80764968496482
LineaE:1120,LineaE:1126,LineaE,80,101.0977580865499
LineaE:1120,LineaE:1127,LineaE,153,193.84789684636655
LineaE:1120,LineaE:1128,LineaE,100,127.93185710703035
LineaE:1120,LineaE:1129,LineaE,120,153.1841390158973
LineaE:1120,LineaE:1130,LineaE,112,142.63264130847028
LineaE:1120,LineaE:1131,LineaE,59,74.4999279375916
LineaE:1120,LineaE:1132,LineaE,99,126.08116123168604
LineaE:1120,LineaE:1133,LineaE,125,158.1444905501712
LineaE:1120,LineaE:1164,LineaE,215,270.4011435251128
LineaE:1120,LineaE:1165,LineaE,58,73.54217790739283
LineaE:1120,LineaE:1166,LineaE,57,70.844427256171
LineaE:1120,LineaH:1134,LineaE,45,57.14524278641407
LineaE:1120,LineaH:1135,LineaE,32,40.384232236518756
LineaE:1120,LineaH:1136,LineaE,33,41.98027633790718
LineaE:1120,LineaH:1137,LineaE,23,28.992757145853822
LineaE:1120,LineaH:1138,LineaE,77,98.4087119120371
LineaE:1120,LineaH:1139,LineaE,32,40.40451590308826
LineaE:1120,LineaH:1140,LineaE,32,40.3796567531473
LineaE:1120,LineaH:1141,LineaE,16,20.183256087303324
LineaE:1120,LineaH:1160,LineaE,21,26.462434386822842
LineaE:1120,LineaH:1161,LineaE,19,24.06211899010376
LineaE:1120,LineaH:1162,LineaE,19,23.99993243572686
LineaE:1120,LineaH:1163,LineaE,8,10.116268582545127
LineaE:1121,LineaA:1059,LineaE,149,192.15458432292615
LineaE:1121,LineaA:1060,LineaE,101,132.07774831609524
LineaE:1121,LineaA:1061,LineaE,106,137.97199690553384
LineaE:1121,LineaA:1062,LineaE,58,75.93909096500491
LineaE:1121,LineaA:1063,LineaE,95,124.70043097638911
LineaE:1121,LineaA:1064,LineaE,132,170.7269555709723
LineaE:1121,LineaA:1065,LineaE,99,128.16507116518767
LineaE:1121,LineaA:1066,LineaE,79,102.32330144069932
LineaE:1121,LineaA:1067,LineaE,34,44.78888089952757
LineaE:1121,LineaA:1069,LineaE,7,8.76784652796299
LineaE:1121,LineaA:1070,LineaE,19,25.055111172273847
LineaE:1121,LineaA:1071,LineaE,25,32.82550718625684
LineaE:1121,LineaA:1072,LineaE,13,16.463774259954715
LineaE:1121,LineaA:1074,LineaE,8,10.158475566240917
LineaE:1121,LineaA:1076,LineaE,32,40.50490673891531
LineaE:1121,LineaB:1077,LineaE,305,398.8124297400447
LineaE:1121,LineaB:1078,LineaE,108,140.65748744202966
LineaE:1121,LineaB:1079,LineaE,95,124.46361891502156
LineaE:1121,LineaB:1080,LineaE,39,51.175737111637105
LineaE:1121,LineaB:1081,LineaE,382,493.00786099299773
LineaE:1121,LineaB:1082,LineaE,94,123.16872077062939
LineaE:1121,LineaB:1083,LineaE,139,182.05478941843415
LineaE:1121,LineaB:1084,LineaE,211,276.434399772337
LineaE:1121,LineaB:1085,LineaE,137,180.1040176899786
LineaE:1121,LineaB:1086,LineaE,78,100.72965477419676
LineaE:1121,LineaB:1088,LineaE,36,45.95453325859606
LineaE:1121,LineaB:1089,LineaE,38,48.85888342862899
LineaE:1121,LineaB:1090,LineaE,12,15.177684302745469
LineaE:1121,LineaB:1092,LineaE,18,22.631903316416608
LineaE:1121,LineaC:1094,LineaE,968,1248.4962034222754
LineaE:1121,LineaC:1095,LineaE,10,13.174019873861768
LineaE:1121,LineaC:1098,LineaE,26,33.42300867379672
LineaE:1121,LineaC:1100,LineaE,54,68.25903244916444
LineaE:1121,LineaC:1101,LineaE,51,65.5073884597327
LineaE:1121,LineaD:1103,LineaE,327,425.3376996759295
LineaE:1121,LineaD:1104,LineaE,214,277.1576979824943
LineaE:1121,LineaD:1105,LineaE,131,168.989333997933
LineaE:1121,LineaD:1106,LineaE,104,134.0432301406389
LineaE:1121,LineaD:1107,LineaE,79,102.26087714983505
LineaE:1121,LineaD:1108,LineaE,119,154.63626501325558
LineaE:1121,LineaD:1109,LineaE,167,215.71179845967598
LineaE:1121,LineaD:1110,LineaE,125,161.93609120635134
LineaE:1121,LineaD:1111,LineaE,141,181.69831826599142
LineaE:1121,LineaD:1112,LineaE,105,135.41763288059303
LineaE:1121,LineaD:1114,LineaE,71,90.05665710473394
LineaE:1121,LineaD:1115,LineaE,70,90.27390591016132
LineaE:1121,LineaD:1116,LineaE,19,24.047518317894326
LineaE:1121,LineaD:1117,LineaE,40,51.20128933216924
LineaE:1121,LineaE:1119,LineaE,103,129.39482618728474
LineaE:1121,LineaE:1120,LineaE,14,17.862221461554288
LineaE:1121,LineaE:1122,LineaE,18,23.335445510273317
LineaE:1121,LineaE:1123,LineaE,24,30.934550761703928
LineaE:1121,LineaE:1124,LineaE,24,31.944194351203844
LineaE:1121,LineaE:1126,LineaE,82,104.97224050240658
LineaE:1121,LineaE:1127,LineaE,148,193.0334795979921
LineaE:1121,LineaE:1128,LineaE,182,236.1082430380159
LineaE:1121,LineaE:1129,LineaE,294,381.9479788915853
LineaE:1121,LineaE:1130,LineaE,223,291.66260215757757
LineaE:1121,LineaE:1131,LineaE,117,153.6172723930552
LineaE:1121,LineaE:1132,LineaE,152,197.14192123205137
LineaE:1121,LineaE:1133,LineaE,179,232.49361597806862
LineaE:1121,LineaE:1164,LineaE,1199,1517.835677655602
LineaE:1121,LineaE:1165,LineaE,143,182.54758211133858
LineaE:1121,LineaE:1166,LineaE,110,138.7202975933404
LineaE:1121,LineaH:1134,LineaE,37,49.12200246058464
LineaE:1121,LineaH:1135,LineaE,22,28.896246459183054
LineaE:1121,LineaH:1136,LineaE,26,33.548162965194166
LineaE:1121,LineaH:1137,LineaE,17,22.019668182598018
LineaE:1121,LineaH:1138,LineaE,64,83.54843481823866
LineaE:1121,LineaH:1139,LineaE,29,39.63438015180159
LineaE:1121,LineaH:1140,LineaE,287,364.7693962399271
LineaE:1121,LineaH:1141,LineaE,68,86.39965713209706
LineaE:1121,LineaH:1160,LineaE,51,65.71863096991201
LineaE:1121,LineaH:1161,LineaE,98,126.38736890769405
LineaE:1121,LineaH:1162,LineaE,44,56.78882598004159
LineaE:1121,LineaH:1163,LineaE,13,16.878096526856382
LineaE:1122,LineaA:1059,LineaE,16,19.964267577608865
LineaE:1122,LineaA:1060,LineaE,27,34.04023578064821
LineaE:1122,LineaA:1061,LineaE,17,21.90185019982349
LineaE:1122,LineaA:1062,LineaE,13,16.571415119661832
LineaE:1122,LineaA:1063,LineaE,7,9.239027065162315
LineaE:1122,LineaA:1064,LineaE,28,35.519612925923745
LineaE:1122,LineaA:1065,LineaE,21,27.513142886789204
LineaE:1122,LineaA:1066,LineaE,11,14.038344094874105
LineaE:1122,LineaA:1067,LineaE,10,13.207597940805439
LineaE:1122,LineaA:1069,LineaE,2,2.776079579133503
LineaE:1122,LineaA:1070,LineaE,4,4.9620215494382895
LineaE:1122,LineaA:1071,LineaE,7,8.779651526751064
LineaE:1122,LineaA:1072,LineaE,4,5.421795185448845
LineaE:1122,LineaA:1074,LineaE,5,6.2115022479926045
LineaE:1122,LineaA:1076,LineaE,3,3.757030169390398
LineaE:1122,LineaB:1077,LineaE,51,66.49720192054306
LineaE:1122,LineaB:1078,LineaE,22,28.70781848351041
LineaE:1122,LineaB:1079,LineaE,13,16.878256023753625
LineaE:1122,LineaB:1080,LineaE,13,16.605041271320175
LineaE:1122,LineaB:1081,LineaE,61,78.80268450425987
LineaE:1122,LineaB:1082,LineaE,30,37.965388467036476
LineaE:1122,LineaB:1083,LineaE,30,38.79421740718353
LineaE:1122,LineaB:1084,LineaE,38,49.37064206232511
LineaE:1122,LineaB:1085,LineaE,25,32.42119865260128
LineaE:1122,LineaB:1086,LineaE,14,17.695764455332945
LineaE:1122,LineaB:1088,LineaE,10,12.619238041116507
LineaE:1122,LineaB:1089,LineaE,6,7.613300528443423
LineaE:1122,LineaB:1090,LineaE,4,4.922315818516729
LineaE:1122,LineaB:1092,LineaE,6,7.448678572529426
LineaE:1122,LineaC:1094,LineaE,35,44.433795875962396
LineaE:1122,LineaC:1095,LineaE,2,2.8186192626666218
LineaE:1122,LineaC:1097,LineaE,5,6.247834293861231
LineaE:1122,LineaC:1098,LineaE,4,5.084798648085945
LineaE:1122,LineaC:1100,LineaE,7,8.727190414380534
LineaE:1122,LineaC:1101,LineaE,6,7.467261692978099
LineaE:1122,LineaD:1103,LineaE,37,47.51762065925209
LineaE:1122,LineaD:1104,LineaE,35,44.00676426601982
LineaE:1122,LineaD:1105,LineaE,16,20.09731981598624
LineaE:1122,LineaD:1106,LineaE,11,14.185798360525785
LineaE:1122,LineaD:1107,LineaE,10,12.616868086714087
LineaE:1122,LineaD:1108,LineaE,18,22.469989802756388
LineaE:1122,LineaD:1109,LineaE,22,28.517732354208526
LineaE:1122,LineaD:1110,LineaE,27,34.34483851314693
LineaE:1122,LineaD:1111,LineaE,17,22.072361026222787
LineaE:1122,LineaD:1112,LineaE,12,15.352132266880893
LineaE:1122,LineaD:1114,LineaE,26,32.675752397525436
LineaE:1122,LineaD:1115,LineaE,18,22.897516119270858
LineaE:1122,LineaD:1116,LineaE,12,14.923722607982498
LineaE:1122,LineaD:1117,LineaE,10,12.396212258417574
LineaE:1122,LineaE:1119,LineaE,58,72.36905265962677
LineaE:1122,LineaE:1120,LineaE,31,39.02386031022525
LineaE:1122,LineaE:1121,LineaE,8,9.946994365190179
LineaE:1122,LineaE:1123,LineaE,11,13.80084416088149
LineaE:1122,LineaE:1124,LineaE,22,27.91268155235828
LineaE:1122,LineaE:1126,LineaE,33,41.85521410541145
LineaE:1122,LineaE:1127,LineaE,51,65.06115764546692
LineaE:1122,LineaE:1128,LineaE,64,80.69422959409826
LineaE:1122,LineaE:1129,LineaE,91,116.88327660173228
LineaE:1122,LineaE:1130,LineaE,65,83.12404568504284
LineaE:1122,LineaE:1131,LineaE,31,39.23539099749981
LineaE:1122,LineaE:1132,LineaE,38,48.58029360632961
LineaE:1122,LineaE:1133,LineaE,47,60.35068160357547
LineaE:1122,LineaE:1164,LineaE,174,219.9510705396561
LineaE:1122,LineaE:1165,LineaE,35,44.01974227265077
LineaE:1122,LineaE:1166,LineaE,65,81.31291404559212
LineaE:1122,LineaH:1134,LineaE,32,41.09038311815685
LineaE:1122,LineaH:1135,LineaE,16,20.3508525832581
LineaE:1122,LineaH:1136,LineaE,12,15.213022797026525
LineaE:1122,LineaH:1137,LineaE,10,13.14236271960956
LineaE:1122,LineaH:1138,LineaE,44,56.223171848975504
LineaE:1122,LineaH:1139,LineaE,16,20.515597389783686
LineaE:1122,LineaH:1140,LineaE,108,139.3946828284039
LineaE:1122,LineaH:1141,LineaE,22,27.64813715789728
LineaE:1122,LineaH:1160,LineaE,23,29.598523646899775
LineaE:1122,LineaH:1161,LineaE,36,45.66717308522763
LineaE:1122,LineaH:1162,LineaE,11,13.818844087186957
LineaE:1122,LineaH:1163,LineaE,2,2.4305222740747916
LineaE:1123,LineaA:1059,LineaE,22,27.964638666341855
LineaE:1123,LineaA:1060,LineaE,16,20.54398880867506
LineaE:1123,LineaA:1061,LineaE,11,14.061177459982805
LineaE:1123,LineaA:1062,LineaE,8,10.051576865551935
LineaE:1123,LineaA:1063,LineaE,20,25.48004121412814
LineaE:1123,LineaA:1064,LineaE,21,26.731827965710302
LineaE:1123,LineaA:1065,LineaE,17,21.2973277063748
LineaE:1123,LineaA:1066,LineaE,16,20.977417339188197
LineaE:1123,LineaA:1067,LineaE,9,11.18751073816547
LineaE:1123,LineaA:1069,LineaE,3,3.9090681509635172
LineaE:1123,LineaA:1070,LineaE,9,11.260755502244512
LineaE:1123,LineaA:1071,LineaE,13,16.40682114053529
LineaE:1123,LineaA:1072,LineaE,3,3.7582978471018844
LineaE:1123,LineaA:1074,LineaE,5,6.321604683905967
LineaE:1123,LineaA:1076,LineaE,29,36.200646635634
LineaE:1123,LineaB:1077,LineaE,39,49.573202791901174
LineaE:1123,LineaB:1078,LineaE,6,7.497461186422173
LineaE:1123,LineaB:1079,LineaE,15,18.949187866561886
LineaE:1123,LineaB:1080,LineaE,8,10.088744637292171
LineaE:1123,LineaB:1081,LineaE,37,47.07603645073593
LineaE:1123,LineaB:1082,LineaE,32,40.68573994255305
LineaE:1123,LineaB:1083,LineaE,16,19.87394497149807
LineaE:1123,LineaB:1084,LineaE,25,31.17686591249533
LineaE:1123,LineaB:1085,LineaE,22,28.003692163808736
LineaE:1123,LineaB:1086,LineaE,23,29.226686681525518
LineaE:1123,LineaB:1088,LineaE,4,5.304072661069773
LineaE:1123,LineaB:1089,LineaE,7,8.689811937480588
LineaE:1123,LineaB:1090,LineaE,3,3.7303834193778425
LineaE:1123,LineaB:1092,LineaE,11,13.658352531796934
LineaE:1123,LineaC:1094,LineaE,28,35.643409285667616
LineaE:1123,LineaC:1095,LineaE,10,12.444402745484663
LineaE:1123,LineaC:1097,LineaE,11,14.20143556767884
LineaE:1123,LineaC:1098,LineaE,15,18.572202774962744
LineaE:1123,LineaC:1100,LineaE,17,21.166843908771337
LineaE:1123,LineaC:1101,LineaE,15,18.719221509225996
LineaE:1123,LineaD:1103,LineaE,26,32.860693670718284
LineaE:1123,LineaD:1104,LineaE,31,39.321489850611876
LineaE:1123,LineaD:1105,LineaE,15,18.715093371773914
LineaE:1123,LineaD:1106,LineaE,15,18.56322296916385
LineaE:1123,LineaD:1107,LineaE,9,11.181228278924983
LineaE:1123,LineaD:1108,LineaE,15,18.57397244705443
LineaE:1123,LineaD:1109,LineaE,12,14.999359418956763
LineaE:1123,LineaD:1110,LineaE,14,17.618821984991417
LineaE:1123,LineaD:1111,LineaE,9,11.669772338997477
LineaE:1123,LineaD:1112,LineaE,8,10.09632455893157
LineaE:1123,LineaD:1114,LineaE,5,6.145978193650521
LineaE:1123,LineaD:1115,LineaE,20,24.886979893326973
LineaE:1123,LineaD:1116,LineaE,7,8.71715201340903
LineaE:1123,LineaD:1117,LineaE,12,14.86169407644553
LineaE:1123,LineaE:1119,LineaE,181,224.43143602546803
LineaE:1123,LineaE:1120,LineaE,66,82.44073592440714
LineaE:1123,LineaE:1121,LineaE,43,54.116694157290375
LineaE:1123,LineaE:1122,LineaE,13,16.384001885053713
LineaE:1123,LineaE:1126,LineaE,76,96.7446812284956
LineaE:1123,LineaE:1127,LineaE,91,115.72046338297812
LineaE:1123,LineaE:1128,LineaE,88,111.31156291827773
LineaE:1123,LineaE:1129,LineaE,75,95.56320340272916
LineaE:1123,LineaE:1130,LineaE,84,106.93665467017404
LineaE:1123,LineaE:1131,LineaE,48,60.96215506340826
LineaE:1123,LineaE:1132,LineaE,60,76.51522131369306
LineaE:1123,LineaE:1133,LineaE,67,86.10721540097192
LineaE:1123,LineaE:1164,LineaE,221,276.3432255108069
LineaE:1123,LineaE:1165,LineaE,60,74.59235582750276
LineaE:1123,LineaE:1166,LineaE,117,145.587923522163
LineaE:1123,LineaH:1134,LineaE,23,29.12058170267976
LineaE:1123,LineaH:1135,LineaE,17,21.42349577303035
LineaE:1123,LineaH:1136,LineaE,26,33.131609347531025
LineaE:1123,LineaH:1137,LineaE,9,11.450654884494792
LineaE:1123,LineaH:1138,LineaE,52,66.24570428754313
LineaE:1123,LineaH:1139,LineaE,20,25.792226385060353
LineaE:1123,LineaH:1140,LineaE,69,86.56014774865037
LineaE:1123,LineaH:1141,LineaE,37,46.87880764983026
LineaE:1123,LineaH:1160,LineaE,22,27.61139469135204
LineaE:1123,LineaH:1161,LineaE,15,18.80446734473233
LineaE:1123,LineaH:1162,LineaE,14,17.57117691302254
LineaE:1123,LineaH:1163,LineaE,15,18.5190089324153
LineaE:1124,LineaA:1059,LineaE,4,4.966390899985502
LineaE:1124,LineaA:1060,LineaE,8,9.890309945292499
LineaE:1124,LineaA:1061,LineaE,8,9.989683719790937
LineaE:1124,LineaA:1062,LineaE,4,5.29555895992034
LineaE:1124,LineaA:1063,LineaE,7,9.131126195145221
LineaE:1124,LineaA:1064,LineaE,3,3.857116655294374
LineaE:1124,LineaA:1065,LineaE,6,7.478012688309961
LineaE:1124,LineaA:1066,LineaE,6,7.749875650148921
LineaE:1124,LineaA:1067,LineaE,7,8.934488350487037
LineaE:1124,LineaA:1069,LineaE,4,4.84465530302571
LineaE:1124,LineaA:1070,LineaE,2,2.5118047215848986
LineaE:1124,LineaA:1071,LineaE,4,5.076059350098538
LineaE:1124,LineaA:1072,LineaE,7,8.79379372353149
LineaE:1124,LineaA:1074,LineaE,4,5.005296156067784
LineaE:1124,LineaA:1076,LineaE,22,27.183949029799695
LineaE:1124,LineaB:1077,LineaE,14,17.7715127113658
LineaE:1124,LineaB:1078,LineaE,3,3.701469551568772
LineaE:1124,LineaB:1079,LineaE,2,2.4737968807042865
LineaE:1124,LineaB:1080,LineaE,3,3.763651711471039
LineaE:1124,LineaB:1081,LineaE,12,15.460911202574854
LineaE:1124,LineaB:1082,LineaE,7,8.984108981291504
LineaE:1124,LineaB:1083,LineaE,2,2.4812169779972892
LineaE:1124,LineaB:1084,LineaE,9,11.396386133100027
LineaE:1124,LineaB:1085,LineaE,14,17.740312843560567
LineaE:1124,LineaB:1086,LineaE,11,14.093074737260022
LineaE:1124,LineaB:1088,LineaE,4,5.1164346419507085
LineaE:1124,LineaB:1089,LineaE,6,7.4172629425602095
LineaE:1124,LineaB:1090,LineaE,4,4.9624339559945785
LineaE:1124,LineaB:1092,LineaE,13,16.256953379147845
LineaE:1124,LineaC:1094,LineaE,54,68.775787166067
LineaE:1124,LineaC:1095,LineaE,7,8.702710927809107
LineaE:1124,LineaC:1097,LineaE,5,6.535387434173883
LineaE:1124,LineaC:1098,LineaE,5,6.221337090721725
LineaE:1124,LineaC:1100,LineaE,13,16.00419177557917
LineaE:1124,LineaC:1101,LineaE,13,16.363668553110514
LineaE:1124,LineaD:1103,LineaE,15,19.25923044724551
LineaE:1124,LineaD:1104,LineaE,13,16.419620991695492
LineaE:1124,LineaD:1105,LineaE,3,3.7219621814121906
LineaE:1124,LineaD:1106,LineaE,4,5.011826499640904
LineaE:1124,LineaD:1107,LineaE,5,6.245553717609912
LineaE:1124,LineaD:1108,LineaE,6,7.79691185253083
LineaE:1124,LineaD:1109,LineaE,5,6.269153952531263
LineaE:1124,LineaD:1110,LineaE,3,3.6808633951797454
LineaE:1124,LineaD:1111,LineaE,5,6.574290119321805
LineaE:1124,LineaD:1112,LineaE,2,2.642637761246422
LineaE:1124,LineaD:1114,LineaE,2,2.483772185543946
LineaE:1124,LineaD:1115,LineaE,5,6.260734370594007
LineaE:1124,LineaD:1116,LineaE,13,16.32889638381579
LineaE:1124,LineaD:1117,LineaE,17,21.61614041984352
LineaE:1124,LineaE:1119,LineaE,134,166.01664228619282
LineaE:1124,LineaE:1120,LineaE,53,65.13642296064133
LineaE:1124,LineaE:1121,LineaE,32,40.17057279525104
LineaE:1124,LineaE:1122,LineaE,22,28.032480141982948
LineaE:1124,LineaE:1126,LineaE,26,33.069125692171625
LineaE:1124,LineaE:1127,LineaE,43,54.50745889865114
LineaE:1124,LineaE:1128,LineaE,50,63.45965166630927
LineaE:1124,LineaE:1129,LineaE,67,86.19200050382109
LineaE:1124,LineaE:1130,LineaE,47,59.25204358630831
LineaE:1124,LineaE:1131,LineaE,21,26.730854495236425
LineaE:1124,LineaE:1132,LineaE,43,55.181706851545876
LineaE:1124,LineaE:1133,LineaE,27,34.38949428709308
LineaE:1124,LineaE:1164,LineaE,120,150.24913256914033
LineaE:1124,LineaE:1165,LineaE,52,64.57976338956087
LineaE:1124,LineaE:1166,LineaE,67,82.43691267552849
LineaE:1124,LineaH:1134,LineaE,11,14.245986974369087
LineaE:1124,LineaH:1135,LineaE,4,5.3079874240006
LineaE:1124,LineaH:1136,LineaE,11,14.035919320710976
LineaE:1124,LineaH:1137,LineaE,10,12.94403830173288
LineaE:1124,LineaH:1138,LineaE,18,22.564470867002566
LineaE:1124,LineaH:1139,LineaE,19,24.45228998012426
LineaE:1124,LineaH:1140,LineaE,30,38.063709332599714
LineaE:1124,LineaH:1141,LineaE,11,13.722994119047627
LineaE:1124,LineaH:1160,LineaE,17,21.485676278484195
LineaE:1124,LineaH:1161,LineaE,8,9.980734721513336
LineaE:1124,LineaH:1162,LineaE,10,12.386829616637765
LineaE:1124,LineaH:1163,LineaE,1,1.2563479271804898
LineaE:1126,LineaA:1059,LineaE,9,11.349565511858392
LineaE:1126,LineaA:1060,LineaE,6,7.8383239974757615
LineaE:1126,LineaA:1061,LineaE,10,12.892467173623803
LineaE:1126,LineaA:1062,LineaE,5,6.2779195421197524
LineaE:1126,LineaA:1063,LineaE,8,9.989545147636559
LineaE:1126,LineaA:1064,LineaE,6,7.6434928051008155
LineaE:1126,LineaA:1065,LineaE,8,10.243032345316175
LineaE:1126,LineaA:1066,LineaE,5,6.186526647803093
LineaE:1126,LineaA:1067,LineaE,3,3.9010235166574465
LineaE:1126,LineaA:1069,LineaE,3,3.768314633110605
LineaE:1126,LineaA:1070,LineaE,2,2.600838541169486
LineaE:1126,LineaA:1071,LineaE,11,14.217997270678342
LineaE:1126,LineaA:1072,LineaE,14,17.559067726103976
LineaE:1126,LineaA:1074,LineaE,7,8.71876069048713
LineaE:1126,LineaA:1076,LineaE,29,35.79637161502406
LineaE:1126,LineaB:1077,LineaE,10,12.493284962368335
LineaE:1126,LineaB:1078,LineaE,2,2.55546561518094
LineaE:1126,LineaB:1079,LineaE,4,4.8795852988374016
LineaE:1126,LineaB:1080,LineaE,3,3.839208159340133
LineaE:1126,LineaB:1081,LineaE,15,18.830005781428692
LineaE:1126,LineaB:1082,LineaE,13,16.120843597023285
LineaE:1126,LineaB:1083,LineaE,7,8.605504107524368
LineaE:1126,LineaB:1084,LineaE,13,16.20058631520549
LineaE:1126,LineaB:1085,LineaE,7,8.805706502620591
LineaE:1126,LineaB:1086,LineaE,9,11.370617050355873
LineaE:1126,LineaB:1088,LineaE,6,7.636107843130248
LineaE:1126,LineaB:1089,LineaE,9,11.203118528101715
LineaE:1126,LineaB:1090,LineaE,16,19.754753742774927
LineaE:1126,LineaB:1092,LineaE,31,38.370550439589934
LineaE:1126,LineaC:1094,LineaE,137,174.81263146382054
LineaE:1126,LineaC:1095,LineaE,10,12.558140523925529
LineaE:1126,LineaC:1097,LineaE,13,16.84666888904955
LineaE:1126,LineaC:1098,LineaE,28,34.784303128048144
LineaE:1126,LineaC:1100,LineaE,21,26.252365735398268
LineaE:1126,LineaC:1101,LineaE,16,20.224287414719196
LineaE:1126,LineaD:1103,LineaE,21,26.276061117164392
LineaE:1126,LineaD:1104,LineaE,20,24.79567832519356
LineaE:1126,LineaD:1105,LineaE,9,11.189516479960803
LineaE:1126,LineaD:1106,LineaE,10,12.368304614260223
LineaE:1126,LineaD:1107,LineaE,6,7.473169147533313
LineaE:1126,LineaD:1108,LineaE,14,17.466245907658543
LineaE:1126,LineaD:1109,LineaE,8,10.077856052828736
LineaE:1126,LineaD:1110,LineaE,12,14.920455074721275
LineaE:1126,LineaD:1111,LineaE,12,15.027308856122401
LineaE:1126,LineaD:1112,LineaE,4,5.0060977507816435
LineaE:1126,LineaD:1114,LineaE,15,18.744524045025752
LineaE:1126,LineaD:1115,LineaE,20,24.91887517400081
LineaE:1126,LineaD:1116,LineaE,29,35.98265291368043
LineaE:1126,LineaD:1117,LineaE,30,37.38278433348215
LineaE:1126,LineaE:1119,LineaE,241,297.118088158774
LineaE:1126,LineaE:1120,LineaE,75,93.07173925320822
LineaE:1126,LineaE:1121,LineaE,86,107.58076950189428
LineaE:1126,LineaE:1122,LineaE,34,42.98327792450362
LineaE:1126,LineaE:1123,LineaE,67,85.17051593574826
LineaE:1126,LineaE:1124,LineaE,35,44.501278815971645
LineaE:1126,LineaE:1127,LineaE,26,32.43073951269537
LineaE:1126,LineaE:1128,LineaE,65,82.20460447057451
LineaE:1126,LineaE:1129,LineaE,89,111.68422413545073
LineaE:1126,LineaE:1130,LineaE,69,87.1592245847789
LineaE:1126,LineaE:1131,LineaE,36,46.015390359496436
LineaE:1126,LineaE:1132,LineaE,44,55.81207532041027
LineaE:1126,LineaE:1133,LineaE,54,68.65041704798992
LineaE:1126,LineaE:1164,LineaE,186,232.4264732878827
LineaE:1126,LineaE:1165,LineaE,95,117.60267289342026
LineaE:1126,LineaE:1166,LineaE,137,168.73496290199267
LineaE:1126,LineaH:1134,LineaE,21,26.92407882618769
LineaE:1126,LineaH:1135,LineaE,16,20.11930450790786
LineaE:1126,LineaH:1136,LineaE,20,25.059700438802267
LineaE:1126,LineaH:1137,LineaE,14,17.658211773711066
LineaE:1126,LineaH:1138,LineaE,18,23.053982020852004
LineaE:1126,LineaH:1139,LineaE,8,10.325773283208706
LineaE:1126,LineaH:1140,LineaE,24,30.505092022645204
LineaE:1126,LineaH:1141,LineaE,22,27.75410840274661
LineaE:1126,LineaH:1160,LineaE,24,30.117607215135692
LineaE:1126,LineaH:1161,LineaE,21,26.068502288442417
LineaE:1126,LineaH:1162,LineaE,19,23.856559192367826
LineaE:1126,LineaH:1163,LineaE,8,9.877686555871266
LineaE:1127,LineaA:1059,LineaE,10,12.515348581366462
LineaE:1127,LineaA:1060,LineaE,17,21.897185698657744
LineaE:1127,LineaA:1061,LineaE,11,14.238551667117044
LineaE:1127,LineaA:1062,LineaE,6,7.655837000728923
LineaE:1127,LineaA:1063,LineaE,5,6.2830483157021195
LineaE:1127,LineaA:1064,LineaE,16,20.381078593116708
LineaE:1127,LineaA:1065,LineaE,8,10.281879909632426
LineaE:1127,LineaA:1066,LineaE,7,8.75103491650164
LineaE:1127,LineaA:1067,LineaE,6,7.667823840285222
LineaE:1127,LineaA:1069,LineaE,6,7.569531059574803
LineaE:1127,LineaA:1070,LineaE,2,2.776079579133503
LineaE:1127,LineaA:1071,LineaE,13,16.21392186980388
LineaE:1127,LineaA:1072,LineaE,15,18.90888714157315
LineaE:1127,LineaA:1074,LineaE,18,22.38285400704109
LineaE:1127,LineaA:1076,LineaE,53,65.7991856163682
LineaE:1127,LineaB:1077,LineaE,17,21.76626610151557
LineaE:1127,LineaB:1078,LineaE,3,3.9128757561973977
LineaE:1127,LineaB:1079,LineaE,2,2.5993631546169267
LineaE:1127,LineaB:1080,LineaE,4,5.341559563909424
LineaE:1127,LineaB:1081,LineaE,18,23.02037927780521
LineaE:1127,LineaB:1082,LineaE,16,20.20538968751925
LineaE:1127,LineaB:1083,LineaE,9,11.426258878941322
LineaE:1127,LineaB:1084,LineaE,11,13.762146547263125
LineaE:1127,LineaB:1085,LineaE,7,8.967828661316794
LineaE:1127,LineaB:1086,LineaE,19,23.922513322553158
LineaE:1127,LineaB:1088,LineaE,11,13.691666348613238
LineaE:1127,LineaB:1089,LineaE,18,22.41339979565356
LineaE:1127,LineaB:1090,LineaE,27,33.69432001414324
LineaE:1127,LineaB:1092,LineaE,30,37.08169397418145
LineaE:1127,LineaC:1094,LineaE,177,224.73358049080824
LineaE:1127,LineaC:1095,LineaE,16,21.112289177575725
LineaE:1127,LineaC:1097,LineaE,24,30.749728264401817
LineaE:1127,LineaC:1098,LineaE,40,49.93368161827532
LineaE:1127,LineaC:1100,LineaE,34,42.47214767330458
LineaE:1127,LineaC:1101,LineaE,15,18.78158230309984
LineaE:1127,LineaD:1103,LineaE,28,34.9871598738503
LineaE:1127,LineaD:1104,LineaE,47,58.53368529058051
LineaE:1127,LineaD:1105,LineaE,23,28.66444459719885
LineaE:1127,LineaD:1106,LineaE,16,19.691337799519864
LineaE:1127,LineaD:1107,LineaE,26,32.057018696704674
LineaE:1127,LineaD:1108,LineaE,34,42.581114300037186
LineaE:1127,LineaD:1109,LineaE,26,32.607325650045404
LineaE:1127,LineaD:1110,LineaE,16,19.916164800992277
LineaE:1127,LineaD:1111,LineaE,21,26.723340303430383
LineaE:1127,LineaD:1112,LineaE,10,12.54210595388579
LineaE:1127,LineaD:1114,LineaE,21,26.089327933322792
LineaE:1127,LineaD:1115,LineaE,47,58.541501822893274
LineaE:1127,LineaD:1116,LineaE,32,39.93534205978332
LineaE:1127,LineaD:1117,LineaE,29,36.22193118598975
LineaE:1127,LineaE:1119,LineaE,312,385.7399195593705
LineaE:1127,LineaE:1120,LineaE,126,155.83436406892346
LineaE:1127,LineaE:1121,LineaE,145,181.767503235701
LineaE:1127,LineaE:1122,LineaE,57,71.3434856851543
LineaE:1127,LineaE:1123,LineaE,86,108.94006612080726
LineaE:1127,LineaE:1124,LineaE,38,48.58664139465023
LineaE:1127,LineaE:1126,LineaE,16,20.475814801504807
LineaE:1127,LineaE:1128,LineaE,67,84.17493436634832
LineaE:1127,LineaE:1129,LineaE,63,80.10780767912803
LineaE:1127,LineaE:1130,LineaE,77,99.54284939390476
LineaE:1127,LineaE:1131,LineaE,51,65.03988476527049
LineaE:1127,LineaE:1132,LineaE,60,76.1182158238537
LineaE:1127,LineaE:1133,LineaE,53,68.5567331761097
LineaE:1127,LineaE:1164,LineaE,224,279.6138468863977
LineaE:1127,LineaE:1165,LineaE,118,145.0020412815531
LineaE:1127,LineaE:1166,LineaE,186,229.62370671470921
LineaE:1127,LineaH:1134,LineaE,28,35.311543880453286
LineaE:1127,LineaH:1135,LineaE,26,33.28849796308997
LineaE:1127,LineaH:1136,LineaE,43,54.90141874563843
LineaE:1127,LineaH:1137,LineaE,19,24.260089887199907
LineaE:1127,LineaH:1138,LineaE,38,47.79655904829249
LineaE:1127,LineaH:1139,LineaE,24,31.034974573202774
LineaE:1127,LineaH:1140,LineaE,64,80.2487082238081
LineaE:1127,LineaH:1141,LineaE,32,40.601283588519834
LineaE:1127,LineaH:1160,LineaE,60,74.74877964069984
LineaE:1127,LineaH:1161,LineaE,65,81.03695732670893
LineaE:1127,LineaH:1162,LineaE,58,72.48756914488295
LineaE:1127,LineaH:1163,LineaE,21,26.229136060436474
LineaE:1128,LineaA:1059,LineaE,11,13.952219174718271
LineaE:1128,LineaA:1060,LineaE,6,7.464642759889424
LineaE:1128,LineaA:1061,LineaE,7,9.284552815774024
LineaE:1128,LineaA:1062,LineaE,4,5.200558288689789
LineaE:1128,LineaA:1063,LineaE,6,7.794183586431153
LineaE:1128,LineaA:1064,LineaE,10,12.56255815719611
LineaE:1128,LineaA:1065,LineaE,17,21.360218393941288
LineaE:1128,LineaA:1066,LineaE,7,9.048154299522936
LineaE:1128,LineaA:1067,LineaE,1,1.2583857554110247
LineaE:1128,LineaA:1069,LineaE,6,7.470630317637357
LineaE:1128,LineaA:1070,LineaE,14,17.404795891923992
LineaE:1128,LineaA:1071,LineaE,36,45.484170458649515
LineaE:1128,LineaA:1072,LineaE,14,17.309321987164065
LineaE:1128,LineaA:1074,LineaE,26,32.045575234368194
LineaE:1128,LineaA:1076,LineaE,77,95.59810601512822
LineaE:1128,LineaB:1077,LineaE,28,35.118935187621105
LineaE:1128,LineaB:1078,LineaE,1,1.2563479271804898
LineaE:1128,LineaB:1079,LineaE,4,5.136654872753067
LineaE:1128,LineaB:1080,LineaE,4,4.96022210956475
LineaE:1128,LineaB:1081,LineaE,8,9.985518393760179
LineaE:1128,LineaB:1082,LineaE,9,11.469820600285155
LineaE:1128,LineaB:1083,LineaE,7,8.964596287127375
LineaE:1128,LineaB:1084,LineaE,15,19.04185035411158
LineaE:1128,LineaB:1085,LineaE,21,26.033436577869544
LineaE:1128,LineaB:1086,LineaE,17,21.371649909715337
LineaE:1128,LineaB:1088,LineaE,5,6.175586411528261
LineaE:1128,LineaB:1089,LineaE,16,19.97981770373903
LineaE:1128,LineaB:1090,LineaE,26,32.06935957943084
LineaE:1128,LineaB:1092,LineaE,12,14.910613503028431
LineaE:1128,LineaC:1094,LineaE,132,166.34557027809444
LineaE:1128,LineaC:1095,LineaE,11,13.914455657743177
LineaE:1128,LineaC:1097,LineaE,32,40.08656291081207
LineaE:1128,LineaC:1098,LineaE,28,35.06353391106832
LineaE:1128,LineaC:1100,LineaE,28,34.82881275862894
LineaE:1128,LineaC:1101,LineaE,21,26.3042716524305
LineaE:1128,LineaD:1103,LineaE,37,45.88095303439262
LineaE:1128,LineaD:1104,LineaE,30,37.227511291545426
LineaE:1128,LineaD:1105,LineaE,16,19.79731207764932
LineaE:1128,LineaD:1106,LineaE,23,28.375949946603118
LineaE:1128,LineaD:1107,LineaE,12,15.088207420414506
LineaE:1128,LineaD:1108,LineaE,35,43.24996043284674
LineaE:1128,LineaD:1109,LineaE,17,21.342840622614542
LineaE:1128,LineaD:1110,LineaE,18,22.44613885984737
LineaE:1128,LineaD:1111,LineaE,30,37.16600757111121
LineaE:1128,LineaD:1112,LineaE,15,18.687584683011472
LineaE:1128,LineaD:1114,LineaE,34,42.34895522209995
LineaE:1128,LineaD:1115,LineaE,54,67.52954779436388
LineaE:1128,LineaD:1116,LineaE,50,62.06800104625457
LineaE:1128,LineaD:1117,LineaE,22,27.191353352812186
LineaE:1128,LineaE:1119,LineaE,334,412.66701763204475
LineaE:1128,LineaE:1120,LineaE,106,130.8083230386425
LineaE:1128,LineaE:1121,LineaE,217,270.85524222489
LineaE:1128,LineaE:1122,LineaE,72,90.9269918554017
LineaE:1128,LineaE:1123,LineaE,95,119.443409062308
LineaE:1128,LineaE:1124,LineaE,56,70.97790535053358
LineaE:1128,LineaE:1126,LineaE,62,78.30424655970242
LineaE:1128,LineaE:1127,LineaE,63,78.92909213782094
LineaE:1128,LineaE:1129,LineaE,35,44.01465083538953
LineaE:1128,LineaE:1130,LineaE,72,91.01171718759244
LineaE:1128,LineaE:1131,LineaE,51,65.18287664697547
LineaE:1128,LineaE:1132,LineaE,59,76.12538093413862
LineaE:1128,LineaE:1133,LineaE,33,41.71918573205613
LineaE:1128,LineaE:1164,LineaE,265,330.12113983078694
LineaE:1128,LineaE:1165,LineaE,168,206.48955027153255
LineaE:1128,LineaE:1166,LineaE,211,259.7668873521853
LineaE:1128,LineaH:1134,LineaE,40,49.879632750939116
LineaE:1128,LineaH:1135,LineaE,20,24.801385467808075
LineaE:1128,LineaH:1136,LineaE,19,23.726362288232437
LineaE:1128,LineaH:1137,LineaE,30,38.209654366815776
LineaE:1128,LineaH:1138,LineaE,56,71.52865058337267
LineaE:1128,LineaH:1139,LineaE,19,24.17368786869331
LineaE:1128,LineaH:1140,LineaE,46,57.48509782052601
LineaE:1128,LineaH:1141,LineaE,37,46.818941828774626
LineaE:1128,LineaH:1160,LineaE,90,112.05413536692117
LineaE:1128,LineaH:1161,LineaE,103,128.5629023106498
LineaE:1128,LineaH:1162,LineaE,98,122.05290024484606
LineaE:1128,LineaH:1163,LineaE,32,39.69520843336599
LineaE:1129,LineaA:1059,LineaE,4,5.153916799596313
LineaE:1129,LineaA:1060,LineaE,6,7.520092963015207
LineaE:1129,LineaA:1061,LineaE,10,13.187306503070012
LineaE:1129,LineaA:1062,LineaE,2,2.600838541169486
LineaE:1129,LineaA:1063,LineaE,6,7.536723361039466
LineaE:1129,LineaA:1064,LineaE,23,29.04189232006248
LineaE:1129,LineaA:1065,LineaE,3,3.8839134342840342
LineaE:1129,LineaA:1066,LineaE,8,9.977169502266939
LineaE:1129,LineaA:1067,LineaE,4,5.244455828125776
LineaE:1129,LineaA:1069,LineaE,5,6.353338663869888
LineaE:1129,LineaA:1070,LineaE,7,9.01960318623339
LineaE:1129,LineaA:1071,LineaE,18,22.54831063513936
LineaE:1129,LineaA:1072,LineaE,21,26.184121477435873
LineaE:1129,LineaA:1074,LineaE,14,17.186768848839623
LineaE:1129,LineaA:1076,LineaE,67,82.32523709568972
LineaE:1129,LineaB:1077,LineaE,15,19.114563086169046
LineaE:1129,LineaB:1078,LineaE,1,1.25492483495506
LineaE:1129,LineaB:1079,LineaE,2,2.502710748513357
LineaE:1129,LineaB:1080,LineaE,5,6.1539781967673495
LineaE:1129,LineaB:1081,LineaE,9,11.174690546824415
LineaE:1129,LineaB:1082,LineaE,3,3.6703672787979977
LineaE:1129,LineaB:1083,LineaE,3,3.7539056961973594
LineaE:1129,LineaB:1084,LineaE,18,22.788327548761245
LineaE:1129,LineaB:1085,LineaE,14,17.860621751322
LineaE:1129,LineaB:1086,LineaE,15,18.8948293090698
LineaE:1129,LineaB:1088,LineaE,8,9.887919361144611
LineaE:1129,LineaB:1089,LineaE,19,23.704141321264103
LineaE:1129,LineaB:1090,LineaE,28,34.896151726638024
LineaE:1129,LineaB:1092,LineaE,14,17.176970176525757
LineaE:1129,LineaC:1094,LineaE,155,195.45770110169786
LineaE:1129,LineaC:1095,LineaE,24,30.145148034722133
LineaE:1129,LineaC:1097,LineaE,16,19.988991360188336
LineaE:1129,LineaC:1098,LineaE,35,43.418596591686914
LineaE:1129,LineaC:1100,LineaE,34,41.94600089642388
LineaE:1129,LineaC:1101,LineaE,17,21.18418215406677
LineaE:1129,LineaD:1103,LineaE,31,38.437744259116855
LineaE:1129,LineaD:1104,LineaE,22,27.629312826234237
LineaE:1129,LineaD:1105,LineaE,18,22.513535469174695
LineaE:1129,LineaD:1106,LineaE,13,16.34891284869576
LineaE:1129,LineaD:1107,LineaE,10,12.398617762204573
LineaE:1129,LineaD:1108,LineaE,19,23.636426622486162
LineaE:1129,LineaD:1109,LineaE,26,32.55296916225734
LineaE:1129,LineaD:1110,LineaE,24,29.882985924969827
LineaE:1129,LineaD:1111,LineaE,25,31.200532240683074
LineaE:1129,LineaD:1112,LineaE,16,19.81589853876202
LineaE:1129,LineaD:1114,LineaE,21,25.904508347202558
LineaE:1129,LineaD:1115,LineaE,41,50.673836917257965
LineaE:1129,LineaD:1116,LineaE,43,53.27666244286297
LineaE:1129,LineaD:1117,LineaE,16,19.583337952942266
LineaE:1129,LineaE:1119,LineaE,263,323.8428299073329
LineaE:1129,LineaE:1120,LineaE,122,151.54276635344712
LineaE:1129,LineaE:1121,LineaE,320,399.720488786707
LineaE:1129,LineaE:1122,LineaE,79,98.7206663871902
LineaE:1129,LineaE:1123,LineaE,75,94.57139959825035
LineaE:1129,LineaE:1124,LineaE,38,48.78933839489264
LineaE:1129,LineaE:1126,LineaE,69,87.56796348164184
LineaE:1129,LineaE:1127,LineaE,61,77.11084924868932
LineaE:1129,LineaE:1128,LineaE,18,22.573316349519004
LineaE:1129,LineaE:1130,LineaE,44,56.028453155473244
LineaE:1129,LineaE:1131,LineaE,31,40.581580373512566
LineaE:1129,LineaE:1132,LineaE,40,50.15137915724771
LineaE:1129,LineaE:1133,LineaE,70,88.74718144823152
LineaE:1129,LineaE:1164,LineaE,198,245.51509160811727
LineaE:1129,LineaE:1165,LineaE,185,227.4556395589658
LineaE:1129,LineaE:1166,LineaE,177,218.42810991389487
LineaE:1129,LineaH:1134,LineaE,15,18.860378717816825
LineaE:1129,LineaH:1135,LineaE,8,10.086320404394092
LineaE:1129,LineaH:1136,LineaE,17,21.43058443544567
LineaE:1129,LineaH:1137,LineaE,20,25.979111587916822
LineaE:1129,LineaH:1138,LineaE,64,81.04942688878114
LineaE:1129,LineaH:1139,LineaE,20,25.507681120265875
LineaE:1129,LineaH:1140,LineaE,32,40.05583980613617
LineaE:1129,LineaH:1141,LineaE,23,28.69460275374326
LineaE:1129,LineaH:1160,LineaE,77,96.14079302432069
LineaE:1129,LineaH:1161,LineaE,73,90.56693413066222
LineaE:1129,LineaH:1162,LineaE,58,72.32545480890806
LineaE:1129,LineaH:1163,LineaE,19,23.75597415646526
LineaE:1130,LineaA:1059,LineaE,9,11.401497399136677
LineaE:1130,LineaA:1060,LineaE,5,6.542874371996024
LineaE:1130,LineaA:1061,LineaE,5,6.409777714632626
LineaE:1130,LineaA:1062,LineaE,7,8.820710046346615
LineaE:1130,LineaA:1063,LineaE,7,8.772323434294162
LineaE:1130,LineaA:1064,LineaE,7,8.685990805395846
LineaE:1130,LineaA:1065,LineaE,12,15.42935844634783
LineaE:1130,LineaA:1066,LineaE,12,14.985952484618156
LineaE:1130,LineaA:1067,LineaE,9,11.345866078801306
LineaE:1130,LineaA:1069,LineaE,9,11.108400338860427
LineaE:1130,LineaA:1070,LineaE,8,9.942143401798562
LineaE:1130,LineaA:1071,LineaE,34,42.18316589970537
LineaE:1130,LineaA:1072,LineaE,14,17.508196596836807
LineaE:1130,LineaA:1074,LineaE,9,11.002041215668406
LineaE:1130,LineaA:1076,LineaE,70,85.90148928114546
LineaE:1130,LineaB:1077,LineaE,14,17.801510016873557
LineaE:1130,LineaB:1078,LineaE,5,6.132472305561927
LineaE:1130,LineaB:1079,LineaE,6,7.42066830522975
LineaE:1130,LineaB:1080,LineaE,9,11.275265646189691
LineaE:1130,LineaB:1081,LineaE,10,12.698753163421303
LineaE:1130,LineaB:1082,LineaE,10,12.310850469343842
LineaE:1130,LineaB:1083,LineaE,11,14.007371098022766
LineaE:1130,LineaB:1084,LineaE,10,12.752512069503293
LineaE:1130,LineaB:1085,LineaE,6,7.429459898007807
LineaE:1130,LineaB:1086,LineaE,12,15.230834074948882
LineaE:1130,LineaB:1088,LineaE,8,10.285132249299359
LineaE:1130,LineaB:1089,LineaE,25,31.20338511862968
LineaE:1130,LineaB:1090,LineaE,30,37.4670116794587
LineaE:1130,LineaB:1092,LineaE,30,36.90589436353609
LineaE:1130,LineaC:1094,LineaE,120,152.28888570346658
LineaE:1130,LineaC:1095,LineaE,13,16.576856304540517
LineaE:1130,LineaC:1097,LineaE,19,23.683236414280803
LineaE:1130,LineaC:1098,LineaE,31,38.534135879854205
LineaE:1130,LineaC:1100,LineaE,22,27.3529456098735
LineaE:1130,LineaC:1101,LineaE,23,28.832056775308207
LineaE:1130,LineaD:1103,LineaE,29,36.19686748810083
LineaE:1130,LineaD:1104,LineaE,32,40.282450053868125
LineaE:1130,LineaD:1105,LineaE,13,16.125082234621875
LineaE:1130,LineaD:1106,LineaE,15,18.658052138615858
LineaE:1130,LineaD:1107,LineaE,9,11.110026272557617
LineaE:1130,LineaD:1108,LineaE,34,42.05618410671154
LineaE:1130,LineaD:1109,LineaE,28,34.71371682512825
LineaE:1130,LineaD:1110,LineaE,25,31.201213324993184
LineaE:1130,LineaD:1111,LineaE,40,50.04217302632089
LineaE:1130,LineaD:1112,LineaE,12,14.957904182089397
LineaE:1130,LineaD:1114,LineaE,33,41.12596766547584
LineaE:1130,LineaD:1115,LineaE,43,53.370681791959775
LineaE:1130,LineaD:1116,LineaE,53,65.60832750357271
LineaE:1130,LineaD:1117,LineaE,24,29.611750552561364
LineaE:1130,LineaE:1119,LineaE,297,366.04819482253293
LineaE:1130,LineaE:1120,LineaE,105,129.6783337305372
LineaE:1130,LineaE:1121,LineaE,222,277.1974941804034
LineaE:1130,LineaE:1122,LineaE,53,66.22771673669014
LineaE:1130,LineaE:1123,LineaE,70,88.19805765455595
LineaE:1130,LineaE:1124,LineaE,37,47.012142802568576
LineaE:1130,LineaE:1126,LineaE,61,76.86444588474959
LineaE:1130,LineaE:1127,LineaE,87,110.87107118674899
LineaE:1130,LineaE:1128,LineaE,59,75.37505522060691
LineaE:1130,LineaE:1129,LineaE,40,50.622910830062196
LineaE:1130,LineaE:1131,LineaE,18,22.748743967436432
LineaE:1130,LineaE:1132,LineaE,29,37.62896627923295
LineaE:1130,LineaE:1133,LineaE,28,35.322449316332715
LineaE:1130,LineaE:1164,LineaE,241,300.0387431102401
LineaE:1130,LineaE:1165,LineaE,160,196.8989256643692
LineaE:1130,LineaE:1166,LineaE,224,276.25560126665954
LineaE:1130,LineaH:1134,LineaE,21,26.374917832576553
LineaE:1130,LineaH:1135,LineaE,15,18.992450664197406
LineaE:1130,LineaH:1136,LineaE,23,28.73412576650648
LineaE:1130,LineaH:1137,LineaE,23,29.724007120482362
LineaE:1130,LineaH:1138,LineaE,52,65.73732472081701
LineaE:1130,LineaH:1139,LineaE,37,47.342236680992315
LineaE:1130,LineaH:1140,LineaE,38,47.182034264188864
LineaE:1130,LineaH:1141,LineaE,33,41.133257250650296
LineaE:1130,LineaH:1160,LineaE,69,85.97009707947971
LineaE:1130,LineaH:1161,LineaE,90,111.92000978529809
LineaE:1130,LineaH:1162,LineaE,82,102.47226275303743
LineaE:1130,LineaH:1163,LineaE,20,24.979342360166854
LineaE:1131,LineaA:1059,LineaE,4,5.33690129180967
LineaE:1131,LineaA:1061,LineaE,7,8.691012554232286
LineaE:1131,LineaA:1062,LineaE,1,1.2563479271804898
LineaE:1131,LineaA:1063,LineaE,1,1.253418966173874
LineaE:1131,LineaA:1065,LineaE,7,8.646467773806963
LineaE:1131,LineaA:1066,LineaE,3,3.710064328586175
LineaE:1131,LineaA:1067,LineaE,6,7.46757172089604
LineaE:1131,LineaA:1069,LineaE,3,3.7458413368846686
LineaE:1131,LineaA:1070,LineaE,7,8.623634793354332
LineaE:1131,LineaA:1071,LineaE,14,17.39326457042144
LineaE:1131,LineaA:1072,LineaE,12,14.977497112754683
LineaE:1131,LineaA:1074,LineaE,8,9.77173211975776
LineaE:1131,LineaA:1076,LineaE,35,43.01136157191818
LineaE:1131,LineaB:1077,LineaE,5,6.113483988613588
LineaE:1131,LineaB:1078,LineaE,2,2.485195277769376
LineaE:1131,LineaB:1080,LineaE,2,2.5073642754190653
LineaE:1131,LineaB:1081,LineaE,6,7.340233019843423
LineaE:1131,LineaB:1082,LineaE,3,3.72984865435476
LineaE:1131,LineaB:1083,LineaE,2,2.55546561518094
LineaE:1131,LineaB:1084,LineaE,7,8.935562042050233
LineaE:1131,LineaB:1085,LineaE,6,7.527094947255501
LineaE:1131,LineaB:1086,LineaE,6,7.490129756440666
LineaE:1131,LineaB:1088,LineaE,3,3.7330518403826103
LineaE:1131,LineaB:1089,LineaE,11,13.554260382548593
LineaE:1131,LineaB:1090,LineaE,13,15.979391116691897
LineaE:1131,LineaB:1092,LineaE,11,13.563745674950727
LineaE:1131,LineaC:1094,LineaE,55,69.67069725755846
LineaE:1131,LineaC:1095,LineaE,13,16.013585899144537
LineaE:1131,LineaC:1097,LineaE,7,8.791414323550924
LineaE:1131,LineaC:1098,LineaE,16,19.903515941757234
LineaE:1131,LineaC:1100,LineaE,12,14.702311785416725
LineaE:1131,LineaC:1101,LineaE,7,8.602043187068404
LineaE:1131,LineaD:1103,LineaE,18,22.458250157748992
LineaE:1131,LineaD:1104,LineaE,13,16.022137524959437
LineaE:1131,LineaD:1105,LineaE,4,4.952303273281443
LineaE:1131,LineaD:1106,LineaE,8,9.871107167675653
LineaE:1131,LineaD:1107,LineaE,9,11.057122671822027
LineaE:1131,LineaD:1108,LineaE,24,29.709003757061506
LineaE:1131,LineaD:1109,LineaE,15,18.486618330517153
LineaE:1131,LineaD:1110,LineaE,13,16.444330243842618
LineaE:1131,LineaD:1111,LineaE,18,22.471967682363267
LineaE:1131,LineaD:1112,LineaE,11,13.876780065443638
LineaE:1131,LineaD:1114,LineaE,11,13.952563051479066
LineaE:1131,LineaD:1115,LineaE,22,27.570838602050415
LineaE:1131,LineaD:1116,LineaE,20,24.690860728267218
LineaE:1131,LineaD:1117,LineaE,14,17.323669958396007
LineaE:1131,LineaE:1119,LineaE,122,150.48992438954897
LineaE:1131,LineaE:1120,LineaE,40,49.16639172028454
LineaE:1131,LineaE:1121,LineaE,106,132.3740638679169
LineaE:1131,LineaE:1122,LineaE,24,29.67737047888064
LineaE:1131,LineaE:1123,LineaE,33,41.75012945002487
LineaE:1131,LineaE:1124,LineaE,15,18.82408407419074
LineaE:1131,LineaE:1126,LineaE,36,45.484991721775835
LineaE:1131,LineaE:1127,LineaE,38,48.16009521878177
LineaE:1131,LineaE:1128,LineaE,54,68.18901118413402
LineaE:1131,LineaE:1129,LineaE,27,34.3859127703188
LineaE:1131,LineaE:1130,LineaE,14,17.734608419694755
LineaE:1131,LineaE:1132,LineaE,14,17.831271613659357
LineaE:1131,LineaE:1133,LineaE,13,16.688159593025013
LineaE:1131,LineaE:1164,LineaE,92,113.9707586527132
LineaE:1131,LineaE:1165,LineaE,45,55.515526428232945
LineaE:1131,LineaE:1166,LineaE,93,114.7384270893235
LineaE:1131,LineaH:1134,LineaE,7,9.056940519732038
LineaE:1131,LineaH:1135,LineaE,6,7.385088112691911
LineaE:1131,LineaH:1136,LineaE,9,11.147308890455678
LineaE:1131,LineaH:1137,LineaE,5,6.498041760545693
LineaE:1131,LineaH:1138,LineaE,28,34.99147928856011
LineaE:1131,LineaH:1139,LineaE,10,12.53977230747465
LineaE:1131,LineaH:1140,LineaE,20,25.125261731379243
LineaE:1131,LineaH:1141,LineaE,18,22.547060303349653
LineaE:1131,LineaH:1160,LineaE,36,44.60155267276939
LineaE:1131,LineaH:1161,LineaE,35,43.3261929194829
LineaE:1131,LineaH:1162,LineaE,34,42.33080776142771
LineaE:1131,LineaH:1163,LineaE,5,6.218565466632646
LineaE:1132,LineaA:1059,LineaE,3,3.795310619904146
LineaE:1132,LineaA:1060,LineaE,6,7.750411387954096
LineaE:1132,LineaA:1061,LineaE,9,11.154142505983739
LineaE:1132,LineaA:1062,LineaE,1,1.25492483495506
LineaE:1132,LineaA:1063,LineaE,6,7.296958413213929
LineaE:1132,LineaA:1064,LineaE,4,4.926715205978487
LineaE:1132,LineaA:1065,LineaE,4,5.152489130637844
LineaE:1132,LineaA:1066,LineaE,5,6.1062811438623426
LineaE:1132,LineaA:1067,LineaE,7,8.719248421917861
LineaE:1132,LineaA:1069,LineaE,4,4.981683793645614
LineaE:1132,LineaA:1070,LineaE,10,12.448849334748834
LineaE:1132,LineaA:1071,LineaE,18,22.515667665871558
LineaE:1132,LineaA:1072,LineaE,9,11.018644932947492
LineaE:1132,LineaA:1074,LineaE,13,16.014782906907023
LineaE:1132,LineaA:1076,LineaE,38,47.00275184333897
LineaE:1132,LineaB:1077,LineaE,10,12.3624110216428
LineaE:1132,LineaB:1078,LineaE,1,1.2288473505888862
LineaE:1132,LineaB:1079,LineaE,2,2.5167715108220494
LineaE:1132,LineaB:1080,LineaE,2,2.4752906219846533
LineaE:1132,LineaB:1081,LineaE,19,23.561502966942893
LineaE:1132,LineaB:1082,LineaE,5,6.210551103168885
LineaE:1132,LineaB:1083,LineaE,4,5.126426860012008
LineaE:1132,LineaB:1084,LineaE,7,8.835923058750168
LineaE:1132,LineaB:1085,LineaE,10,12.632428903859672
LineaE:1132,LineaB:1086,LineaE,8,9.90368359017454
LineaE:1132,LineaB:1088,LineaE,6,7.451469352000986
LineaE:1132,LineaB:1089,LineaE,12,14.99580973658197
LineaE:1132,LineaB:1090,LineaE,16,19.80498000855698
LineaE:1132,LineaB:1092,LineaE,12,14.751121154296627
LineaE:1132,LineaC:1094,LineaE,67,84.20714776571744
LineaE:1132,LineaC:1095,LineaE,11,13.802109452248152
LineaE:1132,LineaC:1097,LineaE,16,20.16919829517015
LineaE:1132,LineaC:1098,LineaE,8,9.910711239845638
LineaE:1132,LineaC:1100,LineaE,17,21.184048572037234
LineaE:1132,LineaC:1101,LineaE,7,8.737267291069827
LineaE:1132,LineaD:1103,LineaE,27,33.250980366077314
LineaE:1132,LineaD:1104,LineaE,13,16.24687303533787
LineaE:1132,LineaD:1105,LineaE,8,9.881750423631372
LineaE:1132,LineaD:1106,LineaE,15,18.78972524553496
LineaE:1132,LineaD:1107,LineaE,10,12.375666987047698
LineaE:1132,LineaD:1108,LineaE,20,24.77836940973938
LineaE:1132,LineaD:1109,LineaE,25,31.104859423332123
LineaE:1132,LineaD:1110,LineaE,18,22.45236435991304
LineaE:1132,LineaD:1111,LineaE,31,38.83918420129329
LineaE:1132,LineaD:1112,LineaE,6,7.425035888957172
LineaE:1132,LineaD:1114,LineaE,26,32.28471104535524
LineaE:1132,LineaD:1115,LineaE,24,29.78798444402485
LineaE:1132,LineaD:1116,LineaE,22,27.277567889266816
LineaE:1132,LineaD:1117,LineaE,15,18.636838349295356
LineaE:1132,LineaE:1119,LineaE,162,199.64162874690996
LineaE:1132,LineaE:1120,LineaE,48,58.779364098693854
LineaE:1132,LineaE:1121,LineaE,95,117.82128863001755
LineaE:1132,LineaE:1122,LineaE,16,19.986680024534394
LineaE:1132,LineaE:1123,LineaE,32,39.54773491095276
LineaE:1132,LineaE:1124,LineaE,19,23.626221821353678
LineaE:1132,LineaE:1126,LineaE,31,38.614788636061554
LineaE:1132,LineaE:1127,LineaE,37,46.14238437118376
LineaE:1132,LineaE:1128,LineaE,44,54.65327980126103
LineaE:1132,LineaE:1129,LineaE,28,34.88494654680819
LineaE:1132,LineaE:1130,LineaE,24,29.990867896915983
LineaE:1132,LineaE:1131,LineaE,9,11.264744642854321
LineaE:1132,LineaE:1164,LineaE,147,182.78092729689953
LineaE:1132,LineaE:1165,LineaE,67,82.41381522819817
LineaE:1132,LineaE:1166,LineaE,105,129.86353324947245
LineaE:1132,LineaH:1134,LineaE,4,4.99496217112374
LineaE:1132,LineaH:1135,LineaE,8,9.851195951873496
LineaE:1132,LineaH:1136,LineaE,8,10.010025935001712
LineaE:1132,LineaH:1137,LineaE,10,12.384785151144891
LineaE:1132,LineaH:1138,LineaE,20,24.906293564972202
LineaE:1132,LineaH:1139,LineaE,15,18.854956682002868
LineaE:1132,LineaH:1140,LineaE,28,35.13434217037762
LineaE:1132,LineaH:1141,LineaE,22,27.181526344056458
LineaE:1132,LineaH:1160,LineaE,39,48.46508876928588
LineaE:1132,LineaH:1161,LineaE,37,46.69902354170866
LineaE:1132,LineaH:1162,LineaE,36,44.7892284018767
LineaE:1132,LineaH:1163,LineaE,4,4.968680397715962
LineaE:1133,LineaA:1059,LineaE,22,27.427577767819734
LineaE:1133,LineaA:1060,LineaE,17,21.104023202459295
LineaE:1133,LineaA:1061,LineaE,12,14.799224368628217
LineaE:1133,LineaA:1062,LineaE,7,8.714547671627928
LineaE:1133,LineaA:1063,LineaE,11,13.612334627543248
LineaE:1133,LineaA:1064,LineaE,20,24.896301083231602
LineaE:1133,LineaA:1065,LineaE,23,28.564872697372465
LineaE:1133,LineaA:1066,LineaE,16,19.920746730317955
LineaE:1133,LineaA:1067,LineaE,27,33.31190816486304
LineaE:1133,LineaA:1069,LineaE,25,31.479312540118357
LineaE:1133,LineaA:1070,LineaE,30,37.19542301924935
LineaE:1133,LineaA:1071,LineaE,72,89.2980313763431
LineaE:1133,LineaA:1072,LineaE,31,38.36476932820026
LineaE:1133,LineaA:1074,LineaE,49,60.21816238812595
LineaE:1133,LineaA:1076,LineaE,172,212.78570278809022
LineaE:1133,LineaB:1077,LineaE,21,26.159759155932196
LineaE:1133,LineaB:1078,LineaE,4,4.970261337758892
LineaE:1133,LineaB:1079,LineaE,7,8.635957703944221
LineaE:1133,LineaB:1080,LineaE,21,25.993355867163107
LineaE:1133,LineaB:1081,LineaE,31,38.29929045191206
LineaE:1133,LineaB:1082,LineaE,33,40.950679390093775
LineaE:1133,LineaB:1083,LineaE,31,38.48627873167829
LineaE:1133,LineaB:1084,LineaE,36,44.71153925862349
LineaE:1133,LineaB:1085,LineaE,53,65.9061374676678
LineaE:1133,LineaB:1086,LineaE,39,48.64184298353182
LineaE:1133,LineaB:1088,LineaE,32,39.64994792351585
LineaE:1133,LineaB:1089,LineaE,39,48.4302539053699
LineaE:1133,LineaB:1090,LineaE,70,86.44792928283115
LineaE:1133,LineaB:1092,LineaE,39,47.926177190585825
LineaE:1133,LineaC:1094,LineaE,227,285.2192492236922
LineaE:1133,LineaC:1095,LineaE,37,45.65414451821908
LineaE:1133,LineaC:1097,LineaE,53,65.98305743203666
LineaE:1133,LineaC:1098,LineaE,83,103.01786480932539
LineaE:1133,LineaC:1100,LineaE,58,71.66772113062586
LineaE:1133,LineaC:1101,LineaE,60,74.48700501672121
LineaE:1133,LineaD:1103,LineaE,67,83.32370313444149
LineaE:1133,LineaD:1104,LineaE,68,84.5138786920096
LineaE:1133,LineaD:1105,LineaE,50,61.74526868452031
LineaE:1133,LineaD:1106,LineaE,63,78.0647686924511
LineaE:1133,LineaD:1107,LineaE,56,69.3376079269219
LineaE:1133,LineaD:1108,LineaE,95,117.931603238524
LineaE:1133,LineaD:1109,LineaE,135,168.39548173644516
LineaE:1133,LineaD:1110,LineaE,71,88.46015390723457
LineaE:1133,LineaD:1111,LineaE,88,109.05460263406837
LineaE:1133,LineaD:1112,LineaE,35,43.444168795191565
LineaE:1133,LineaD:1114,LineaE,118,146.13946362809838
LineaE:1133,LineaD:1115,LineaE,94,116.1991661528599
LineaE:1133,LineaD:1116,LineaE,80,98.67682569418145
LineaE:1133,LineaD:1117,LineaE,71,87.92191173031932
LineaE:1133,LineaE:1119,LineaE,544,670.8688676427912
LineaE:1133,LineaE:1120,LineaE,197,242.5523094272604
LineaE:1133,LineaE:1121,LineaE,308,383.5912051639043
LineaE:1133,LineaE:1122,LineaE,87,108.34491622555451
LineaE:1133,LineaE:1123,LineaE,141,175.10389664009884
LineaE:1133,LineaE:1124,LineaE,60,74.84007398716655
LineaE:1133,LineaE:1126,LineaE,91,113.46247219719919
LineaE:1133,LineaE:1127,LineaE,134,166.92386816571377
LineaE:1133,LineaE:1128,LineaE,84,104.73133488811315
LineaE:1133,LineaE:1129,LineaE,119,148.12140663253493
LineaE:1133,LineaE:1130,LineaE,37,46.4684588007624
LineaE:1133,LineaE:1131,LineaE,35,43.57978304299417
LineaE:1133,LineaE:1164,LineaE,443,549.7883328449122
LineaE:1133,LineaE:1165,LineaE,228,280.4900367318865
LineaE:1133,LineaE:1166,LineaE,312,383.76906932629856
LineaE:1133,LineaH:1134,LineaE,20,24.592830154958445
LineaE:1133,LineaH:1135,LineaE,24,29.86005228530189
LineaE:1133,LineaH:1136,LineaE,31,39.01575337480414
LineaE:1133,LineaH:1137,LineaE,28,35.119468157903654
LineaE:1133,LineaH:1138,LineaE,94,116.7968075510074
LineaE:1133,LineaH:1139,LineaE,76,95.27631390966016
LineaE:1133,LineaH:1140,LineaE,123,153.29938107456226
LineaE:1133,LineaH:1141,LineaE,115,142.61205784243666
LineaE:1133,LineaH:1160,LineaE,189,235.52381059085394
LineaE:1133,LineaH:1161,LineaE,191,237.05082019985795
LineaE:1133,LineaH:1162,LineaE,207,257.03506976747906
LineaE:1133,LineaH:1163,LineaE,54,66.74373277995096
LineaE:1164,LineaA:1059,LineaC,132,165.6869297689606
LineaE:1164,LineaA:1059,LineaE,35,44.53439590820189
LineaE:1164,LineaA:1060,LineaC,240,299.3459423765155
LineaE:1164,LineaA:1060,LineaE,48,60.67397294032182
LineaE:1164,LineaA:1061,LineaC,86,108.75066430667451
LineaE:1164,LineaA:1061,LineaE,36,45.982791514244944
LineaE:1164,LineaA:1062,LineaC,85,106.85236960668514
LineaE:1164,LineaA:1062,LineaE,20,25.45469508313016
LineaE:1164,LineaA:1063,LineaC,116,146.72593778804276
LineaE:1164,LineaA:1063,LineaE,42,53.088560532312
LineaE:1164,LineaA:1064,LineaC,92,115.77900225753227
LineaE:1164,LineaA:1064,LineaE,25,32.07573107512587
LineaE:1164,LineaA:1065,LineaC,88,111.13194678331028
LineaE:1164,LineaA:1065,LineaE,39,49.25004230085392
LineaE:1164,LineaA:1066,LineaC,84,106.00472116821052
LineaE:1164,LineaA:1066,LineaE,18,22.68022434426974
LineaE:1164,LineaA:1067,LineaC,82,104.18067050940495
LineaE:1164,LineaA:1067,LineaE,10,12.463555057146763
LineaE:1164,LineaA:1069,LineaC,27,34.215314969704544
LineaE:1164,LineaA:1069,LineaE,2,2.5118047215848986
LineaE:1164,LineaA:1070,LineaC,64,80.25055784160162
LineaE:1164,LineaA:1070,LineaE,11,14.155793817461479
LineaE:1164,LineaA:1071,LineaC,203,253.73617754341072
LineaE:1164,LineaA:1071,LineaE,8,9.963012948847563
LineaE:1164,LineaA:1072,LineaC,96,120.19030613371862
LineaE:1164,LineaA:1072,LineaE,8,9.985554554828777
LineaE:1164,LineaA:1074,LineaC,29,36.06149280202706
LineaE:1164,LineaA:1074,LineaE,3,3.737574227104865
LineaE:1164,LineaA:1076,LineaC,57,71.89212191864615
LineaE:1164,LineaA:1076,LineaE,37,45.86062246452193
LineaE:1164,LineaB:1077,LineaC,48,60.34977638615123
LineaE:1164,LineaB:1077,LineaE,25,31.773634160330488
LineaE:1164,LineaB:1078,LineaC,15,18.955208154418877
LineaE:1164,LineaB:1078,LineaE,5,6.281098522233482
LineaE:1164,LineaB:1079,LineaC,21,26.146049813544728
LineaE:1164,LineaB:1079,LineaE,22,27.645535543744025
LineaE:1164,LineaB:1080,LineaC,14,17.55729068244778
LineaE:1164,LineaB:1080,LineaE,12,15.072553838949801
LineaE:1164,LineaB:1081,LineaC,71,89.18959399207893
LineaE:1164,LineaB:1081,LineaE,36,45.36299918662522
LineaE:1164,LineaB:1082,LineaC,26,32.555943563583554
LineaE:1164,LineaB:1082,LineaE,10,12.877579506857904
LineaE:1164,LineaB:1083,LineaC,79,99.16071053344939
LineaE:1164,LineaB:1083,LineaE,39,49.34085279521218
LineaE:1164,LineaB:1084,LineaC,61,76.19377931439939
LineaE:1164,LineaB:1084,LineaE,26,32.78350209197441
LineaE:1164,LineaB:1085,LineaC,92,116.00587035511376
LineaE:1164,LineaB:1085,LineaE,29,36.882607340117275
LineaE:1164,LineaB:1086,LineaC,61,76.14881399640504
LineaE:1164,LineaB:1086,LineaE,18,22.490331401828275
LineaE:1164,LineaB:1088,LineaC,63,78.80662814551403
LineaE:1164,LineaB:1088,LineaE,9,11.307242050052619
LineaE:1164,LineaB:1089,LineaC,96,119.9269963838058
LineaE:1164,LineaB:1089,LineaE,16,20.238077443134774
LineaE:1164,LineaB:1090,LineaC,77,95.97230643066878
LineaE:1164,LineaB:1090,LineaE,10,12.425012406683846
LineaE:1164,LineaB:1092,LineaC,88,108.85892807976903
LineaE:1164,LineaB:1092,LineaE,19,23.53619768239825
LineaE:1164,LineaC:1094,LineaC,7564,9613.694052270834
LineaE:1164,LineaC:1094,LineaE,205,260.36267424730437
LineaE:1164,LineaC:1095,LineaC,304,381.2345952322488
LineaE:1164,LineaC:1095,LineaE,19,23.985637491605683
LineaE:1164,LineaC:1097,LineaC,624,770.8010211339107
LineaE:1164,LineaC:1097,LineaE,22,27.28092760003559
LineaE:1164,LineaC:1098,LineaC,470,583.5623545950929
LineaE:1164,LineaC:1098,LineaE,18,22.640554970092534
LineaE:1164,LineaC:1100,LineaC,387,480.3798012759703
LineaE:1164,LineaC:1100,LineaE,9,11.329942041656384
LineaE:1164,LineaD:1103,LineaC,97,122.77258022453866
LineaE:1164,LineaD:1103,LineaE,14,18.02107483919637
LineaE:1164,LineaD:1104,LineaC,119,148.632264802796
LineaE:1164,LineaD:1104,LineaE,21,26.30302356272245
LineaE:1164,LineaD:1105,LineaC,25,31.104823255661504
LineaE:1164,LineaD:1105,LineaE,4,5.257689727142731
LineaE:1164,LineaD:1106,LineaC,36,45.09725885009192
LineaE:1164,LineaD:1106,LineaE,2,2.5179735120056512
LineaE:1164,LineaD:1107,LineaC,31,38.9601841083394
LineaE:1164,LineaD:1107,LineaE,9,11.355529122106272
LineaE:1164,LineaD:1108,LineaC,45,56.32009928150796
LineaE:1164,LineaD:1108,LineaE,9,11.278045437543282
LineaE:1164,LineaD:1109,LineaC,75,93.91850648521661
LineaE:1164,LineaD:1109,LineaE,10,12.6076417832938
LineaE:1164,LineaD:1110,LineaC,56,70.48847489140694
LineaE:1164,LineaD:1110,LineaE,7,9.020664222724012
LineaE:1164,LineaD:1111,LineaC,35,44.08224431083495
LineaE:1164,LineaD:1111,LineaE,9,11.37240335617897
LineaE:1164,LineaD:1112,LineaC,27,33.60064007296684
LineaE:1164,LineaD:1112,LineaE,2,2.460485480649333
LineaE:1164,LineaD:1114,LineaC,112,139.61969918981163
LineaE:1164,LineaD:1114,LineaE,8,9.911619758328678
LineaE:1164,LineaD:1115,LineaC,106,132.4836069050526
LineaE:1164,LineaD:1115,LineaE,10,12.601875726098612
LineaE:1164,LineaD:1116,LineaC,127,159.03951731746153
LineaE:1164,LineaD:1116,LineaE,5,6.376294179707716
LineaE:1164,LineaD:1117,LineaC,288,358.5526668726346
LineaE:1164,LineaD:1117,LineaE,14,17.7389414973642
LineaE:1164,LineaE:1119,LineaC,349,433.13441067586297
LineaE:1164,LineaE:1119,LineaE,245,303.20598356282414
LineaE:1164,LineaE:1120,LineaC,92,114.02329327217377
LineaE:1164,LineaE:1120,LineaE,59,73.17864888966939
LineaE:1164,LineaE:1121,LineaC,1091,1362.871475041834
LineaE:1164,LineaE:1121,LineaE,111,139.05370322178007
LineaE:1164,LineaE:1122,LineaC,135,170.12209181358503
LineaE:1164,LineaE:1122,LineaE,102,127.56245177005721
LineaE:1164,LineaE:1123,LineaC,76,96.03799907417797
LineaE:1164,LineaE:1123,LineaE,105,132.1542135308157
LineaE:1164,LineaE:1124,LineaC,38,47.82471832034832
LineaE:1164,LineaE:1124,LineaE,48,61.19155120632261
LineaE:1164,LineaE:1126,LineaC,46,58.92501948757548
LineaE:1164,LineaE:1126,LineaE,85,107.590516710765
LineaE:1164,LineaE:1127,LineaC,64,80.68010556177725
LineaE:1164,LineaE:1127,LineaE,120,152.6347846472238
LineaE:1164,LineaE:1128,LineaC,62,78.78868071944648
LineaE:1164,LineaE:1128,LineaE,128,162.049558516997
LineaE:1164,LineaE:1129,LineaC,52,65.90785615735174
LineaE:1164,LineaE:1129,LineaE,111,141.09353942271852
LineaE:1164,LineaE:1130,LineaC,54,68.4562650774663
LineaE:1164,LineaE:1130,LineaE,119,151.10535358048006
LineaE:1164,LineaE:1131,LineaC,22,28.304117867796926
LineaE:1164,LineaE:1131,LineaE,64,80.94058946132583
LineaE:1164,LineaE:1132,LineaC,50,63.521605493781045
LineaE:1164,LineaE:1132,LineaE,150,190.83998823337828
LineaE:1164,LineaE:1133,LineaC,63,81.00149553812716
LineaE:1164,LineaE:1133,LineaE,115,146.82866560826827
LineaE:1164,LineaE:1165,LineaC,28,35.314119170533175
LineaE:1164,LineaE:1165,LineaE,19,23.764776914363896
LineaE:1164,LineaE:1166,LineaC,89,110.61936765140838
LineaE:1164,LineaE:1166,LineaE,141,175.13464463529573
LineaE:1164,LineaH:1134,LineaC,31,39.153490172482314
LineaE:1164,LineaH:1134,LineaE,51,64.48478278835647
LineaE:1164,LineaH:1135,LineaC,36,45.260796158872516
LineaE:1164,LineaH:1135,LineaE,48,60.257645750104906
LineaE:1164,LineaH:1136,LineaC,31,39.22160755129962
LineaE:1164,LineaH:1136,LineaE,21,26.282976145796376
LineaE:1164,LineaH:1137,LineaC,23,28.735251396250202
LineaE:1164,LineaH:1137,LineaE,23,29.186155455083888
LineaE:1164,LineaH:1138,LineaC,55,69.28411561319342
LineaE:1164,LineaH:1138,LineaE,80,101.3675843643344
LineaE:1164,LineaH:1139,LineaC,32,40.430048354605546
LineaE:1164,LineaH:1139,LineaE,19,24.262311134080335
LineaE:1164,LineaH:1140,LineaC,444,559.7389448529115
LineaE:1164,LineaH:1140,LineaE,48,60.742175786789694
LineaE:1164,LineaH:1141,LineaC,84,105.46027470144877
LineaE:1164,LineaH:1141,LineaE,10,12.456175207153853
LineaE:1164,LineaH:1160,LineaC,36,45.00826622241472
LineaE:1164,LineaH:1160,LineaE,6,7.524239799049446
LineaE:1164,LineaH:1161,LineaC,62,77.50531948457142
LineaE:1164,LineaH:1161,LineaE,6,7.583288797096711
LineaE:1164,LineaH:1162,LineaC,18,23.00161898339594
LineaE:1164,LineaH:1162,LineaE,6,7.734215547994958
LineaE:1164,LineaH:1163,LineaC,21,26.714553041956425
LineaE:1164,LineaH:1163,LineaE,10,12.651451515780742
LineaE:1165,LineaA:1059,LineaE,74,93.22124180525466
LineaE:1165,LineaA:1060,LineaE,57,72.35612362955622
LineaE:1165,LineaA:1061,LineaE,59,74.80072341075376
LineaE:1165,LineaA:1062,LineaE,46,58.52155018277245
LineaE:1165,LineaA:1063,LineaE,91,115.72062286145278
LineaE:1165,LineaA:1064,LineaE,73,92.02765494059096
LineaE:1165,LineaA:1065,LineaE,69,88.15206829413916
LineaE:1165,LineaA:1066,LineaE,42,53.25549643310563
LineaE:1165,LineaA:1067,LineaE,21,26.61357834865819
LineaE:1165,LineaA:1069,LineaE,1,1.348399100705481
LineaE:1165,LineaA:1070,LineaE,10,12.855869377399875
LineaE:1165,LineaA:1071,LineaE,13,16.45883691554002
LineaE:1165,LineaA:1072,LineaE,12,15.228560929154442
LineaE:1165,LineaA:1074,LineaE,6,7.516254289354325
LineaE:1165,LineaA:1076,LineaE,12,15.138972312805617
LineaE:1165,LineaB:1077,LineaE,49,62.36288705134318
LineaE:1165,LineaB:1078,LineaE,31,39.71378649015144
LineaE:1165,LineaB:1079,LineaE,28,35.487665865227896
LineaE:1165,LineaB:1080,LineaE,17,21.309097805495597
LineaE:1165,LineaB:1081,LineaE,68,87.10847812303035
LineaE:1165,LineaB:1082,LineaE,33,42.282858910051054
LineaE:1165,LineaB:1083,LineaE,45,56.98719694230921
LineaE:1165,LineaB:1084,LineaE,52,65.9125363951146
LineaE:1165,LineaB:1085,LineaE,41,51.98965232081451
LineaE:1165,LineaB:1086,LineaE,18,22.741016593179324
LineaE:1165,LineaB:1088,LineaE,10,12.84392165561227
LineaE:1165,LineaB:1089,LineaE,17,21.291230500893292
LineaE:1165,LineaB:1090,LineaE,8,10.049370727723673
LineaE:1165,LineaB:1092,LineaE,3,3.754018334776828
LineaE:1165,LineaC:1094,LineaE,139,176.69527462049155
LineaE:1165,LineaC:1095,LineaE,11,13.957930408113002
LineaE:1165,LineaC:1097,LineaE,8,9.993861817173494
LineaE:1165,LineaC:1098,LineaE,7,8.795744170063099
LineaE:1165,LineaC:1100,LineaE,1,1.2288473505888862
LineaE:1165,LineaC:1101,LineaE,3,3.75461542395428
LineaE:1165,LineaD:1103,LineaE,45,57.04382922309322
LineaE:1165,LineaD:1104,LineaE,30,38.3704815542009
LineaE:1165,LineaD:1105,LineaE,21,27.051752309601117
LineaE:1165,LineaD:1106,LineaE,21,26.488295692588444
LineaE:1165,LineaD:1107,LineaE,17,21.463881802991118
LineaE:1165,LineaD:1108,LineaE,27,34.268962396527
LineaE:1165,LineaD:1109,LineaE,41,51.58391175866039
LineaE:1165,LineaD:1110,LineaE,27,34.258581643061135
LineaE:1165,LineaD:1111,LineaE,33,42.14713678208447
LineaE:1165,LineaD:1112,LineaE,8,10.063422168105278
LineaE:1165,LineaD:1114,LineaE,6,7.549631367837346
LineaE:1165,LineaD:1115,LineaE,4,5.1429991503109775
LineaE:1165,LineaD:1116,LineaE,6,7.507643141497685
LineaE:1165,LineaD:1117,LineaE,3,3.7681526487653887
LineaE:1165,LineaE:1119,LineaE,72,90.57857302336117
LineaE:1165,LineaE:1120,LineaE,31,39.27414783095418
LineaE:1165,LineaE:1121,LineaE,67,84.42068174614023
LineaE:1165,LineaE:1122,LineaE,34,43.345172980714196
LineaE:1165,LineaE:1123,LineaE,47,59.48470839600886
LineaE:1165,LineaE:1124,LineaE,39,49.74886807042914
LineaE:1165,LineaE:1126,LineaE,70,88.84853306086305
LineaE:1165,LineaE:1127,LineaE,107,136.4651161164338
LineaE:1165,LineaE:1128,LineaE,127,161.68020711684815
LineaE:1165,LineaE:1129,LineaE,162,207.1238088188886
LineaE:1165,LineaE:1130,LineaE,145,184.76689047736295
LineaE:1165,LineaE:1131,LineaE,56,71.3274783233396
LineaE:1165,LineaE:1132,LineaE,109,138.40640563841197
LineaE:1165,LineaE:1133,LineaE,106,135.11599819153193
LineaE:1165,LineaE:1164,LineaE,34,43.3398054982045
LineaE:1165,LineaE:1166,LineaE,19,23.944904575534206
LineaE:1165,LineaH:1134,LineaE,22,27.63497316156669
LineaE:1165,LineaH:1135,LineaE,23,29.27322240174321
LineaE:1165,LineaH:1136,LineaE,24,30.962021900535596
LineaE:1165,LineaH:1137,LineaE,25,31.48336319955358
LineaE:1165,LineaH:1138,LineaE,49,62.57594958590766
LineaE:1165,LineaH:1139,LineaE,14,17.96617695529519
LineaE:1165,LineaH:1140,LineaE,171,216.8181667906607
LineaE:1165,LineaH:1141,LineaE,7,8.75276540341762
LineaE:1165,LineaH:1160,LineaE,9,11.271468208290607
LineaE:1165,LineaH:1161,LineaE,12,15.447223654298037
LineaE:1165,LineaH:1162,LineaE,5,6.438277626870612
LineaE:1165,LineaH:1163,LineaE,1,1.2491664413805532
LineaE:1166,LineaA:1059,LineaB,6,7.51513286247775
LineaE:1166,LineaA:1059,LineaE,29,36.76563958818688
LineaE:1166,LineaA:1060,LineaB,11,14.009174846267168
LineaE:1166,LineaA:1060,LineaE,46,58.63688953944524
LineaE:1166,LineaA:1061,LineaB,11,14.126155309893798
LineaE:1166,LineaA:1061,LineaE,41,51.623772296536636
LineaE:1166,LineaA:1062,LineaB,10,12.670258773769286
LineaE:1166,LineaA:1062,LineaE,22,27.782951899447408
LineaE:1166,LineaA:1063,LineaB,13,16.43532956690876
LineaE:1166,LineaA:1063,LineaE,61,77.84939297958016
LineaE:1166,LineaA:1064,LineaB,20,25.777883105502482
LineaE:1166,LineaA:1064,LineaE,56,72.12689881199013
LineaE:1166,LineaA:1065,LineaB,45,57.56538400524288
LineaE:1166,LineaA:1065,LineaE,59,75.58026716689395
LineaE:1166,LineaA:1066,LineaB,60,76.21705368845801
LineaE:1166,LineaA:1066,LineaE,28,35.54274765592348
LineaE:1166,LineaA:1067,LineaB,23,29.100591148759918
LineaE:1166,LineaA:1067,LineaE,17,21.312997523380165
LineaE:1166,LineaA:1069,LineaB,13,16.167679793776244
LineaE:1166,LineaA:1069,LineaE,5,6.462303938652619
LineaE:1166,LineaA:1070,LineaB,14,17.647620537233173
LineaE:1166,LineaA:1070,LineaE,11,14.30109104102114
LineaE:1166,LineaA:1071,LineaB,45,56.571972424589006
LineaE:1166,LineaA:1071,LineaE,21,27.185049262684487
LineaE:1166,LineaA:1072,LineaB,10,12.494445137110954
LineaE:1166,LineaA:1072,LineaE,6,7.692302007122505
LineaE:1166,LineaA:1074,LineaE,7,8.806049108073438
LineaE:1166,LineaA:1076,LineaB,21,26.434233589839955
LineaE:1166,LineaA:1076,LineaE,7,9.060570757789417
LineaE:1166,LineaB:1077,LineaB,1339,1696.3817728160755
LineaE:1166,LineaB:1077,LineaE,93,119.969835178932
LineaE:1166,LineaB:1078,LineaB,338,428.70782228081265
LineaE:1166,LineaB:1078,LineaE,23,29.709150214386213
LineaE:1166,LineaB:1079,LineaB,452,572.3230393828113
LineaE:1166,LineaB:1079,LineaE,41,52.177399748357125
LineaE:1166,LineaB:1080,LineaB,266,334.26820169557527
LineaE:1166,LineaB:1080,LineaE,34,43.22159208422051
LineaE:1166,LineaB:1081,LineaB,1610,2043.6498537082796
LineaE:1166,LineaB:1081,LineaE,115,147.11207029587467
LineaE:1166,LineaB:1082,LineaB,635,801.4103070638919
LineaE:1166,LineaB:1082,LineaE,52,66.10077989549018
LineaE:1166,LineaB:1083,LineaB,687,867.8428002695032
LineaE:1166,LineaB:1083,LineaE,49,63.35180489043887
LineaE:1166,LineaB:1084,LineaB,1044,1320.0288051739344
LineaE:1166,LineaB:1084,LineaE,82,104.32951934046211
LineaE:1166,LineaB:1085,LineaB,629,794.3761594066233
LineaE:1166,LineaB:1085,LineaE,71,91.78497007768087
LineaE:1166,LineaB:1086,LineaB,362,456.03069883265033
LineaE:1166,LineaB:1086,LineaE,49,62.300652123703436
LineaE:1166,LineaB:1088,LineaB,209,261.0367881926824
LineaE:1166,LineaB:1088,LineaE,30,38.20924936242431
LineaE:1166,LineaB:1089,LineaB,300,374.38140386869964
LineaE:1166,LineaB:1089,LineaE,27,34.34817338189553
LineaE:1166,LineaB:1090,LineaB,188,235.08024911094583
LineaE:1166,LineaB:1090,LineaE,24,30.841410459758734
LineaE:1166,LineaB:1092,LineaB,24,30.010574594627833
LineaE:1166,LineaB:1092,LineaE,10,12.761034068256196
LineaE:1166,LineaC:1094,LineaB,165,208.1427054037055
LineaE:1166,LineaC:1094,LineaE,334,425.20926708139154
LineaE:1166,LineaC:1095,LineaB,12,15.13686283872784
LineaE:1166,LineaC:1095,LineaE,24,30.81125131331681
LineaE:1166,LineaC:1097,LineaB,9,11.440344290798109
LineaE:1166,LineaC:1097,LineaE,48,60.98846147865282
LineaE:1166,LineaC:1098,LineaB,22,27.74425844254194
LineaE:1166,LineaC:1098,LineaE,18,22.8601242389877
LineaE:1166,LineaC:1100,LineaB,30,37.72684604038935
LineaE:1166,LineaC:1100,LineaE,7,8.877522912436321
LineaE:1166,LineaC:1101,LineaB,23,28.623315885254883
LineaE:1166,LineaC:1101,LineaE,12,15.201079475497888
LineaE:1166,LineaD:1103,LineaB,135,171.21909412702414
LineaE:1166,LineaD:1103,LineaE,32,41.48228408762276
LineaE:1166,LineaD:1104,LineaB,99,125.18880004076304
LineaE:1166,LineaD:1104,LineaE,16,20.58851444461293
LineaE:1166,LineaD:1105,LineaB,69,87.29055242692102
LineaE:1166,LineaD:1105,LineaE,18,23.390577700328873
LineaE:1166,LineaD:1106,LineaB,76,96.31987149443651
LineaE:1166,LineaD:1106,LineaE,19,24.08118491761681
LineaE:1166,LineaD:1107,LineaB,53,67.02230596820196
LineaE:1166,LineaD:1107,LineaE,12,15.157511102531988
LineaE:1166,LineaD:1108,LineaB,72,91.45524538306181
LineaE:1166,LineaD:1108,LineaE,21,26.29834557627407
LineaE:1166,LineaD:1109,LineaB,67,84.66462552107652
LineaE:1166,LineaD:1109,LineaE,23,29.62279917075069
LineaE:1166,LineaD:1110,LineaB,81,102.90233690660106
LineaE:1166,LineaD:1110,LineaE,20,25.824511487673256
LineaE:1166,LineaD:1111,LineaB,85,108.04435156381815
LineaE:1166,LineaD:1111,LineaE,19,24.48409514364473
LineaE:1166,LineaD:1112,LineaB,50,63.36909286287245
LineaE:1166,LineaD:1112,LineaE,5,6.297261740428943
LineaE:1166,LineaD:1114,LineaB,94,117.94514598907605
LineaE:1166,LineaD:1114,LineaE,13,16.257464657645603
LineaE:1166,LineaD:1115,LineaB,113,141.61475652546056
LineaE:1166,LineaD:1115,LineaE,19,24.21118520841278
LineaE:1166,LineaD:1116,LineaB,94,118.04947072039336
LineaE:1166,LineaD:1116,LineaE,15,20.258897772127085
LineaE:1166,LineaD:1117,LineaB,124,155.49820466275028
LineaE:1166,LineaD:1117,LineaE,21,27.14720360019963
LineaE:1166,LineaE:1119,LineaB,13,16.38939014678311
LineaE:1166,LineaE:1119,LineaE,33,41.45057162904605
LineaE:1166,LineaE:1120,LineaB,24,30.65239453033378
LineaE:1166,LineaE:1120,LineaE,60,75.30424878284234
LineaE:1166,LineaE:1121,LineaB,23,28.874436144627786
LineaE:1166,LineaE:1121,LineaE,184,231.5564170187123
LineaE:1166,LineaE:1122,LineaB,8,10.048833041036923
LineaE:1166,LineaE:1122,LineaE,74,95.14473230306099
LineaE:1166,LineaE:1123,LineaB,8,10.17025686800281
LineaE:1166,LineaE:1123,LineaE,120,152.80845530382956
LineaE:1166,LineaE:1124,LineaB,3,3.7772504001927567
LineaE:1166,LineaE:1124,LineaE,64,81.67393936764702
LineaE:1166,LineaE:1126,LineaB,3,3.7936636374953316
LineaE:1166,LineaE:1126,LineaE,134,171.17809261581408
LineaE:1166,LineaE:1127,LineaB,13,16.808197964626675
LineaE:1166,LineaE:1127,LineaE,220,282.19242145064175
LineaE:1166,LineaE:1128,LineaB,11,14.08439209084891
LineaE:1166,LineaE:1128,LineaE,204,259.3624097929077
LineaE:1166,LineaE:1129,LineaB,4,5.1116217186766875
LineaE:1166,LineaE:1129,LineaE,212,270.2153530921501
LineaE:1166,LineaE:1130,LineaB,5,6.275152565458353
LineaE:1166,LineaE:1130,LineaE,207,263.7215306868117
LineaE:1166,LineaE:1131,LineaE,113,143.55777168024693
LineaE:1166,LineaE:1132,LineaB,4,5.084084383642115
LineaE:1166,LineaE:1132,LineaE,174,220.9047605601985
LineaE:1166,LineaE:1133,LineaB,1,1.253418966173874
LineaE:1166,LineaE:1133,LineaE,205,261.24058579212453
LineaE:1166,LineaE:1164,LineaB,74,92.66625254547692
LineaE:1166,LineaE:1164,LineaE,319,403.88619756966506
LineaE:1166,LineaE:1165,LineaB,124,154.60955321551987
LineaE:1166,LineaE:1165,LineaE,54,67.89211012905407
LineaE:1166,LineaH:1134,LineaB,40,50.88752844871432
LineaE:1166,LineaH:1134,LineaE,52,66.18142196840903
LineaE:1166,LineaH:1135,LineaB,32,40.4866791179632
LineaE:1166,LineaH:1135,LineaE,38,47.98424677191432
LineaE:1166,LineaH:1136,LineaB,13,16.496122574671304
LineaE:1166,LineaH:1136,LineaE,40,50.873860761914216
LineaE:1166,LineaH:1137,LineaB,8,10.444590342621398
LineaE:1166,LineaH:1137,LineaE,29,37.88687085138055
LineaE:1166,LineaH:1138,LineaB,6,7.533520576990528
LineaE:1166,LineaH:1138,LineaE,85,108.1124626433285
LineaE:1166,LineaH:1139,LineaB,26,33.04636247353392
LineaE:1166,LineaH:1139,LineaE,23,29.577625387080236
LineaE:1166,LineaH:1140,LineaB,375,473.1322449832207
LineaE:1166,LineaH:1140,LineaE,75,95.28833299373031
LineaE:1166,LineaH:1141,LineaB,254,317.07915788953835
LineaE:1166,LineaH:1141,LineaE,32,40.10161797110099
LineaE:1166,LineaH:1160,LineaB,97,121.6112117969996
LineaE:1166,LineaH:1160,LineaE,11,14.519715297562419
LineaE:1166,LineaH:1161,LineaB,79,99.30264972476103
LineaE:1166,LineaH:1161,LineaE,17,21.808215845463387
LineaE:1166,LineaH:1162,LineaB,42,53.225140133882604
LineaE:1166,LineaH:1162,LineaE,13,16.65541129022154
LineaE:1166,LineaH:1163,LineaB,16,20.064911229673058
LineaE:1166,LineaH:1163,LineaE,4,5.007768725369159
LineaH:1134,LineaA:1059,LineaH,49,61.28059745657488
LineaH:1134,LineaA:1060,LineaH,68,84.86850161702833
LineaH:1134,LineaA:1061,LineaH,32,39.85861406794233
LineaH:1134,LineaA:1062,LineaH,16,20.303415538762156
LineaH:1134,LineaA:1063,LineaH,29,36.55357665542061
LineaH:1134,LineaA:1064,LineaH,43,53.81354255636546
LineaH:1134,LineaA:1065,LineaH,33,41.01225538311542
LineaH:1134,LineaA:1066,LineaH,26,32.089016069848746
LineaH:1134,LineaA:1067,LineaH,41,50.70197364870735
LineaH:1134,LineaA:1069,LineaH,42,52.266328306395486
LineaH:1134,LineaA:1070,LineaH,31,39.968346097527956
LineaH:1134,LineaA:1071,LineaH,78,96.71756423494718
LineaH:1134,LineaA:1072,LineaH,46,56.88467630491321
LineaH:1134,LineaA:1074,LineaH,31,38.499935487474566
LineaH:1134,LineaA:1076,LineaH,93,115.23116147724956
LineaH:1134,LineaB:1077,LineaH,247,308.7625119139363
LineaH:1134,LineaB:1078,LineaH,55,68.3092248188131
LineaH:1134,LineaB:1079,LineaH,71,88.71502687107777
LineaH:1134,LineaB:1080,LineaH,80,98.60378788721518
LineaH:1134,LineaB:1081,LineaH,194,242.2582247891164
LineaH:1134,LineaB:1082,LineaH,150,187.4822651021934
LineaH:1134,LineaB:1083,LineaH,99,123.10361608191705
LineaH:1134,LineaB:1084,LineaH,125,154.6027589569569
LineaH:1134,LineaB:1085,LineaH,128,158.94229535352773
LineaH:1134,LineaB:1086,LineaH,104,129.3937777187178
LineaH:1134,LineaB:1088,LineaH,92,113.81236844085922
LineaH:1134,LineaB:1089,LineaH,125,154.5454533721582
LineaH:1134,LineaB:1090,LineaH,92,113.47201707080556
LineaH:1134,LineaB:1092,LineaH,63,77.96534950157556
LineaH:1134,LineaC:1094,LineaH,40,49.97297580695878
LineaH:1134,LineaC:1095,LineaH,7,8.66436263170055
LineaH:1134,LineaC:1097,LineaH,14,17.739286934973393
LineaH:1134,LineaC:1098,LineaH,40,49.999483032226635
LineaH:1134,LineaC:1100,LineaH,46,56.65678675786939
LineaH:1134,LineaC:1101,LineaH,36,44.813366365980656
LineaH:1134,LineaD:1103,LineaH,278,344.9643978181177
LineaH:1134,LineaD:1104,LineaH,251,312.1405086901812
LineaH:1134,LineaD:1105,LineaH,166,205.8772213071158
LineaH:1134,LineaD:1106,LineaH,179,221.1644434959241
LineaH:1134,LineaD:1107,LineaH,175,216.61119221868233
LineaH:1134,LineaD:1108,LineaH,257,318.65001864956537
LineaH:1134,LineaD:1109,LineaH,255,315.3912571674393
LineaH:1134,LineaD:1110,LineaH,242,299.51499867592224
LineaH:1134,LineaD:1111,LineaH,213,263.52106121782754
LineaH:1134,LineaD:1112,LineaH,86,107.26224213330111
LineaH:1134,LineaD:1114,LineaH,191,237.2256059282353
LineaH:1134,LineaD:1115,LineaH,138,170.70454367280928
LineaH:1134,LineaD:1116,LineaH,91,112.33912480293117
LineaH:1134,LineaD:1117,LineaH,88,109.23092273732364
LineaH:1134,LineaE:1119,LineaH,141,173.52797108328625
LineaH:1134,LineaE:1120,LineaH,31,38.31052350335229
LineaH:1134,LineaE:1121,LineaH,43,53.7452193251526
LineaH:1134,LineaE:1122,LineaH,26,32.722619513770596
LineaH:1134,LineaE:1123,LineaH,24,29.94311989183124
LineaH:1134,LineaE:1124,LineaH,12,14.884574123454401
LineaH:1134,LineaE:1126,LineaH,28,34.51438725142567
LineaH:1134,LineaE:1127,LineaH,42,52.08829971165899
LineaH:1134,LineaE:1128,LineaH,10,12.481932657176596
LineaH:1134,LineaE:1129,LineaH,14,17.82597151110026
LineaH:1134,LineaE:1130,LineaH,14,17.579813733754584
LineaH:1134,LineaE:1131,LineaH,9,11.408931967523385
LineaH:1134,LineaE:1132,LineaH,8,10.022534603607513
LineaH:1134,LineaE:1133,LineaH,4,4.989616187275669
LineaH:1134,LineaE:1164,LineaH,122,151.18531137794656
LineaH:1134,LineaE:1165,LineaH,90,110.62463145725674
LineaH:1134,LineaE:1166,LineaH,103,126.71779302714019
LineaH:1134,LineaH:1135,LineaH,98,121.30675825968058
LineaH:1134,LineaH:1136,LineaH,100,124.22800962147151
LineaH:1134,LineaH:1137,LineaH,57,71.74569645621085
LineaH:1134,LineaH:1138,LineaH,97,120.83749046164971
LineaH:1134,LineaH:1139,LineaH,159,198.9821442113742
LineaH:1134,LineaH:1140,LineaH,1012,1253.5827361715242
LineaH:1134,LineaH:1141,LineaH,404,498.84055759974547
LineaH:1134,LineaH:1160,LineaH,491,608.0895502584726
LineaH:1134,LineaH:1161,LineaH,602,745.7287337439564
LineaH:1134,LineaH:1162,LineaH,714,882.9327837581844
LineaH:1134,LineaH:1163,LineaH,166,205.274913831199
LineaH:1135,LineaA:1059,LineaH,51,64.0227756279624
LineaH:1135,LineaA:1060,LineaH,91,113.64277021703651
LineaH:1135,LineaA:1061,LineaH,33,41.84103994288305
LineaH:1135,LineaA:1062,LineaH,27,33.842864318515616
LineaH:1135,LineaA:1063,LineaH,56,70.57163332521793
LineaH:1135,LineaA:1064,LineaH,73,91.68667241842397
LineaH:1135,LineaA:1065,LineaH,36,45.143663610540266
LineaH:1135,LineaA:1066,LineaH,51,63.89315440653262
LineaH:1135,LineaA:1067,LineaH,35,43.707411921184836
LineaH:1135,LineaA:1069,LineaH,34,42.697323855584685
LineaH:1135,LineaA:1070,LineaH,23,28.564917135475696
LineaH:1135,LineaA:1071,LineaH,48,60.499851338124984
LineaH:1135,LineaA:1072,LineaH,17,21.146630929975114
LineaH:1135,LineaA:1074,LineaH,9,11.12233993245665
LineaH:1135,LineaA:1076,LineaH,63,78.20607084362841
LineaH:1135,LineaB:1077,LineaH,245,309.11672101074697
LineaH:1135,LineaB:1078,LineaH,56,70.26823564324171
LineaH:1135,LineaB:1079,LineaH,59,74.05110196517525
LineaH:1135,LineaB:1080,LineaH,53,65.99094251347738
LineaH:1135,LineaB:1081,LineaH,202,254.5972970940198
LineaH:1135,LineaB:1082,LineaH,117,146.91845460530513
LineaH:1135,LineaB:1083,LineaH,99,124.01104420065475
LineaH:1135,LineaB:1084,LineaH,112,140.9592271943318
LineaH:1135,LineaB:1085,LineaH,124,155.6187136948306
LineaH:1135,LineaB:1086,LineaH,105,132.03796740299478
LineaH:1135,LineaB:1088,LineaH,43,53.20313891678302
LineaH:1135,LineaB:1089,LineaH,65,81.11908750527546
LineaH:1135,LineaB:1090,LineaH,53,65.92954765188938
LineaH:1135,LineaB:1092,LineaH,61,75.50862481832888
LineaH:1135,LineaC:1094,LineaH,49,61.44867764936668
LineaH:1135,LineaC:1095,LineaH,12,15.083660820638423
LineaH:1135,LineaC:1097,LineaH,12,15.101497428736533
LineaH:1135,LineaC:1098,LineaH,13,16.200346679559644
LineaH:1135,LineaC:1100,LineaH,27,33.63905556452776
LineaH:1135,LineaC:1101,LineaH,23,28.588375784368328
LineaH:1135,LineaD:1103,LineaH,273,343.4816261446314
LineaH:1135,LineaD:1104,LineaH,258,324.40646865285845
LineaH:1135,LineaD:1105,LineaH,144,181.74428439079975
LineaH:1135,LineaD:1106,LineaH,135,169.72710460565335
LineaH:1135,LineaD:1107,LineaH,116,146.29071220603194
LineaH:1135,LineaD:1108,LineaH,196,245.24538351306106
LineaH:1135,LineaD:1109,LineaH,186,232.80468482433807
LineaH:1135,LineaD:1110,LineaH,153,192.09029937222854
LineaH:1135,LineaD:1111,LineaH,159,199.9305039159577
LineaH:1135,LineaD:1112,LineaH,50,62.971559638664495
LineaH:1135,LineaD:1114,LineaH,131,162.72729328792093
LineaH:1135,LineaD:1115,LineaH,112,141.05759412518933
LineaH:1135,LineaD:1116,LineaH,41,51.272458593050494
LineaH:1135,LineaD:1117,LineaH,60,74.83451999058629
LineaH:1135,LineaE:1119,LineaH,114,141.421442833969
LineaH:1135,LineaE:1120,LineaH,28,34.712748719562235
LineaH:1135,LineaE:1121,LineaH,22,27.769767257156236
LineaH:1135,LineaE:1122,LineaH,17,21.51784348199608
LineaH:1135,LineaE:1123,LineaH,23,29.579190883910584
LineaH:1135,LineaE:1124,LineaH,9,11.563144061277923
LineaH:1135,LineaE:1126,LineaH,22,28.365313119588244
LineaH:1135,LineaE:1127,LineaH,36,45.74949192891504
LineaH:1135,LineaE:1128,LineaH,12,15.148577988123453
LineaH:1135,LineaE:1129,LineaH,16,20.506961089392927
LineaH:1135,LineaE:1130,LineaH,21,26.65004041400809
LineaH:1135,LineaE:1131,LineaH,20,25.476492778276107
LineaH:1135,LineaE:1132,LineaH,7,8.947577282338417
LineaH:1135,LineaE:1133,LineaH,5,6.400331030269622
LineaH:1135,LineaE:1164,LineaH,144,179.86141347835988
LineaH:1135,LineaE:1165,LineaH,56,69.40092138653952
LineaH:1135,LineaE:1166,LineaH,68,84.38670734166114
LineaH:1135,LineaH:1134,LineaH,114,142.25017689078726
LineaH:1135,LineaH:1136,LineaH,124,154.82158133270903
LineaH:1135,LineaH:1137,LineaH,69,87.89512639992532
LineaH:1135,LineaH:1138,LineaH,95,120.02449305714937
LineaH:1135,LineaH:1139,LineaH,103,129.4514250024455
LineaH:1135,LineaH:1140,LineaH,548,686.7674954776434
LineaH:1135,LineaH:1141,LineaH,296,367.98408785626884
LineaH:1135,LineaH:1160,LineaH,310,387.9173683115973
LineaH:1135,LineaH:1161,LineaH,444,557.1358791432551
LineaH:1135,LineaH:1162,LineaH,490,616.0820949242004
LineaH:1135,LineaH:1163,LineaH,99,123.07301664744101
LineaH:1136,LineaA:1059,LineaH,33,41.76355324184319
LineaH:1136,LineaA:1060,LineaH,51,63.35389405779655
LineaH:1136,LineaA:1061,LineaH,39,49.137707956771536
LineaH:1136,LineaA:1062,LineaH,20,24.99503760119286
LineaH:1136,LineaA:1063,LineaH,46,57.91319874149739
LineaH:1136,LineaA:1064,LineaH,60,75.74378459023656
LineaH:1136,LineaA:1065,LineaH,30,38.54656092276958
LineaH:1136,LineaA:1066,LineaH,71,88.9529137959677
LineaH:1136,LineaA:1067,LineaH,37,46.47828230017805
LineaH:1136,LineaA:1069,LineaH,25,31.315957027975124
LineaH:1136,LineaA:1070,LineaH,10,12.85086320315945
LineaH:1136,LineaA:1071,LineaH,27,33.64057731718002
LineaH:1136,LineaA:1072,LineaH,10,12.404524159282824
LineaH:1136,LineaA:1074,LineaH,6,7.507222891057695
LineaH:1136,LineaA:1076,LineaH,42,52.403517599869616
LineaH:1136,LineaB:1077,LineaH,153,192.2263590432322
LineaH:1136,LineaB:1078,LineaH,27,34.17744702236465
LineaH:1136,LineaB:1079,LineaH,46,58.23927853764737
LineaH:1136,LineaB:1080,LineaH,21,26.674272405614037
LineaH:1136,LineaB:1081,LineaH,146,184.83025128443734
LineaH:1136,LineaB:1082,LineaH,66,83.23489294534672
LineaH:1136,LineaB:1083,LineaH,63,78.72743674743852
LineaH:1136,LineaB:1084,LineaH,80,100.4218246617433
LineaH:1136,LineaB:1085,LineaH,123,154.46247514485663
LineaH:1136,LineaB:1086,LineaH,81,101.53295963898793
LineaH:1136,LineaB:1088,LineaH,33,41.20184541609917
LineaH:1136,LineaB:1089,LineaH,39,48.55802964752745
LineaH:1136,LineaB:1090,LineaH,21,26.091167223194688
LineaH:1136,LineaB:1092,LineaH,29,36.03396071858751
LineaH:1136,LineaC:1094,LineaH,19,23.56334603964161
LineaH:1136,LineaC:1095,LineaH,4,5.154585750515593
LineaH:1136,LineaC:1097,LineaH,2,2.5179735120056512
LineaH:1136,LineaC:1098,LineaH,14,17.952904657508082
LineaH:1136,LineaC:1100,LineaH,8,10.19623143589566
LineaH:1136,LineaC:1101,LineaH,8,9.914776738380287
LineaH:1136,LineaD:1103,LineaH,116,146.92005128389542
LineaH:1136,LineaD:1104,LineaH,103,129.89639338907295
LineaH:1136,LineaD:1105,LineaH,70,88.57579221532791
LineaH:1136,LineaD:1106,LineaH,62,78.0958969053844
LineaH:1136,LineaD:1107,LineaH,50,63.05402657760471
LineaH:1136,LineaD:1108,LineaH,86,108.21302939179292
LineaH:1136,LineaD:1109,LineaH,77,96.19827129169823
LineaH:1136,LineaD:1110,LineaH,89,112.19903499838598
LineaH:1136,LineaD:1111,LineaH,98,124.55802281034882
LineaH:1136,LineaD:1112,LineaH,29,36.42818902347549
LineaH:1136,LineaD:1114,LineaH,50,62.593412402424356
LineaH:1136,LineaD:1115,LineaH,72,90.61382324361185
LineaH:1136,LineaD:1116,LineaH,21,26.123644037185155
LineaH:1136,LineaD:1117,LineaH,31,38.47223519222913
LineaH:1136,LineaE:1119,LineaH,42,52.29598880180785
LineaH:1136,LineaE:1120,LineaH,17,21.06811955938757
LineaH:1136,LineaE:1121,LineaH,20,25.15307109469848
LineaH:1136,LineaE:1122,LineaH,9,11.16227478734265
LineaH:1136,LineaE:1123,LineaH,16,20.08284862117849
LineaH:1136,LineaE:1124,LineaH,9,11.345796838539988
LineaH:1136,LineaE:1126,LineaH,18,22.51570061163187
LineaH:1136,LineaE:1127,LineaH,38,49.20198139838107
LineaH:1136,LineaE:1128,LineaH,13,16.46401373837675
LineaH:1136,LineaE:1129,LineaH,12,15.325904971656025
LineaH:1136,LineaE:1130,LineaH,16,20.327655159408852
LineaH:1136,LineaE:1131,LineaH,10,12.437248015161108
LineaH:1136,LineaE:1132,LineaH,6,7.7262973431361335
LineaH:1136,LineaE:1133,LineaH,7,8.711532761546376
LineaH:1136,LineaE:1164,LineaH,42,53.05883307119999
LineaH:1136,LineaE:1165,LineaH,27,33.46222272090886
LineaH:1136,LineaE:1166,LineaH,35,43.54178522270306
LineaH:1136,LineaH:1134,LineaH,44,55.31360230301638
LineaH:1136,LineaH:1135,LineaH,32,40.66696555192871
LineaH:1136,LineaH:1138,LineaH,82,103.13723216973324
LineaH:1136,LineaH:1139,LineaH,103,129.89634624881782
LineaH:1136,LineaH:1140,LineaH,401,505.8188671101309
LineaH:1136,LineaH:1141,LineaH,140,174.34556077077292
LineaH:1136,LineaH:1160,LineaH,164,205.40460509592788
LineaH:1136,LineaH:1161,LineaH,257,322.57322408352434
LineaH:1136,LineaH:1162,LineaH,162,205.31422894974995
LineaH:1136,LineaH:1163,LineaH,36,44.94538593666578
LineaH:1137,LineaA:1059,LineaH,42,52.709604540339356
LineaH:1137,LineaA:1060,LineaH,35,43.808190759860246
LineaH:1137,LineaA:1061,LineaH,23,29.190562155608077
LineaH:1137,LineaA:1062,LineaH,24,30.24744525014059
LineaH:1137,LineaA:1063,LineaH,28,35.273561029849525
LineaH:1137,LineaA:1064,LineaH,88,111.23362793421678
LineaH:1137,LineaA:1065,LineaH,37,46.28274236242308
LineaH:1137,LineaA:1066,LineaH,39,48.47769400043169
LineaH:1137,LineaA:1067,LineaH,30,37.59024955787478
LineaH:1137,LineaA:1069,LineaH,17,21.666350427785222
LineaH:1137,LineaA:1070,LineaH,4,5.018554260998859
LineaH:1137,LineaA:1071,LineaH,33,41.087198571885324
LineaH:1137,LineaA:1072,LineaH,11,13.655356092674584
LineaH:1137,LineaA:1074,LineaH,14,17.472357765410433
LineaH:1137,LineaA:1076,LineaH,29,35.935002558347975
LineaH:1137,LineaB:1077,LineaH,70,87.85124231192412
LineaH:1137,LineaB:1078,LineaH,19,23.88584225055014
LineaH:1137,LineaB:1079,LineaH,25,31.644796001630088
LineaH:1137,LineaB:1080,LineaH,20,24.840542193279415
LineaH:1137,LineaB:1081,LineaH,81,102.67896706444674
LineaH:1137,LineaB:1082,LineaH,71,89.15512877518685
LineaH:1137,LineaB:1083,LineaH,62,78.36531932070524
LineaH:1137,LineaB:1084,LineaH,81,102.03099484905567
LineaH:1137,LineaB:1085,LineaH,66,83.23082970413648
LineaH:1137,LineaB:1086,LineaH,64,80.77206023004736
LineaH:1137,LineaB:1088,LineaH,20,25.123787833662316
LineaH:1137,LineaB:1089,LineaH,44,54.95936234495863
LineaH:1137,LineaB:1090,LineaH,38,47.41033941011847
LineaH:1137,LineaB:1092,LineaH,25,30.700941393903577
LineaH:1137,LineaC:1094,LineaH,17,21.888243144911243
LineaH:1137,LineaC:1095,LineaH,4,5.065232508535304
LineaH:1137,LineaC:1097,LineaH,2,2.5118047215848986
LineaH:1137,LineaC:1098,LineaH,24,29.889266996534975
LineaH:1137,LineaC:1100,LineaH,12,15.052461367232096
LineaH:1137,LineaC:1101,LineaH,13,16.15514627809013
LineaH:1137,LineaD:1103,LineaH,80,100.10626477379435
LineaH:1137,LineaD:1104,LineaH,79,98.50202562642288
LineaH:1137,LineaD:1105,LineaH,52,65.15217402625967
LineaH:1137,LineaD:1106,LineaH,41,51.52798674016788
LineaH:1137,LineaD:1107,LineaH,39,48.73713416648763
LineaH:1137,LineaD:1108,LineaH,87,108.50758261352824
LineaH:1137,LineaD:1109,LineaH,58,72.26194204890598
LineaH:1137,LineaD:1110,LineaH,60,75.41710973543822
LineaH:1137,LineaD:1111,LineaH,57,71.95500256257026
LineaH:1137,LineaD:1112,LineaH,37,46.05973401672993
LineaH:1137,LineaD:1114,LineaH,40,50.42774408983272
LineaH:1137,LineaD:1115,LineaH,49,60.91745198993427
LineaH:1137,LineaD:1116,LineaH,30,37.01575984855582
LineaH:1137,LineaD:1117,LineaH,38,47.331787760454695
LineaH:1137,LineaE:1119,LineaH,53,65.53755331686222
LineaH:1137,LineaE:1120,LineaH,18,22.587116479588666
LineaH:1137,LineaE:1121,LineaH,17,21.33324522628142
LineaH:1137,LineaE:1122,LineaH,10,12.347419946059613
LineaH:1137,LineaE:1123,LineaH,12,15.378739175284585
LineaH:1137,LineaE:1124,LineaH,6,7.546089406800281
LineaH:1137,LineaE:1126,LineaH,9,11.350867179791193
LineaH:1137,LineaE:1127,LineaH,21,26.781739364605038
LineaH:1137,LineaE:1128,LineaH,29,36.409381433792184
LineaH:1137,LineaE:1129,LineaH,18,23.30310052466475
LineaH:1137,LineaE:1130,LineaH,14,17.45947416433024
LineaH:1137,LineaE:1131,LineaH,4,4.904319154779078
LineaH:1137,LineaE:1132,LineaH,6,7.441897682501106
LineaH:1137,LineaE:1133,LineaH,4,5.460787957069682
LineaH:1137,LineaE:1164,LineaH,36,44.80473060701961
LineaH:1137,LineaE:1165,LineaH,22,27.089515247671436
LineaH:1137,LineaE:1166,LineaH,24,30.076593113260166
LineaH:1137,LineaH:1134,LineaH,58,73.40008061008864
LineaH:1137,LineaH:1135,LineaH,60,75.47760379720712
LineaH:1137,LineaH:1138,LineaH,34,42.4100004263093
LineaH:1137,LineaH:1139,LineaH,67,83.99467064275855
LineaH:1137,LineaH:1140,LineaH,217,273.50100644650564
LineaH:1137,LineaH:1141,LineaH,128,160.03532399290603
LineaH:1137,LineaH:1160,LineaH,163,203.48890131608914
LineaH:1137,LineaH:1161,LineaH,209,260.97840638730383
LineaH:1137,LineaH:1162,LineaH,156,195.21795341348266
LineaH:1137,LineaH:1163,LineaH,37,45.72284911997534
LineaH:1138,LineaA:1059,LineaE,8,10.328868373541352
LineaH:1138,LineaA:1059,LineaH,21,26.8480629139303
LineaH:1138,LineaA:1060,LineaE,15,18.984635155246657
LineaH:1138,LineaA:1060,LineaH,41,51.81182249370254
LineaH:1138,LineaA:1061,LineaE,8,10.061953468738366
LineaH:1138,LineaA:1061,LineaH,16,20.70072518191691
LineaH:1138,LineaA:1062,LineaE,2,2.5148956669367313
LineaH:1138,LineaA:1062,LineaH,12,15.08901446155462
LineaH:1138,LineaA:1063,LineaE,8,10.132451525747207
LineaH:1138,LineaA:1063,LineaH,34,43.055895956486204
LineaH:1138,LineaA:1064,LineaE,12,15.286318073261455
LineaH:1138,LineaA:1064,LineaH,50,62.86317391428782
LineaH:1138,LineaA:1065,LineaE,12,15.36388174393388
LineaH:1138,LineaA:1065,LineaH,43,54.017966007614795
LineaH:1138,LineaA:1066,LineaE,16,20.502764643695333
LineaH:1138,LineaA:1066,LineaH,52,65.55751756293633
LineaH:1138,LineaA:1067,LineaE,11,14.032187870741375
LineaH:1138,LineaA:1067,LineaH,32,40.135367363260045
LineaH:1138,LineaA:1069,LineaE,2,2.5718548603048133
LineaH:1138,LineaA:1069,LineaH,19,23.734032884469094
LineaH:1138,LineaA:1070,LineaE,5,6.341266384025983
LineaH:1138,LineaA:1070,LineaH,14,17.607659754046495
LineaH:1138,LineaA:1071,LineaE,12,15.489618843601878
LineaH:1138,LineaA:1071,LineaH,34,42.80018859665348
LineaH:1138,LineaA:1072,LineaE,10,12.46037616793647
LineaH:1138,LineaA:1072,LineaH,16,20.344591160748795
LineaH:1138,LineaA:1074,LineaE,5,6.240912724210792
LineaH:1138,LineaA:1074,LineaH,7,8.684146118299655
LineaH:1138,LineaA:1076,LineaE,12,14.826748645869563
LineaH:1138,LineaA:1076,LineaH,8,10.087805809603587
LineaH:1138,LineaB:1077,LineaE,27,34.783494580650974
LineaH:1138,LineaB:1077,LineaH,110,138.91234315200498
LineaH:1138,LineaB:1078,LineaE,4,5.078692792652562
LineaH:1138,LineaB:1078,LineaH,18,22.893960433904113
LineaH:1138,LineaB:1079,LineaE,8,10.106707696764625
LineaH:1138,LineaB:1079,LineaH,27,33.68589362169358
LineaH:1138,LineaB:1080,LineaE,4,4.93707333019372
LineaH:1138,LineaB:1080,LineaH,14,17.368510945448577
LineaH:1138,LineaB:1081,LineaE,19,24.639562282605137
LineaH:1138,LineaB:1081,LineaH,115,144.54939031332353
LineaH:1138,LineaB:1082,LineaE,8,10.062951280130516
LineaH:1138,LineaB:1082,LineaH,63,80.10247677029169
LineaH:1138,LineaB:1083,LineaE,12,15.322731836480997
LineaH:1138,LineaB:1083,LineaH,75,94.36160554027211
LineaH:1138,LineaB:1084,LineaE,7,9.03224253333
LineaH:1138,LineaB:1084,LineaH,96,121.90578182059622
LineaH:1138,LineaB:1085,LineaE,22,28.069229916158587
LineaH:1138,LineaB:1085,LineaH,92,116.14014580458867
LineaH:1138,LineaB:1086,LineaE,11,14.092354576033564
LineaH:1138,LineaB:1086,LineaH,58,73.25339654404175
LineaH:1138,LineaB:1088,LineaE,10,12.689336321846735
LineaH:1138,LineaB:1088,LineaH,20,24.962225688558267
LineaH:1138,LineaB:1089,LineaE,14,17.65992201725855
LineaH:1138,LineaB:1089,LineaH,53,66.83826526061331
LineaH:1138,LineaB:1090,LineaE,15,18.85175875904264
LineaH:1138,LineaB:1090,LineaH,34,42.80662751382245
LineaH:1138,LineaB:1092,LineaE,10,12.382197921139017
LineaH:1138,LineaB:1092,LineaH,19,23.651397834623868
LineaH:1138,LineaC:1094,LineaE,79,100.61490284509385
LineaH:1138,LineaC:1094,LineaH,40,50.52007382057775
LineaH:1138,LineaC:1095,LineaE,9,11.14410779011479
LineaH:1138,LineaC:1095,LineaH,5,6.453331528184181
LineaH:1138,LineaC:1097,LineaE,9,11.501765376870477
LineaH:1138,LineaC:1097,LineaH,4,5.002743988022624
LineaH:1138,LineaC:1098,LineaE,19,24.292636233751416
LineaH:1138,LineaC:1098,LineaH,12,15.076847915100172
LineaH:1138,LineaC:1100,LineaE,9,11.131932193618502
LineaH:1138,LineaC:1100,LineaH,9,11.477093168593893
LineaH:1138,LineaC:1101,LineaE,14,17.450471863203052
LineaH:1138,LineaC:1101,LineaH,5,6.365453769237661
LineaH:1138,LineaD:1103,LineaE,19,24.255409006664596
LineaH:1138,LineaD:1103,LineaH,86,107.86564248734571
LineaH:1138,LineaD:1104,LineaE,17,21.427574623440126
LineaH:1138,LineaD:1104,LineaH,95,119.03531985677516
LineaH:1138,LineaD:1105,LineaE,11,14.116114253419596
LineaH:1138,LineaD:1105,LineaH,55,68.67735957692054
LineaH:1138,LineaD:1106,LineaE,10,12.59028416036732
LineaH:1138,LineaD:1106,LineaH,57,70.95001182699895
LineaH:1138,LineaD:1107,LineaE,8,9.98337880107466
LineaH:1138,LineaD:1107,LineaH,38,47.40281690240739
LineaH:1138,LineaD:1108,LineaE,12,15.184895932746253
LineaH:1138,LineaD:1108,LineaH,84,104.60188151716855
LineaH:1138,LineaD:1109,LineaE,19,24.05600050142762
LineaH:1138,LineaD:1109,LineaH,64,81.17942162988723
LineaH:1138,LineaD:1110,LineaE,8,10.063345351460505
LineaH:1138,LineaD:1110,LineaH,50,62.57500086839905
LineaH:1138,LineaD:1111,LineaE,15,18.73440784201665
LineaH:1138,LineaD:1111,LineaH,67,83.51339302912574
LineaH:1138,LineaD:1112,LineaE,2,2.6786922499335573
LineaH:1138,LineaD:1112,LineaH,16,20.07528379867099
LineaH:1138,LineaD:1114,LineaE,8,10.01688813040239
LineaH:1138,LineaD:1114,LineaH,35,43.483573418274325
LineaH:1138,LineaD:1115,LineaE,15,18.739282004146062
LineaH:1138,LineaD:1115,LineaH,56,70.21492071177234
LineaH:1138,LineaD:1116,LineaE,12,14.850848861593272
LineaH:1138,LineaD:1116,LineaH,32,39.96131191621107
LineaH:1138,LineaD:1117,LineaE,21,26.414201873226013
LineaH:1138,LineaD:1117,LineaH,23,28.913776441895042
LineaH:1138,LineaE:1119,LineaE,109,135.25898397298886
LineaH:1138,LineaE:1119,LineaH,50,62.47055114739283
LineaH:1138,LineaE:1120,LineaE,52,65.14338312006895
LineaH:1138,LineaE:1120,LineaH,13,16.391460472448376
LineaH:1138,LineaE:1121,LineaE,53,66.44147074668814
LineaH:1138,LineaE:1121,LineaH,12,14.964081819322777
LineaH:1138,LineaE:1122,LineaE,36,46.14004355614382
LineaH:1138,LineaE:1122,LineaH,17,21.429614321449392
LineaH:1138,LineaE:1123,LineaE,45,57.07208586992145
LineaH:1138,LineaE:1123,LineaH,20,25.03648288858181
LineaH:1138,LineaE:1124,LineaE,8,9.9633569869244
LineaH:1138,LineaE:1124,LineaH,13,16.598857530440714
LineaH:1138,LineaE:1126,LineaE,14,17.857581283276854
LineaH:1138,LineaE:1126,LineaH,12,15.18109428300784
LineaH:1138,LineaE:1127,LineaE,30,37.73744038659416
LineaH:1138,LineaE:1127,LineaH,22,28.031340642879776
LineaH:1138,LineaE:1128,LineaE,34,43.1895938256636
LineaH:1138,LineaE:1128,LineaH,31,39.25083612471366
LineaH:1138,LineaE:1129,LineaE,43,54.8116929114587
LineaH:1138,LineaE:1129,LineaH,26,33.13030739353156
LineaH:1138,LineaE:1130,LineaE,34,43.36647109522801
LineaH:1138,LineaE:1130,LineaH,15,19.230929200319235
LineaH:1138,LineaE:1131,LineaE,24,30.363598429624044
LineaH:1138,LineaE:1131,LineaH,11,13.845304851088187
LineaH:1138,LineaE:1132,LineaE,30,38.307134249018304
LineaH:1138,LineaE:1132,LineaH,13,16.120989367680913
LineaH:1138,LineaE:1133,LineaE,23,29.4043478935371
LineaH:1138,LineaE:1133,LineaH,15,18.719064986558223
LineaH:1138,LineaE:1164,LineaE,123,155.07293609088063
LineaH:1138,LineaE:1164,LineaH,56,69.9686089940147
LineaH:1138,LineaE:1165,LineaE,42,52.06058818136078
LineaH:1138,LineaE:1165,LineaH,17,21.314589837355598
LineaH:1138,LineaE:1166,LineaE,49,60.60636137110483
LineaH:1138,LineaE:1166,LineaH,32,39.58097310098637
LineaH:1138,LineaH:1134,LineaE,21,26.620565977959828
LineaH:1138,LineaH:1134,LineaH,97,122.02381141036211
LineaH:1138,LineaH:1135,LineaE,22,28.10140638278328
LineaH:1138,LineaH:1135,LineaH,93,117.40365851099848
LineaH:1138,LineaH:1136,LineaE,29,37.09578081947692
LineaH:1138,LineaH:1136,LineaH,83,104.71682703425249
LineaH:1138,LineaH:1137,LineaE,8,10.177460115477608
LineaH:1138,LineaH:1137,LineaH,31,39.9574150944164
LineaH:1138,LineaH:1139,LineaE,10,12.526050488850887
LineaH:1138,LineaH:1139,LineaH,24,30.243261674534477
LineaH:1138,LineaH:1140,LineaE,47,60.04005418674415
LineaH:1138,LineaH:1140,LineaH,214,269.5806086417943
LineaH:1138,LineaH:1141,LineaE,39,49.22605975443202
LineaH:1138,LineaH:1141,LineaH,121,152.3121303126205
LineaH:1138,LineaH:1160,LineaE,36,45.26896768335731
LineaH:1138,LineaH:1160,LineaH,184,230.28808977015382
LineaH:1138,LineaH:1161,LineaE,49,60.999431930615685
LineaH:1138,LineaH:1161,LineaH,218,272.6815589014472
LineaH:1138,LineaH:1162,LineaE,27,33.61649979896132
LineaH:1138,LineaH:1162,LineaH,170,212.12914615177957
LineaH:1138,LineaH:1163,LineaE,9,11.421393866300615
LineaH:1138,LineaH:1163,LineaH,39,48.57313191251256
LineaH:1139,LineaA:1059,LineaH,28,35.13977703796981
LineaH:1139,LineaA:1060,LineaH,26,32.737787889827935
LineaH:1139,LineaA:1061,LineaH,18,22.995893366718615
LineaH:1139,LineaA:1062,LineaH,7,9.117309295656632
LineaH:1139,LineaA:1063,LineaH,15,19.291425623922567
LineaH:1139,LineaA:1064,LineaH,19,23.93861646656102
LineaH:1139,LineaA:1065,LineaH,25,31.468346104472012
LineaH:1139,LineaA:1066,LineaH,21,26.86219103518482
LineaH:1139,LineaA:1067,LineaH,16,20.058844325595118
LineaH:1139,LineaA:1069,LineaH,8,10.121977531992126
LineaH:1139,LineaA:1070,LineaH,7,8.898664755572458
LineaH:1139,LineaA:1071,LineaH,13,16.273326497626893
LineaH:1139,LineaA:1072,LineaH,10,12.478225984671397
LineaH:1139,LineaA:1074,LineaH,5,6.1920230302989925
LineaH:1139,LineaA:1076,LineaH,16,19.976392990529444
LineaH:1139,LineaB:1077,LineaH,156,197.13846418888122
LineaH:1139,LineaB:1078,LineaH,25,31.660991584390338
LineaH:1139,LineaB:1079,LineaH,27,33.99841359878775
LineaH:1139,LineaB:1080,LineaH,29,36.533926530776775
LineaH:1139,LineaB:1081,LineaH,118,150.7110422517171
LineaH:1139,LineaB:1082,LineaH,82,104.2370914610277
LineaH:1139,LineaB:1083,LineaH,74,93.13515908307966
LineaH:1139,LineaB:1084,LineaH,83,104.42858428452416
LineaH:1139,LineaB:1085,LineaH,57,72.0756720535021
LineaH:1139,LineaB:1086,LineaH,57,72.28075070103264
LineaH:1139,LineaB:1088,LineaH,29,36.36609927177541
LineaH:1139,LineaB:1089,LineaH,32,39.89815965584492
LineaH:1139,LineaB:1090,LineaH,36,44.96750768965936
LineaH:1139,LineaB:1092,LineaH,35,43.32741114557635
LineaH:1139,LineaC:1094,LineaH,28,35.569235429890014
LineaH:1139,LineaC:1095,LineaH,4,4.978597174190039
LineaH:1139,LineaC:1097,LineaH,3,3.6972526403036188
LineaH:1139,LineaC:1098,LineaH,9,11.527463393962707
LineaH:1139,LineaC:1100,LineaH,7,8.647733625538274
LineaH:1139,LineaC:1101,LineaH,8,10.086747097155875
LineaH:1139,LineaD:1103,LineaH,113,142.96844054562408
LineaH:1139,LineaD:1104,LineaH,104,130.05329465588335
LineaH:1139,LineaD:1105,LineaH,54,67.525256193081
LineaH:1139,LineaD:1106,LineaH,57,71.58041011325899
LineaH:1139,LineaD:1107,LineaH,39,48.728314411380474
LineaH:1139,LineaD:1108,LineaH,76,95.52683607473236
LineaH:1139,LineaD:1109,LineaH,56,70.33241488285535
LineaH:1139,LineaD:1110,LineaH,63,78.96140900506806
LineaH:1139,LineaD:1111,LineaH,63,79.2779828701268
LineaH:1139,LineaD:1112,LineaH,28,35.50930717173004
LineaH:1139,LineaD:1114,LineaH,47,58.68837506093906
LineaH:1139,LineaD:1115,LineaH,43,53.522913401083784
LineaH:1139,LineaD:1116,LineaH,35,43.99293368406615
LineaH:1139,LineaD:1117,LineaH,28,34.81804567518985
LineaH:1139,LineaE:1119,LineaH,31,38.30397124121776
LineaH:1139,LineaE:1120,LineaH,8,9.895963848358196
LineaH:1139,LineaE:1121,LineaH,12,15.091347151903463
LineaH:1139,LineaE:1122,LineaH,16,20.67620348783658
LineaH:1139,LineaE:1123,LineaH,14,17.518517225216424
LineaH:1139,LineaE:1124,LineaH,14,17.724338213683637
LineaH:1139,LineaE:1126,LineaH,13,16.51680683186816
LineaH:1139,LineaE:1127,LineaH,22,27.88437701516047
LineaH:1139,LineaE:1128,LineaH,12,15.389669473336836
LineaH:1139,LineaE:1129,LineaH,15,19.229089328833364
LineaH:1139,LineaE:1130,LineaH,16,20.346008654502644
LineaH:1139,LineaE:1131,LineaH,13,16.237073611137273
LineaH:1139,LineaE:1132,LineaH,11,14.19897326646987
LineaH:1139,LineaE:1133,LineaH,22,27.799812180280373
LineaH:1139,LineaE:1164,LineaH,41,51.68448367177177
LineaH:1139,LineaE:1165,LineaH,13,16.45436319582242
LineaH:1139,LineaE:1166,LineaH,26,32.26947940714578
LineaH:1139,LineaH:1134,LineaH,100,126.51005195505032
LineaH:1139,LineaH:1135,LineaH,82,102.05538173126959
LineaH:1139,LineaH:1136,LineaH,112,141.94493726396834
LineaH:1139,LineaH:1137,LineaH,51,64.34592965430473
LineaH:1139,LineaH:1138,LineaH,30,38.521976154085465
LineaH:1139,LineaH:1140,LineaH,82,103.8290683064283
LineaH:1139,LineaH:1141,LineaH,72,90.5281185536391
LineaH:1139,LineaH:1160,LineaH,118,147.7617837051417
LineaH:1139,LineaH:1161,LineaH,182,227.50436863849606
LineaH:1139,LineaH:1162,LineaH,162,202.59023907034174
LineaH:1139,LineaH:1163,LineaH,57,71.55921306429491
LineaH:1140,LineaA:1059,LineaA,272,342.7294333013059
LineaH:1140,LineaA:1059,LineaH,79,99.87613049168924
LineaH:1140,LineaA:1060,LineaA,478,599.4295985632916
LineaH:1140,LineaA:1060,LineaH,145,181.8650762371227
LineaH:1140,LineaA:1061,LineaA,169,213.08432223572774
LineaH:1140,LineaA:1061,LineaH,42,53.2848886925683
LineaH:1140,LineaA:1062,LineaA,102,128.05473791185867
LineaH:1140,LineaA:1062,LineaH,22,27.57939857694523
LineaH:1140,LineaA:1063,LineaA,178,224.38974184334526
LineaH:1140,LineaA:1063,LineaH,50,63.72708460855724
LineaH:1140,LineaA:1064,LineaA,207,261.3159422926406
LineaH:1140,LineaA:1064,LineaH,34,43.333100217786885
LineaH:1140,LineaA:1065,LineaA,128,161.5285908295318
LineaH:1140,LineaA:1065,LineaH,35,44.12490770466842
LineaH:1140,LineaA:1066,LineaA,93,117.00486194060073
LineaH:1140,LineaA:1066,LineaH,16,20.243617579722883
LineaH:1140,LineaA:1067,LineaA,65,81.37553367557511
LineaH:1140,LineaA:1067,LineaH,14,17.56179928900293
LineaH:1140,LineaA:1070,LineaA,20,25.239927270992613
LineaH:1140,LineaA:1070,LineaH,15,19.050290259523155
LineaH:1140,LineaA:1071,LineaA,430,536.5713701887905
LineaH:1140,LineaA:1071,LineaH,40,50.71939211779311
LineaH:1140,LineaA:1072,LineaA,333,414.70627990110296
LineaH:1140,LineaA:1072,LineaH,24,29.768814773924632
LineaH:1140,LineaA:1074,LineaA,290,357.9995403697578
LineaH:1140,LineaA:1074,LineaH,18,22.38029343466865
LineaH:1140,LineaA:1076,LineaA,837,1036.8040680747847
LineaH:1140,LineaA:1076,LineaH,78,97.92819471707143
LineaH:1140,LineaB:1077,LineaA,6,7.591405328489246
LineaH:1140,LineaB:1077,LineaH,98,123.40993624953491
LineaH:1140,LineaB:1078,LineaH,21,26.55858066810641
LineaH:1140,LineaB:1079,LineaA,2,2.485195277769376
LineaH:1140,LineaB:1079,LineaH,26,32.75489248362349
LineaH:1140,LineaB:1080,LineaA,1,1.427680478428022
LineaH:1140,LineaB:1080,LineaH,21,26.01093919990695
LineaH:1140,LineaB:1081,LineaA,7,8.848210143857342
LineaH:1140,LineaB:1081,LineaH,99,124.49408018585508
LineaH:1140,LineaB:1082,LineaA,7,8.786294235244327
LineaH:1140,LineaB:1082,LineaH,42,53.30900192850853
LineaH:1140,LineaB:1083,LineaA,10,12.514034769500409
LineaH:1140,LineaB:1083,LineaH,48,59.99370320109261
LineaH:1140,LineaB:1084,LineaA,14,17.674392977932627
LineaH:1140,LineaB:1084,LineaH,65,81.69392440633105
LineaH:1140,LineaB:1085,LineaA,19,23.984484641268338
LineaH:1140,LineaB:1085,LineaH,84,105.0110201901795
LineaH:1140,LineaB:1086,LineaA,3,3.7661148205348534
LineaH:1140,LineaB:1086,LineaH,61,77.05053265605522
LineaH:1140,LineaB:1088,LineaA,8,9.926703922375545
LineaH:1140,LineaB:1088,LineaH,33,41.49321634362932
LineaH:1140,LineaB:1089,LineaA,52,65.09980004661479
LineaH:1140,LineaB:1089,LineaH,56,69.46772827833202
LineaH:1140,LineaB:1090,LineaA,49,61.05403391389107
LineaH:1140,LineaB:1090,LineaH,72,90.39017325333502
LineaH:1140,LineaB:1092,LineaA,64,78.84781795032384
LineaH:1140,LineaB:1092,LineaH,63,77.8963625081516
LineaH:1140,LineaC:1094,LineaA,938,1185.475077816101
LineaH:1140,LineaC:1094,LineaH,286,360.51534059652215
LineaH:1140,LineaC:1095,LineaA,85,106.9168972873147
LineaH:1140,LineaC:1095,LineaH,14,17.50211848492004
LineaH:1140,LineaC:1097,LineaA,34,42.26450515138202
LineaH:1140,LineaC:1097,LineaH,4,4.958992158473663
LineaH:1140,LineaC:1098,LineaA,424,526.9162185523744
LineaH:1140,LineaC:1098,LineaH,32,40.03688266739907
LineaH:1140,LineaC:1100,LineaA,90,111.31249071105442
LineaH:1140,LineaC:1100,LineaH,23,29.10507177285022
LineaH:1140,LineaC:1101,LineaA,81,99.5605006432253
LineaH:1140,LineaC:1101,LineaH,21,26.38783818343601
LineaH:1140,LineaD:1103,LineaA,5,6.224468381177157
LineaH:1140,LineaD:1103,LineaH,164,204.8826376750441
LineaH:1140,LineaD:1104,LineaA,14,17.74839982333568
LineaH:1140,LineaD:1104,LineaH,182,226.78401468271517
LineaH:1140,LineaD:1105,LineaA,2,2.5108251958750296
LineaH:1140,LineaD:1105,LineaH,114,141.80058134071328
LineaH:1140,LineaD:1106,LineaA,6,7.449016043945134
LineaH:1140,LineaD:1106,LineaH,75,93.90033952287999
LineaH:1140,LineaD:1107,LineaA,3,3.7342809554743623
LineaH:1140,LineaD:1107,LineaH,75,93.39437976915006
LineaH:1140,LineaD:1108,LineaA,18,22.682528292151318
LineaH:1140,LineaD:1108,LineaH,132,165.0698949076425
LineaH:1140,LineaD:1109,LineaA,19,23.614122937733224
LineaH:1140,LineaD:1109,LineaH,188,235.23786658833004
LineaH:1140,LineaD:1110,LineaA,2,2.520902473012267
LineaH:1140,LineaD:1110,LineaH,123,153.92441680462485
LineaH:1140,LineaD:1111,LineaA,3,3.8007022108936996
LineaH:1140,LineaD:1111,LineaH,148,185.2069698443374
LineaH:1140,LineaD:1112,LineaA,7,8.900940497885697
LineaH:1140,LineaD:1112,LineaH,83,104.11343194803722
LineaH:1140,LineaD:1114,LineaA,9,11.342167152376232
LineaH:1140,LineaD:1114,LineaH,148,184.50808000459926
LineaH:1140,LineaD:1115,LineaA,27,33.84299002706175
LineaH:1140,LineaD:1115,LineaH,90,112.45479828934397
LineaH:1140,LineaD:1116,LineaA,43,53.99025919384967
LineaH:1140,LineaD:1116,LineaH,70,87.97906075975892
LineaH:1140,LineaD:1117,LineaA,89,111.28994400571318
LineaH:1140,LineaD:1117,LineaH,79,98.61817306001697
LineaH:1140,LineaE:1119,LineaA,741,917.9684881588188
LineaH:1140,LineaE:1119,LineaH,56,70.1730652958594
LineaH:1140,LineaE:1120,LineaA,69,86.13075621477634
LineaH:1140,LineaE:1120,LineaH,8,9.968861077771589
LineaH:1140,LineaE:1121,LineaA,116,145.04471668268204
LineaH:1140,LineaE:1121,LineaH,66,82.98937160999294
LineaH:1140,LineaE:1122,LineaA,36,45.45070106495008
LineaH:1140,LineaE:1122,LineaH,71,89.63811825021583
LineaH:1140,LineaE:1123,LineaA,8,10.100890279101867
LineaH:1140,LineaE:1123,LineaH,63,79.62003944409786
LineaH:1140,LineaE:1124,LineaA,2,2.4783805945543924
LineaH:1140,LineaE:1124,LineaH,29,36.11530540064068
LineaH:1140,LineaE:1126,LineaA,4,5.074440267859241
LineaH:1140,LineaE:1126,LineaH,40,50.62228001587473
LineaH:1140,LineaE:1127,LineaA,8,10.161131242784826
LineaH:1140,LineaE:1127,LineaH,36,45.30214816775988
LineaH:1140,LineaE:1128,LineaA,11,13.78028119064284
LineaH:1140,LineaE:1128,LineaH,27,34.46563937513847
LineaH:1140,LineaE:1129,LineaA,24,30.75155816829924
LineaH:1140,LineaE:1129,LineaH,23,29.26891267970191
LineaH:1140,LineaE:1130,LineaA,5,6.252788955597563
LineaH:1140,LineaE:1130,LineaH,19,23.986853975154386
LineaH:1140,LineaE:1131,LineaA,10,12.516991424220715
LineaH:1140,LineaE:1131,LineaH,8,10.028631374216348
LineaH:1140,LineaE:1132,LineaA,4,5.028616654149062
LineaH:1140,LineaE:1132,LineaH,37,46.8646485867896
LineaH:1140,LineaE:1133,LineaA,9,11.439219142788358
LineaH:1140,LineaE:1133,LineaH,45,56.60699044814252
LineaH:1140,LineaE:1164,LineaA,351,439.03997831162997
LineaH:1140,LineaE:1164,LineaH,101,126.90543911491477
LineaH:1140,LineaE:1165,LineaA,119,147.12483918429317
LineaH:1140,LineaE:1165,LineaH,22,27.57931598232817
LineaH:1140,LineaE:1166,LineaA,108,134.11957528365173
LineaH:1140,LineaE:1166,LineaH,80,99.41344387326843
LineaH:1140,LineaH:1134,LineaA,6,7.672165617557967
LineaH:1140,LineaH:1134,LineaH,488,612.2977537446869
LineaH:1140,LineaH:1135,LineaA,5,6.338994813691018
LineaH:1140,LineaH:1135,LineaH,372,465.63171220289206
LineaH:1140,LineaH:1136,LineaA,6,7.60188217244395
LineaH:1140,LineaH:1136,LineaH,382,477.9158375462283
LineaH:1140,LineaH:1137,LineaA,4,4.969203035238226
LineaH:1140,LineaH:1137,LineaH,162,203.81327654630616
LineaH:1140,LineaH:1138,LineaA,3,3.7671399533862044
LineaH:1140,LineaH:1138,LineaH,183,229.77793318101342
LineaH:1140,LineaH:1139,LineaA,8,10.179867310145946
LineaH:1140,LineaH:1139,LineaH,57,72.18245654718184
LineaH:1140,LineaH:1141,LineaA,15,18.983220051326484
LineaH:1140,LineaH:1141,LineaH,64,80.59650958921257
LineaH:1140,LineaH:1160,LineaA,9,11.257346737341818
LineaH:1140,LineaH:1160,LineaH,261,325.9510761097268
LineaH:1140,LineaH:1161,LineaA,8,9.913467911488128
LineaH:1140,LineaH:1161,LineaH,361,449.7656046709631
LineaH:1140,LineaH:1162,LineaA,7,8.765165748402575
LineaH:1140,LineaH:1162,LineaH,555,690.761872951292
LineaH:1140,LineaH:1163,LineaA,6,7.474481831874365
LineaH:1140,LineaH:1163,LineaH,251,312.0575830732026
LineaH:1141,LineaA:1059,LineaB,7,8.792441097424634
LineaH:1141,LineaA:1059,LineaH,51,64.56021131529434
LineaH:1141,LineaA:1060,LineaB,12,15.139798000893688
LineaH:1141,LineaA:1060,LineaH,88,111.17498833007619
LineaH:1141,LineaA:1061,LineaB,4,5.11347390440195
LineaH:1141,LineaA:1061,LineaH,32,40.23206484798642
LineaH:1141,LineaA:1062,LineaB,4,5.156616314472235
LineaH:1141,LineaA:1062,LineaH,23,28.925665497227975
LineaH:1141,LineaA:1063,LineaB,13,16.079321629414757
LineaH:1141,LineaA:1063,LineaH,29,36.57098715804376
LineaH:1141,LineaA:1064,LineaB,7,8.737426905852836
LineaH:1141,LineaA:1064,LineaH,34,42.94626620983207
LineaH:1141,LineaA:1065,LineaB,10,12.78998726078116
LineaH:1141,LineaA:1065,LineaH,31,38.85330641306329
LineaH:1141,LineaA:1066,LineaB,20,25.097417494453868
LineaH:1141,LineaA:1066,LineaH,9,11.42059701632567
LineaH:1141,LineaA:1067,LineaB,11,13.86379811424256
LineaH:1141,LineaA:1067,LineaH,12,15.282575578462415
LineaH:1141,LineaA:1069,LineaB,4,4.99919049000294
LineaH:1141,LineaA:1069,LineaH,8,10.265066272082978
LineaH:1141,LineaA:1070,LineaB,1,1.2645545458317773
LineaH:1141,LineaA:1070,LineaH,4,5.011955004345458
LineaH:1141,LineaA:1071,LineaB,25,31.559960294423732
LineaH:1141,LineaA:1071,LineaH,16,20.339927649606263
LineaH:1141,LineaA:1072,LineaB,24,30.00394002908512
LineaH:1141,LineaA:1072,LineaH,10,12.601687877532871
LineaH:1141,LineaA:1074,LineaB,12,14.877588587532687
LineaH:1141,LineaA:1076,LineaB,62,77.39407484286056
LineaH:1141,LineaA:1076,LineaH,5,6.36647578654393
LineaH:1141,LineaB:1077,LineaB,683,860.6652917658724
LineaH:1141,LineaB:1077,LineaH,13,16.361243183675715
LineaH:1141,LineaB:1078,LineaB,102,128.15723457386673
LineaH:1141,LineaB:1078,LineaH,3,3.9021463100515876
LineaH:1141,LineaB:1079,LineaB,142,179.72583080166137
LineaH:1141,LineaB:1079,LineaH,7,8.730257111542192
LineaH:1141,LineaB:1080,LineaB,120,149.93909403970287
LineaH:1141,LineaB:1080,LineaH,4,4.985057515339017
LineaH:1141,LineaB:1081,LineaB,889,1121.3296285703425
LineaH:1141,LineaB:1081,LineaH,34,44.193334982618794
LineaH:1141,LineaB:1082,LineaB,364,458.68530931761774
LineaH:1141,LineaB:1082,LineaH,16,20.578221124826047
LineaH:1141,LineaB:1083,LineaB,273,343.01953828397023
LineaH:1141,LineaB:1083,LineaH,14,17.864484497949732
LineaH:1141,LineaB:1084,LineaB,355,446.6493741865691
LineaH:1141,LineaB:1084,LineaH,16,20.4854840671644
LineaH:1141,LineaB:1085,LineaB,224,282.7894663192129
LineaH:1141,LineaB:1085,LineaH,12,15.475891583081763
LineaH:1141,LineaB:1086,LineaB,87,109.47910944617063
LineaH:1141,LineaB:1086,LineaH,11,13.702434936317648
LineaH:1141,LineaB:1089,LineaB,132,164.96496941282524
LineaH:1141,LineaB:1089,LineaH,13,16.075709081605893
LineaH:1141,LineaB:1090,LineaB,179,223.13347251980093
LineaH:1141,LineaB:1090,LineaH,15,18.780756011262284
LineaH:1141,LineaB:1092,LineaB,220,273.17549861076793
LineaH:1141,LineaB:1092,LineaH,8,9.919808991273005
LineaH:1141,LineaC:1094,LineaB,377,478.120578084865
LineaH:1141,LineaC:1094,LineaH,69,88.47849784881622
LineaH:1141,LineaC:1095,LineaB,15,18.762883139340985
LineaH:1141,LineaC:1095,LineaH,2,2.4812169779972892
LineaH:1141,LineaC:1097,LineaB,10,12.476665916845185
LineaH:1141,LineaC:1097,LineaH,6,7.464735337453144
LineaH:1141,LineaC:1098,LineaB,35,43.60054372262247
LineaH:1141,LineaC:1098,LineaH,4,5.01804984518289
LineaH:1141,LineaC:1100,LineaB,56,70.31417707143383
LineaH:1141,LineaC:1100,LineaH,7,8.849787502707478
LineaH:1141,LineaC:1101,LineaB,27,34.320815205655386
LineaH:1141,LineaC:1101,LineaH,6,7.68388276355166
LineaH:1141,LineaD:1103,LineaB,24,30.385613560055692
LineaH:1141,LineaD:1103,LineaH,91,114.64535260470184
LineaH:1141,LineaD:1104,LineaB,15,19.03953564472593
LineaH:1141,LineaD:1104,LineaH,74,93.57799158252134
LineaH:1141,LineaD:1105,LineaB,11,13.723822127467798
LineaH:1141,LineaD:1105,LineaH,34,43.097895197152745
LineaH:1141,LineaD:1106,LineaB,15,18.790291669473575
LineaH:1141,LineaD:1106,LineaH,28,35.14669472177458
LineaH:1141,LineaD:1107,LineaB,4,5.001320895797194
LineaH:1141,LineaD:1107,LineaH,38,47.56599093641241
LineaH:1141,LineaD:1108,LineaB,20,25.17537128713496
LineaH:1141,LineaD:1108,LineaH,59,74.197310514834
LineaH:1141,LineaD:1109,LineaB,17,21.506726911421808
LineaH:1141,LineaD:1109,LineaH,73,92.0196202876174
LineaH:1141,LineaD:1110,LineaB,12,15.032786564171372
LineaH:1141,LineaD:1110,LineaH,43,54.150214038684325
LineaH:1141,LineaD:1111,LineaB,10,12.449827422478402
LineaH:1141,LineaD:1111,LineaH,34,42.90112715763007
LineaH:1141,LineaD:1112,LineaB,2,2.500682242209908
LineaH:1141,LineaD:1112,LineaH,26,33.040128275306905
LineaH:1141,LineaD:1114,LineaB,9,11.269970679747267
LineaH:1141,LineaD:1114,LineaH,9,11.23107618491641
LineaH:1141,LineaD:1115,LineaB,38,47.43218789551162
LineaH:1141,LineaD:1115,LineaH,21,26.467451600794565
LineaH:1141,LineaD:1116,LineaB,63,79.6663009729125
LineaH:1141,LineaD:1116,LineaH,9,11.428982720849175
LineaH:1141,LineaD:1117,LineaB,191,239.28592159127572
LineaH:1141,LineaD:1117,LineaH,9,11.19366108614262
LineaH:1141,LineaE:1119,LineaB,91,113.3779732467521
LineaH:1141,LineaE:1119,LineaH,21,26.201976625831488
LineaH:1141,LineaE:1120,LineaB,8,10.021099443406895
LineaH:1141,LineaE:1120,LineaH,5,6.199813989036413
LineaH:1141,LineaE:1121,LineaB,35,43.71941308132981
LineaH:1141,LineaE:1121,LineaH,33,41.36654495909221
LineaH:1141,LineaE:1122,LineaB,5,6.212432483598845
LineaH:1141,LineaE:1122,LineaH,24,30.23539201086229
LineaH:1141,LineaE:1123,LineaB,4,5.088848846600596
LineaH:1141,LineaE:1123,LineaH,41,52.52653294681847
LineaH:1141,LineaE:1124,LineaB,1,1.2491664413805532
LineaH:1141,LineaE:1124,LineaH,25,31.676380086309567
LineaH:1141,LineaE:1126,LineaB,6,7.807774078351485
LineaH:1141,LineaE:1126,LineaH,18,22.825008470372296
LineaH:1141,LineaE:1127,LineaB,2,2.508343801128934
LineaH:1141,LineaE:1127,LineaH,47,59.430655914665394
LineaH:1141,LineaE:1128,LineaB,2,2.47918847169384
LineaH:1141,LineaE:1128,LineaH,35,44.14591815957786
LineaH:1141,LineaE:1129,LineaB,1,1.2524394404640051
LineaH:1141,LineaE:1129,LineaH,24,30.11425666057593
LineaH:1141,LineaE:1130,LineaB,3,3.90929062643725
LineaH:1141,LineaE:1130,LineaH,32,40.38346691533856
LineaH:1141,LineaE:1131,LineaB,1,1.2645545458317773
LineaH:1141,LineaE:1131,LineaH,28,36.124454878021915
LineaH:1141,LineaE:1132,LineaB,2,2.507552196791578
LineaH:1141,LineaE:1132,LineaH,58,73.53976806596161
LineaH:1141,LineaE:1133,LineaB,1,1.2583857554110247
LineaH:1141,LineaE:1133,LineaH,49,62.65737807496751
LineaH:1141,LineaE:1164,LineaB,158,197.6301335245582
LineaH:1141,LineaE:1164,LineaH,11,13.815332527668504
LineaH:1141,LineaE:1165,LineaB,122,153.33492679617285
LineaH:1141,LineaE:1165,LineaH,4,5.174811993380401
LineaH:1141,LineaE:1166,LineaB,249,310.582374945266
LineaH:1141,LineaE:1166,LineaH,7,8.974793832900822
LineaH:1141,LineaH:1134,LineaB,4,5.159863114543333
LineaH:1141,LineaH:1134,LineaH,282,356.2784115673608
LineaH:1141,LineaH:1135,LineaB,4,5.295418476157965
LineaH:1141,LineaH:1135,LineaH,188,238.19534157599003
LineaH:1141,LineaH:1136,LineaB,11,14.048634277713266
LineaH:1141,LineaH:1136,LineaH,188,237.62668632969257
LineaH:1141,LineaH:1137,LineaB,3,3.8651706115275304
LineaH:1141,LineaH:1137,LineaH,114,144.5290245457706
LineaH:1141,LineaH:1138,LineaB,5,6.27392266246948
LineaH:1141,LineaH:1138,LineaH,136,172.6831186977549
LineaH:1141,LineaH:1139,LineaB,5,6.3003526857807755
LineaH:1141,LineaH:1139,LineaH,67,84.93671096615317
LineaH:1141,LineaH:1140,LineaB,148,183.69599049732614
LineaH:1141,LineaH:1140,LineaH,106,133.98114043280287
LineaH:1141,LineaH:1160,LineaB,18,23.054485744738102
LineaH:1141,LineaH:1160,LineaH,39,49.63098075833311
LineaH:1141,LineaH:1161,LineaB,4,4.985069642839836
LineaH:1141,LineaH:1161,LineaH,126,158.7323748012179
LineaH:1141,LineaH:1162,LineaB,7,8.75486738022351
LineaH:1141,LineaH:1162,LineaH,166,208.2449570923805
LineaH:1141,LineaH:1163,LineaB,3,3.717287132271805
LineaH:1141,LineaH:1163,LineaH,54,68.09353287026293
LineaH:1160,LineaA:1059,LineaH,162,205.80851814276198
LineaH:1160,LineaA:1060,LineaH,186,237.7163458063221
LineaH:1160,LineaA:1061,LineaH,135,173.15144528646655
LineaH:1160,LineaA:1062,LineaH,93,119.15114797243717
LineaH:1160,LineaA:1063,LineaH,135,173.76575076920096
LineaH:1160,LineaA:1064,LineaH,103,131.2849744564996
LineaH:1160,LineaA:1065,LineaH,110,140.95091568678248
LineaH:1160,LineaA:1066,LineaH,62,79.6905648629126
LineaH:1160,LineaA:1067,LineaH,49,62.294977426009304
LineaH:1160,LineaA:1069,LineaH,17,21.28716679899177
LineaH:1160,LineaA:1070,LineaH,11,13.9060769861718
LineaH:1160,LineaA:1071,LineaH,44,55.9433710806812
LineaH:1160,LineaA:1072,LineaH,21,26.598560322572414
LineaH:1160,LineaA:1074,LineaH,15,18.67766836674065
LineaH:1160,LineaA:1076,LineaH,23,28.6383923048465
LineaH:1160,LineaB:1077,LineaH,89,113.780349318965
LineaH:1160,LineaB:1078,LineaH,20,25.050258510987586
LineaH:1160,LineaB:1079,LineaH,51,65.67017876276756
LineaH:1160,LineaB:1080,LineaH,21,27.756106425365736
LineaH:1160,LineaB:1081,LineaH,153,198.23227320068588
LineaH:1160,LineaB:1082,LineaH,52,65.91359375905317
LineaH:1160,LineaB:1083,LineaH,50,63.30209694586449
LineaH:1160,LineaB:1084,LineaH,22,28.50642930146526
LineaH:1160,LineaB:1085,LineaH,68,87.55552181933218
LineaH:1160,LineaB:1086,LineaH,47,60.357222528335996
LineaH:1160,LineaB:1088,LineaH,13,16.571222162715152
LineaH:1160,LineaB:1089,LineaH,20,25.509901380479405
LineaH:1160,LineaB:1090,LineaH,18,22.62579871071618
LineaH:1160,LineaB:1092,LineaH,13,16.34468736177897
LineaH:1160,LineaC:1094,LineaH,97,122.70797332004526
LineaH:1160,LineaC:1095,LineaH,26,32.57358981306184
LineaH:1160,LineaC:1097,LineaH,3,3.6868702012552816
LineaH:1160,LineaC:1098,LineaH,20,25.053394025260985
LineaH:1160,LineaC:1100,LineaH,3,3.6883533055283504
LineaH:1160,LineaC:1101,LineaH,8,9.963422663452285
LineaH:1160,LineaD:1103,LineaH,45,56.73292622217363
LineaH:1160,LineaD:1104,LineaH,40,50.38541191901782
LineaH:1160,LineaD:1105,LineaH,17,21.59080254495372
LineaH:1160,LineaD:1106,LineaH,24,30.521684244175805
LineaH:1160,LineaD:1107,LineaH,20,24.996402990595076
LineaH:1160,LineaD:1108,LineaH,30,38.2538515477909
LineaH:1160,LineaD:1109,LineaH,30,37.6321184042248
LineaH:1160,LineaD:1110,LineaH,17,22.121830286029848
LineaH:1160,LineaD:1111,LineaH,26,32.940801576405036
LineaH:1160,LineaD:1112,LineaH,10,12.714840948546438
LineaH:1160,LineaD:1114,LineaH,22,28.21942571245768
LineaH:1160,LineaD:1115,LineaH,15,19.230310389695276
LineaH:1160,LineaD:1116,LineaH,10,12.73692679493875
LineaH:1160,LineaD:1117,LineaH,22,27.517804253476534
LineaH:1160,LineaE:1119,LineaH,34,42.571789623722616
LineaH:1160,LineaE:1120,LineaH,12,14.962414415271702
LineaH:1160,LineaE:1121,LineaH,63,79.0762808460854
LineaH:1160,LineaE:1122,LineaH,38,47.89095331899729
LineaH:1160,LineaE:1123,LineaH,59,75.49655070441257
LineaH:1160,LineaE:1124,LineaH,28,35.882668012610175
LineaH:1160,LineaE:1126,LineaH,54,69.12805034102436
LineaH:1160,LineaE:1127,LineaH,89,113.19374715748243
LineaH:1160,LineaE:1128,LineaH,99,126.03076531732175
LineaH:1160,LineaE:1129,LineaH,108,138.65800417375414
LineaH:1160,LineaE:1130,LineaH,82,105.01972838615347
LineaH:1160,LineaE:1131,LineaH,57,72.39563012044324
LineaH:1160,LineaE:1132,LineaH,92,118.58910648498004
LineaH:1160,LineaE:1133,LineaH,78,100.00273463811735
LineaH:1160,LineaE:1164,LineaH,34,43.49255141396582
LineaH:1160,LineaE:1165,LineaH,17,21.83318407546416
LineaH:1160,LineaE:1166,LineaH,43,54.156918545177895
LineaH:1160,LineaH:1134,LineaH,423,535.2938674797684
LineaH:1160,LineaH:1135,LineaH,276,350.5734236350155
LineaH:1160,LineaH:1136,LineaH,285,360.95252547491197
LineaH:1160,LineaH:1137,LineaH,169,214.23394227427147
LineaH:1160,LineaH:1138,LineaH,186,237.39072361349204
LineaH:1160,LineaH:1139,LineaH,127,161.62202476206832
LineaH:1160,LineaH:1140,LineaH,514,653.3919680931646
LineaH:1160,LineaH:1141,LineaH,46,58.616232197928355
LineaH:1160,LineaH:1161,LineaH,16,20.303008128472825
LineaH:1160,LineaH:1162,LineaH,144,183.29750465317034
LineaH:1160,LineaH:1163,LineaH,77,97.145004320342
LineaH:1161,LineaA:1059,LineaD,14,18.044753081624876
LineaH:1161,LineaA:1059,LineaH,176,225.156021330817
LineaH:1161,LineaA:1060,LineaD,12,15.478124175846391
LineaH:1161,LineaA:1060,LineaH,219,278.69009740364027
LineaH:1161,LineaA:1061,LineaD,11,14.144087260398381
LineaH:1161,LineaA:1061,LineaH,153,194.1703210458252
LineaH:1161,LineaA:1062,LineaD,4,5.014515470098256
LineaH:1161,LineaA:1062,LineaH,106,135.27726778917457
LineaH:1161,LineaA:1063,LineaD,15,19.4105560860405
LineaH:1161,LineaA:1063,LineaH,186,238.89840273496227
LineaH:1161,LineaA:1064,LineaD,10,13.049172130794744
LineaH:1161,LineaA:1064,LineaH,177,224.64151072926396
LineaH:1161,LineaA:1065,LineaD,9,11.217316678490352
LineaH:1161,LineaA:1065,LineaH,130,166.15675813938387
LineaH:1161,LineaA:1066,LineaD,8,10.19096363644396
LineaH:1161,LineaA:1066,LineaH,105,133.68089107951585
LineaH:1161,LineaA:1067,LineaD,4,5.1125734496987825
LineaH:1161,LineaA:1067,LineaH,71,90.31709223369985
LineaH:1161,LineaA:1069,LineaH,31,39.40715864575342
LineaH:1161,LineaA:1070,LineaH,16,20.696189139192914
LineaH:1161,LineaA:1071,LineaD,13,16.397050259384642
LineaH:1161,LineaA:1071,LineaH,45,57.51887648787402
LineaH:1161,LineaA:1072,LineaD,6,7.450145788214281
LineaH:1161,LineaA:1072,LineaH,20,25.294669608313722
LineaH:1161,LineaA:1074,LineaD,9,11.185186663206162
LineaH:1161,LineaA:1074,LineaH,8,10.08046224307739
LineaH:1161,LineaA:1076,LineaD,63,78.65547433714232
LineaH:1161,LineaA:1076,LineaH,21,26.515533897750533
LineaH:1161,LineaB:1077,LineaD,21,26.97608324889839
LineaH:1161,LineaB:1077,LineaH,204,261.54883528086856
LineaH:1161,LineaB:1078,LineaD,7,9.135162472487066
LineaH:1161,LineaB:1078,LineaH,65,83.48176853430235
LineaH:1161,LineaB:1079,LineaD,10,12.925655181188976
LineaH:1161,LineaB:1079,LineaH,64,81.84728452322219
LineaH:1161,LineaB:1080,LineaD,9,11.517044764085709
LineaH:1161,LineaB:1080,LineaH,37,47.01503059542637
LineaH:1161,LineaB:1081,LineaD,19,24.266222187746486
LineaH:1161,LineaB:1081,LineaH,192,243.50883632195365
LineaH:1161,LineaB:1082,LineaD,11,13.852599699579129
LineaH:1161,LineaB:1082,LineaH,54,68.46138538503304
LineaH:1161,LineaB:1083,LineaD,15,19.370228367057752
LineaH:1161,LineaB:1083,LineaH,107,135.749681661411
LineaH:1161,LineaB:1084,LineaD,13,17.015684133848477
LineaH:1161,LineaB:1084,LineaH,130,166.13621346358389
LineaH:1161,LineaB:1085,LineaD,16,20.13681014034195
LineaH:1161,LineaB:1085,LineaH,143,182.05333121447143
LineaH:1161,LineaB:1086,LineaD,7,9.057416296229
LineaH:1161,LineaB:1086,LineaH,60,76.38344448927083
LineaH:1161,LineaB:1088,LineaD,6,7.461006474401533
LineaH:1161,LineaB:1088,LineaH,16,20.54501016414819
LineaH:1161,LineaB:1089,LineaD,17,21.548442802373934
LineaH:1161,LineaB:1089,LineaH,31,39.14152590523641
LineaH:1161,LineaB:1090,LineaD,30,38.09502150892412
LineaH:1161,LineaB:1090,LineaH,11,13.755967366098773
LineaH:1161,LineaB:1092,LineaD,26,32.4185255328764
LineaH:1161,LineaB:1092,LineaH,23,28.614142828060977
LineaH:1161,LineaC:1094,LineaD,445,565.6262938223884
LineaH:1161,LineaC:1094,LineaH,109,138.59889230788912
LineaH:1161,LineaC:1095,LineaD,33,41.53805669946577
LineaH:1161,LineaC:1095,LineaH,14,17.715069768396788
LineaH:1161,LineaC:1097,LineaD,22,27.710445373507568
LineaH:1161,LineaC:1097,LineaH,7,8.868946318680901
LineaH:1161,LineaC:1098,LineaD,35,43.65164618389461
LineaH:1161,LineaC:1098,LineaH,21,26.6515248128116
LineaH:1161,LineaC:1100,LineaD,21,26.286903177072595
LineaH:1161,LineaC:1100,LineaH,8,9.935965123915848
LineaH:1161,LineaC:1101,LineaD,22,27.491108780996527
LineaH:1161,LineaC:1101,LineaH,7,8.920345176079541
LineaH:1161,LineaD:1103,LineaD,402,508.08801844027715
LineaH:1161,LineaD:1103,LineaH,129,165.76818799484158
LineaH:1161,LineaD:1104,LineaD,332,421.1700743955847
LineaH:1161,LineaD:1104,LineaH,110,140.52043277013487
LineaH:1161,LineaD:1105,LineaD,210,264.94824906730145
LineaH:1161,LineaD:1105,LineaH,56,71.57386297868622
LineaH:1161,LineaD:1106,LineaD,190,240.4245697617102
LineaH:1161,LineaD:1106,LineaH,50,64.19253021170903
LineaH:1161,LineaD:1107,LineaD,235,297.92163898255006
LineaH:1161,LineaD:1107,LineaH,64,81.65882709561473
LineaH:1161,LineaD:1108,LineaD,291,368.58660273459134
LineaH:1161,LineaD:1108,LineaH,108,136.96367774895987
LineaH:1161,LineaD:1109,LineaD,184,233.84801964143696
LineaH:1161,LineaD:1109,LineaH,59,74.15555073114042
LineaH:1161,LineaD:1110,LineaD,125,159.19134195878001
LineaH:1161,LineaD:1110,LineaH,37,46.64556279702712
LineaH:1161,LineaD:1111,LineaD,83,104.98406893898168
LineaH:1161,LineaD:1111,LineaH,56,72.05836801803889
LineaH:1161,LineaD:1114,LineaD,37,46.660570265268014
LineaH:1161,LineaD:1114,LineaH,22,28.204539155917182
LineaH:1161,LineaD:1115,LineaD,88,110.10717218321437
LineaH:1161,LineaD:1115,LineaH,31,39.29680540328941
LineaH:1161,LineaD:1116,LineaD,201,253.17447142438718
LineaH:1161,LineaD:1116,LineaH,31,38.49784153121778
LineaH:1161,LineaD:1117,LineaD,97,121.51005503875194
LineaH:1161,LineaD:1117,LineaH,21,26.427214207005665
LineaH:1161,LineaE:1119,LineaD,466,577.1784605007338
LineaH:1161,LineaE:1119,LineaH,79,98.80130784151936
LineaH:1161,LineaE:1120,LineaD,19,24.18114330317127
LineaH:1161,LineaE:1120,LineaH,13,16.36977471506928
LineaH:1161,LineaE:1121,LineaD,65,81.5866830574765
LineaH:1161,LineaE:1121,LineaH,36,45.45066391633306
LineaH:1161,LineaE:1122,LineaD,12,15.16703642189017
LineaH:1161,LineaE:1122,LineaH,49,61.83808550102579
LineaH:1161,LineaE:1123,LineaD,4,5.0268436562059025
LineaH:1161,LineaE:1123,LineaH,35,44.43160449767605
LineaH:1161,LineaE:1124,LineaD,1,1.2491664413805532
LineaH:1161,LineaE:1124,LineaH,21,26.754415037709972
LineaH:1161,LineaE:1126,LineaD,5,6.40511479299306
LineaH:1161,LineaE:1126,LineaH,57,72.65299810427824
LineaH:1161,LineaE:1127,LineaD,6,7.934536646951306
LineaH:1161,LineaE:1127,LineaH,94,120.39280439924505
LineaH:1161,LineaE:1128,LineaD,3,3.863917700448704
LineaH:1161,LineaE:1128,LineaH,117,150.71956334733727
LineaH:1161,LineaE:1129,LineaD,8,10.143070106728834
LineaH:1161,LineaE:1129,LineaH,102,130.31650197282926
LineaH:1161,LineaE:1130,LineaD,5,6.631167728124428
LineaH:1161,LineaE:1130,LineaH,103,131.68181087966022
LineaH:1161,LineaE:1131,LineaD,6,8.116281287140058
LineaH:1161,LineaE:1131,LineaH,53,67.77599363972425
LineaH:1161,LineaE:1132,LineaD,4,5.038875985017919
LineaH:1161,LineaE:1132,LineaH,89,113.78664566587094
LineaH:1161,LineaE:1133,LineaD,2,2.5291090916635546
LineaH:1161,LineaE:1133,LineaH,70,90.167010797599
LineaH:1161,LineaE:1164,LineaD,75,95.00053808995895
LineaH:1161,LineaE:1164,LineaH,28,34.94507626718769
LineaH:1161,LineaE:1165,LineaD,19,24.301466669427864
LineaH:1161,LineaE:1165,LineaH,20,25.54105662896836
LineaH:1161,LineaE:1166,LineaD,46,57.66111171565196
LineaH:1161,LineaE:1166,LineaH,31,39.040407337217054
LineaH:1161,LineaH:1134,LineaD,23,28.79667311758217
LineaH:1161,LineaH:1134,LineaH,487,616.5969971807432
LineaH:1161,LineaH:1135,LineaD,21,26.211592589794343
LineaH:1161,LineaH:1135,LineaH,399,504.0926585670521
LineaH:1161,LineaH:1136,LineaD,20,25.131348815530842
LineaH:1161,LineaH:1136,LineaH,362,458.50507798374696
LineaH:1161,LineaH:1137,LineaD,10,12.603269826015179
LineaH:1161,LineaH:1137,LineaH,183,233.06450049016678
LineaH:1161,LineaH:1138,LineaD,11,14.072242944627837
LineaH:1161,LineaH:1138,LineaH,195,247.24010403279584
LineaH:1161,LineaH:1139,LineaD,9,11.594947898871192
LineaH:1161,LineaH:1139,LineaH,176,224.95786858236616
LineaH:1161,LineaH:1140,LineaD,31,39.47741000339462
LineaH:1161,LineaH:1140,LineaH,603,766.848880475286
LineaH:1161,LineaH:1141,LineaD,9,11.313510368912095
LineaH:1161,LineaH:1141,LineaH,97,122.93229956279484
LineaH:1161,LineaH:1160,LineaD,17,21.820359326602475
LineaH:1161,LineaH:1160,LineaH,33,42.38156830530376
LineaH:1161,LineaH:1162,LineaD,16,20.108579720515188
LineaH:1161,LineaH:1162,LineaH,71,88.90579463450129
LineaH:1161,LineaH:1163,LineaD,15,19.009022589460436
LineaH:1161,LineaH:1163,LineaH,78,97.83677629180383
LineaH:1162,LineaA:1059,LineaH,156,198.55928648749776
LineaH:1162,LineaA:1060,LineaH,170,216.37750673911063
LineaH:1162,LineaA:1061,LineaH,140,178.5303847664262
LineaH:1162,LineaA:1062,LineaH,80,101.42005258110345
LineaH:1162,LineaA:1063,LineaH,128,163.24531620471834
LineaH:1162,LineaA:1064,LineaH,176,224.30250434617665
LineaH:1162,LineaA:1065,LineaH,129,164.86241342701567
LineaH:1162,LineaA:1066,LineaH,97,125.01996303750788
LineaH:1162,LineaA:1067,LineaH,72,91.27499780119484
LineaH:1162,LineaA:1069,LineaH,28,36.483582613625465
LineaH:1162,LineaA:1070,LineaH,30,38.150328408452395
LineaH:1162,LineaA:1071,LineaH,49,61.44151619695874
LineaH:1162,LineaA:1072,LineaH,11,14.20573386651423
LineaH:1162,LineaA:1074,LineaH,5,6.2509121389301505
LineaH:1162,LineaA:1076,LineaH,32,40.34163474884317
LineaH:1162,LineaB:1077,LineaH,180,230.93370115259157
LineaH:1162,LineaB:1078,LineaH,33,42.194425273783274
LineaH:1162,LineaB:1079,LineaH,50,64.27543488777988
LineaH:1162,LineaB:1080,LineaH,21,26.86630810496468
LineaH:1162,LineaB:1081,LineaH,160,204.27125696970015
LineaH:1162,LineaB:1082,LineaH,58,74.77986463557458
LineaH:1162,LineaB:1083,LineaH,96,123.13774637796834
LineaH:1162,LineaB:1084,LineaH,84,107.24618617110904
LineaH:1162,LineaB:1085,LineaH,114,146.0897003249001
LineaH:1162,LineaB:1086,LineaH,73,92.96781527083466
LineaH:1162,LineaB:1088,LineaH,20,25.47950473590714
LineaH:1162,LineaB:1089,LineaH,16,20.239801859938655
LineaH:1162,LineaB:1090,LineaH,23,28.878089062962644
LineaH:1162,LineaB:1092,LineaH,24,29.912614891428568
LineaH:1162,LineaC:1094,LineaH,107,136.61977837460861
LineaH:1162,LineaC:1095,LineaH,4,5.1061044972295
LineaH:1162,LineaC:1097,LineaH,8,10.331829288173813
LineaH:1162,LineaC:1098,LineaH,15,19.101273202092123
LineaH:1162,LineaC:1100,LineaH,3,3.736141812952349
LineaH:1162,LineaC:1101,LineaH,15,19.047744687978785
LineaH:1162,LineaD:1103,LineaH,67,87.5057718127958
LineaH:1162,LineaD:1104,LineaH,48,61.147842759020186
LineaH:1162,LineaD:1105,LineaH,49,63.93370712203428
LineaH:1162,LineaD:1106,LineaH,35,45.48025941060443
LineaH:1162,LineaD:1107,LineaH,41,53.37314692919034
LineaH:1162,LineaD:1108,LineaH,47,60.39223114669462
LineaH:1162,LineaD:1109,LineaH,44,55.97621960245444
LineaH:1162,LineaD:1110,LineaH,44,56.52627893439406
LineaH:1162,LineaD:1111,LineaH,58,73.7746805984727
LineaH:1162,LineaD:1112,LineaH,25,32.46753270580122
LineaH:1162,LineaD:1114,LineaH,27,34.751246123526485
LineaH:1162,LineaD:1115,LineaH,35,44.65625749205659
LineaH:1162,LineaD:1116,LineaH,22,27.858042547084064
LineaH:1162,LineaD:1117,LineaH,32,40.36431042286838
LineaH:1162,LineaE:1119,LineaH,96,120.55926217371231
LineaH:1162,LineaE:1120,LineaH,12,15.215353199075155
LineaH:1162,LineaE:1121,LineaH,23,29.201610756839237
LineaH:1162,LineaE:1122,LineaH,13,16.22459080188913
LineaH:1162,LineaE:1123,LineaH,47,60.469147780282576
LineaH:1162,LineaE:1124,LineaH,18,23.145853784570757
LineaH:1162,LineaE:1126,LineaH,35,44.77498825679369
LineaH:1162,LineaE:1127,LineaH,76,96.92740170275466
LineaH:1162,LineaE:1128,LineaH,94,120.13655137274358
LineaH:1162,LineaE:1129,LineaH,82,104.58348322773216
LineaH:1162,LineaE:1130,LineaH,84,107.84986692442303
LineaH:1162,LineaE:1131,LineaH,37,47.508635883209145
LineaH:1162,LineaE:1132,LineaH,91,115.72472463227469
LineaH:1162,LineaE:1133,LineaH,77,97.82919464764663
LineaH:1162,LineaE:1164,LineaH,29,36.77924970541421
LineaH:1162,LineaE:1165,LineaH,17,22.570640370713935
LineaH:1162,LineaE:1166,LineaH,44,55.64622780306703
LineaH:1162,LineaH:1134,LineaH,558,706.9767124915873
LineaH:1162,LineaH:1135,LineaH,364,455.7007384179096
LineaH:1162,LineaH:1136,LineaH,288,364.6090052301989
LineaH:1162,LineaH:1137,LineaH,152,194.2264179357473
LineaH:1162,LineaH:1138,LineaH,130,166.84926007491617
LineaH:1162,LineaH:1139,LineaH,125,159.44110961688276
LineaH:1162,LineaH:1140,LineaH,944,1197.1853948812284
LineaH:1162,LineaH:1141,LineaH,154,193.63804032815065
LineaH:1162,LineaH:1160,LineaH,120,153.29282082140892
LineaH:1162,LineaH:1161,LineaH,72,91.71732219654265
LineaH:1162,LineaH:1163,LineaH,32,40.27538828115703
LineaH:1163,LineaA:1059,LineaH,34,43.56400038431349
LineaH:1163,LineaA:1060,LineaH,32,41.535070629893056
LineaH:1163,LineaA:1061,LineaH,40,52.36657500247081
LineaH:1163,LineaA:1062,LineaH,18,23.440537916853614
LineaH:1163,LineaA:1063,LineaH,34,44.046142956885184
LineaH:1163,LineaA:1064,LineaH,36,47.545024169724684
LineaH:1163,LineaA:1065,LineaH,27,34.684112198314196
LineaH:1163,LineaA:1066,LineaH,29,37.97633048134542
LineaH:1163,LineaA:1067,LineaH,5,6.476381023783583
LineaH:1163,LineaA:1069,LineaH,9,11.438978023460454
LineaH:1163,LineaA:1070,LineaH,6,7.636563089707056
LineaH:1163,LineaA:1071,LineaH,13,16.65927817641875
LineaH:1163,LineaA:1072,LineaH,10,12.933618733264254
LineaH:1163,LineaA:1074,LineaH,2,2.485195277769376
LineaH:1163,LineaA:1076,LineaH,5,6.589118256799942
LineaH:1163,LineaB:1077,LineaH,45,58.11551230459578
LineaH:1163,LineaB:1078,LineaH,19,24.6527316267622
LineaH:1163,LineaB:1079,LineaH,13,16.921796310482385
LineaH:1163,LineaB:1080,LineaH,11,14.351782649699597
LineaH:1163,LineaB:1081,LineaH,66,86.16437970186952
LineaH:1163,LineaB:1082,LineaH,19,24.233098412261437
LineaH:1163,LineaB:1083,LineaH,18,23.591048473727422
LineaH:1163,LineaB:1084,LineaH,22,28.853773381076575
LineaH:1163,LineaB:1085,LineaH,20,25.655977776256414
LineaH:1163,LineaB:1086,LineaH,18,23.240435484948943
LineaH:1163,LineaB:1088,LineaH,6,7.794870245944468
LineaH:1163,LineaB:1089,LineaH,11,14.299503929972612
LineaH:1163,LineaB:1090,LineaH,7,8.779501218050191
LineaH:1163,LineaB:1092,LineaH,5,6.29847270536774
LineaH:1163,LineaC:1094,LineaH,29,37.21256417466176
LineaH:1163,LineaC:1095,LineaH,1,1.2583857554110247
LineaH:1163,LineaC:1097,LineaH,2,2.48801030543111
LineaH:1163,LineaC:1098,LineaH,8,10.166146604823695
LineaH:1163,LineaC:1100,LineaH,3,3.769293800648583
LineaH:1163,LineaC:1101,LineaH,4,5.1686559075581435
LineaH:1163,LineaD:1103,LineaH,24,31.06500008649538
LineaH:1163,LineaD:1104,LineaH,21,27.542142512104608
LineaH:1163,LineaD:1105,LineaH,14,18.000567052334258
LineaH:1163,LineaD:1106,LineaH,12,15.22763762949759
LineaH:1163,LineaD:1107,LineaH,12,15.236714413826324
LineaH:1163,LineaD:1108,LineaH,19,24.778374965788323
LineaH:1163,LineaD:1109,LineaH,19,24.685794452726267
LineaH:1163,LineaD:1110,LineaH,21,27.019017377489998
LineaH:1163,LineaD:1111,LineaH,16,20.616050161504127
LineaH:1163,LineaD:1112,LineaH,12,15.379363701430334
LineaH:1163,LineaD:1114,LineaH,12,15.387194872296698
LineaH:1163,LineaD:1115,LineaH,25,31.72945730608859
LineaH:1163,LineaD:1116,LineaH,15,19.98051089193424
LineaH:1163,LineaD:1117,LineaH,18,23.023829556236194
LineaH:1163,LineaE:1119,LineaH,24,30.840021021605057
LineaH:1163,LineaE:1120,LineaH,3,3.8991345724892157
LineaH:1163,LineaE:1121,LineaH,5,6.421095348022149
LineaH:1163,LineaE:1122,LineaH,2,2.5133105903660846
LineaH:1163,LineaE:1123,LineaH,9,11.300747729139294
LineaH:1163,LineaE:1124,LineaH,5,6.27947101804242
LineaH:1163,LineaE:1126,LineaH,2,2.4768747257732064
LineaH:1163,LineaE:1127,LineaH,20,25.898639741595886
LineaH:1163,LineaE:1128,LineaH,11,14.157596339112569
LineaH:1163,LineaE:1129,LineaH,17,22.01970302033919
LineaH:1163,LineaE:1130,LineaH,14,18.119352942512016
LineaH:1163,LineaE:1131,LineaH,3,4.04063412496528
LineaH:1163,LineaE:1132,LineaH,14,18.07765230092639
LineaH:1163,LineaE:1133,LineaH,13,17.148383071865634
LineaH:1163,LineaE:1164,LineaH,11,13.9184131825814
LineaH:1163,LineaE:1165,LineaH,6,7.8018004419452645
LineaH:1163,LineaE:1166,LineaH,3,3.8981550467793467
LineaH:1163,LineaH:1134,LineaH,79,100.47998753671806
LineaH:1163,LineaH:1135,LineaH,48,61.57577278639711
LineaH:1163,LineaH:1136,LineaH,41,52.79328131821675
LineaH:1163,LineaH:1137,LineaH,24,30.956658166260894
LineaH:1163,LineaH:1138,LineaH,22,28.414180698379557
LineaH:1163,LineaH:1139,LineaH,27,35.72830297761116
LineaH:1163,LineaH:1140,LineaH,233,299.3800871702705
LineaH:1163,LineaH:1141,LineaH,19,24.563563595651893
LineaH:1163,LineaH:1160,LineaH,43,55.92594193961555
LineaH:1163,LineaH:1161,LineaH,48,61.259569194660635
LineaH:1163,LineaH:1162,LineaH,24,30.985561671206156
