linea,direction_id,orden,nodo,hora,pasajeros_hora_media,pasajeros_hora_desvio,formaciones_hora_media,capacidad,max_a_bordo,max_anden,quedaron_abajo_por_replica
A,0,0,LineaA:1076,5,38.80,5.67,6.00,895,277,277,0.0
A,0,0,LineaA:1076,6,151.30,15.20,12.20,895,277,277,0.0
A,0,0,LineaA:1076,7,381.70,16.01,15.50,895,277,277,0.0
A,0,0,LineaA:1076,8,519.30,20.07,19.50,895,277,277,0.0
A,0,0,LineaA:1076,9,508.30,22.33,20.30,895,277,277,0.0
A,0,0,LineaA:1076,10,435.10,22.15,18.90,895,277,277,0.0
A,0,0,LineaA:1076,11,508.20,18.34,15.30,895,277,277,0.0
A,0,0,LineaA:1076,12,639.40,35.26,16.00,895,277,277,0.0
A,0,0,LineaA:1076,13,781.90,45.58,15.10,895,277,277,0.0
A,0,0,LineaA:1076,14,890.50,50.75,15.50,895,277,277,0.0
A,0,0,LineaA:1076,15,1232.40,40.35,18.80,895,277,277,0.0
A,0,0,LineaA:1076,16,1978.70,63.38,19.20,895,277,277,0.0
A,0,0,LineaA:1076,17,2446.90,80.49,19.00,895,277,277,0.0
A,0,0,LineaA:1076,18,1997.40,34.61,18.60,895,277,277,0.0
A,0,0,LineaA:1076,19,731.80,24.32,18.70,895,277,277,0.0
A,0,0,LineaA:1076,20,509.00,27.53,17.20,895,277,277,0.0
A,0,0,LineaA:1076,21,285.00,18.63,14.00,895,277,277,0.0
A,0,0,LineaA:1076,22,98.70,8.65,11.30,895,277,277,0.0
A,0,0,LineaA:1076,23,20.40,4.35,4.90,895,277,277,0.0
A,0,1,LineaA:1075,5,41.40,5.72,5.60,895,469,234,0.0
A,0,1,LineaA:1075,6,180.80,10.43,12.10,895,469,234,0.0
A,0,1,LineaA:1075,7,507.50,15.28,16.00,895,469,234,0.0
A,0,1,LineaA:1075,8,711.60,33.00,19.30,895,469,234,0.0
A,0,1,LineaA:1075,9,743.70,36.19,20.30,895,469,234,0.0
A,0,1,LineaA:1075,10,699.60,29.12,18.50,895,469,234,0.0
A,0,1,LineaA:1075,11,836.10,27.71,15.90,895,469,234,0.0
A,0,1,LineaA:1075,12,1071.80,37.14,15.80,895,469,234,0.0
A,0,1,LineaA:1075,13,1338.60,66.51,15.10,895,469,234,0.0
A,0,1,LineaA:1075,14,1541.60,86.37,15.30,895,469,234,0.0
A,0,1,LineaA:1075,15,2305.70,84.27,18.90,895,469,234,0.0
A,0,1,LineaA:1075,16,3234.20,123.20,19.00,895,469,234,0.0
A,0,1,LineaA:1075,17,4261.40,124.32,19.20,895,469,234,0.0
A,0,1,LineaA:1075,18,3564.30,93.62,18.70,895,469,234,0.0
A,0,1,LineaA:1075,19,1477.30,41.67,18.80,895,469,234,0.0
A,0,1,LineaA:1075,20,947.90,20.87,17.10,895,469,234,0.0
A,0,1,LineaA:1075,21,497.50,30.15,14.00,895,469,234,0.0
A,0,1,LineaA:1075,22,193.50,13.62,11.40,895,469,234,0.0
A,0,1,LineaA:1075,23,34.30,4.57,5.00,895,469,234,0.0
A,0,2,LineaA:1074,5,49.50,7.43,5.60,895,559,121,0.0
A,0,2,LineaA:1074,6,203.30,14.50,12.00,895,559,121,0.0
A,0,2,LineaA:1074,7,510.70,20.60,15.80,895,559,121,0.0
A,0,2,LineaA:1074,8,701.70,31.32,19.20,895,559,121,0.0
A,0,2,LineaA:1074,9,769.70,27.90,20.30,895,559,121,0.0
A,0,2,LineaA:1074,10,784.60,34.96,18.70,895,559,121,0.0
A,0,2,LineaA:1074,11,993.50,40.30,15.60,895,559,121,0.0
A,0,2,LineaA:1074,12,1268.00,40.28,15.90,895,559,121,0.0
A,0,2,LineaA:1074,13,1586.90,49.06,15.30,895,559,121,0.0
A,0,2,LineaA:1074,14,1852.30,52.68,15.30,895,559,121,0.0
A,0,2,LineaA:1074,15,2813.20,103.75,18.70,895,559,121,0.0
A,0,2,LineaA:1074,16,3864.80,148.34,19.30,895,559,121,0.0
A,0,2,LineaA:1074,17,5004.60,119.87,19.00,895,559,121,0.0
A,0,2,LineaA:1074,18,4321.80,101.01,18.80,895,559,121,0.0
A,0,2,LineaA:1074,19,1758.70,50.09,18.50,895,559,121,0.0
A,0,2,LineaA:1074,20,1145.20,21.01,16.90,895,559,121,0.0
A,0,2,LineaA:1074,21,614.50,38.58,14.40,895,559,121,0.0
A,0,2,LineaA:1074,22,234.50,21.61,11.30,895,559,121,0.0
A,0,2,LineaA:1074,23,48.50,6.87,5.40,895,559,121,0.0
A,0,3,LineaA:1073,5,139.90,11.91,5.40,895,786,377,0.0
A,0,3,LineaA:1073,6,1057.40,54.57,12.00,895,786,377,0.0
A,0,3,LineaA:1073,7,2463.20,69.14,15.80,895,786,377,0.0
A,0,3,LineaA:1073,8,3075.70,115.03,18.90,895,786,377,0.0
A,0,3,LineaA:1073,9,2717.20,95.46,20.40,895,786,377,0.0
A,0,3,LineaA:1073,10,2174.30,92.06,18.60,895,786,377,0.0
A,0,3,LineaA:1073,11,2399.80,122.16,15.80,895,786,377,0.0
A,0,3,LineaA:1073,12,2873.20,140.50,15.80,895,786,377,0.0
A,0,3,LineaA:1073,13,2991.10,166.05,15.40,895,786,377,0.0
A,0,3,LineaA:1073,14,3185.70,132.55,15.20,895,786,377,0.0
A,0,3,LineaA:1073,15,4364.80,82.06,18.90,895,786,377,0.0
A,0,3,LineaA:1073,16,5515.80,168.50,19.30,895,786,377,0.0
A,0,3,LineaA:1073,17,6976.60,202.09,18.70,895,786,377,0.0
A,0,3,LineaA:1073,18,6280.40,171.87,18.90,895,786,377,0.0
A,0,3,LineaA:1073,19,2730.10,55.98,18.60,895,786,377,0.0
A,0,3,LineaA:1073,20,2022.60,66.98,17.20,895,786,377,0.0
A,0,3,LineaA:1073,21,1356.50,48.61,14.10,895,786,377,0.0
A,0,3,LineaA:1073,22,838.10,44.32,11.50,895,786,377,0.0
A,0,3,LineaA:1073,23,105.40,9.05,5.50,895,786,377,0.0
A,0,4,LineaA:1072,5,138.10,17.41,5.10,895,831,99,0.0
A,0,4,LineaA:1072,6,1005.90,60.18,11.70,895,831,99,0.0
A,0,4,LineaA:1072,7,2427.70,62.80,15.70,895,831,99,0.0
A,0,4,LineaA:1072,8,3137.40,80.90,19.40,895,831,99,0.0
A,0,4,LineaA:1072,9,2711.30,65.06,20.10,895,831,99,0.0
A,0,4,LineaA:1072,10,2231.00,47.55,18.80,895,831,99,0.0
A,0,4,LineaA:1072,11,2474.00,84.95,15.80,895,831,99,0.0
A,0,4,LineaA:1072,12,3047.00,152.59,15.60,895,831,99,0.0
A,0,4,LineaA:1072,13,3221.40,103.69,15.80,895,831,99,0.0
A,0,4,LineaA:1072,14,3508.20,87.47,15.20,895,831,99,0.0
A,0,4,LineaA:1072,15,4758.10,116.49,18.60,895,831,99,0.0
A,0,4,LineaA:1072,16,5934.40,141.23,19.20,895,831,99,0.0
A,0,4,LineaA:1072,17,7446.10,197.07,18.70,895,831,99,0.0
A,0,4,LineaA:1072,18,6735.80,151.17,18.90,895,831,99,0.0
A,0,4,LineaA:1072,19,3004.50,90.15,18.80,895,831,99,0.0
A,0,4,LineaA:1072,20,2238.40,56.57,17.20,895,831,99,0.0
A,0,4,LineaA:1072,21,1488.20,36.82,14.40,895,831,99,0.0
A,0,4,LineaA:1072,22,860.50,36.28,11.10,895,831,99,0.0
A,0,4,LineaA:1072,23,127.50,14.40,5.90,895,831,99,0.0
A,0,5,LineaA:1071,5,137.70,13.28,5.60,895,895,170,16.0
A,0,5,LineaA:1071,6,1076.00,58.17,11.90,895,895,170,16.0
A,0,5,LineaA:1071,7,2944.50,83.32,15.90,895,895,170,16.0
A,0,5,LineaA:1071,8,3594.40,84.81,19.00,895,895,170,16.0
A,0,5,LineaA:1071,9,3223.70,64.17,20.20,895,895,170,16.0
A,0,5,LineaA:1071,10,2644.60,58.04,18.60,895,895,170,16.0
A,0,5,LineaA:1071,11,2897.20,117.77,16.00,895,895,170,16.0
A,0,5,LineaA:1071,12,3661.40,131.39,15.80,895,895,170,16.0
A,0,5,LineaA:1071,13,3923.60,138.59,15.40,895,895,170,16.0
A,0,5,LineaA:1071,14,4214.60,164.03,15.30,895,895,170,16.0
A,0,5,LineaA:1071,15,5609.40,193.26,18.60,895,895,170,16.0
A,0,5,LineaA:1071,16,6860.80,124.49,19.30,895,895,170,16.0
A,0,5,LineaA:1071,17,8588.50,200.79,18.70,895,895,170,16.0
A,0,5,LineaA:1071,18,7775.80,120.27,19.10,895,895,170,16.0
A,0,5,LineaA:1071,19,3658.70,99.50,18.50,895,895,170,16.0
A,0,5,LineaA:1071,20,2803.90,76.45,17.20,895,895,170,16.0
A,0,5,LineaA:1071,21,1801.80,94.89,14.20,895,895,170,16.0
A,0,5,LineaA:1071,22,1091.80,57.34,11.70,895,895,170,16.0
A,0,5,LineaA:1071,23,182.20,24.54,6.00,895,895,170,16.0
A,0,6,LineaA:1069,5,129.50,9.22,5.40,895,895,78,13.7
A,0,6,LineaA:1069,6,1001.70,48.64,11.70,895,895,78,13.7
A,0,6,LineaA:1069,7,2762.20,117.32,15.60,895,895,78,13.7
A,0,6,LineaA:1069,8,3401.60,90.54,19.20,895,895,78,13.7
A,0,6,LineaA:1069,9,3033.30,123.09,20.00,895,895,78,13.7
A,0,6,LineaA:1069,10,2549.90,36.49,18.60,895,895,78,13.7
A,0,6,LineaA:1069,11,2845.20,140.78,16.10,895,895,78,13.7
A,0,6,LineaA:1069,12,3650.60,170.59,15.70,895,895,78,13.7
A,0,6,LineaA:1069,13,3973.60,127.63,15.60,895,895,78,13.7
A,0,6,LineaA:1069,14,4329.00,172.98,15.30,895,895,78,13.7
A,0,6,LineaA:1069,15,5742.00,188.90,18.40,895,895,78,13.7
A,0,6,LineaA:1069,16,7045.60,170.93,19.40,895,895,78,13.7
A,0,6,LineaA:1069,17,8806.10,375.45,18.80,895,895,78,13.7
A,0,6,LineaA:1069,18,8067.00,182.45,18.80,895,895,78,13.7
A,0,6,LineaA:1069,19,3889.20,135.27,18.70,895,895,78,13.7
A,0,6,LineaA:1069,20,2844.90,76.11,17.20,895,895,78,13.7
A,0,6,LineaA:1069,21,1877.80,79.52,14.50,895,895,78,13.7
A,0,6,LineaA:1069,22,1135.90,62.06,11.40,895,895,78,13.7
A,0,6,LineaA:1069,23,211.60,16.36,6.60,895,895,78,13.7
A,0,7,LineaA:1068,5,117.60,8.45,5.20,895,895,351,89.9
A,0,7,LineaA:1068,6,976.70,51.23,11.70,895,895,351,89.9
A,0,7,LineaA:1068,7,2934.80,65.37,15.50,895,895,351,89.9
A,0,7,LineaA:1068,8,3530.50,104.47,19.10,895,895,351,89.9
A,0,7,LineaA:1068,9,3149.10,102.55,20.00,895,895,351,89.9
A,0,7,LineaA:1068,10,2781.60,69.58,18.90,895,895,351,89.9
A,0,7,LineaA:1068,11,3086.30,153.96,16.00,895,895,351,89.9
A,0,7,LineaA:1068,12,4122.70,177.26,15.80,895,895,351,89.9
A,0,7,LineaA:1068,13,4573.80,125.31,15.50,895,895,351,89.9
A,0,7,LineaA:1068,14,4535.50,174.24,15.10,895,895,351,89.9
A,0,7,LineaA:1068,15,6045.60,244.10,18.20,895,895,351,89.9
A,0,7,LineaA:1068,16,7361.10,212.02,19.50,895,895,351,89.9
A,0,7,LineaA:1068,17,9552.70,264.86,18.80,895,895,351,89.9
A,0,7,LineaA:1068,18,9140.90,206.78,19.10,895,895,351,89.9
A,0,7,LineaA:1068,19,4800.70,123.84,18.50,895,895,351,89.9
A,0,7,LineaA:1068,20,3399.60,83.51,17.30,895,895,351,89.9
A,0,7,LineaA:1068,21,2254.90,94.88,14.50,895,895,351,89.9
A,0,7,LineaA:1068,22,1376.00,63.66,11.60,895,895,351,89.9
A,0,7,LineaA:1068,23,276.10,21.19,6.70,895,895,351,89.9
A,0,8,LineaA:1067,5,95.10,18.44,5.70,895,883,27,0.0
A,0,8,LineaA:1067,6,920.50,81.49,11.90,895,883,27,0.0
A,0,8,LineaA:1067,7,2756.50,113.97,15.40,895,883,27,0.0
A,0,8,LineaA:1067,8,3276.60,149.26,18.50,895,883,27,0.0
A,0,8,LineaA:1067,9,3058.20,138.31,20.30,895,883,27,0.0
A,0,8,LineaA:1067,10,2658.20,66.42,18.80,895,883,27,0.0
A,0,8,LineaA:1067,11,2945.20,104.43,16.20,895,883,27,0.0
A,0,8,LineaA:1067,12,3962.90,107.69,15.80,895,883,27,0.0
A,0,8,LineaA:1067,13,4372.50,94.85,15.50,895,883,27,0.0
A,0,8,LineaA:1067,14,4461.80,126.00,15.30,895,883,27,0.0
A,0,8,LineaA:1067,15,5786.10,149.09,17.90,895,883,27,0.0
A,0,8,LineaA:1067,16,6998.50,201.84,19.40,895,883,27,0.0
A,0,8,LineaA:1067,17,9409.50,302.33,19.10,895,883,27,0.0
A,0,8,LineaA:1067,18,8921.20,180.31,18.90,895,883,27,0.0
A,0,8,LineaA:1067,19,4645.30,148.48,18.20,895,883,27,0.0
A,0,8,LineaA:1067,20,3446.60,130.56,17.70,895,883,27,0.0
A,0,8,LineaA:1067,21,2251.10,83.89,14.60,895,883,27,0.0
A,0,8,LineaA:1067,22,1372.90,61.03,11.80,895,883,27,0.0
A,0,8,LineaA:1067,23,276.40,16.53,7.00,895,883,27,0.0
A,0,9,LineaA:1066,5,77.10,12.54,5.40,895,868,39,0.0
A,0,9,LineaA:1066,6,849.50,55.63,11.90,895,868,39,0.0
A,0,9,LineaA:1066,7,2646.60,81.02,15.00,895,868,39,0.0
A,0,9,LineaA:1066,8,3187.20,93.31,18.60,895,868,39,0.0
A,0,9,LineaA:1066,9,2986.20,128.55,20.40,895,868,39,0.0
A,0,9,LineaA:1066,10,2566.70,52.02,18.70,895,868,39,0.0
A,0,9,LineaA:1066,11,2833.10,117.38,16.30,895,868,39,0.0
A,0,9,LineaA:1066,12,3857.30,133.24,15.80,895,868,39,0.0
A,0,9,LineaA:1066,13,4221.30,162.41,15.50,895,868,39,0.0
A,0,9,LineaA:1066,14,4337.10,173.27,15.40,895,868,39,0.0
A,0,9,LineaA:1066,15,5506.40,153.38,17.70,895,868,39,0.0
A,0,9,LineaA:1066,16,6845.10,193.42,19.80,895,868,39,0.0
A,0,9,LineaA:1066,17,8913.20,185.95,18.60,895,868,39,0.0
A,0,9,LineaA:1066,18,8736.70,143.00,19.10,895,868,39,0.0
A,0,9,LineaA:1066,19,4614.00,129.58,18.60,895,868,39,0.0
A,0,9,LineaA:1066,20,3242.50,147.47,17.10,895,868,39,0.0
A,0,9,LineaA:1066,21,2223.10,78.90,14.70,895,868,39,0.0
A,0,9,LineaA:1066,22,1354.60,82.70,12.10,895,868,39,0.0
A,0,9,LineaA:1066,23,280.90,22.52,7.30,895,868,39,0.0
A,0,10,LineaA:1065,5,70.30,10.26,6.20,895,802,30,0.0
A,0,10,LineaA:1065,6,734.50,52.19,11.50,895,802,30,0.0
A,0,10,LineaA:1065,7,2514.30,121.86,15.10,895,802,30,0.0
A,0,10,LineaA:1065,8,3048.60,130.90,18.70,895,802,30,0.0
A,0,10,LineaA:1065,9,2804.50,95.43,20.10,895,802,30,0.0
A,0,10,LineaA:1065,10,2462.30,89.37,18.70,895,802,30,0.0
A,0,10,LineaA:1065,11,2638.60,110.72,16.50,895,802,30,0.0
A,0,10,LineaA:1065,12,3667.20,136.00,15.70,895,802,30,0.0
A,0,10,LineaA:1065,13,3903.20,151.84,15.50,895,802,30,0.0
A,0,10,LineaA:1065,14,4023.60,174.50,15.50,895,802,30,0.0
A,0,10,LineaA:1065,15,5093.80,177.74,17.60,895,802,30,0.0
A,0,10,LineaA:1065,16,6340.40,291.93,19.70,895,802,30,0.0
A,0,10,LineaA:1065,17,8292.40,226.90,18.80,895,802,30,0.0
A,0,10,LineaA:1065,18,8084.90,151.12,19.00,895,802,30,0.0
A,0,10,LineaA:1065,19,4295.40,113.58,18.60,895,802,30,0.0
A,0,10,LineaA:1065,20,3078.30,103.52,17.30,895,802,30,0.0
A,0,10,LineaA:1065,21,2075.10,52.57,14.70,895,802,30,0.0
A,0,10,LineaA:1065,22,1263.10,50.34,12.00,895,802,30,0.0
A,0,10,LineaA:1065,23,276.60,22.32,7.80,895,802,30,0.0
A,0,11,LineaA:1064,5,50.60,11.78,5.70,895,687,25,0.0
A,0,11,LineaA:1064,6,625.40,41.86,11.90,895,687,25,0.0
A,0,11,LineaA:1064,7,2137.80,97.46,14.80,895,687,25,0.0
A,0,11,LineaA:1064,8,2613.70,124.29,18.70,895,687,25,0.0
A,0,11,LineaA:1064,9,2452.90,122.49,20.00,895,687,25,0.0
A,0,11,LineaA:1064,10,2116.90,90.50,18.70,895,687,25,0.0
A,0,11,LineaA:1064,11,2277.40,110.56,16.60,895,687,25,0.0
A,0,11,LineaA:1064,12,3195.30,94.14,15.70,895,687,25,0.0
A,0,11,LineaA:1064,13,3398.90,114.23,15.70,895,687,25,0.0
A,0,11,LineaA:1064,14,3449.00,138.57,15.30,895,687,25,0.0
A,0,11,LineaA:1064,15,4373.10,144.66,17.60,895,687,25,0.0
A,0,11,LineaA:1064,16,5411.10,163.07,19.50,895,687,25,0.0
A,0,11,LineaA:1064,17,7063.80,216.63,18.60,895,687,25,0.0
A,0,11,LineaA:1064,18,7143.00,192.64,19.20,895,687,25,0.0
A,0,11,LineaA:1064,19,3775.20,91.55,18.50,895,687,25,0.0
A,0,11,LineaA:1064,20,2650.00,88.46,17.30,895,687,25,0.0
A,0,11,LineaA:1064,21,1835.70,90.09,15.00,895,687,25,0.0
A,0,11,LineaA:1064,22,1122.80,67.84,12.20,895,687,25,0.0
A,0,11,LineaA:1064,23,243.80,14.40,8.00,895,687,25,0.0
A,0,12,LineaA:1063,5,40.60,11.71,5.60,895,585,23,0.0
A,0,12,LineaA:1063,6,490.60,32.15,11.50,895,585,23,0.0
A,0,12,LineaA:1063,7,1873.90,74.70,14.90,895,585,23,0.0
A,0,12,LineaA:1063,8,2316.60,75.94,18.40,895,585,23,0.0
A,0,12,LineaA:1063,9,2227.80,94.56,20.00,895,585,23,0.0
A,0,12,LineaA:1063,10,1885.60,43.68,18.70,895,585,23,0.0
A,0,12,LineaA:1063,11,2051.60,67.35,16.90,895,585,23,0.0
A,0,12,LineaA:1063,12,2780.40,87.43,15.80,895,585,23,0.0
A,0,12,LineaA:1063,13,2978.70,97.42,15.80,895,585,23,0.0
A,0,12,LineaA:1063,14,2872.70,104.65,15.30,895,585,23,0.0
A,0,12,LineaA:1063,15,3552.90,96.56,17.10,895,585,23,0.0
A,0,12,LineaA:1063,16,4483.60,120.34,19.70,895,585,23,0.0
A,0,12,LineaA:1063,17,5762.50,101.43,18.40,895,585,23,0.0
A,0,12,LineaA:1063,18,5931.60,131.14,19.30,895,585,23,0.0
A,0,12,LineaA:1063,19,3196.00,142.56,18.80,895,585,23,0.0
A,0,12,LineaA:1063,20,2151.00,48.45,17.30,895,585,23,0.0
A,0,12,LineaA:1063,21,1502.10,69.51,15.00,895,585,23,0.0
A,0,12,LineaA:1063,22,899.40,43.21,12.00,895,585,23,0.0
A,0,12,LineaA:1063,23,216.10,16.28,8.50,895,585,23,0.0
A,0,13,LineaA:1062,5,31.40,8.64,5.20,895,527,11,0.0
A,0,13,LineaA:1062,6,432.90,16.78,11.60,895,527,11,0.0
A,0,13,LineaA:1062,7,1660.10,61.13,14.70,895,527,11,0.0
A,0,13,LineaA:1062,8,2205.10,83.22,18.60,895,527,11,0.0
A,0,13,LineaA:1062,9,2027.20,79.95,19.60,895,527,11,0.0
A,0,13,LineaA:1062,10,1758.30,61.84,19.00,895,527,11,0.0
A,0,13,LineaA:1062,11,1841.40,79.50,16.90,895,527,11,0.0
A,0,13,LineaA:1062,12,2437.90,96.30,15.50,895,527,11,0.0
A,0,13,LineaA:1062,13,2672.30,109.12,15.80,895,527,11,0.0
A,0,13,LineaA:1062,14,2573.00,113.02,15.40,895,527,11,0.0
A,0,13,LineaA:1062,15,3143.90,98.29,17.20,895,527,11,0.0
A,0,13,LineaA:1062,16,3957.90,120.06,19.60,895,527,11,0.0
A,0,13,LineaA:1062,17,5151.90,122.50,18.70,895,527,11,0.0
A,0,13,LineaA:1062,18,5226.20,120.27,18.90,895,527,11,0.0
A,0,13,LineaA:1062,19,2946.10,50.52,18.90,895,527,11,0.0
A,0,13,LineaA:1062,20,1959.10,53.94,17.40,895,527,11,0.0
A,0,13,LineaA:1062,21,1368.00,47.92,15.10,895,527,11,0.0
A,0,13,LineaA:1062,22,826.20,31.01,12.00,895,527,11,0.0
A,0,13,LineaA:1062,23,208.50,11.97,8.90,895,527,11,0.0
A,0,14,LineaA:1061,5,21.80,6.12,5.90,895,418,12,0.0
A,0,14,LineaA:1061,6,338.00,28.29,11.70,895,418,12,0.0
A,0,14,LineaA:1061,7,1371.00,63.59,14.60,895,418,12,0.0
A,0,14,LineaA:1061,8,1865.20,119.49,18.30,895,418,12,0.0
A,0,14,LineaA:1061,9,1791.30,108.37,19.70,895,418,12,0.0
A,0,14,LineaA:1061,10,1493.40,49.26,18.90,895,418,12,0.0
A,0,14,LineaA:1061,11,1518.30,77.27,16.90,895,418,12,0.0
A,0,14,LineaA:1061,12,2069.60,107.79,15.60,895,418,12,0.0
A,0,14,LineaA:1061,13,2214.90,77.48,15.90,895,418,12,0.0
A,0,14,LineaA:1061,14,2062.40,87.64,15.30,895,418,12,0.0
A,0,14,LineaA:1061,15,2541.80,88.50,17.20,895,418,12,0.0
A,0,14,LineaA:1061,16,3078.40,76.25,19.40,895,418,12,0.0
A,0,14,LineaA:1061,17,3912.70,71.85,18.50,895,418,12,0.0
A,0,14,LineaA:1061,18,4200.20,113.61,19.30,895,418,12,0.0
A,0,14,LineaA:1061,19,2303.10,52.68,18.80,895,418,12,0.0
A,0,14,LineaA:1061,20,1532.90,42.79,17.30,895,418,12,0.0
A,0,14,LineaA:1061,21,1101.70,61.48,15.30,895,418,12,0.0
A,0,14,LineaA:1061,22,682.30,39.09,12.40,895,418,12,0.0
A,0,14,LineaA:1061,23,170.00,10.03,9.00,895,418,12,0.0
A,0,15,LineaA:1060,5,15.00,3.71,5.80,895,313,6,0.0
A,0,15,LineaA:1060,6,236.40,18.90,11.30,895,313,6,0.0
A,0,15,LineaA:1060,7,972.00,38.68,14.30,895,313,6,0.0
A,0,15,LineaA:1060,8,1418.10,80.24,18.40,895,313,6,0.0
A,0,15,LineaA:1060,9,1268.60,65.91,19.60,895,313,6,0.0
A,0,15,LineaA:1060,10,920.00,29.26,19.10,895,313,6,0.0
A,0,15,LineaA:1060,11,967.80,49.14,17.20,895,313,6,0.0
A,0,15,LineaA:1060,12,1373.50,61.78,15.40,895,313,6,0.0
A,0,15,LineaA:1060,13,1535.30,53.18,15.70,895,313,6,0.0
A,0,15,LineaA:1060,14,1498.60,73.16,15.70,895,313,6,0.0
A,0,15,LineaA:1060,15,1800.50,80.72,17.00,895,313,6,0.0
A,0,15,LineaA:1060,16,2238.60,55.99,19.10,895,313,6,0.0
A,0,15,LineaA:1060,17,2754.10,101.40,18.90,895,313,6,0.0
A,0,15,LineaA:1060,18,2969.80,90.46,19.10,895,313,6,0.0
A,0,15,LineaA:1060,19,1717.10,65.64,18.60,895,313,6,0.0
A,0,15,LineaA:1060,20,1088.80,50.24,17.80,895,313,6,0.0
A,0,15,LineaA:1060,21,765.50,36.90,15.30,895,313,6,0.0
A,0,15,LineaA:1060,22,467.00,35.66,12.30,895,313,6,0.0
A,0,15,LineaA:1060,23,120.70,15.73,9.40,895,313,6,0.0
A,1,0,LineaA:1059,5,122.70,15.44,6.00,895,361,361,0.0
A,1,0,LineaA:1059,6,1122.50,44.79,13.80,895,361,361,0.0
A,1,0,LineaA:1059,7,3590.80,96.82,18.50,895,361,361,0.0
A,1,0,LineaA:1059,8,3603.90,45.14,19.00,895,361,361,0.0
A,1,0,LineaA:1059,9,2781.60,112.51,19.60,895,361,361,0.0
A,1,0,LineaA:1059,10,1519.70,60.70,16.90,895,361,361,0.0
A,1,0,LineaA:1059,11,1215.80,50.09,16.50,895,361,361,0.0
A,1,0,LineaA:1059,12,1501.00,54.51,15.60,895,361,361,0.0
A,1,0,LineaA:1059,13,1577.40,61.55,15.40,895,361,361,0.0
A,1,0,LineaA:1059,14,1122.60,58.71,17.20,895,361,361,0.0
A,1,0,LineaA:1059,15,1032.00,48.56,18.30,895,361,361,0.0
A,1,0,LineaA:1059,16,1238.10,30.11,19.30,895,361,361,0.0
A,1,0,LineaA:1059,17,1885.10,32.25,18.70,895,361,361,0.0
A,1,0,LineaA:1059,18,1168.90,40.47,18.20,895,361,361,0.0
A,1,0,LineaA:1059,19,609.20,39.25,18.90,895,361,361,0.0
A,1,0,LineaA:1059,20,449.10,25.57,15.90,895,361,361,0.0
A,1,0,LineaA:1059,21,310.20,13.61,11.60,895,361,361,0.0
A,1,0,LineaA:1059,22,134.70,15.33,11.20,895,361,361,0.0
A,1,0,LineaA:1059,23,0.00,0.00,0.00,895,361,361,0.0
A,1,1,LineaA:1060,5,182.50,19.68,5.90,895,537,193,0.0
A,1,1,LineaA:1060,6,1573.90,60.70,13.60,895,537,193,0.0
A,1,1,LineaA:1060,7,5068.30,176.39,18.10,895,537,193,0.0
A,1,1,LineaA:1060,8,5202.70,170.36,19.20,895,537,193,0.0
A,1,1,LineaA:1060,9,3952.50,132.98,19.70,895,537,193,0.0
A,1,1,LineaA:1060,10,2139.70,82.66,16.90,895,537,193,0.0
A,1,1,LineaA:1060,11,1757.10,71.93,16.40,895,537,193,0.0
A,1,1,LineaA:1060,12,2122.80,44.23,15.60,895,537,193,0.0
A,1,1,LineaA:1060,13,2357.50,67.44,15.50,895,537,193,0.0
A,1,1,LineaA:1060,14,1647.30,49.05,17.00,895,537,193,0.0
A,1,1,LineaA:1060,15,1568.00,64.05,18.70,895,537,193,0.0
A,1,1,LineaA:1060,16,1882.10,46.16,18.80,895,537,193,0.0
A,1,1,LineaA:1060,17,2582.50,42.30,18.70,895,537,193,0.0
A,1,1,LineaA:1060,18,1555.40,57.15,18.40,895,537,193,0.0
A,1,1,LineaA:1060,19,782.90,34.94,18.80,895,537,193,0.0
A,1,1,LineaA:1060,20,538.30,24.04,16.20,895,537,193,0.0
A,1,1,LineaA:1060,21,350.30,15.76,11.50,895,537,193,0.0
A,1,1,LineaA:1060,22,170.70,22.27,11.20,895,537,193,0.0
A,1,1,LineaA:1060,23,3.20,4.32,0.40,895,537,193,0.0
A,1,2,LineaA:1061,5,201.30,21.33,5.30,895,663,135,0.0
A,1,2,LineaA:1061,6,1727.90,114.42,13.70,895,663,135,0.0
A,1,2,LineaA:1061,7,6173.80,107.59,18.30,895,663,135,0.0
A,1,2,LineaA:1061,8,6423.60,140.08,18.90,895,663,135,0.0
A,1,2,LineaA:1061,9,5007.10,122.43,19.70,895,663,135,0.0
A,1,2,LineaA:1061,10,2641.70,56.23,17.00,895,663,135,0.0
A,1,2,LineaA:1061,11,2141.70,69.17,16.40,895,663,135,0.0
A,1,2,LineaA:1061,12,2491.40,78.49,15.50,895,663,135,0.0
A,1,2,LineaA:1061,13,2850.20,127.56,15.50,895,663,135,0.0
A,1,2,LineaA:1061,14,2074.10,56.73,17.00,895,663,135,0.0
A,1,2,LineaA:1061,15,1898.70,107.31,18.70,895,663,135,0.0
A,1,2,LineaA:1061,16,2230.30,37.69,18.60,895,663,135,0.0
A,1,2,LineaA:1061,17,3073.40,95.94,19.00,895,663,135,0.0
A,1,2,LineaA:1061,18,1966.00,99.36,18.40,895,663,135,0.0
A,1,2,LineaA:1061,19,1041.80,34.31,18.70,895,663,135,0.0
A,1,2,LineaA:1061,20,706.50,23.50,16.10,895,663,135,0.0
A,1,2,LineaA:1061,21,475.40,24.78,11.90,895,663,135,0.0
A,1,2,LineaA:1061,22,255.30,16.10,11.00,895,663,135,0.0
A,1,2,LineaA:1061,23,8.50,3.84,0.90,895,663,135,0.0
A,1,3,LineaA:1062,5,185.60,28.50,5.00,895,742,87,0.0
A,1,3,LineaA:1062,6,1804.50,107.09,13.50,895,742,87,0.0
A,1,3,LineaA:1062,7,6683.30,254.76,18.00,895,742,87,0.0
A,1,3,LineaA:1062,8,7252.20,218.19,19.00,895,742,87,0.0
A,1,3,LineaA:1062,9,5631.80,94.17,19.60,895,742,87,0.0
A,1,3,LineaA:1062,10,3035.20,79.58,17.10,895,742,87,0.0
A,1,3,LineaA:1062,11,2374.50,99.78,16.60,895,742,87,0.0
A,1,3,LineaA:1062,12,2797.70,86.91,15.70,895,742,87,0.0
A,1,3,LineaA:1062,13,3093.30,102.00,15.40,895,742,87,0.0
A,1,3,LineaA:1062,14,2247.90,85.45,16.80,895,742,87,0.0
A,1,3,LineaA:1062,15,2077.10,106.57,18.70,895,742,87,0.0
A,1,3,LineaA:1062,16,2409.90,112.04,18.70,895,742,87,0.0
A,1,3,LineaA:1062,17,3475.40,93.36,19.00,895,742,87,0.0
A,1,3,LineaA:1062,18,2322.40,65.73,18.20,895,742,87,0.0
A,1,3,LineaA:1062,19,1277.70,46.17,18.70,895,742,87,0.0
A,1,3,LineaA:1062,20,819.50,40.58,16.30,895,742,87,0.0
A,1,3,LineaA:1062,21,545.40,30.98,12.00,895,742,87,0.0
A,1,3,LineaA:1062,22,320.20,21.78,11.30,895,742,87,0.0
A,1,3,LineaA:1062,23,10.00,5.77,1.00,895,742,87,0.0
A,1,4,LineaA:1063,5,236.40,34.18,5.70,895,891,160,0.0
A,1,4,LineaA:1063,6,2148.10,114.76,13.40,895,891,160,0.0
A,1,4,LineaA:1063,7,7787.10,111.21,17.70,895,891,160,0.0
A,1,4,LineaA:1063,8,8879.70,205.22,19.30,895,891,160,0.0
A,1,4,LineaA:1063,9,6923.90,108.39,19.50,895,891,160,0.0
A,1,4,LineaA:1063,10,3723.20,102.71,17.10,895,891,160,0.0
A,1,4,LineaA:1063,11,2887.90,115.87,16.50,895,891,160,0.0
A,1,4,LineaA:1063,12,3226.20,87.17,15.60,895,891,160,0.0
A,1,4,LineaA:1063,13,3825.30,88.86,15.80,895,891,160,0.0
A,1,4,LineaA:1063,14,2671.40,111.96,16.60,895,891,160,0.0
A,1,4,LineaA:1063,15,2430.70,87.28,18.70,895,891,160,0.0
A,1,4,LineaA:1063,16,2762.10,65.37,18.60,895,891,160,0.0
A,1,4,LineaA:1063,17,3981.70,71.15,19.00,895,891,160,0.0
A,1,4,LineaA:1063,18,2746.40,126.04,18.20,895,891,160,0.0
A,1,4,LineaA:1063,19,1582.90,90.62,18.70,895,891,160,0.0
A,1,4,LineaA:1063,20,1031.90,45.02,16.40,895,891,160,0.0
A,1,4,LineaA:1063,21,675.80,36.77,12.00,895,891,160,0.0
A,1,4,LineaA:1063,22,395.50,27.10,11.20,895,891,160,0.0
A,1,4,LineaA:1063,23,21.80,12.27,1.60,895,891,160,0.0
A,1,5,LineaA:1064,5,251.40,26.52,5.30,895,895,138,10.2
A,1,5,LineaA:1064,6,2226.90,145.78,13.30,895,895,138,10.2
A,1,5,LineaA:1064,7,8563.80,223.18,17.90,895,895,138,10.2
A,1,5,LineaA:1064,8,9755.60,260.38,18.90,895,895,138,10.2
A,1,5,LineaA:1064,9,7990.50,164.85,19.80,895,895,138,10.2
A,1,5,LineaA:1064,10,4259.50,139.64,17.00,895,895,138,10.2
A,1,5,LineaA:1064,11,3331.50,95.58,16.70,895,895,138,10.2
A,1,5,LineaA:1064,12,3669.10,92.30,15.60,895,895,138,10.2
A,1,5,LineaA:1064,13,4309.80,153.63,15.70,895,895,138,10.2
A,1,5,LineaA:1064,14,3051.90,108.77,16.70,895,895,138,10.2
A,1,5,LineaA:1064,15,2723.90,108.92,18.30,895,895,138,10.2
A,1,5,LineaA:1064,16,3208.10,75.10,19.10,895,895,138,10.2
A,1,5,LineaA:1064,17,4318.50,109.46,18.70,895,895,138,10.2
A,1,5,LineaA:1064,18,3165.00,134.51,18.10,895,895,138,10.2
A,1,5,LineaA:1064,19,1977.10,62.00,18.70,895,895,138,10.2
A,1,5,LineaA:1064,20,1319.30,59.27,16.70,895,895,138,10.2
A,1,5,LineaA:1064,21,819.80,31.00,12.10,895,895,138,10.2
A,1,5,LineaA:1064,22,461.30,35.70,11.20,895,895,138,10.2
A,1,5,LineaA:1064,23,27.20,13.27,1.80,895,895,138,10.2
A,1,6,LineaA:1065,5,260.20,34.67,5.10,895,895,132,24.0
A,1,6,LineaA:1065,6,2202.10,161.72,13.00,895,895,132,24.0
A,1,6,LineaA:1065,7,8923.60,271.89,17.70,895,895,132,24.0
A,1,6,LineaA:1065,8,10535.10,281.64,19.10,895,895,132,24.0
A,1,6,LineaA:1065,9,8653.40,265.58,19.60,895,895,132,24.0
A,1,6,LineaA:1065,10,4666.40,111.05,17.10,895,895,132,24.0
A,1,6,LineaA:1065,11,3576.80,113.08,16.50,895,895,132,24.0
A,1,6,LineaA:1065,12,3954.10,102.43,16.00,895,895,132,24.0
A,1,6,LineaA:1065,13,4525.50,88.90,15.60,895,895,132,24.0
A,1,6,LineaA:1065,14,3309.70,74.16,16.60,895,895,132,24.0
A,1,6,LineaA:1065,15,2931.00,102.85,18.60,895,895,132,24.0
A,1,6,LineaA:1065,16,3320.20,101.49,18.60,895,895,132,24.0
A,1,6,LineaA:1065,17,4544.20,95.67,18.90,895,895,132,24.0
A,1,6,LineaA:1065,18,3447.90,70.98,18.60,895,895,132,24.0
A,1,6,LineaA:1065,19,2124.70,79.57,18.40,895,895,132,24.0
A,1,6,LineaA:1065,20,1462.60,36.76,16.70,895,895,132,24.0
A,1,6,LineaA:1065,21,915.70,54.50,12.30,895,895,132,24.0
A,1,6,LineaA:1065,22,536.70,33.24,11.20,895,895,132,24.0
A,1,6,LineaA:1065,23,34.80,16.04,2.00,895,895,132,24.0
A,1,7,LineaA:1066,5,235.30,39.91,4.50,895,895,74,21.1
A,1,7,LineaA:1066,6,2194.60,93.21,13.30,895,895,74,21.1
A,1,7,LineaA:1066,7,9061.80,188.10,17.60,895,895,74,21.1
A,1,7,LineaA:1066,8,10702.20,205.17,18.90,895,895,74,21.1
A,1,7,LineaA:1066,9,9093.00,183.99,19.70,895,895,74,21.1
A,1,7,LineaA:1066,10,4853.20,146.32,17.00,895,895,74,21.1
A,1,7,LineaA:1066,11,3833.80,127.67,16.80,895,895,74,21.1
A,1,7,LineaA:1066,12,4057.60,148.73,15.70,895,895,74,21.1
A,1,7,LineaA:1066,13,4655.90,158.57,15.60,895,895,74,21.1
A,1,7,LineaA:1066,14,3425.60,135.04,16.50,895,895,74,21.1
A,1,7,LineaA:1066,15,3109.00,55.70,18.60,895,895,74,21.1
A,1,7,LineaA:1066,16,3476.00,87.47,18.70,895,895,74,21.1
A,1,7,LineaA:1066,17,4650.30,150.87,19.00,895,895,74,21.1
A,1,7,LineaA:1066,18,3584.50,179.82,18.40,895,895,74,21.1
A,1,7,LineaA:1066,19,2253.10,110.08,18.50,895,895,74,21.1
A,1,7,LineaA:1066,20,1549.80,52.08,16.70,895,895,74,21.1
A,1,7,LineaA:1066,21,976.20,47.36,12.20,895,895,74,21.1
A,1,7,LineaA:1066,22,602.70,25.17,11.40,895,895,74,21.1
A,1,7,LineaA:1066,23,50.10,13.03,2.50,895,895,74,21.1
A,1,8,LineaA:1067,5,222.90,23.80,5.30,895,895,57,17.0
A,1,8,LineaA:1067,6,2116.40,111.25,13.00,895,895,57,17.0
A,1,8,LineaA:1067,7,8945.10,251.57,17.30,895,895,57,17.0
A,1,8,LineaA:1067,8,11025.30,375.22,19.10,895,895,57,17.0
A,1,8,LineaA:1067,9,9435.40,305.58,19.70,895,895,57,17.0
A,1,8,LineaA:1067,10,5161.40,249.89,17.30,895,895,57,17.0
A,1,8,LineaA:1067,11,3922.40,121.24,16.60,895,895,57,17.0
A,1,8,LineaA:1067,12,4219.50,169.83,15.70,895,895,57,17.0
A,1,8,LineaA:1067,13,4892.60,88.55,15.80,895,895,57,17.0
A,1,8,LineaA:1067,14,3572.90,116.65,16.40,895,895,57,17.0
A,1,8,LineaA:1067,15,3221.60,134.29,18.50,895,895,57,17.0
A,1,8,LineaA:1067,16,3658.00,161.19,18.80,895,895,57,17.0
A,1,8,LineaA:1067,17,4768.10,84.73,18.80,895,895,57,17.0
A,1,8,LineaA:1067,18,3830.10,116.01,18.60,895,895,57,17.0
A,1,8,LineaA:1067,19,2318.30,82.76,18.30,895,895,57,17.0
A,1,8,LineaA:1067,20,1645.70,65.10,16.90,895,895,57,17.0
A,1,8,LineaA:1067,21,1062.10,43.80,12.50,895,895,57,17.0
A,1,8,LineaA:1067,22,615.40,25.79,11.30,895,895,57,17.0
A,1,8,LineaA:1067,23,65.30,16.36,2.70,895,895,57,17.0
A,1,9,LineaA:1068,5,197.50,19.41,5.10,895,895,192,0.5
A,1,9,LineaA:1068,6,1976.00,95.51,12.90,895,895,192,0.5
A,1,9,LineaA:1068,7,7942.90,173.59,17.00,895,895,192,0.5
A,1,9,LineaA:1068,8,10528.80,248.48,19.00,895,895,192,0.5
A,1,9,LineaA:1068,9,9266.70,161.62,19.60,895,895,192,0.5
A,1,9,LineaA:1068,10,5014.50,153.44,17.60,895,895,192,0.5
A,1,9,LineaA:1068,11,3704.50,125.98,16.50,895,895,192,0.5
A,1,9,LineaA:1068,12,3848.90,149.75,15.80,895,895,192,0.5
A,1,9,LineaA:1068,13,4441.20,169.04,15.60,895,895,192,0.5
A,1,9,LineaA:1068,14,3373.70,153.90,16.70,895,895,192,0.5
A,1,9,LineaA:1068,15,2888.20,105.08,18.20,895,895,192,0.5
A,1,9,LineaA:1068,16,3035.80,105.99,18.60,895,895,192,0.5
A,1,9,LineaA:1068,17,4008.80,89.07,19.00,895,895,192,0.5
A,1,9,LineaA:1068,18,3454.90,169.38,18.50,895,895,192,0.5
A,1,9,LineaA:1068,19,2054.20,81.60,18.50,895,895,192,0.5
A,1,9,LineaA:1068,20,1383.60,45.00,16.90,895,895,192,0.5
A,1,9,LineaA:1068,21,882.40,45.87,12.70,895,895,192,0.5
A,1,9,LineaA:1068,22,488.80,34.51,11.20,895,895,192,0.5
A,1,9,LineaA:1068,23,63.40,12.55,3.20,895,895,192,0.5
A,1,10,LineaA:1070,5,188.90,19.46,5.80,895,892,39,0.0
A,1,10,LineaA:1070,6,1871.20,99.82,12.70,895,892,39,0.0
A,1,10,LineaA:1070,7,7708.00,183.13,16.80,895,892,39,0.0
A,1,10,LineaA:1070,8,10489.60,245.08,19.10,895,892,39,0.0
A,1,10,LineaA:1070,9,9381.80,177.45,19.60,895,892,39,0.0
A,1,10,LineaA:1070,10,5129.20,214.83,17.60,895,892,39,0.0
A,1,10,LineaA:1070,11,3789.70,155.72,16.70,895,892,39,0.0
A,1,10,LineaA:1070,12,3856.10,164.33,15.70,895,892,39,0.0
A,1,10,LineaA:1070,13,4484.10,118.01,15.80,895,892,39,0.0
A,1,10,LineaA:1070,14,3403.10,83.48,16.40,895,892,39,0.0
A,1,10,LineaA:1070,15,2984.30,76.97,18.40,895,892,39,0.0
A,1,10,LineaA:1070,16,3091.00,100.13,18.40,895,892,39,0.0
A,1,10,LineaA:1070,17,4110.90,91.01,19.10,895,892,39,0.0
A,1,10,LineaA:1070,18,3599.20,124.48,18.70,895,892,39,0.0
A,1,10,LineaA:1070,19,2018.00,85.99,18.20,895,892,39,0.0
A,1,10,LineaA:1070,20,1430.90,40.02,17.10,895,892,39,0.0
A,1,10,LineaA:1070,21,875.60,44.92,12.90,895,892,39,0.0
A,1,10,LineaA:1070,22,468.10,25.12,11.20,895,892,39,0.0
A,1,10,LineaA:1070,23,65.60,7.03,3.40,895,892,39,0.0
A,1,11,LineaA:1071,5,143.30,14.77,5.10,895,776,29,0.0
A,1,11,LineaA:1071,6,1599.90,87.52,13.20,895,776,29,0.0
A,1,11,LineaA:1071,7,6490.20,190.10,16.70,895,776,29,0.0
A,1,11,LineaA:1071,8,9052.50,276.14,19.00,895,776,29,0.0
A,1,11,LineaA:1071,9,8093.70,158.68,19.50,895,776,29,0.0
A,1,11,LineaA:1071,10,4435.00,157.26,17.80,895,776,29,0.0
A,1,11,LineaA:1071,11,3093.90,81.42,16.60,895,776,29,0.0
A,1,11,LineaA:1071,12,3103.80,99.28,15.70,895,776,29,0.0
A,1,11,LineaA:1071,13,3603.50,96.39,15.60,895,776,29,0.0
A,1,11,LineaA:1071,14,2909.60,110.31,16.60,895,776,29,0.0
A,1,11,LineaA:1071,15,2488.20,62.06,18.30,895,776,29,0.0
A,1,11,LineaA:1071,16,2590.30,56.51,18.60,895,776,29,0.0
A,1,11,LineaA:1071,17,3373.20,126.29,19.00,895,776,29,0.0
A,1,11,LineaA:1071,18,2981.30,78.32,18.50,895,776,29,0.0
A,1,11,LineaA:1071,19,1602.40,71.98,18.30,895,776,29,0.0
A,1,11,LineaA:1071,20,1165.20,44.47,17.00,895,776,29,0.0
A,1,11,LineaA:1071,21,724.30,36.21,13.10,895,776,29,0.0
A,1,11,LineaA:1071,22,361.40,25.92,11.30,895,776,29,0.0
A,1,11,LineaA:1071,23,51.10,10.72,3.70,895,776,29,0.0
A,1,12,LineaA:1072,5,135.20,9.46,5.00,895,730,27,0.0
A,1,12,LineaA:1072,6,1359.10,96.46,12.80,895,730,27,0.0
A,1,12,LineaA:1072,7,5759.90,188.92,16.50,895,730,27,0.0
A,1,12,LineaA:1072,8,8356.10,312.45,19.20,895,730,27,0.0
A,1,12,LineaA:1072,9,7594.20,149.68,19.60,895,730,27,0.0
A,1,12,LineaA:1072,10,4148.70,117.06,17.90,895,730,27,0.0
A,1,12,LineaA:1072,11,2763.00,85.74,16.30,895,730,27,0.0
A,1,12,LineaA:1072,12,2891.60,94.53,15.80,895,730,27,0.0
A,1,12,LineaA:1072,13,3444.20,111.40,15.90,895,730,27,0.0
A,1,12,LineaA:1072,14,2734.40,139.88,16.20,895,730,27,0.0
A,1,12,LineaA:1072,15,2455.20,106.98,18.50,895,730,27,0.0
A,1,12,LineaA:1072,16,2488.90,98.42,18.50,895,730,27,0.0
A,1,12,LineaA:1072,17,3195.60,115.97,18.90,895,730,27,0.0
A,1,12,LineaA:1072,18,2957.30,70.98,18.80,895,730,27,0.0
A,1,12,LineaA:1072,19,1523.10,55.08,18.20,895,730,27,0.0
A,1,12,LineaA:1072,20,1082.40,45.00,17.10,895,730,27,0.0
A,1,12,LineaA:1072,21,693.60,34.99,13.40,895,730,27,0.0
A,1,12,LineaA:1072,22,307.70,28.02,11.00,895,730,27,0.0
A,1,12,LineaA:1072,23,47.40,6.02,4.00,895,730,27,0.0
A,1,13,LineaA:1073,5,98.00,9.02,5.00,895,566,28,0.0
A,1,13,LineaA:1073,6,879.70,36.20,12.60,895,566,28,0.0
A,1,13,LineaA:1073,7,3856.20,148.05,16.50,895,566,28,0.0
A,1,13,LineaA:1073,8,6234.60,175.19,19.10,895,566,28,0.0
A,1,13,LineaA:1073,9,5818.00,109.73,19.60,895,566,28,0.0
A,1,13,LineaA:1073,10,2953.80,141.51,17.80,895,566,28,0.0
A,1,13,LineaA:1073,11,1731.10,55.05,16.70,895,566,28,0.0
A,1,13,LineaA:1073,12,1512.00,69.57,15.60,895,566,28,0.0
A,1,13,LineaA:1073,13,1552.10,62.76,15.80,895,566,28,0.0
A,1,13,LineaA:1073,14,1219.90,35.89,16.10,895,566,28,0.0
A,1,13,LineaA:1073,15,958.10,48.63,18.60,895,566,28,0.0
A,1,13,LineaA:1073,16,818.50,21.63,18.40,895,566,28,0.0
A,1,13,LineaA:1073,17,991.40,47.59,19.10,895,566,28,0.0
A,1,13,LineaA:1073,18,891.00,18.34,18.80,895,566,28,0.0
A,1,13,LineaA:1073,19,447.90,18.67,18.00,895,566,28,0.0
A,1,13,LineaA:1073,20,334.20,16.68,17.20,895,566,28,0.0
A,1,13,LineaA:1073,21,288.60,17.12,13.40,895,566,28,0.0
A,1,13,LineaA:1073,22,152.70,12.77,11.10,895,566,28,0.0
A,1,13,LineaA:1073,23,20.50,6.62,4.20,895,566,28,0.0
A,1,14,LineaA:1074,5,85.50,16.59,5.70,895,496,18,0.0
A,1,14,LineaA:1074,6,742.00,47.80,12.60,895,496,18,0.0
A,1,14,LineaA:1074,7,3126.80,117.33,16.40,895,496,18,0.0
A,1,14,LineaA:1074,8,5209.70,178.22,19.00,895,496,18,0.0
A,1,14,LineaA:1074,9,5071.40,146.60,19.50,895,496,18,0.0
A,1,14,LineaA:1074,10,2634.30,86.01,17.90,895,496,18,0.0
A,1,14,LineaA:1074,11,1578.00,70.30,16.80,895,496,18,0.0
A,1,14,LineaA:1074,12,1324.40,57.03,15.70,895,496,18,0.0
A,1,14,LineaA:1074,13,1397.00,84.17,15.80,895,496,18,0.0
A,1,14,LineaA:1074,14,1101.50,49.80,16.30,895,496,18,0.0
A,1,14,LineaA:1074,15,867.40,41.27,18.30,895,496,18,0.0
A,1,14,LineaA:1074,16,796.40,33.15,18.50,895,496,18,0.0
A,1,14,LineaA:1074,17,911.30,34.22,18.80,895,496,18,0.0
A,1,14,LineaA:1074,18,839.30,24.58,18.60,895,496,18,0.0
A,1,14,LineaA:1074,19,420.50,22.59,18.30,895,496,18,0.0
A,1,14,LineaA:1074,20,322.30,17.98,17.50,895,496,18,0.0
A,1,14,LineaA:1074,21,278.30,14.98,13.30,895,496,18,0.0
A,1,14,LineaA:1074,22,150.80,5.75,11.10,895,496,18,0.0
A,1,14,LineaA:1074,23,22.80,6.01,4.50,895,496,18,0.0
A,1,15,LineaA:1075,5,41.40,9.87,5.30,895,298,59,0.0
A,1,15,LineaA:1075,6,411.50,23.15,12.70,895,298,59,0.0
A,1,15,LineaA:1075,7,1807.40,71.72,16.40,895,298,59,0.0
A,1,15,LineaA:1075,8,2865.20,99.13,19.10,895,298,59,0.0
A,1,15,LineaA:1075,9,2900.10,76.76,19.50,895,298,59,0.0
A,1,15,LineaA:1075,10,1477.60,41.06,17.70,895,298,59,0.0
A,1,15,LineaA:1075,11,854.40,38.69,16.70,895,298,59,0.0
A,1,15,LineaA:1075,12,751.30,35.17,15.90,895,298,59,0.0
A,1,15,LineaA:1075,13,788.60,26.06,15.80,895,298,59,0.0
A,1,15,LineaA:1075,14,609.40,25.60,16.20,895,298,59,0.0
A,1,15,LineaA:1075,15,461.00,36.17,18.40,895,298,59,0.0
A,1,15,LineaA:1075,16,412.50,29.99,18.50,895,298,59,0.0
A,1,15,LineaA:1075,17,549.10,29.91,18.80,895,298,59,0.0
A,1,15,LineaA:1075,18,448.50,32.33,18.70,895,298,59,0.0
A,1,15,LineaA:1075,19,220.60,21.41,18.20,895,298,59,0.0
A,1,15,LineaA:1075,20,177.90,13.39,17.50,895,298,59,0.0
A,1,15,LineaA:1075,21,176.10,13.63,13.30,895,298,59,0.0
A,1,15,LineaA:1075,22,81.50,8.33,11.20,895,298,59,0.0
A,1,15,LineaA:1075,23,9.50,3.63,4.70,895,298,59,0.0
B,0,0,LineaB:1093,5,111.30,10.45,5.10,1074,524,524,0.0
B,0,0,LineaB:1093,6,504.50,30.93,10.20,1074,524,524,0.0
B,0,0,LineaB:1093,7,1119.80,40.64,12.40,1074,524,524,0.0
B,0,0,LineaB:1093,8,1324.60,45.16,14.60,1074,524,524,0.0
B,0,0,LineaB:1093,9,1141.20,76.47,15.60,1074,524,524,0.0
B,0,0,LineaB:1093,10,896.60,54.99,15.20,1074,524,524,0.0
B,0,0,LineaB:1093,11,1148.60,44.57,13.30,1074,524,524,0.0
B,0,0,LineaB:1093,12,1365.30,49.32,14.00,1074,524,524,0.0
B,0,0,LineaB:1093,13,1211.20,41.75,13.50,1074,524,524,0.0
B,0,0,LineaB:1093,14,1121.80,40.86,13.70,1074,524,524,0.0
B,0,0,LineaB:1093,15,1414.80,79.10,15.00,1074,524,524,0.0
B,0,0,LineaB:1093,16,2078.50,83.17,15.10,1074,524,524,0.0
B,0,0,LineaB:1093,17,3267.20,102.96,14.80,1074,524,524,0.0
B,0,0,LineaB:1093,18,2980.60,102.57,15.50,1074,524,524,0.0
B,0,0,LineaB:1093,19,1150.20,36.51,15.00,1074,524,524,0.0
B,0,0,LineaB:1093,20,794.50,46.43,13.40,1074,524,524,0.0
B,0,0,LineaB:1093,21,1054.60,60.42,12.90,1074,524,524,0.0
B,0,0,LineaB:1093,22,730.60,69.58,11.40,1074,524,524,0.0
B,0,0,LineaB:1093,23,38.40,5.89,5.90,1074,524,524,0.0
B,0,1,LineaB:1092,5,113.50,11.17,5.10,1074,805,296,0.0
B,0,1,LineaB:1092,6,523.70,28.81,10.20,1074,805,296,0.0
B,0,1,LineaB:1092,7,1128.80,40.02,12.30,1074,805,296,0.0
B,0,1,LineaB:1092,8,1292.50,65.56,14.40,1074,805,296,0.0
B,0,1,LineaB:1092,9,1166.10,46.71,15.60,1074,805,296,0.0
B,0,1,LineaB:1092,10,1124.00,67.60,15.20,1074,805,296,0.0
B,0,1,LineaB:1092,11,1528.60,90.14,13.20,1074,805,296,0.0
B,0,1,LineaB:1092,12,1924.00,94.32,14.10,1074,805,296,0.0
B,0,1,LineaB:1092,13,1768.00,71.96,13.50,1074,805,296,0.0
B,0,1,LineaB:1092,14,1895.50,55.14,13.70,1074,805,296,0.0
B,0,1,LineaB:1092,15,2618.80,93.01,14.90,1074,805,296,0.0
B,0,1,LineaB:1092,16,3610.80,101.15,15.50,1074,805,296,0.0
B,0,1,LineaB:1092,17,4997.50,141.46,14.40,1074,805,296,0.0
B,0,1,LineaB:1092,18,4616.70,93.32,15.30,1074,805,296,0.0
B,0,1,LineaB:1092,19,2005.90,107.43,15.50,1074,805,296,0.0
B,0,1,LineaB:1092,20,1182.60,54.61,13.40,1074,805,296,0.0
B,0,1,LineaB:1092,21,1260.80,69.59,12.90,1074,805,296,0.0
B,0,1,LineaB:1092,22,810.80,75.13,11.20,1074,805,296,0.0
B,0,1,LineaB:1092,23,58.90,7.74,6.20,1074,805,296,0.0
B,0,2,LineaB:1091,5,283.50,31.04,6.00,1074,1074,678,6.9
B,0,2,LineaB:1091,6,1801.90,86.16,9.80,1074,1074,678,6.9
B,0,2,LineaB:1091,7,3745.00,120.97,12.40,1074,1074,678,6.9
B,0,2,LineaB:1091,8,4066.60,127.47,14.40,1074,1074,678,6.9
B,0,2,LineaB:1091,9,3248.90,153.82,15.70,1074,1074,678,6.9
B,0,2,LineaB:1091,10,2413.50,196.54,15.20,1074,1074,678,6.9
B,0,2,LineaB:1091,11,2796.20,124.11,13.30,1074,1074,678,6.9
B,0,2,LineaB:1091,12,3296.30,111.47,13.90,1074,1074,678,6.9
B,0,2,LineaB:1091,13,3348.60,118.02,13.50,1074,1074,678,6.9
B,0,2,LineaB:1091,14,3447.70,80.12,13.80,1074,1074,678,6.9
B,0,2,LineaB:1091,15,4335.00,100.89,14.90,1074,1074,678,6.9
B,0,2,LineaB:1091,16,5493.10,123.00,15.10,1074,1074,678,6.9
B,0,2,LineaB:1091,17,7424.60,200.84,14.90,1074,1074,678,6.9
B,0,2,LineaB:1091,18,6767.70,103.45,15.40,1074,1074,678,6.9
B,0,2,LineaB:1091,19,3149.60,125.27,15.00,1074,1074,678,6.9
B,0,2,LineaB:1091,20,2225.90,90.52,13.50,1074,1074,678,6.9
B,0,2,LineaB:1091,21,1848.10,116.78,13.00,1074,1074,678,6.9
B,0,2,LineaB:1091,22,1358.60,104.31,11.60,1074,1074,678,6.9
B,0,2,LineaB:1091,23,173.70,21.07,6.20,1074,1074,678,6.9
B,0,3,LineaB:1090,5,265.30,9.06,5.80,1074,1074,215,27.8
B,0,3,LineaB:1090,6,1766.40,78.30,9.90,1074,1074,215,27.8
B,0,3,LineaB:1090,7,3647.30,140.22,12.00,1074,1074,215,27.8
B,0,3,LineaB:1090,8,4100.60,115.18,14.40,1074,1074,215,27.8
B,0,3,LineaB:1090,9,3274.40,132.30,15.60,1074,1074,215,27.8
B,0,3,LineaB:1090,10,2553.80,110.97,15.20,1074,1074,215,27.8
B,0,3,LineaB:1090,11,3046.60,142.56,13.60,1074,1074,215,27.8
B,0,3,LineaB:1090,12,3694.60,155.00,13.80,1074,1074,215,27.8
B,0,3,LineaB:1090,13,4111.00,111.56,13.80,1074,1074,215,27.8
B,0,3,LineaB:1090,14,3943.20,138.01,13.50,1074,1074,215,27.8
B,0,3,LineaB:1090,15,5247.50,177.71,15.10,1074,1074,215,27.8
B,0,3,LineaB:1090,16,6297.00,257.89,15.10,1074,1074,215,27.8
B,0,3,LineaB:1090,17,8297.10,308.56,14.60,1074,1074,215,27.8
B,0,3,LineaB:1090,18,7752.60,212.84,15.60,1074,1074,215,27.8
B,0,3,LineaB:1090,19,3600.90,108.14,15.00,1074,1074,215,27.8
B,0,3,LineaB:1090,20,2508.70,104.68,13.60,1074,1074,215,27.8
B,0,3,LineaB:1090,21,2113.10,116.65,12.90,1074,1074,215,27.8
B,0,3,LineaB:1090,22,1609.30,71.41,11.60,1074,1074,215,27.8
B,0,3,LineaB:1090,23,213.30,26.92,6.50,1074,1074,215,27.8
B,0,4,LineaB:1089,5,248.30,37.89,5.30,1074,1074,267,86.8
B,0,4,LineaB:1089,6,1803.20,93.77,10.10,1074,1074,267,86.8
B,0,4,LineaB:1089,7,3729.80,168.42,12.20,1074,1074,267,86.8
B,0,4,LineaB:1089,8,4093.50,105.26,14.30,1074,1074,267,86.8
B,0,4,LineaB:1089,9,3480.30,93.40,15.70,1074,1074,267,86.8
B,0,4,LineaB:1089,10,2807.30,105.55,15.20,1074,1074,267,86.8
B,0,4,LineaB:1089,11,3257.60,135.58,13.30,1074,1074,267,86.8
B,0,4,LineaB:1089,12,4291.70,139.27,13.90,1074,1074,267,86.8
B,0,4,LineaB:1089,13,4709.10,128.32,13.80,1074,1074,267,86.8
B,0,4,LineaB:1089,14,4561.80,243.45,13.70,1074,1074,267,86.8
B,0,4,LineaB:1089,15,5864.50,191.54,14.80,1074,1074,267,86.8
B,0,4,LineaB:1089,16,7344.40,374.77,15.10,1074,1074,267,86.8
B,0,4,LineaB:1089,17,9337.00,270.67,14.70,1074,1074,267,86.8
B,0,4,LineaB:1089,18,8556.00,248.44,15.50,1074,1074,267,86.8
B,0,4,LineaB:1089,19,4530.70,129.80,15.10,1074,1074,267,86.8
B,0,4,LineaB:1089,20,3051.70,129.51,13.60,1074,1074,267,86.8
B,0,4,LineaB:1089,21,2346.70,96.81,12.70,1074,1074,267,86.8
B,0,4,LineaB:1089,22,1849.20,68.87,11.70,1074,1074,267,86.8
B,0,4,LineaB:1089,23,320.80,55.08,6.90,1074,1074,267,86.8
B,0,5,LineaB:1088,5,239.20,30.72,5.00,1074,1074,177,81.1
B,0,5,LineaB:1088,6,1802.90,98.50,10.20,1074,1074,177,81.1
B,0,5,LineaB:1088,7,3759.10,130.58,12.10,1074,1074,177,81.1
B,0,5,LineaB:1088,8,4155.30,159.54,14.50,1074,1074,177,81.1
B,0,5,LineaB:1088,9,3504.70,89.87,15.60,1074,1074,177,81.1
B,0,5,LineaB:1088,10,2809.20,152.21,14.90,1074,1074,177,81.1
B,0,5,LineaB:1088,11,3360.70,121.13,13.40,1074,1074,177,81.1
B,0,5,LineaB:1088,12,4653.00,162.40,14.10,1074,1074,177,81.1
B,0,5,LineaB:1088,13,4758.30,143.89,13.40,1074,1074,177,81.1
B,0,5,LineaB:1088,14,4927.50,85.16,14.00,1074,1074,177,81.1
B,0,5,LineaB:1088,15,6148.30,218.67,14.70,1074,1074,177,81.1
B,0,5,LineaB:1088,16,7792.80,199.69,15.10,1074,1074,177,81.1
B,0,5,LineaB:1088,17,9894.60,245.45,14.80,1074,1074,177,81.1
B,0,5,LineaB:1088,18,8813.80,324.22,15.10,1074,1074,177,81.1
B,0,5,LineaB:1088,19,5058.30,208.64,15.60,1074,1074,177,81.1
B,0,5,LineaB:1088,20,3143.40,99.55,13.20,1074,1074,177,81.1
B,0,5,LineaB:1088,21,2552.90,93.78,13.10,1074,1074,177,81.1
B,0,5,LineaB:1088,22,1931.60,111.63,11.70,1074,1074,177,81.1
B,0,5,LineaB:1088,23,346.10,48.51,7.10,1074,1074,177,81.1
B,0,6,LineaB:1087,5,306.90,32.43,6.00,1074,1074,607,620.9
B,0,6,LineaB:1087,6,2199.00,170.02,10.00,1074,1074,607,620.9
B,0,6,LineaB:1087,7,5146.50,308.69,12.10,1074,1074,607,620.9
B,0,6,LineaB:1087,8,5574.60,157.20,14.20,1074,1074,607,620.9
B,0,6,LineaB:1087,9,4638.30,107.90,15.70,1074,1074,607,620.9
B,0,6,LineaB:1087,10,3534.00,141.71,14.90,1074,1074,607,620.9
B,0,6,LineaB:1087,11,4138.60,194.13,13.50,1074,1074,607,620.9
B,0,6,LineaB:1087,12,5428.20,149.71,14.10,1074,1074,607,620.9
B,0,6,LineaB:1087,13,5813.40,200.56,13.50,1074,1074,607,620.9
B,0,6,LineaB:1087,14,5642.70,265.12,13.80,1074,1074,607,620.9
B,0,6,LineaB:1087,15,7092.30,265.00,14.80,1074,1074,607,620.9
B,0,6,LineaB:1087,16,8976.10,159.31,15.20,1074,1074,607,620.9
B,0,6,LineaB:1087,17,11114.70,346.96,14.70,1074,1074,607,620.9
B,0,6,LineaB:1087,18,10545.60,357.50,15.40,1074,1074,607,620.9
B,0,6,LineaB:1087,19,5985.70,246.60,15.10,1074,1074,607,620.9
B,0,6,LineaB:1087,20,4108.80,87.51,13.50,1074,1074,607,620.9
B,0,6,LineaB:1087,21,3005.20,111.63,13.00,1074,1074,607,620.9
B,0,6,LineaB:1087,22,2140.00,101.36,11.80,1074,1074,607,620.9
B,0,6,LineaB:1087,23,383.70,37.95,7.30,1074,1074,607,620.9
B,0,7,LineaB:1086,5,302.20,31.65,6.00,1074,1074,68,0.7
B,0,7,LineaB:1086,6,2003.40,174.17,9.70,1074,1074,68,0.7
B,0,7,LineaB:1086,7,4734.00,347.19,11.80,1074,1074,68,0.7
B,0,7,LineaB:1086,8,5542.70,347.77,14.50,1074,1074,68,0.7
B,0,7,LineaB:1086,9,4206.70,197.17,15.60,1074,1074,68,0.7
B,0,7,LineaB:1086,10,3283.00,99.72,15.00,1074,1074,68,0.7
B,0,7,LineaB:1086,11,3790.70,188.49,13.50,1074,1074,68,0.7
B,0,7,LineaB:1086,12,5074.80,196.88,14.00,1074,1074,68,0.7
B,0,7,LineaB:1086,13,5406.20,188.05,13.70,1074,1074,68,0.7
B,0,7,LineaB:1086,14,5283.20,328.72,13.80,1074,1074,68,0.7
B,0,7,LineaB:1086,15,6789.00,285.06,14.70,1074,1074,68,0.7
B,0,7,LineaB:1086,16,8592.80,345.50,15.10,1074,1074,68,0.7
B,0,7,LineaB:1086,17,10870.90,394.03,14.70,1074,1074,68,0.7
B,0,7,LineaB:1086,18,10277.10,238.27,15.40,1074,1074,68,0.7
B,0,7,LineaB:1086,19,5934.50,194.42,15.10,1074,1074,68,0.7
B,0,7,LineaB:1086,20,4239.70,85.75,13.90,1074,1074,68,0.7
B,0,7,LineaB:1086,21,3041.40,105.40,12.60,1074,1074,68,0.7
B,0,7,LineaB:1086,22,2269.50,94.78,11.90,1074,1074,68,0.7
B,0,7,LineaB:1086,23,417.90,47.62,7.60,1074,1074,68,0.7
B,0,8,LineaB:1085,5,270.00,42.94,5.50,1074,1068,74,0.0
B,0,8,LineaB:1085,6,1863.20,75.53,9.90,1074,1068,74,0.0
B,0,8,LineaB:1085,7,4460.90,359.78,11.90,1074,1068,74,0.0
B,0,8,LineaB:1085,8,5110.10,443.44,14.20,1074,1068,74,0.0
B,0,8,LineaB:1085,9,3863.80,172.79,15.50,1074,1068,74,0.0
B,0,8,LineaB:1085,10,3080.50,141.18,15.30,1074,1068,74,0.0
B,0,8,LineaB:1085,11,3438.90,89.93,13.20,1074,1068,74,0.0
B,0,8,LineaB:1085,12,4753.60,174.31,14.10,1074,1068,74,0.0
B,0,8,LineaB:1085,13,5074.00,205.52,13.70,1074,1068,74,0.0
B,0,8,LineaB:1085,14,4828.30,178.57,13.70,1074,1068,74,0.0
B,0,8,LineaB:1085,15,6163.90,184.56,14.40,1074,1068,74,0.0
B,0,8,LineaB:1085,16,8376.50,371.94,15.50,1074,1068,74,0.0
B,0,8,LineaB:1085,17,10513.70,345.21,14.90,1074,1068,74,0.0
B,0,8,LineaB:1085,18,9744.80,174.04,15.30,1074,1068,74,0.0
B,0,8,LineaB:1085,19,5651.60,217.99,15.10,1074,1068,74,0.0
B,0,8,LineaB:1085,20,3996.50,158.28,13.60,1074,1068,74,0.0
B,0,8,LineaB:1085,21,2973.10,106.40,12.90,1074,1068,74,0.0
B,0,8,LineaB:1085,22,2157.80,93.11,11.90,1074,1068,74,0.0
B,0,8,LineaB:1085,23,402.20,38.10,8.00,1074,1068,74,0.0
B,0,9,LineaB:1083,5,228.40,29.67,6.10,1074,1005,41,0.0
B,0,9,LineaB:1083,6,1702.90,73.80,10.00,1074,1005,41,0.0
B,0,9,LineaB:1083,7,3999.10,259.22,11.70,1074,1005,41,0.0
B,0,9,LineaB:1083,8,4700.70,288.77,14.20,1074,1005,41,0.0
B,0,9,LineaB:1083,9,3559.80,148.32,15.50,1074,1005,41,0.0
B,0,9,LineaB:1083,10,2747.40,71.93,15.10,1074,1005,41,0.0
B,0,9,LineaB:1083,11,3261.80,86.38,13.70,1074,1005,41,0.0
B,0,9,LineaB:1083,12,4317.00,118.05,14.00,1074,1005,41,0.0
B,0,9,LineaB:1083,13,4521.70,175.38,13.40,1074,1005,41,0.0
B,0,9,LineaB:1083,14,4573.70,133.87,14.10,1074,1005,41,0.0
B,0,9,LineaB:1083,15,5637.10,165.23,14.30,1074,1005,41,0.0
B,0,9,LineaB:1083,16,7650.30,275.45,15.40,1074,1005,41,0.0
B,0,9,LineaB:1083,17,9568.10,330.85,14.60,1074,1005,41,0.0
B,0,9,LineaB:1083,18,9130.70,221.07,15.60,1074,1005,41,0.0
B,0,9,LineaB:1083,19,5217.80,157.08,14.80,1074,1005,41,0.0
B,0,9,LineaB:1083,20,3870.60,97.07,14.00,1074,1005,41,0.0
B,0,9,LineaB:1083,21,2663.90,56.36,12.40,1074,1005,41,0.0
B,0,9,LineaB:1083,22,2074.60,107.08,12.20,1074,1005,41,0.0
B,0,9,LineaB:1083,23,416.00,34.70,8.50,1074,1005,41,0.0
B,0,10,LineaB:1084,5,208.80,18.74,6.00,1074,879,40,0.0
B,0,10,LineaB:1084,6,1441.40,113.80,9.60,1074,879,40,0.0
B,0,10,LineaB:1084,7,3542.60,264.73,12.10,1074,879,40,0.0
B,0,10,LineaB:1084,8,3796.10,241.21,13.70,1074,879,40,0.0
B,0,10,LineaB:1084,9,3026.50,111.58,15.60,1074,879,40,0.0
B,0,10,LineaB:1084,10,2346.60,88.66,15.40,1074,879,40,0.0
B,0,10,LineaB:1084,11,2681.40,125.31,13.40,1074,879,40,0.0
B,0,10,LineaB:1084,12,3651.90,161.74,13.70,1074,879,40,0.0
B,0,10,LineaB:1084,13,4052.20,99.13,13.80,1074,879,40,0.0
B,0,10,LineaB:1084,14,3904.80,144.51,13.90,1074,879,40,0.0
B,0,10,LineaB:1084,15,4945.50,220.63,14.60,1074,879,40,0.0
B,0,10,LineaB:1084,16,6563.80,221.12,15.10,1074,879,40,0.0
B,0,10,LineaB:1084,17,8443.50,240.75,14.70,1074,879,40,0.0
B,0,10,LineaB:1084,18,8136.90,233.88,15.50,1074,879,40,0.0
B,0,10,LineaB:1084,19,4726.00,127.12,14.90,1074,879,40,0.0
B,0,10,LineaB:1084,20,3479.70,132.17,14.20,1074,879,40,0.0
B,0,10,LineaB:1084,21,2402.30,58.67,12.60,1074,879,40,0.0
B,0,10,LineaB:1084,22,1797.60,72.88,11.80,1074,879,40,0.0
B,0,10,LineaB:1084,23,404.80,29.50,9.00,1074,879,40,0.0
B,0,11,LineaB:1082,5,142.40,36.52,5.40,1074,808,16,0.0
B,0,11,LineaB:1082,6,1228.90,82.14,9.70,1074,808,16,0.0
B,0,11,LineaB:1082,7,2993.90,127.75,12.10,1074,808,16,0.0
B,0,11,LineaB:1082,8,3098.60,113.94,13.60,1074,808,16,0.0
B,0,11,LineaB:1082,9,2481.70,91.00,15.50,1074,808,16,0.0
B,0,11,LineaB:1082,10,1994.90,59.90,15.30,1074,808,16,0.0
B,0,11,LineaB:1082,11,2296.30,71.37,13.70,1074,808,16,0.0
B,0,11,LineaB:1082,12,3313.30,136.76,13.90,1074,808,16,0.0
B,0,11,LineaB:1082,13,3465.10,148.84,13.60,1074,808,16,0.0
B,0,11,LineaB:1082,14,3517.00,188.97,14.10,1074,808,16,0.0
B,0,11,LineaB:1082,15,4309.60,99.02,14.20,1074,808,16,0.0
B,0,11,LineaB:1082,16,5884.00,148.73,15.40,1074,808,16,0.0
B,0,11,LineaB:1082,17,7591.30,200.54,14.70,1074,808,16,0.0
B,0,11,LineaB:1082,18,7272.00,188.65,15.40,1074,808,16,0.0
B,0,11,LineaB:1082,19,4118.20,94.06,14.80,1074,808,16,0.0
B,0,11,LineaB:1082,20,3025.90,97.63,13.90,1074,808,16,0.0
B,0,11,LineaB:1082,21,2217.30,99.26,12.80,1074,808,16,0.0
B,0,11,LineaB:1082,22,1684.50,43.49,12.30,1074,808,16,0.0
B,0,11,LineaB:1082,23,397.70,41.05,9.20,1074,808,16,0.0
B,0,12,LineaB:1081,5,91.50,22.89,6.20,1074,562,16,0.0
B,0,12,LineaB:1081,6,834.40,55.46,9.90,1074,562,16,0.0
B,0,12,LineaB:1081,7,2050.10,88.64,11.90,1074,562,16,0.0
B,0,12,LineaB:1081,8,2172.60,95.47,13.40,1074,562,16,0.0
B,0,12,LineaB:1081,9,1750.70,58.56,15.40,1074,562,16,0.0
B,0,12,LineaB:1081,10,1332.00,37.21,15.30,1074,562,16,0.0
B,0,12,LineaB:1081,11,1532.10,79.85,13.90,1074,562,16,0.0
B,0,12,LineaB:1081,12,2158.20,73.05,13.70,1074,562,16,0.0
B,0,12,LineaB:1081,13,2332.30,85.61,13.70,1074,562,16,0.0
B,0,12,LineaB:1081,14,2286.70,106.30,14.10,1074,562,16,0.0
B,0,12,LineaB:1081,15,2770.60,83.31,14.30,1074,562,16,0.0
B,0,12,LineaB:1081,16,3774.10,81.61,15.20,1074,562,16,0.0
B,0,12,LineaB:1081,17,4944.90,124.60,14.50,1074,562,16,0.0
B,0,12,LineaB:1081,18,4808.60,163.56,15.60,1074,562,16,0.0
B,0,12,LineaB:1081,19,2693.20,128.29,14.90,1074,562,16,0.0
B,0,12,LineaB:1081,20,2044.50,129.84,14.30,1074,562,16,0.0
B,0,12,LineaB:1081,21,1397.60,79.38,12.50,1074,562,16,0.0
B,0,12,LineaB:1081,22,1154.80,59.69,12.20,1074,562,16,0.0
B,0,12,LineaB:1081,23,304.70,39.34,9.60,1074,562,16,0.0
B,0,13,LineaB:1080,5,48.80,7.55,6.00,1074,532,11,0.0
B,0,13,LineaB:1080,6,619.90,41.38,9.50,1074,532,11,0.0
B,0,13,LineaB:1080,7,1681.90,54.82,12.10,1074,532,11,0.0
B,0,13,LineaB:1080,8,1694.10,71.80,13.30,1074,532,11,0.0
B,0,13,LineaB:1080,9,1469.60,76.64,15.20,1074,532,11,0.0
B,0,13,LineaB:1080,10,1195.40,74.28,15.40,1074,532,11,0.0
B,0,13,LineaB:1080,11,1366.40,73.82,13.90,1074,532,11,0.0
B,0,13,LineaB:1080,12,1967.80,96.22,13.70,1074,532,11,0.0
B,0,13,LineaB:1080,13,2098.40,106.80,13.80,1074,532,11,0.0
B,0,13,LineaB:1080,14,2095.40,114.26,14.10,1074,532,11,0.0
B,0,13,LineaB:1080,15,2460.10,136.24,14.00,1074,532,11,0.0
B,0,13,LineaB:1080,16,3520.00,159.87,15.30,1074,532,11,0.0
B,0,13,LineaB:1080,17,4684.90,132.86,14.80,1074,532,11,0.0
B,0,13,LineaB:1080,18,4469.20,148.82,15.40,1074,532,11,0.0
B,0,13,LineaB:1080,19,2574.10,148.20,15.10,1074,532,11,0.0
B,0,13,LineaB:1080,20,1885.40,92.03,14.10,1074,532,11,0.0
B,0,13,LineaB:1080,21,1308.10,67.26,12.70,1074,532,11,0.0
B,0,13,LineaB:1080,22,1063.40,64.48,12.10,1074,532,11,0.0
B,0,13,LineaB:1080,23,309.70,34.62,10.10,1074,532,11,0.0
B,0,14,LineaB:1079,5,36.10,8.01,5.70,1074,439,10,0.0
B,0,14,LineaB:1079,6,477.50,35.12,9.50,1074,439,10,0.0
B,0,14,LineaB:1079,7,1223.60,51.78,11.90,1074,439,10,0.0
B,0,14,LineaB:1079,8,1293.00,64.20,13.60,1074,439,10,0.0
B,0,14,LineaB:1079,9,1110.90,53.29,14.90,1074,439,10,0.0
B,0,14,LineaB:1079,10,1004.70,52.34,15.50,1074,439,10,0.0
B,0,14,LineaB:1079,11,1089.20,51.39,13.80,1074,439,10,0.0
B,0,14,LineaB:1079,12,1594.40,44.01,13.70,1074,439,10,0.0
B,0,14,LineaB:1079,13,1702.40,72.20,13.90,1074,439,10,0.0
B,0,14,LineaB:1079,14,1695.40,64.39,13.90,1074,439,10,0.0
B,0,14,LineaB:1079,15,2031.70,61.63,14.30,1074,439,10,0.0
B,0,14,LineaB:1079,16,2857.70,146.25,15.20,1074,439,10,0.0
B,0,14,LineaB:1079,17,3845.70,159.96,14.70,1074,439,10,0.0
B,0,14,LineaB:1079,18,3749.90,156.06,15.40,1074,439,10,0.0
B,0,14,LineaB:1079,19,2153.10,83.39,15.10,1074,439,10,0.0
B,0,14,LineaB:1079,20,1562.40,65.99,14.30,1074,439,10,0.0
B,0,14,LineaB:1079,21,1057.20,64.55,12.50,1074,439,10,0.0
B,0,14,LineaB:1079,22,852.80,67.39,12.30,1074,439,10,0.0
B,0,14,LineaB:1079,23,261.10,12.43,10.40,1074,439,10,0.0
B,0,15,LineaB:1078,5,22.30,5.66,5.00,1074,350,4,0.0
B,0,15,LineaB:1078,6,391.40,21.90,9.90,1074,350,4,0.0
B,0,15,LineaB:1078,7,988.60,51.55,11.80,1074,350,4,0.0
B,0,15,LineaB:1078,8,1025.20,49.20,13.30,1074,350,4,0.0
B,0,15,LineaB:1078,9,907.70,42.13,15.20,1074,350,4,0.0
B,0,15,LineaB:1078,10,814.00,48.26,15.50,1074,350,4,0.0
B,0,15,LineaB:1078,11,879.30,34.84,14.10,1074,350,4,0.0
B,0,15,LineaB:1078,12,1272.30,55.61,13.50,1074,350,4,0.0
B,0,15,LineaB:1078,13,1371.80,67.78,13.80,1074,350,4,0.0
B,0,15,LineaB:1078,14,1409.60,79.27,14.20,1074,350,4,0.0
B,0,15,LineaB:1078,15,1607.20,61.52,14.10,1074,350,4,0.0
B,0,15,LineaB:1078,16,2216.60,70.24,14.90,1074,350,4,0.0
B,0,15,LineaB:1078,17,3112.30,108.20,14.90,1074,350,4,0.0
B,0,15,LineaB:1078,18,3030.00,94.90,15.40,1074,350,4,0.0
B,0,15,LineaB:1078,19,1741.00,73.96,15.10,1074,350,4,0.0
B,0,15,LineaB:1078,20,1227.40,57.85,14.10,1074,350,4,0.0
B,0,15,LineaB:1078,21,866.00,50.68,12.90,1074,350,4,0.0
B,0,15,LineaB:1078,22,653.50,39.81,12.20,1074,350,4,0.0
B,0,15,LineaB:1078,23,219.10,21.62,10.70,1074,350,4,0.0
B,1,0,LineaB:1077,5,181.60,20.03,5.70,1074,515,515,0.0
B,1,0,LineaB:1077,6,1440.90,55.75,11.90,1074,515,515,0.0
B,1,0,LineaB:1077,7,3584.80,80.31,14.30,1074,515,515,0.0
B,1,0,LineaB:1077,8,3663.80,187.99,14.80,1074,515,515,0.0
B,1,0,LineaB:1077,9,2563.40,114.97,15.00,1074,515,515,0.0
B,1,0,LineaB:1077,10,1267.00,58.31,13.90,1074,515,515,0.0
B,1,0,LineaB:1077,11,1059.10,54.31,14.40,1074,515,515,0.0
B,1,0,LineaB:1077,12,1141.30,25.15,13.90,1074,515,515,0.0
B,1,0,LineaB:1077,13,1204.40,47.83,13.30,1074,515,515,0.0
B,1,0,LineaB:1077,14,936.90,28.36,14.70,1074,515,515,0.0
B,1,0,LineaB:1077,15,763.50,32.05,14.70,1074,515,515,0.0
B,1,0,LineaB:1077,16,1123.10,46.73,14.90,1074,515,515,0.0
B,1,0,LineaB:1077,17,1471.10,56.65,15.70,1074,515,515,0.0
B,1,0,LineaB:1077,18,940.10,38.19,14.50,1074,515,515,0.0
B,1,0,LineaB:1077,19,609.40,27.13,14.30,1074,515,515,0.0
B,1,0,LineaB:1077,20,507.90,11.19,12.80,1074,515,515,0.0
B,1,0,LineaB:1077,21,217.80,19.37,11.50,1074,515,515,0.0
B,1,0,LineaB:1077,22,136.00,11.55,9.90,1074,515,515,0.0
B,1,0,LineaB:1077,23,5.60,4.40,0.70,1074,515,515,0.0
B,1,1,LineaB:1078,5,186.70,24.76,5.50,1074,640,125,0.0
B,1,1,LineaB:1078,6,1529.10,91.33,11.30,1074,640,125,0.0
B,1,1,LineaB:1078,7,4356.00,167.39,14.50,1074,640,125,0.0
B,1,1,LineaB:1078,8,4587.70,137.87,15.00,1074,640,125,0.0
B,1,1,LineaB:1078,9,3205.30,56.90,14.80,1074,640,125,0.0
B,1,1,LineaB:1078,10,1640.60,107.15,14.10,1074,640,125,0.0
B,1,1,LineaB:1078,11,1307.70,95.87,14.20,1074,640,125,0.0
B,1,1,LineaB:1078,12,1428.50,48.43,14.30,1074,640,125,0.0
B,1,1,LineaB:1078,13,1524.40,49.27,13.00,1074,640,125,0.0
B,1,1,LineaB:1078,14,1114.60,45.44,14.70,1074,640,125,0.0
B,1,1,LineaB:1078,15,1012.80,47.84,14.70,1074,640,125,0.0
B,1,1,LineaB:1078,16,1390.10,64.80,15.00,1074,640,125,0.0
B,1,1,LineaB:1078,17,1832.00,75.38,15.70,1074,640,125,0.0
B,1,1,LineaB:1078,18,1258.50,75.24,14.40,1074,640,125,0.0
B,1,1,LineaB:1078,19,788.10,22.81,14.70,1074,640,125,0.0
B,1,1,LineaB:1078,20,584.80,17.44,12.30,1074,640,125,0.0
B,1,1,LineaB:1078,21,317.00,20.50,11.90,1074,640,125,0.0
B,1,1,LineaB:1078,22,162.20,11.98,9.90,1074,640,125,0.0
B,1,1,LineaB:1078,23,8.60,4.25,0.90,1074,640,125,0.0
B,1,2,LineaB:1079,5,179.40,13.30,5.00,1074,750,136,0.0
B,1,2,LineaB:1079,6,1759.10,69.13,11.50,1074,750,136,0.0
B,1,2,LineaB:1079,7,5163.20,134.81,14.50,1074,750,136,0.0
B,1,2,LineaB:1079,8,5459.50,189.53,14.90,1074,750,136,0.0
B,1,2,LineaB:1079,9,3948.80,169.72,14.80,1074,750,136,0.0
B,1,2,LineaB:1079,10,2182.50,76.52,14.30,1074,750,136,0.0
B,1,2,LineaB:1079,11,1612.60,50.77,13.90,1074,750,136,0.0
B,1,2,LineaB:1079,12,1836.10,74.85,14.20,1074,750,136,0.0
B,1,2,LineaB:1079,13,1915.20,68.50,13.10,1074,750,136,0.0
B,1,2,LineaB:1079,14,1425.60,66.09,14.80,1074,750,136,0.0
B,1,2,LineaB:1079,15,1284.40,42.55,14.70,1074,750,136,0.0
B,1,2,LineaB:1079,16,1712.60,69.03,14.90,1074,750,136,0.0
B,1,2,LineaB:1079,17,2344.80,66.50,15.60,1074,750,136,0.0
B,1,2,LineaB:1079,18,1722.30,81.86,14.40,1074,750,136,0.0
B,1,2,LineaB:1079,19,1042.90,47.32,14.80,1074,750,136,0.0
B,1,2,LineaB:1079,20,734.10,26.01,12.50,1074,750,136,0.0
B,1,2,LineaB:1079,21,409.40,28.84,11.90,1074,750,136,0.0
B,1,2,LineaB:1079,22,229.60,13.42,10.00,1074,750,136,0.0
B,1,2,LineaB:1079,23,12.90,4.01,1.10,1074,750,136,0.0
B,1,3,LineaB:1080,5,182.10,13.32,4.90,1074,797,93,0.0
B,1,3,LineaB:1080,6,1827.30,84.54,11.50,1074,797,93,0.0
B,1,3,LineaB:1080,7,5279.60,161.81,14.00,1074,797,93,0.0
B,1,3,LineaB:1080,8,5877.30,190.13,15.00,1074,797,93,0.0
B,1,3,LineaB:1080,9,4357.60,96.97,15.10,1074,797,93,0.0
B,1,3,LineaB:1080,10,2342.90,133.12,13.90,1074,797,93,0.0
B,1,3,LineaB:1080,11,1797.90,96.84,14.10,1074,797,93,0.0
B,1,3,LineaB:1080,12,2086.60,70.14,14.30,1074,797,93,0.0
B,1,3,LineaB:1080,13,2067.10,89.98,12.80,1074,797,93,0.0
B,1,3,LineaB:1080,14,1710.10,83.88,15.00,1074,797,93,0.0
B,1,3,LineaB:1080,15,1521.90,32.37,14.90,1074,797,93,0.0
B,1,3,LineaB:1080,16,1978.80,78.30,14.80,1074,797,93,0.0
B,1,3,LineaB:1080,17,2803.50,73.83,15.80,1074,797,93,0.0
B,1,3,LineaB:1080,18,2024.50,72.73,14.10,1074,797,93,0.0
B,1,3,LineaB:1080,19,1204.80,59.23,14.70,1074,797,93,0.0
B,1,3,LineaB:1080,20,822.90,30.26,12.70,1074,797,93,0.0
B,1,3,LineaB:1080,21,507.30,26.07,11.70,1074,797,93,0.0
B,1,3,LineaB:1080,22,349.10,23.80,10.40,1074,797,93,0.0
B,1,3,LineaB:1080,23,20.40,10.96,1.20,1074,797,93,0.0
B,1,4,LineaB:1081,5,366.50,34.99,5.30,1074,1074,464,26.5
B,1,4,LineaB:1081,6,2628.60,279.92,11.40,1074,1074,464,26.5
B,1,4,LineaB:1081,7,7872.20,292.99,14.30,1074,1074,464,26.5
B,1,4,LineaB:1081,8,8787.50,355.93,14.80,1074,1074,464,26.5
B,1,4,LineaB:1081,9,7300.20,404.57,15.30,1074,1074,464,26.5
B,1,4,LineaB:1081,10,3763.70,135.92,13.90,1074,1074,464,26.5
B,1,4,LineaB:1081,11,2748.60,101.68,14.00,1074,1074,464,26.5
B,1,4,LineaB:1081,12,3177.30,86.00,14.20,1074,1074,464,26.5
B,1,4,LineaB:1081,13,3244.40,91.19,13.20,1074,1074,464,26.5
B,1,4,LineaB:1081,14,2601.10,82.57,14.70,1074,1074,464,26.5
B,1,4,LineaB:1081,15,2186.60,66.26,14.40,1074,1074,464,26.5
B,1,4,LineaB:1081,16,2806.00,139.45,14.90,1074,1074,464,26.5
B,1,4,LineaB:1081,17,3957.70,167.61,15.90,1074,1074,464,26.5
B,1,4,LineaB:1081,18,3084.50,85.67,14.50,1074,1074,464,26.5
B,1,4,LineaB:1081,19,1653.50,85.15,14.40,1074,1074,464,26.5
B,1,4,LineaB:1081,20,1107.60,51.57,12.90,1074,1074,464,26.5
B,1,4,LineaB:1081,21,687.70,30.61,11.70,1074,1074,464,26.5
B,1,4,LineaB:1081,22,439.60,27.19,10.30,1074,1074,464,26.5
B,1,4,LineaB:1081,23,40.90,14.23,1.80,1074,1074,464,26.5
B,1,5,LineaB:1082,5,374.70,28.28,5.00,1074,1074,218,58.6
B,1,5,LineaB:1082,6,2744.40,268.13,11.40,1074,1074,218,58.6
B,1,5,LineaB:1082,7,8134.60,397.97,13.90,1074,1074,218,58.6
B,1,5,LineaB:1082,8,9815.50,477.05,15.10,1074,1074,218,58.6
B,1,5,LineaB:1082,9,8056.00,414.71,15.10,1074,1074,218,58.6
B,1,5,LineaB:1082,10,4491.80,191.48,14.20,1074,1074,218,58.6
B,1,5,LineaB:1082,11,3295.60,115.02,14.20,1074,1074,218,58.6
B,1,5,LineaB:1082,12,3599.70,88.62,13.80,1074,1074,218,58.6
B,1,5,LineaB:1082,13,3780.40,138.91,13.40,1074,1074,218,58.6
B,1,5,LineaB:1082,14,3010.40,128.38,14.30,1074,1074,218,58.6
B,1,5,LineaB:1082,15,2766.80,94.17,14.80,1074,1074,218,58.6
B,1,5,LineaB:1082,16,3304.40,223.50,14.80,1074,1074,218,58.6
B,1,5,LineaB:1082,17,4794.10,218.37,15.80,1074,1074,218,58.6
B,1,5,LineaB:1082,18,3959.30,77.31,14.60,1074,1074,218,58.6
B,1,5,LineaB:1082,19,2119.60,70.81,14.70,1074,1074,218,58.6
B,1,5,LineaB:1082,20,1341.30,57.71,12.70,1074,1074,218,58.6
B,1,5,LineaB:1082,21,842.60,46.89,11.50,1074,1074,218,58.6
B,1,5,LineaB:1082,22,582.70,17.03,10.60,1074,1074,218,58.6
B,1,5,LineaB:1082,23,78.10,14.52,2.00,1074,1074,218,58.6
B,1,6,LineaB:1084,5,389.00,23.31,5.90,1074,1074,301,136.0
B,1,6,LineaB:1084,6,2721.40,209.57,10.90,1074,1074,301,136.0
B,1,6,LineaB:1084,7,9110.30,218.33,14.20,1074,1074,301,136.0
B,1,6,LineaB:1084,8,10639.10,235.82,14.80,1074,1074,301,136.0
B,1,6,LineaB:1084,9,9347.40,359.38,15.30,1074,1074,301,136.0
B,1,6,LineaB:1084,10,5077.00,188.61,13.90,1074,1074,301,136.0
B,1,6,LineaB:1084,11,3827.00,124.64,14.10,1074,1074,301,136.0
B,1,6,LineaB:1084,12,4357.30,161.01,14.10,1074,1074,301,136.0
B,1,6,LineaB:1084,13,4350.60,203.71,13.30,1074,1074,301,136.0
B,1,6,LineaB:1084,14,3616.60,163.93,14.50,1074,1074,301,136.0
B,1,6,LineaB:1084,15,3264.40,142.72,14.60,1074,1074,301,136.0
B,1,6,LineaB:1084,16,4021.20,228.36,15.00,1074,1074,301,136.0
B,1,6,LineaB:1084,17,5665.90,206.57,15.80,1074,1074,301,136.0
B,1,6,LineaB:1084,18,4532.20,167.02,14.50,1074,1074,301,136.0
B,1,6,LineaB:1084,19,2646.30,125.96,14.40,1074,1074,301,136.0
B,1,6,LineaB:1084,20,1617.30,52.99,12.90,1074,1074,301,136.0
B,1,6,LineaB:1084,21,1023.30,38.63,11.90,1074,1074,301,136.0
B,1,6,LineaB:1084,22,652.70,42.15,10.40,1074,1074,301,136.0
B,1,6,LineaB:1084,23,95.00,21.84,2.40,1074,1074,301,136.0
B,1,7,LineaB:1083,5,360.60,33.92,5.40,1074,1074,313,242.4
B,1,7,LineaB:1083,6,2792.80,158.10,11.20,1074,1074,313,242.4
B,1,7,LineaB:1083,7,9389.60,317.22,13.70,1074,1074,313,242.4
B,1,7,LineaB:1083,8,11680.30,383.37,15.20,1074,1074,313,242.4
B,1,7,LineaB:1083,9,10026.40,329.49,15.00,1074,1074,313,242.4
B,1,7,LineaB:1083,10,5833.20,198.52,14.40,1074,1074,313,242.4
B,1,7,LineaB:1083,11,4105.20,120.68,13.90,1074,1074,313,242.4
B,1,7,LineaB:1083,12,4684.60,156.88,13.80,1074,1074,313,242.4
B,1,7,LineaB:1083,13,4819.90,207.92,13.50,1074,1074,313,242.4
B,1,7,LineaB:1083,14,4040.50,237.04,14.30,1074,1074,313,242.4
B,1,7,LineaB:1083,15,3559.70,160.77,14.70,1074,1074,313,242.4
B,1,7,LineaB:1083,16,4335.20,181.37,14.80,1074,1074,313,242.4
B,1,7,LineaB:1083,17,6235.80,249.03,15.90,1074,1074,313,242.4
B,1,7,LineaB:1083,18,4947.00,136.60,14.60,1074,1074,313,242.4
B,1,7,LineaB:1083,19,2984.40,135.70,14.50,1074,1074,313,242.4
B,1,7,LineaB:1083,20,1795.50,79.19,13.00,1074,1074,313,242.4
B,1,7,LineaB:1083,21,1137.20,63.61,11.80,1074,1074,313,242.4
B,1,7,LineaB:1083,22,696.90,28.44,10.50,1074,1074,313,242.4
B,1,7,LineaB:1083,23,111.30,22.67,2.70,1074,1074,313,242.4
B,1,8,LineaB:1085,5,334.90,26.96,5.90,1074,1074,232,212.9
B,1,8,LineaB:1085,6,2592.10,157.96,11.10,1074,1074,232,212.9
B,1,8,LineaB:1085,7,9855.90,368.21,14.10,1074,1074,232,212.9
B,1,8,LineaB:1085,8,11909.60,419.67,15.00,1074,1074,232,212.9
B,1,8,LineaB:1085,9,10674.10,276.91,15.10,1074,1074,232,212.9
B,1,8,LineaB:1085,10,6092.60,270.13,13.90,1074,1074,232,212.9
B,1,8,LineaB:1085,11,4469.50,247.90,14.10,1074,1074,232,212.9
B,1,8,LineaB:1085,12,5218.50,235.61,14.00,1074,1074,232,212.9
B,1,8,LineaB:1085,13,5247.90,258.61,13.50,1074,1074,232,212.9
B,1,8,LineaB:1085,14,4405.30,194.87,14.40,1074,1074,232,212.9
B,1,8,LineaB:1085,15,3883.70,163.91,14.70,1074,1074,232,212.9
B,1,8,LineaB:1085,16,4834.30,147.17,14.80,1074,1074,232,212.9
B,1,8,LineaB:1085,17,6565.50,291.48,15.50,1074,1074,232,212.9
B,1,8,LineaB:1085,18,5508.50,249.70,14.80,1074,1074,232,212.9
B,1,8,LineaB:1085,19,3299.70,162.55,14.40,1074,1074,232,212.9
B,1,8,LineaB:1085,20,2013.50,84.05,12.80,1074,1074,232,212.9
B,1,8,LineaB:1085,21,1267.40,43.45,12.00,1074,1074,232,212.9
B,1,8,LineaB:1085,22,844.60,54.61,10.90,1074,1074,232,212.9
B,1,8,LineaB:1085,23,119.70,9.53,2.90,1074,1074,232,212.9
B,1,9,LineaB:1086,5,338.30,25.82,5.90,1074,1074,132,40.3
B,1,9,LineaB:1086,6,2526.80,127.36,10.90,1074,1074,132,40.3
B,1,9,LineaB:1086,7,9498.60,371.28,13.60,1074,1074,132,40.3
B,1,9,LineaB:1086,8,12010.30,458.12,15.10,1074,1074,132,40.3
B,1,9,LineaB:1086,9,10611.20,259.08,14.90,1074,1074,132,40.3
B,1,9,LineaB:1086,10,6406.70,248.87,14.20,1074,1074,132,40.3
B,1,9,LineaB:1086,11,4704.10,123.41,14.30,1074,1074,132,40.3
B,1,9,LineaB:1086,12,5392.80,173.29,13.90,1074,1074,132,40.3
B,1,9,LineaB:1086,13,5469.30,153.78,13.50,1074,1074,132,40.3
B,1,9,LineaB:1086,14,4541.90,117.33,14.10,1074,1074,132,40.3
B,1,9,LineaB:1086,15,4171.00,264.77,14.60,1074,1074,132,40.3
B,1,9,LineaB:1086,16,5303.80,253.46,15.20,1074,1074,132,40.3
B,1,9,LineaB:1086,17,6922.70,153.06,15.50,1074,1074,132,40.3
B,1,9,LineaB:1086,18,5859.40,141.12,14.90,1074,1074,132,40.3
B,1,9,LineaB:1086,19,3613.10,157.67,14.20,1074,1074,132,40.3
B,1,9,LineaB:1086,20,2399.30,144.03,13.10,1074,1074,132,40.3
B,1,9,LineaB:1086,21,1577.30,55.90,11.80,1074,1074,132,40.3
B,1,9,LineaB:1086,22,1085.80,66.09,10.80,1074,1074,132,40.3
B,1,9,LineaB:1086,23,170.10,36.19,3.40,1074,1074,132,40.3
B,1,10,LineaB:1087,5,262.00,27.15,5.50,1074,1074,287,20.8
B,1,10,LineaB:1087,6,2231.90,116.74,11.20,1074,1074,287,20.8
B,1,10,LineaB:1087,7,8481.90,270.53,13.40,1074,1074,287,20.8
B,1,10,LineaB:1087,8,11216.50,356.50,15.10,1074,1074,287,20.8
B,1,10,LineaB:1087,9,10239.50,288.89,15.00,1074,1074,287,20.8
B,1,10,LineaB:1087,10,5943.50,267.64,14.20,1074,1074,287,20.8
B,1,10,LineaB:1087,11,4165.50,175.52,14.10,1074,1074,287,20.8
B,1,10,LineaB:1087,12,4562.00,120.42,13.90,1074,1074,287,20.8
B,1,10,LineaB:1087,13,4750.60,170.70,13.40,1074,1074,287,20.8
B,1,10,LineaB:1087,14,3892.30,170.59,14.20,1074,1074,287,20.8
B,1,10,LineaB:1087,15,3453.80,208.52,14.80,1074,1074,287,20.8
B,1,10,LineaB:1087,16,4111.10,109.78,14.80,1074,1074,287,20.8
B,1,10,LineaB:1087,17,5452.00,188.89,15.70,1074,1074,287,20.8
B,1,10,LineaB:1087,18,4673.10,249.63,14.90,1074,1074,287,20.8
B,1,10,LineaB:1087,19,2744.10,92.67,14.20,1074,1074,287,20.8
B,1,10,LineaB:1087,20,1649.20,110.28,12.90,1074,1074,287,20.8
B,1,10,LineaB:1087,21,1036.40,55.79,12.30,1074,1074,287,20.8
B,1,10,LineaB:1087,22,638.00,43.14,10.70,1074,1074,287,20.8
B,1,10,LineaB:1087,23,113.60,20.86,3.60,1074,1074,287,20.8
B,1,11,LineaB:1088,5,235.50,19.50,5.10,1074,1027,54,0.0
B,1,11,LineaB:1088,6,2046.70,157.37,11.30,1074,1027,54,0.0
B,1,11,LineaB:1088,7,7894.40,349.01,13.20,1074,1027,54,0.0
B,1,11,LineaB:1088,8,10598.90,384.56,15.00,1074,1027,54,0.0
B,1,11,LineaB:1088,9,9943.20,502.90,15.30,1074,1027,54,0.0
B,1,11,LineaB:1088,10,5834.70,421.33,14.20,1074,1027,54,0.0
B,1,11,LineaB:1088,11,3919.40,206.25,14.00,1074,1027,54,0.0
B,1,11,LineaB:1088,12,4401.80,147.82,14.10,1074,1027,54,0.0
B,1,11,LineaB:1088,13,4543.50,273.99,13.50,1074,1027,54,0.0
B,1,11,LineaB:1088,14,3755.10,176.56,14.00,1074,1027,54,0.0
B,1,11,LineaB:1088,15,3299.40,164.48,14.60,1074,1027,54,0.0
B,1,11,LineaB:1088,16,4042.90,96.07,15.00,1074,1027,54,0.0
B,1,11,LineaB:1088,17,5400.80,191.35,15.70,1074,1027,54,0.0
B,1,11,LineaB:1088,18,4550.00,191.81,14.80,1074,1027,54,0.0
B,1,11,LineaB:1088,19,2698.30,66.84,14.40,1074,1027,54,0.0
B,1,11,LineaB:1088,20,1632.90,120.71,13.10,1074,1027,54,0.0
B,1,11,LineaB:1088,21,948.20,62.08,12.00,1074,1027,54,0.0
B,1,11,LineaB:1088,22,585.10,28.73,10.60,1074,1027,54,0.0
B,1,11,LineaB:1088,23,119.70,18.87,4.00,1074,1027,54,0.0
B,1,12,LineaB:1089,5,203.00,16.01,4.90,1074,927,59,0.0
B,1,12,LineaB:1089,6,1744.90,101.20,11.10,1074,927,59,0.0
B,1,12,LineaB:1089,7,6942.90,297.15,13.30,1074,927,59,0.0
B,1,12,LineaB:1089,8,9555.20,162.24,15.10,1074,927,59,0.0
B,1,12,LineaB:1089,9,8805.30,170.08,15.00,1074,927,59,0.0
B,1,12,LineaB:1089,10,5251.40,195.77,14.30,1074,927,59,0.0
B,1,12,LineaB:1089,11,3475.10,128.35,14.00,1074,927,59,0.0
B,1,12,LineaB:1089,12,3951.20,93.76,13.90,1074,927,59,0.0
B,1,12,LineaB:1089,13,4271.20,154.64,13.80,1074,927,59,0.0
B,1,12,LineaB:1089,14,3386.60,174.84,14.00,1074,927,59,0.0
B,1,12,LineaB:1089,15,3090.50,81.24,14.80,1074,927,59,0.0
B,1,12,LineaB:1089,16,3748.40,97.27,14.70,1074,927,59,0.0
B,1,12,LineaB:1089,17,4998.90,111.90,15.80,1074,927,59,0.0
B,1,12,LineaB:1089,18,4213.60,134.89,14.90,1074,927,59,0.0
B,1,12,LineaB:1089,19,2422.40,41.07,14.40,1074,927,59,0.0
B,1,12,LineaB:1089,20,1497.90,120.41,12.80,1074,927,59,0.0
B,1,12,LineaB:1089,21,893.40,73.60,12.20,1074,927,59,0.0
B,1,12,LineaB:1089,22,534.10,23.15,10.60,1074,927,59,0.0
B,1,12,LineaB:1089,23,116.50,19.00,4.30,1074,927,59,0.0
B,1,13,LineaB:1090,5,185.60,17.12,5.90,1074,816,51,0.0
B,1,13,LineaB:1090,6,1457.20,68.68,11.00,1074,816,51,0.0
B,1,13,LineaB:1090,7,5715.40,134.02,13.10,1074,816,51,0.0
B,1,13,LineaB:1090,8,8318.10,196.74,15.20,1074,816,51,0.0
B,1,13,LineaB:1090,9,7672.40,292.10,15.10,1074,816,51,0.0
B,1,13,LineaB:1090,10,4519.10,264.60,14.10,1074,816,51,0.0
B,1,13,LineaB:1090,11,3057.80,139.16,14.10,1074,816,51,0.0
B,1,13,LineaB:1090,12,3489.00,91.74,14.10,1074,816,51,0.0
B,1,13,LineaB:1090,13,3833.10,150.92,13.50,1074,816,51,0.0
B,1,13,LineaB:1090,14,3132.00,147.34,14.10,1074,816,51,0.0
B,1,13,LineaB:1090,15,2858.30,174.42,14.70,1074,816,51,0.0
B,1,13,LineaB:1090,16,3605.50,206.78,14.80,1074,816,51,0.0
B,1,13,LineaB:1090,17,4591.10,153.53,15.30,1074,816,51,0.0
B,1,13,LineaB:1090,18,4044.20,132.51,15.10,1074,816,51,0.0
B,1,13,LineaB:1090,19,2318.20,161.61,14.70,1074,816,51,0.0
B,1,13,LineaB:1090,20,1395.10,101.47,12.90,1074,816,51,0.0
B,1,13,LineaB:1090,21,853.40,72.05,12.00,1074,816,51,0.0
B,1,13,LineaB:1090,22,506.30,23.16,10.90,1074,816,51,0.0
B,1,13,LineaB:1090,23,104.80,19.04,4.30,1074,816,51,0.0
B,1,14,LineaB:1091,5,102.50,13.32,5.80,1074,666,149,0.0
B,1,14,LineaB:1091,6,905.20,48.32,10.90,1074,666,149,0.0
B,1,14,LineaB:1091,7,3802.60,100.19,13.00,1074,666,149,0.0
B,1,14,LineaB:1091,8,5803.60,139.06,15.00,1074,666,149,0.0
B,1,14,LineaB:1091,9,5618.70,245.55,15.20,1074,666,149,0.0
B,1,14,LineaB:1091,10,3097.40,196.32,14.20,1074,666,149,0.0
B,1,14,LineaB:1091,11,1934.40,99.70,14.30,1074,666,149,0.0
B,1,14,LineaB:1091,12,1952.30,99.68,13.70,1074,666,149,0.0
B,1,14,LineaB:1091,13,2321.70,74.98,13.70,1074,666,149,0.0
B,1,14,LineaB:1091,14,1657.60,65.26,14.20,1074,666,149,0.0
B,1,14,LineaB:1091,15,1339.90,89.00,14.70,1074,666,149,0.0
B,1,14,LineaB:1091,16,1477.80,100.08,14.40,1074,666,149,0.0
B,1,14,LineaB:1091,17,2025.00,74.45,15.70,1074,666,149,0.0
B,1,14,LineaB:1091,18,1776.50,41.43,14.90,1074,666,149,0.0
B,1,14,LineaB:1091,19,990.80,65.22,14.60,1074,666,149,0.0
B,1,14,LineaB:1091,20,568.20,28.43,13.20,1074,666,149,0.0
B,1,14,LineaB:1091,21,371.00,26.95,11.80,1074,666,149,0.0
B,1,14,LineaB:1091,22,270.00,14.78,11.30,1074,666,149,0.0
B,1,14,LineaB:1091,23,45.90,8.01,4.30,1074,666,149,0.0
B,1,15,LineaB:1092,5,61.10,8.25,5.00,1074,395,21,0.0
B,1,15,LineaB:1092,6,638.10,39.90,11.30,1074,395,21,0.0
B,1,15,LineaB:1092,7,2606.50,69.49,13.00,1074,395,21,0.0
B,1,15,LineaB:1092,8,3590.10,160.54,15.00,1074,395,21,0.0
B,1,15,LineaB:1092,9,3172.90,128.63,15.20,1074,395,21,0.0
B,1,15,LineaB:1092,10,1641.80,82.33,14.30,1074,395,21,0.0
B,1,15,LineaB:1092,11,1091.90,55.46,14.10,1074,395,21,0.0
B,1,15,LineaB:1092,12,1260.30,52.29,13.80,1074,395,21,0.0
B,1,15,LineaB:1092,13,1693.20,64.51,14.00,1074,395,21,0.0
B,1,15,LineaB:1092,14,1152.40,79.50,13.70,1074,395,21,0.0
B,1,15,LineaB:1092,15,1017.80,62.01,14.80,1074,395,21,0.0
B,1,15,LineaB:1092,16,1264.80,68.33,14.70,1074,395,21,0.0
B,1,15,LineaB:1092,17,1734.40,61.47,15.80,1074,395,21,0.0
B,1,15,LineaB:1092,18,1540.10,67.23,14.60,1074,395,21,0.0
B,1,15,LineaB:1092,19,878.70,51.24,14.70,1074,395,21,0.0
B,1,15,LineaB:1092,20,515.40,39.53,13.00,1074,395,21,0.0
B,1,15,LineaB:1092,21,333.20,26.60,12.20,1074,395,21,0.0
B,1,15,LineaB:1092,22,225.60,20.87,11.00,1074,395,21,0.0
B,1,15,LineaB:1092,23,48.60,10.07,4.70,1074,395,21,0.0
C,0,0,LineaC:1102,5,94.60,11.82,6.80,895,258,258,0.0
C,0,0,LineaC:1102,6,456.10,30.57,16.40,895,258,258,0.0
C,0,0,LineaC:1102,7,1066.40,27.32,19.00,895,258,258,0.0
C,0,0,LineaC:1102,8,1406.90,47.72,18.60,895,258,258,0.0
C,0,0,LineaC:1102,9,1219.60,55.80,18.50,895,258,258,0.0
C,0,0,LineaC:1102,10,1005.90,35.82,15.50,895,258,258,0.0
C,0,0,LineaC:1102,11,745.50,36.16,14.10,895,258,258,0.0
C,0,0,LineaC:1102,12,854.30,22.81,14.20,895,258,258,0.0
C,0,0,LineaC:1102,13,996.20,32.56,13.70,895,258,258,0.0
C,0,0,LineaC:1102,14,1022.50,55.44,14.70,895,258,258,0.0
C,0,0,LineaC:1102,15,1238.00,46.03,18.60,895,258,258,0.0
C,0,0,LineaC:1102,16,1627.30,67.47,18.40,895,258,258,0.0
C,0,0,LineaC:1102,17,2355.30,63.55,18.60,895,258,258,0.0
C,0,0,LineaC:1102,18,1968.20,57.99,17.70,895,258,258,0.0
C,0,0,LineaC:1102,19,1069.80,57.23,18.90,895,258,258,0.0
C,0,0,LineaC:1102,20,581.60,40.06,14.00,895,258,258,0.0
C,0,0,LineaC:1102,21,365.50,26.58,12.10,895,258,258,0.0
C,0,0,LineaC:1102,22,153.30,11.18,12.00,895,258,258,0.0
C,0,0,LineaC:1102,23,16.40,2.41,5.90,895,258,258,0.0
C,0,1,LineaC:1101,5,97.20,9.86,6.70,895,402,144,0.0
C,0,1,LineaC:1101,6,472.70,24.01,16.20,895,402,144,0.0
C,0,1,LineaC:1101,7,1107.80,29.33,18.70,895,402,144,0.0
C,0,1,LineaC:1101,8,1481.80,48.45,18.90,895,402,144,0.0
C,0,1,LineaC:1101,9,1287.70,56.59,18.60,895,402,144,0.0
C,0,1,LineaC:1101,10,1089.10,38.90,15.40,895,402,144,0.0
C,0,1,LineaC:1101,11,871.60,46.71,13.90,895,402,144,0.0
C,0,1,LineaC:1101,12,1020.10,50.05,14.40,895,402,144,0.0
C,0,1,LineaC:1101,13,1187.80,55.59,13.70,895,402,144,0.0
C,0,1,LineaC:1101,14,1241.00,49.84,14.70,895,402,144,0.0
C,0,1,LineaC:1101,15,1493.20,57.34,18.20,895,402,144,0.0
C,0,1,LineaC:1101,16,2098.00,63.68,18.90,895,402,144,0.0
C,0,1,LineaC:1101,17,3028.00,88.06,18.50,895,402,144,0.0
C,0,1,LineaC:1101,18,2768.00,78.49,17.80,895,402,144,0.0
C,0,1,LineaC:1101,19,1441.20,52.44,18.50,895,402,144,0.0
C,0,1,LineaC:1101,20,795.90,33.12,14.50,895,402,144,0.0
C,0,1,LineaC:1101,21,463.80,25.09,11.70,895,402,144,0.0
C,0,1,LineaC:1101,22,206.20,9.17,12.10,895,402,144,0.0
C,0,1,LineaC:1101,23,21.00,3.92,6.30,895,402,144,0.0
C,0,2,LineaC:1100,5,99.50,13.19,6.20,895,536,151,0.0
C,0,2,LineaC:1100,6,449.10,16.76,15.80,895,536,151,0.0
C,0,2,LineaC:1100,7,1110.60,55.97,18.80,895,536,151,0.0
C,0,2,LineaC:1100,8,1433.20,55.58,18.90,895,536,151,0.0
C,0,2,LineaC:1100,9,1233.30,47.72,18.70,895,536,151,0.0
C,0,2,LineaC:1100,10,1143.80,33.53,15.80,895,536,151,0.0
C,0,2,LineaC:1100,11,963.20,33.98,13.70,895,536,151,0.0
C,0,2,LineaC:1100,12,1199.90,62.24,14.50,895,536,151,0.0
C,0,2,LineaC:1100,13,1349.30,29.66,13.40,895,536,151,0.0
C,0,2,LineaC:1100,14,1553.00,64.36,15.10,895,536,151,0.0
C,0,2,LineaC:1100,15,2029.40,95.13,18.10,895,536,151,0.0
C,0,2,LineaC:1100,16,2914.10,107.92,18.80,895,536,151,0.0
C,0,2,LineaC:1100,17,3880.40,128.66,18.30,895,536,151,0.0
C,0,2,LineaC:1100,18,3637.20,119.60,17.80,895,536,151,0.0
C,0,2,LineaC:1100,19,1898.70,91.01,18.70,895,536,151,0.0
C,0,2,LineaC:1100,20,1023.60,36.32,14.50,895,536,151,0.0
C,0,2,LineaC:1100,21,639.10,36.24,12.00,895,536,151,0.0
C,0,2,LineaC:1100,22,252.40,17.26,11.80,895,536,151,0.0
C,0,2,LineaC:1100,23,27.40,4.22,6.80,895,536,151,0.0
C,0,3,LineaC:1099,5,133.90,16.49,5.90,895,895,635,19.0
C,0,3,LineaC:1099,6,784.10,47.31,15.80,895,895,635,19.0
C,0,3,LineaC:1099,7,2390.20,95.08,18.70,895,895,635,19.0
C,0,3,LineaC:1099,8,2635.20,85.41,18.80,895,895,635,19.0
C,0,3,LineaC:1099,9,2205.30,56.33,18.90,895,895,635,19.0
C,0,3,LineaC:1099,10,1831.60,70.60,15.50,895,895,635,19.0
C,0,3,LineaC:1099,11,1981.60,87.90,14.20,895,895,635,19.0
C,0,3,LineaC:1099,12,2671.80,79.75,14.40,895,895,635,19.0
C,0,3,LineaC:1099,13,3604.80,152.84,13.30,895,895,635,19.0
C,0,3,LineaC:1099,14,3886.40,191.61,15.00,895,895,635,19.0
C,0,3,LineaC:1099,15,4589.10,133.54,18.10,895,895,635,19.0
C,0,3,LineaC:1099,16,6291.10,180.36,18.70,895,895,635,19.0
C,0,3,LineaC:1099,17,8500.80,166.00,18.40,895,895,635,19.0
C,0,3,LineaC:1099,18,7668.20,184.67,17.70,895,895,635,19.0
C,0,3,LineaC:1099,19,4420.00,146.78,18.50,895,895,635,19.0
C,0,3,LineaC:1099,20,2857.10,111.24,15.10,895,895,635,19.0
C,0,3,LineaC:1099,21,1632.30,47.41,11.70,895,895,635,19.0
C,0,3,LineaC:1099,22,722.70,67.70,12.10,895,895,635,19.0
C,0,3,LineaC:1099,23,129.70,10.91,6.90,895,895,635,19.0
C,0,4,LineaC:1098,5,123.10,14.06,6.70,895,895,285,37.0
C,0,4,LineaC:1098,6,816.60,45.05,15.50,895,895,285,37.0
C,0,4,LineaC:1098,7,2741.90,101.00,18.80,895,895,285,37.0
C,0,4,LineaC:1098,8,2838.80,118.13,18.80,895,895,285,37.0
C,0,4,LineaC:1098,9,2210.90,80.31,18.50,895,895,285,37.0
C,0,4,LineaC:1098,10,1910.00,61.80,15.90,895,895,285,37.0
C,0,4,LineaC:1098,11,2198.60,111.09,13.90,895,895,285,37.0
C,0,4,LineaC:1098,12,3063.10,138.39,14.30,895,895,285,37.0
C,0,4,LineaC:1098,13,4457.80,172.92,13.80,895,895,285,37.0
C,0,4,LineaC:1098,14,4452.70,194.92,15.00,895,895,285,37.0
C,0,4,LineaC:1098,15,5181.50,129.83,17.90,895,895,285,37.0
C,0,4,LineaC:1098,16,6942.20,169.79,18.80,895,895,285,37.0
C,0,4,LineaC:1098,17,9317.90,168.56,18.00,895,895,285,37.0
C,0,4,LineaC:1098,18,8708.70,240.75,18.00,895,895,285,37.0
C,0,4,LineaC:1098,19,4984.30,211.24,18.60,895,895,285,37.0
C,0,4,LineaC:1098,20,3187.90,128.19,15.10,895,895,285,37.0
C,0,4,LineaC:1098,21,1861.00,128.71,11.70,895,895,285,37.0
C,0,4,LineaC:1098,22,738.20,57.20,12.10,895,895,285,37.0
C,0,4,LineaC:1098,23,143.30,22.31,7.30,895,895,285,37.0
C,0,5,LineaC:1097,5,104.70,13.80,6.20,895,895,26,2.4
C,0,5,LineaC:1097,6,759.40,31.83,15.80,895,895,26,2.4
C,0,5,LineaC:1097,7,2353.60,80.11,18.50,895,895,26,2.4
C,0,5,LineaC:1097,8,2274.80,68.19,18.80,895,895,26,2.4
C,0,5,LineaC:1097,9,1736.50,39.19,18.80,895,895,26,2.4
C,0,5,LineaC:1097,10,1628.30,43.47,15.90,895,895,26,2.4
C,0,5,LineaC:1097,11,2018.30,66.71,14.00,895,895,26,2.4
C,0,5,LineaC:1097,12,2918.40,106.89,14.30,895,895,26,2.4
C,0,5,LineaC:1097,13,4263.50,145.27,13.60,895,895,26,2.4
C,0,5,LineaC:1097,14,4342.20,92.13,15.00,895,895,26,2.4
C,0,5,LineaC:1097,15,5142.30,203.11,17.80,895,895,26,2.4
C,0,5,LineaC:1097,16,6971.50,138.96,18.70,895,895,26,2.4
C,0,5,LineaC:1097,17,9446.90,173.63,18.30,895,895,26,2.4
C,0,5,LineaC:1097,18,8719.90,266.25,18.00,895,895,26,2.4
C,0,5,LineaC:1097,19,4976.70,204.38,18.30,895,895,26,2.4
C,0,5,LineaC:1097,20,3210.40,100.29,15.20,895,895,26,2.4
C,0,5,LineaC:1097,21,1899.50,109.72,11.90,895,895,26,2.4
C,0,5,LineaC:1097,22,747.30,65.66,12.00,895,895,26,2.4
C,0,5,LineaC:1097,23,142.40,17.91,7.60,895,895,26,2.4
C,0,6,LineaC:1096,5,95.20,9.37,5.90,895,895,115,10.4
C,0,6,LineaC:1096,6,632.30,37.76,15.30,895,895,115,10.4
C,0,6,LineaC:1096,7,1606.80,54.47,18.60,895,895,115,10.4
C,0,6,LineaC:1096,8,1664.80,71.96,18.80,895,895,115,10.4
C,0,6,LineaC:1096,9,1568.30,77.89,18.70,895,895,115,10.4
C,0,6,LineaC:1096,10,1601.50,73.73,16.20,895,895,115,10.4
C,0,6,LineaC:1096,11,2192.30,67.19,13.90,895,895,115,10.4
C,0,6,LineaC:1096,12,2917.80,109.33,14.30,895,895,115,10.4
C,0,6,LineaC:1096,13,3480.60,156.56,13.90,895,895,115,10.4
C,0,6,LineaC:1096,14,3895.60,126.41,14.90,895,895,115,10.4
C,0,6,LineaC:1096,15,5154.00,220.39,17.80,895,895,115,10.4
C,0,6,LineaC:1096,16,6979.90,308.96,18.40,895,895,115,10.4
C,0,6,LineaC:1096,17,9220.90,256.83,18.10,895,895,115,10.4
C,0,6,LineaC:1096,18,8694.00,282.28,18.20,895,895,115,10.4
C,0,6,LineaC:1096,19,5009.50,117.50,18.70,895,895,115,10.4
C,0,6,LineaC:1096,20,3321.00,107.65,15.20,895,895,115,10.4
C,0,6,LineaC:1096,21,2148.70,47.18,11.90,895,895,115,10.4
C,0,6,LineaC:1096,22,767.50,46.47,11.90,895,895,115,10.4
C,0,6,LineaC:1096,23,142.40,11.31,8.00,895,895,115,10.4
C,0,7,LineaC:1095,5,88.40,9.88,5.80,895,872,19,0.0
C,0,7,LineaC:1095,6,578.10,21.73,15.20,895,872,19,0.0
C,0,7,LineaC:1095,7,1348.00,61.39,18.50,895,872,19,0.0
C,0,7,LineaC:1095,8,1286.40,45.17,18.90,895,872,19,0.0
C,0,7,LineaC:1095,9,1218.90,45.89,18.50,895,872,19,0.0
C,0,7,LineaC:1095,10,1431.90,43.34,16.30,895,872,19,0.0
C,0,7,LineaC:1095,11,2058.50,103.39,14.00,895,872,19,0.0
C,0,7,LineaC:1095,12,2661.20,143.33,14.00,895,872,19,0.0
C,0,7,LineaC:1095,13,3295.70,164.29,14.00,895,872,19,0.0
C,0,7,LineaC:1095,14,3635.00,120.96,14.70,895,872,19,0.0
C,0,7,LineaC:1095,15,4979.70,122.57,17.90,895,872,19,0.0
C,0,7,LineaC:1095,16,6815.60,143.32,18.60,895,872,19,0.0
C,0,7,LineaC:1095,17,8929.10,278.40,18.20,895,872,19,0.0
C,0,7,LineaC:1095,18,8314.30,184.54,18.20,895,872,19,0.0
C,0,7,LineaC:1095,19,4718.30,135.01,18.20,895,872,19,0.0
C,0,7,LineaC:1095,20,3280.40,81.52,15.50,895,872,19,0.0
C,0,7,LineaC:1095,21,2130.80,85.67,12.00,895,872,19,0.0
C,0,7,LineaC:1095,22,751.30,51.96,11.90,895,872,19,0.0
C,0,7,LineaC:1095,23,138.30,13.53,8.30,895,872,19,0.0
C,1,0,LineaC:1094,5,1209.60,76.79,7.30,895,895,2176,554.9
C,1,0,LineaC:1094,6,6444.00,174.89,17.50,895,895,2176,554.9
C,1,0,LineaC:1094,7,11465.10,354.67,18.80,895,895,2176,554.9
C,1,0,LineaC:1094,8,12069.10,361.84,18.20,895,895,2176,554.9
C,1,0,LineaC:1094,9,8876.60,305.32,18.90,895,895,2176,554.9
C,1,0,LineaC:1094,10,4041.80,186.16,15.20,895,895,2176,554.9
C,1,0,LineaC:1094,11,3666.90,108.33,13.70,895,895,2176,554.9
C,1,0,LineaC:1094,12,3271.00,154.43,14.00,895,895,2176,554.9
C,1,0,LineaC:1094,13,3859.40,129.77,13.90,895,895,2176,554.9
C,1,0,LineaC:1094,14,3193.60,89.66,15.90,895,895,2176,554.9
C,1,0,LineaC:1094,15,2333.90,89.17,18.70,895,895,2176,554.9
C,1,0,LineaC:1094,16,1797.80,59.50,18.30,895,895,2176,554.9
C,1,0,LineaC:1094,17,2645.80,83.02,18.90,895,895,2176,554.9
C,1,0,LineaC:1094,18,2264.90,101.64,17.90,895,895,2176,554.9
C,1,0,LineaC:1094,19,1198.10,48.32,17.90,895,895,2176,554.9
C,1,0,LineaC:1094,20,874.80,33.52,12.60,895,895,2176,554.9
C,1,0,LineaC:1094,21,447.40,34.00,11.60,895,895,2176,554.9
C,1,0,LineaC:1094,22,298.90,16.52,12.30,895,895,2176,554.9
C,1,0,LineaC:1094,23,18.40,8.58,3.40,895,895,2176,554.9
C,1,1,LineaC:1095,5,1100.20,83.94,6.70,895,895,88,93.1
C,1,1,LineaC:1095,6,6312.30,241.25,17.50,895,895,88,93.1
C,1,1,LineaC:1095,7,11527.10,216.99,18.80,895,895,88,93.1
C,1,1,LineaC:1095,8,12580.80,388.82,18.50,895,895,88,93.1
C,1,1,LineaC:1095,9,9058.30,277.48,18.60,895,895,88,93.1
C,1,1,LineaC:1095,10,4358.00,159.05,15.20,895,895,88,93.1
C,1,1,LineaC:1095,11,3874.40,106.06,13.70,895,895,88,93.1
C,1,1,LineaC:1095,12,3669.80,52.71,14.40,895,895,88,93.1
C,1,1,LineaC:1095,13,4045.20,101.92,13.70,895,895,88,93.1
C,1,1,LineaC:1095,14,3376.50,97.11,15.80,895,895,88,93.1
C,1,1,LineaC:1095,15,2503.60,106.27,18.60,895,895,88,93.1
C,1,1,LineaC:1095,16,2118.20,87.18,18.40,895,895,88,93.1
C,1,1,LineaC:1095,17,2905.00,137.70,19.10,895,895,88,93.1
C,1,1,LineaC:1095,18,2457.30,134.71,17.80,895,895,88,93.1
C,1,1,LineaC:1095,19,1395.90,42.62,18.10,895,895,88,93.1
C,1,1,LineaC:1095,20,1023.30,17.33,12.70,895,895,88,93.1
C,1,1,LineaC:1095,21,700.80,34.14,11.50,895,895,88,93.1
C,1,1,LineaC:1095,22,398.00,21.07,12.20,895,895,88,93.1
C,1,1,LineaC:1095,23,31.50,8.78,3.70,895,895,88,93.1
C,1,2,LineaC:1096,5,960.60,86.86,6.40,895,895,208,0.3
C,1,2,LineaC:1096,6,5926.20,190.36,17.40,895,895,208,0.3
C,1,2,LineaC:1096,7,10438.80,168.18,18.80,895,895,208,0.3
C,1,2,LineaC:1096,8,11612.50,223.96,18.10,895,895,208,0.3
C,1,2,LineaC:1096,9,8824.30,261.08,19.00,895,895,208,0.3
C,1,2,LineaC:1096,10,4400.90,173.49,15.30,895,895,208,0.3
C,1,2,LineaC:1096,11,4566.10,116.19,13.90,895,895,208,0.3
C,1,2,LineaC:1096,12,4127.60,96.61,14.10,895,895,208,0.3
C,1,2,LineaC:1096,13,3673.70,108.14,13.70,895,895,208,0.3
C,1,2,LineaC:1096,14,3102.30,119.28,15.60,895,895,208,0.3
C,1,2,LineaC:1096,15,2632.80,88.70,18.80,895,895,208,0.3
C,1,2,LineaC:1096,16,2319.00,44.26,18.20,895,895,208,0.3
C,1,2,LineaC:1096,17,3058.10,94.49,19.20,895,895,208,0.3
C,1,2,LineaC:1096,18,2611.00,68.09,17.80,895,895,208,0.3
C,1,2,LineaC:1096,19,1459.50,56.67,17.90,895,895,208,0.3
C,1,2,LineaC:1096,20,1301.40,45.06,13.20,895,895,208,0.3
C,1,2,LineaC:1096,21,1537.00,74.32,11.40,895,895,208,0.3
C,1,2,LineaC:1096,22,770.70,70.63,12.30,895,895,208,0.3
C,1,2,LineaC:1096,23,37.00,6.91,3.90,895,895,208,0.3
C,1,3,LineaC:1097,5,896.50,59.48,7.10,895,890,108,0.0
C,1,3,LineaC:1097,6,5806.10,110.86,17.30,895,890,108,0.0
C,1,3,LineaC:1097,7,10143.50,198.53,18.70,895,890,108,0.0
C,1,3,LineaC:1097,8,11355.10,371.86,18.10,895,890,108,0.0
C,1,3,LineaC:1097,9,8748.90,298.54,18.80,895,890,108,0.0
C,1,3,LineaC:1097,10,4563.50,117.68,15.60,895,890,108,0.0
C,1,3,LineaC:1097,11,4525.10,151.44,13.80,895,890,108,0.0
C,1,3,LineaC:1097,12,4362.90,167.69,14.20,895,890,108,0.0
C,1,3,LineaC:1097,13,3749.70,106.40,13.70,895,890,108,0.0
C,1,3,LineaC:1097,14,3241.60,119.05,15.60,895,890,108,0.0
C,1,3,LineaC:1097,15,2914.90,67.71,18.70,895,890,108,0.0
C,1,3,LineaC:1097,16,2636.80,110.75,18.10,895,890,108,0.0
C,1,3,LineaC:1097,17,3483.40,133.03,19.30,895,890,108,0.0
C,1,3,LineaC:1097,18,2987.80,94.37,17.60,895,890,108,0.0
C,1,3,LineaC:1097,19,1665.30,50.47,18.10,895,890,108,0.0
C,1,3,LineaC:1097,20,1377.20,47.08,13.10,895,890,108,0.0
C,1,3,LineaC:1097,21,1567.30,68.72,11.60,895,890,108,0.0
C,1,3,LineaC:1097,22,855.00,50.66,12.30,895,890,108,0.0
C,1,3,LineaC:1097,23,51.60,9.50,4.30,895,890,108,0.0
C,1,4,LineaC:1098,5,761.30,66.56,6.90,895,818,140,0.0
C,1,4,LineaC:1098,6,4947.30,181.36,17.00,895,818,140,0.0
C,1,4,LineaC:1098,7,8585.90,221.58,18.70,895,818,140,0.0
C,1,4,LineaC:1098,8,9913.50,196.81,18.10,895,818,140,0.0
C,1,4,LineaC:1098,9,7788.10,219.73,19.10,895,818,140,0.0
C,1,4,LineaC:1098,10,3869.90,141.75,15.30,895,818,140,0.0
C,1,4,LineaC:1098,11,3672.70,139.99,13.80,895,818,140,0.0
C,1,4,LineaC:1098,12,3688.80,111.86,14.20,895,818,140,0.0
C,1,4,LineaC:1098,13,3413.50,84.66,13.80,895,818,140,0.0
C,1,4,LineaC:1098,14,2997.60,74.02,15.60,895,818,140,0.0
C,1,4,LineaC:1098,15,2809.10,146.18,18.60,895,818,140,0.0
C,1,4,LineaC:1098,16,2718.40,81.97,18.50,895,818,140,0.0
C,1,4,LineaC:1098,17,3257.30,92.54,18.80,895,818,140,0.0
C,1,4,LineaC:1098,18,2821.10,94.58,18.00,895,818,140,0.0
C,1,4,LineaC:1098,19,1598.30,57.48,17.70,895,818,140,0.0
C,1,4,LineaC:1098,20,1232.30,58.20,13.60,895,818,140,0.0
C,1,4,LineaC:1098,21,1147.90,41.75,11.50,895,818,140,0.0
C,1,4,LineaC:1098,22,701.40,29.86,12.20,895,818,140,0.0
C,1,4,LineaC:1098,23,58.80,13.74,4.60,895,818,140,0.0
C,1,5,LineaC:1099,5,304.00,44.52,6.50,895,375,69,0.0
C,1,5,LineaC:1099,6,2051.70,51.94,17.00,895,375,69,0.0
C,1,5,LineaC:1099,7,3370.10,76.06,18.60,895,375,69,0.0
C,1,5,LineaC:1099,8,4097.30,114.46,18.40,895,375,69,0.0
C,1,5,LineaC:1099,9,3280.70,88.45,18.60,895,375,69,0.0
C,1,5,LineaC:1099,10,1549.40,73.21,15.70,895,375,69,0.0
C,1,5,LineaC:1099,11,1275.60,63.86,14.00,895,375,69,0.0
C,1,5,LineaC:1099,12,1346.80,41.33,13.90,895,375,69,0.0
C,1,5,LineaC:1099,13,1333.70,40.23,13.90,895,375,69,0.0
C,1,5,LineaC:1099,14,1218.80,36.74,15.50,895,375,69,0.0
C,1,5,LineaC:1099,15,1244.90,50.63,18.50,895,375,69,0.0
C,1,5,LineaC:1099,16,1356.10,62.04,18.50,895,375,69,0.0
C,1,5,LineaC:1099,17,1617.50,53.66,19.10,895,375,69,0.0
C,1,5,LineaC:1099,18,1301.00,56.42,17.80,895,375,69,0.0
C,1,5,LineaC:1099,19,829.90,55.74,17.80,895,375,69,0.0
C,1,5,LineaC:1099,20,549.50,52.01,13.60,895,375,69,0.0
C,1,5,LineaC:1099,21,335.40,42.81,11.40,895,375,69,0.0
C,1,5,LineaC:1099,22,178.80,13.53,12.30,895,375,69,0.0
C,1,5,LineaC:1099,23,28.90,5.47,4.90,895,375,69,0.0
C,1,6,LineaC:1100,5,242.20,23.23,7.00,895,288,30,0.0
C,1,6,LineaC:1100,6,1838.80,51.94,17.00,895,288,30,0.0
C,1,6,LineaC:1100,7,2664.70,84.25,18.80,895,288,30,0.0
C,1,6,LineaC:1100,8,2947.80,118.97,18.30,895,288,30,0.0
C,1,6,LineaC:1100,9,2215.90,59.81,18.70,895,288,30,0.0
C,1,6,LineaC:1100,10,1111.70,52.53,15.40,895,288,30,0.0
C,1,6,LineaC:1100,11,969.10,53.94,14.10,895,288,30,0.0
C,1,6,LineaC:1100,12,1052.80,49.52,14.00,895,288,30,0.0
C,1,6,LineaC:1100,13,1076.80,37.16,14.00,895,288,30,0.0
C,1,6,LineaC:1100,14,1010.20,36.25,15.70,895,288,30,0.0
C,1,6,LineaC:1100,15,1140.30,50.61,18.40,895,288,30,0.0
C,1,6,LineaC:1100,16,1324.80,52.50,18.40,895,288,30,0.0
C,1,6,LineaC:1100,17,1497.90,45.44,18.80,895,288,30,0.0
C,1,6,LineaC:1100,18,1276.40,39.72,17.90,895,288,30,0.0
C,1,6,LineaC:1100,19,800.20,40.68,17.90,895,288,30,0.0
C,1,6,LineaC:1100,20,490.40,39.97,13.60,895,288,30,0.0
C,1,6,LineaC:1100,21,296.60,26.10,11.50,895,288,30,0.0
C,1,6,LineaC:1100,22,134.80,12.40,12.30,895,288,30,0.0
C,1,6,LineaC:1100,23,21.00,3.92,5.20,895,288,30,0.0
C,1,7,LineaC:1101,5,221.30,22.97,6.90,895,254,7,0.0
C,1,7,LineaC:1101,6,1571.90,43.40,16.30,895,254,7,0.0
C,1,7,LineaC:1101,7,2293.30,82.69,18.90,895,254,7,0.0
C,1,7,LineaC:1101,8,2175.60,74.24,18.20,895,254,7,0.0
C,1,7,LineaC:1101,9,1508.50,71.02,18.70,895,254,7,0.0
C,1,7,LineaC:1101,10,809.90,38.32,15.80,895,254,7,0.0
C,1,7,LineaC:1101,11,698.40,29.19,14.00,895,254,7,0.0
C,1,7,LineaC:1101,12,805.10,42.78,13.90,895,254,7,0.0
C,1,7,LineaC:1101,13,842.50,25.33,13.90,895,254,7,0.0
C,1,7,LineaC:1101,14,835.40,31.42,15.60,895,254,7,0.0
C,1,7,LineaC:1101,15,994.30,28.22,18.40,895,254,7,0.0
C,1,7,LineaC:1101,16,1178.30,56.50,18.50,895,254,7,0.0
C,1,7,LineaC:1101,17,1372.40,47.78,18.70,895,254,7,0.0
C,1,7,LineaC:1101,18,1186.40,51.62,18.20,895,254,7,0.0
C,1,7,LineaC:1101,19,712.20,42.87,17.50,895,254,7,0.0
C,1,7,LineaC:1101,20,440.90,30.09,14.10,895,254,7,0.0
C,1,7,LineaC:1101,21,229.00,22.05,11.50,895,254,7,0.0
C,1,7,LineaC:1101,22,93.50,5.10,12.20,895,254,7,0.0
C,1,7,LineaC:1101,23,18.90,2.85,5.70,895,254,7,0.0
D,0,0,LineaD:1118,5,31.00,7.56,5.00,1074,473,473,0.0
D,0,0,LineaD:1118,6,246.80,11.40,10.00,1074,473,473,0.0
D,0,0,LineaD:1118,7,700.60,17.49,12.50,1074,473,473,0.0
D,0,0,LineaD:1118,8,900.30,36.31,13.30,1074,473,473,0.0
D,0,0,LineaD:1118,9,804.80,37.87,13.70,1074,473,473,0.0
D,0,0,LineaD:1118,10,738.90,43.88,12.30,1074,473,473,0.0
D,0,0,LineaD:1118,11,819.10,32.81,11.90,1074,473,473,0.0
D,0,0,LineaD:1118,12,1075.40,62.92,11.60,1074,473,473,0.0
D,0,0,LineaD:1118,13,1250.70,62.99,11.80,1074,473,473,0.0
D,0,0,LineaD:1118,14,1331.80,50.73,11.80,1074,473,473,0.0
D,0,0,LineaD:1118,15,1999.30,80.39,12.90,1074,473,473,0.0
D,0,0,LineaD:1118,16,2886.30,74.06,13.10,1074,473,473,0.0
D,0,0,LineaD:1118,17,3419.60,117.06,12.90,1074,473,473,0.0
D,0,0,LineaD:1118,18,2784.20,116.76,12.70,1074,473,473,0.0
D,0,0,LineaD:1118,19,1083.00,62.75,12.90,1074,473,473,0.0
D,0,0,LineaD:1118,20,789.50,24.99,9.90,1074,473,473,0.0
D,0,0,LineaD:1118,21,476.30,32.36,10.00,1074,473,473,0.0
D,0,0,LineaD:1118,22,229.30,13.59,9.40,1074,473,473,0.0
D,0,0,LineaD:1118,23,31.20,4.47,5.40,1074,473,473,0.0
D,0,1,LineaD:1117,5,195.00,10.55,5.00,1074,1074,1019,15.8
D,0,1,LineaD:1117,6,1716.60,43.48,10.00,1074,1074,1019,15.8
D,0,1,LineaD:1117,7,3502.00,174.06,12.00,1074,1074,1019,15.8
D,0,1,LineaD:1117,8,4539.00,191.05,13.40,1074,1074,1019,15.8
D,0,1,LineaD:1117,9,3602.20,157.34,13.70,1074,1074,1019,15.8
D,0,1,LineaD:1117,10,2461.10,92.94,12.60,1074,1074,1019,15.8
D,0,1,LineaD:1117,11,2689.10,132.12,11.60,1074,1074,1019,15.8
D,0,1,LineaD:1117,12,3073.70,138.76,11.80,1074,1074,1019,15.8
D,0,1,LineaD:1117,13,3029.80,128.03,11.70,1074,1074,1019,15.8
D,0,1,LineaD:1117,14,2830.30,133.25,11.80,1074,1074,1019,15.8
D,0,1,LineaD:1117,15,3421.20,103.62,12.90,1074,1074,1019,15.8
D,0,1,LineaD:1117,16,4131.70,157.38,13.10,1074,1074,1019,15.8
D,0,1,LineaD:1117,17,5345.80,149.95,13.00,1074,1074,1019,15.8
D,0,1,LineaD:1117,18,4730.90,135.68,12.30,1074,1074,1019,15.8
D,0,1,LineaD:1117,19,2370.30,94.48,13.30,1074,1074,1019,15.8
D,0,1,LineaD:1117,20,1580.20,57.20,10.00,1074,1074,1019,15.8
D,0,1,LineaD:1117,21,1405.30,70.44,9.60,1074,1074,1019,15.8
D,0,1,LineaD:1117,22,1055.10,49.56,9.80,1074,1074,1019,15.8
D,0,1,LineaD:1117,23,149.10,18.36,5.50,1074,1074,1019,15.8
D,0,2,LineaD:1116,5,190.40,11.08,5.00,1074,1061,155,0.0
D,0,2,LineaD:1116,6,1597.90,130.67,9.70,1074,1061,155,0.0
D,0,2,LineaD:1116,7,3242.40,189.96,12.00,1074,1061,155,0.0
D,0,2,LineaD:1116,8,4281.30,156.09,13.50,1074,1061,155,0.0
D,0,2,LineaD:1116,9,3447.10,131.55,13.80,1074,1061,155,0.0
D,0,2,LineaD:1116,10,2407.00,82.60,12.40,1074,1061,155,0.0
D,0,2,LineaD:1116,11,2682.20,106.79,11.50,1074,1061,155,0.0
D,0,2,LineaD:1116,12,3377.20,121.96,12.00,1074,1061,155,0.0
D,0,2,LineaD:1116,13,3539.30,125.64,11.50,1074,1061,155,0.0
D,0,2,LineaD:1116,14,3332.10,149.72,11.90,1074,1061,155,0.0
D,0,2,LineaD:1116,15,3854.10,104.39,12.70,1074,1061,155,0.0
D,0,2,LineaD:1116,16,4606.40,106.45,13.00,1074,1061,155,0.0
D,0,2,LineaD:1116,17,6114.80,130.05,13.50,1074,1061,155,0.0
D,0,2,LineaD:1116,18,5342.90,150.05,12.40,1074,1061,155,0.0
D,0,2,LineaD:1116,19,2509.00,162.60,12.80,1074,1061,155,0.0
D,0,2,LineaD:1116,20,1755.60,76.10,10.30,1074,1061,155,0.0
D,0,2,LineaD:1116,21,1492.10,56.48,9.60,1074,1061,155,0.0
D,0,2,LineaD:1116,22,1250.50,64.69,10.00,1074,1061,155,0.0
D,0,2,LineaD:1116,23,157.20,22.72,5.50,1074,1061,155,0.0
D,0,3,LineaD:1115,5,180.40,28.52,5.80,1074,1074,130,5.7
D,0,3,LineaD:1115,6,1446.80,59.03,9.20,1074,1074,130,5.7
D,0,3,LineaD:1115,7,3238.20,135.50,12.40,1074,1074,130,5.7
D,0,3,LineaD:1115,8,4043.50,356.86,13.30,1074,1074,130,5.7
D,0,3,LineaD:1115,9,3525.90,383.32,13.60,1074,1074,130,5.7
D,0,3,LineaD:1115,10,2555.60,132.78,12.50,1074,1074,130,5.7
D,0,3,LineaD:1115,11,3012.90,83.26,12.00,1074,1074,130,5.7
D,0,3,LineaD:1115,12,3489.60,178.50,11.40,1074,1074,130,5.7
D,0,3,LineaD:1115,13,3982.50,134.29,11.90,1074,1074,130,5.7
D,0,3,LineaD:1115,14,3634.30,196.50,11.80,1074,1074,130,5.7
D,0,3,LineaD:1115,15,4323.60,145.44,12.80,1074,1074,130,5.7
D,0,3,LineaD:1115,16,5110.50,90.40,13.20,1074,1074,130,5.7
D,0,3,LineaD:1115,17,6443.70,162.94,12.70,1074,1074,130,5.7
D,0,3,LineaD:1115,18,6048.20,136.43,12.90,1074,1074,130,5.7
D,0,3,LineaD:1115,19,3042.10,107.15,12.80,1074,1074,130,5.7
D,0,3,LineaD:1115,20,2242.50,69.11,10.40,1074,1074,130,5.7
D,0,3,LineaD:1115,21,1754.90,74.50,9.90,1074,1074,130,5.7
D,0,3,LineaD:1115,22,1357.50,84.35,9.60,1074,1074,130,5.7
D,0,3,LineaD:1115,23,198.70,28.96,5.90,1074,1074,130,5.7
D,0,4,LineaD:1114,5,129.10,10.27,5.00,1074,1074,79,2.3
D,0,4,LineaD:1114,6,1451.10,51.92,10.00,1074,1074,79,2.3
D,0,4,LineaD:1114,7,2956.30,137.66,12.00,1074,1074,79,2.3
D,0,4,LineaD:1114,8,3944.90,332.44,13.40,1074,1074,79,2.3
D,0,4,LineaD:1114,9,3477.70,284.43,13.60,1074,1074,79,2.3
D,0,4,LineaD:1114,10,2656.60,142.62,12.60,1074,1074,79,2.3
D,0,4,LineaD:1114,11,3087.90,133.37,12.00,1074,1074,79,2.3
D,0,4,LineaD:1114,12,3724.80,157.76,11.50,1074,1074,79,2.3
D,0,4,LineaD:1114,13,4007.70,215.06,11.70,1074,1074,79,2.3
D,0,4,LineaD:1114,14,3776.20,176.19,11.80,1074,1074,79,2.3
D,0,4,LineaD:1114,15,4520.10,100.21,12.90,1074,1074,79,2.3
D,0,4,LineaD:1114,16,5313.60,185.98,13.10,1074,1074,79,2.3
D,0,4,LineaD:1114,17,6806.20,173.70,13.00,1074,1074,79,2.3
D,0,4,LineaD:1114,18,6117.30,154.31,12.40,1074,1074,79,2.3
D,0,4,LineaD:1114,19,3507.70,121.06,13.30,1074,1074,79,2.3
D,0,4,LineaD:1114,20,2490.10,87.03,10.00,1074,1074,79,2.3
D,0,4,LineaD:1114,21,1973.00,136.87,9.90,1074,1074,79,2.3
D,0,4,LineaD:1114,22,1522.60,95.99,9.50,1074,1074,79,2.3
D,0,4,LineaD:1114,23,257.50,22.46,6.40,1074,1074,79,2.3
D,0,5,LineaD:1113,5,162.80,17.75,5.00,1074,1074,761,105.9
D,0,5,LineaD:1113,6,2069.10,81.89,10.00,1074,1074,761,105.9
D,0,5,LineaD:1113,7,4843.00,175.09,11.70,1074,1074,761,105.9
D,0,5,LineaD:1113,8,6025.80,394.92,13.30,1074,1074,761,105.9
D,0,5,LineaD:1113,9,5310.90,392.39,13.70,1074,1074,761,105.9
D,0,5,LineaD:1113,10,3812.50,171.84,12.50,1074,1074,761,105.9
D,0,5,LineaD:1113,11,3987.40,156.24,11.80,1074,1074,761,105.9
D,0,5,LineaD:1113,12,4966.10,187.39,11.90,1074,1074,761,105.9
D,0,5,LineaD:1113,13,5144.80,209.85,11.50,1074,1074,761,105.9
D,0,5,LineaD:1113,14,4724.60,217.25,11.90,1074,1074,761,105.9
D,0,5,LineaD:1113,15,5344.60,182.78,12.50,1074,1074,761,105.9
D,0,5,LineaD:1113,16,6532.40,183.93,13.20,1074,1074,761,105.9
D,0,5,LineaD:1113,17,8049.60,312.81,13.10,1074,1074,761,105.9
D,0,5,LineaD:1113,18,7553.20,165.00,12.80,1074,1074,761,105.9
D,0,5,LineaD:1113,19,4212.80,114.36,12.70,1074,1074,761,105.9
D,0,5,LineaD:1113,20,3173.00,109.14,10.40,1074,1074,761,105.9
D,0,5,LineaD:1113,21,2336.20,120.55,9.60,1074,1074,761,105.9
D,0,5,LineaD:1113,22,1832.10,65.80,10.00,1074,1074,761,105.9
D,0,5,LineaD:1113,23,329.40,29.56,6.50,1074,1074,761,105.9
D,0,6,LineaD:1112,5,163.90,14.49,6.00,1074,1065,48,0.0
D,0,6,LineaD:1112,6,1711.00,172.21,9.20,1074,1065,48,0.0
D,0,6,LineaD:1112,7,4901.10,245.10,12.30,1074,1065,48,0.0
D,0,6,LineaD:1112,8,5765.30,414.68,13.10,1074,1065,48,0.0
D,0,6,LineaD:1112,9,5131.70,306.37,13.60,1074,1065,48,0.0
D,0,6,LineaD:1112,10,3832.70,141.35,12.70,1074,1065,48,0.0
D,0,6,LineaD:1112,11,3870.80,116.89,11.90,1074,1065,48,0.0
D,0,6,LineaD:1112,12,4749.40,218.98,11.70,1074,1065,48,0.0
D,0,6,LineaD:1112,13,5033.40,189.01,11.60,1074,1065,48,0.0
D,0,6,LineaD:1112,14,4613.90,206.23,11.90,1074,1065,48,0.0
D,0,6,LineaD:1112,15,5223.90,113.66,12.60,1074,1065,48,0.0
D,0,6,LineaD:1112,16,6329.50,110.70,13.20,1074,1065,48,0.0
D,0,6,LineaD:1112,17,7577.10,185.63,12.80,1074,1065,48,0.0
D,0,6,LineaD:1112,18,7457.10,193.70,13.00,1074,1065,48,0.0
D,0,6,LineaD:1112,19,4201.50,227.16,12.70,1074,1065,48,0.0
D,0,6,LineaD:1112,20,3160.10,64.28,10.60,1074,1065,48,0.0
D,0,6,LineaD:1112,21,2266.50,86.45,9.60,1074,1065,48,0.0
D,0,6,LineaD:1112,22,1780.00,64.69,10.10,1074,1065,48,0.0
D,0,6,LineaD:1112,23,309.80,25.70,6.50,1074,1065,48,0.0
D,0,7,LineaD:1111,5,150.00,29.50,5.80,1074,986,55,0.0
D,0,7,LineaD:1111,6,1577.50,84.60,9.20,1074,986,55,0.0
D,0,7,LineaD:1111,7,4534.30,162.29,12.20,1074,986,55,0.0
D,0,7,LineaD:1111,8,5398.80,338.25,13.30,1074,986,55,0.0
D,0,7,LineaD:1111,9,4628.50,269.26,13.30,1074,986,55,0.0
D,0,7,LineaD:1111,10,3622.10,135.70,12.90,1074,986,55,0.0
D,0,7,LineaD:1111,11,3621.70,74.59,12.00,1074,986,55,0.0
D,0,7,LineaD:1111,12,4369.60,204.09,11.40,1074,986,55,0.0
D,0,7,LineaD:1111,13,4857.50,221.53,11.80,1074,986,55,0.0
D,0,7,LineaD:1111,14,4318.30,191.04,11.80,1074,986,55,0.0
D,0,7,LineaD:1111,15,5000.80,142.10,12.60,1074,986,55,0.0
D,0,7,LineaD:1111,16,6020.30,246.24,13.30,1074,986,55,0.0
D,0,7,LineaD:1111,17,7255.60,186.11,13.00,1074,986,55,0.0
D,0,7,LineaD:1111,18,6818.50,164.00,12.40,1074,986,55,0.0
D,0,7,LineaD:1111,19,4229.10,130.90,13.10,1074,986,55,0.0
D,0,7,LineaD:1111,20,3117.90,182.83,10.50,1074,986,55,0.0
D,0,7,LineaD:1111,21,2272.70,102.65,9.90,1074,986,55,0.0
D,0,7,LineaD:1111,22,1649.00,87.85,9.60,1074,986,55,0.0
D,0,7,LineaD:1111,23,332.30,34.53,7.00,1074,986,55,0.0
D,0,8,LineaD:1110,5,103.80,9.86,5.00,1074,940,43,0.0
D,0,8,LineaD:1110,6,1565.00,59.19,10.00,1074,940,43,0.0
D,0,8,LineaD:1110,7,4178.30,174.50,11.80,1074,940,43,0.0
D,0,8,LineaD:1110,8,5145.40,377.92,13.40,1074,940,43,0.0
D,0,8,LineaD:1110,9,4468.90,233.07,13.60,1074,940,43,0.0
D,0,8,LineaD:1110,10,3275.20,86.26,12.40,1074,940,43,0.0
D,0,8,LineaD:1110,11,3385.80,131.22,12.00,1074,940,43,0.0
D,0,8,LineaD:1110,12,4246.60,128.95,11.80,1074,940,43,0.0
D,0,8,LineaD:1110,13,4518.50,188.40,11.70,1074,940,43,0.0
D,0,8,LineaD:1110,14,4007.40,181.34,11.60,1074,940,43,0.0
D,0,8,LineaD:1110,15,4611.20,179.81,12.50,1074,940,43,0.0
D,0,8,LineaD:1110,16,5652.50,162.69,13.20,1074,940,43,0.0
D,0,8,LineaD:1110,17,6939.70,240.14,13.20,1074,940,43,0.0
D,0,8,LineaD:1110,18,6601.50,189.29,12.80,1074,940,43,0.0
D,0,8,LineaD:1110,19,3960.90,200.51,12.70,1074,940,43,0.0
D,0,8,LineaD:1110,20,2987.60,159.06,10.60,1074,940,43,0.0
D,0,8,LineaD:1110,21,2147.60,112.56,9.80,1074,940,43,0.0
D,0,8,LineaD:1110,22,1588.00,96.39,9.50,1074,940,43,0.0
D,0,8,LineaD:1110,23,364.60,23.27,7.50,1074,940,43,0.0
D,0,9,LineaD:1109,5,101.20,8.93,5.00,1074,916,30,0.0
D,0,9,LineaD:1109,6,1472.10,56.05,10.00,1074,916,30,0.0
D,0,9,LineaD:1109,7,3824.90,150.16,11.50,1074,916,30,0.0
D,0,9,LineaD:1109,8,4701.80,272.06,13.10,1074,916,30,0.0
D,0,9,LineaD:1109,9,4105.50,114.78,13.70,1074,916,30,0.0
D,0,9,LineaD:1109,10,2966.60,123.50,12.60,1074,916,30,0.0
D,0,9,LineaD:1109,11,3001.50,157.51,12.00,1074,916,30,0.0
D,0,9,LineaD:1109,12,3927.70,136.53,11.90,1074,916,30,0.0
D,0,9,LineaD:1109,13,4140.60,167.39,11.60,1074,916,30,0.0
D,0,9,LineaD:1109,14,3689.30,209.29,11.60,1074,916,30,0.0
D,0,9,LineaD:1109,15,4391.90,162.82,12.70,1074,916,30,0.0
D,0,9,LineaD:1109,16,5328.60,145.41,13.20,1074,916,30,0.0
D,0,9,LineaD:1109,17,6382.90,259.00,12.80,1074,916,30,0.0
D,0,9,LineaD:1109,18,6441.40,192.12,13.00,1074,916,30,0.0
D,0,9,LineaD:1109,19,3769.60,143.06,12.60,1074,916,30,0.0
D,0,9,LineaD:1109,20,2877.80,137.63,10.90,1074,916,30,0.0
D,0,9,LineaD:1109,21,1972.00,116.55,9.60,1074,916,30,0.0
D,0,9,LineaD:1109,22,1549.80,75.56,9.80,1074,916,30,0.0
D,0,9,LineaD:1109,23,344.10,21.51,7.50,1074,916,30,0.0
D,0,10,LineaD:1108,5,89.20,7.54,6.00,1074,841,55,0.0
D,0,10,LineaD:1108,6,1028.30,74.00,9.10,1074,841,55,0.0
D,0,10,LineaD:1108,7,3443.40,81.53,12.10,1074,841,55,0.0
D,0,10,LineaD:1108,8,4106.20,190.30,13.30,1074,841,55,0.0
D,0,10,LineaD:1108,9,3430.30,108.82,13.40,1074,841,55,0.0
D,0,10,LineaD:1108,10,2566.90,98.07,12.80,1074,841,55,0.0
D,0,10,LineaD:1108,11,2505.80,97.42,12.00,1074,841,55,0.0
D,0,10,LineaD:1108,12,3270.40,182.95,11.60,1074,841,55,0.0
D,0,10,LineaD:1108,13,3597.30,174.52,11.80,1074,841,55,0.0
D,0,10,LineaD:1108,14,3224.50,154.63,11.70,1074,841,55,0.0
D,0,10,LineaD:1108,15,3792.70,115.80,12.50,1074,841,55,0.0
D,0,10,LineaD:1108,16,4738.40,174.41,13.10,1074,841,55,0.0
D,0,10,LineaD:1108,17,5858.80,200.39,13.10,1074,841,55,0.0
D,0,10,LineaD:1108,18,5755.50,190.31,12.70,1074,841,55,0.0
D,0,10,LineaD:1108,19,3541.30,88.85,12.90,1074,841,55,0.0
D,0,10,LineaD:1108,20,2563.50,68.12,10.90,1074,841,55,0.0
D,0,10,LineaD:1108,21,1755.30,91.73,9.40,1074,841,55,0.0
D,0,10,LineaD:1108,22,1448.80,39.66,10.20,1074,841,55,0.0
D,0,10,LineaD:1108,23,304.20,21.87,7.50,1074,841,55,0.0
D,0,11,LineaD:1107,5,34.50,5.32,5.00,1074,766,17,0.0
D,0,11,LineaD:1107,6,896.40,36.92,10.00,1074,766,17,0.0
D,0,11,LineaD:1107,7,2802.90,123.59,11.70,1074,766,17,0.0
D,0,11,LineaD:1107,8,3492.30,158.33,13.30,1074,766,17,0.0
D,0,11,LineaD:1107,9,3073.80,200.44,13.60,1074,766,17,0.0
D,0,11,LineaD:1107,10,2167.80,103.69,12.50,1074,766,17,0.0
D,0,11,LineaD:1107,11,2196.10,107.78,12.10,1074,766,17,0.0
D,0,11,LineaD:1107,12,2946.00,114.45,11.80,1074,766,17,0.0
D,0,11,LineaD:1107,13,3132.50,152.21,11.50,1074,766,17,0.0
D,0,11,LineaD:1107,14,2906.60,149.03,11.80,1074,766,17,0.0
D,0,11,LineaD:1107,15,3326.60,170.41,12.40,1074,766,17,0.0
D,0,11,LineaD:1107,16,4147.60,125.80,13.20,1074,766,17,0.0
D,0,11,LineaD:1107,17,5147.00,183.69,13.00,1074,766,17,0.0
D,0,11,LineaD:1107,18,5300.40,95.24,13.10,1074,766,17,0.0
D,0,11,LineaD:1107,19,3147.50,121.95,12.70,1074,766,17,0.0
D,0,11,LineaD:1107,20,2259.80,90.41,10.70,1074,766,17,0.0
D,0,11,LineaD:1107,21,1687.60,63.24,9.90,1074,766,17,0.0
D,0,11,LineaD:1107,22,1294.10,52.41,9.70,1074,766,17,0.0
D,0,11,LineaD:1107,23,314.00,28.52,8.10,1074,766,17,0.0
D,0,12,LineaD:1106,5,31.80,5.31,5.00,1074,647,21,0.0
D,0,12,LineaD:1106,6,767.80,31.46,10.00,1074,647,21,0.0
D,0,12,LineaD:1106,7,2221.50,71.74,11.20,1074,647,21,0.0
D,0,12,LineaD:1106,8,2861.40,128.51,13.30,1074,647,21,0.0
D,0,12,LineaD:1106,9,2519.80,152.22,13.40,1074,647,21,0.0
D,0,12,LineaD:1106,10,1902.80,70.18,12.90,1074,647,21,0.0
D,0,12,LineaD:1106,11,1851.00,49.91,12.10,1074,647,21,0.0
D,0,12,LineaD:1106,12,2486.20,136.30,11.70,1074,647,21,0.0
D,0,12,LineaD:1106,13,2668.00,81.45,11.60,1074,647,21,0.0
D,0,12,LineaD:1106,14,2473.50,142.43,11.80,1074,647,21,0.0
D,0,12,LineaD:1106,15,2751.50,97.26,12.30,1074,647,21,0.0
D,0,12,LineaD:1106,16,3506.70,164.79,13.20,1074,647,21,0.0
D,0,12,LineaD:1106,17,4426.50,167.23,13.00,1074,647,21,0.0
D,0,12,LineaD:1106,18,4444.20,150.69,12.70,1074,647,21,0.0
D,0,12,LineaD:1106,19,2818.90,44.52,12.90,1074,647,21,0.0
D,0,12,LineaD:1106,20,2066.70,54.91,11.10,1074,647,21,0.0
D,0,12,LineaD:1106,21,1461.90,62.69,9.70,1074,647,21,0.0
D,0,12,LineaD:1106,22,1138.40,35.54,9.70,1074,647,21,0.0
D,0,12,LineaD:1106,23,303.10,21.19,8.50,1074,647,21,0.0
D,0,13,LineaD:1105,5,26.20,4.32,5.00,1074,549,10,0.0
D,0,13,LineaD:1105,6,509.10,22.35,9.00,1074,549,10,0.0
D,0,13,LineaD:1105,7,1790.00,75.28,11.80,1074,549,10,0.0
D,0,13,LineaD:1105,8,2237.10,114.82,13.20,1074,549,10,0.0
D,0,13,LineaD:1105,9,2047.30,97.43,13.60,1074,549,10,0.0
D,0,13,LineaD:1105,10,1460.90,55.82,12.60,1074,549,10,0.0
D,0,13,LineaD:1105,11,1480.90,93.81,12.40,1074,549,10,0.0
D,0,13,LineaD:1105,12,1908.90,65.86,11.30,1074,549,10,0.0
D,0,13,LineaD:1105,13,2143.70,117.50,11.90,1074,549,10,0.0
D,0,13,LineaD:1105,14,2000.10,78.68,11.90,1074,549,10,0.0
D,0,13,LineaD:1105,15,2203.30,132.88,12.20,1074,549,10,0.0
D,0,13,LineaD:1105,16,2808.60,71.28,13.00,1074,549,10,0.0
D,0,13,LineaD:1105,17,3631.20,115.67,13.10,1074,549,10,0.0
D,0,13,LineaD:1105,18,3782.20,107.00,13.10,1074,549,10,0.0
D,0,13,LineaD:1105,19,2243.80,79.66,12.60,1074,549,10,0.0
D,0,13,LineaD:1105,20,1693.20,79.26,11.00,1074,549,10,0.0
D,0,13,LineaD:1105,21,1207.10,85.73,9.70,1074,549,10,0.0
D,0,13,LineaD:1105,22,976.50,54.50,10.00,1074,549,10,0.0
D,0,13,LineaD:1105,23,266.80,28.09,8.70,1074,549,10,0.0
D,0,14,LineaD:1104,5,16.60,4.30,5.00,1074,374,6,0.0
D,0,14,LineaD:1104,6,322.80,15.95,9.00,1074,374,6,0.0
D,0,14,LineaD:1104,7,1099.70,48.60,11.60,1074,374,6,0.0
D,0,14,LineaD:1104,8,1432.00,70.04,13.20,1074,374,6,0.0
D,0,14,LineaD:1104,9,1206.40,47.72,13.20,1074,374,6,0.0
D,0,14,LineaD:1104,10,885.70,45.04,12.90,1074,374,6,0.0
D,0,14,LineaD:1104,11,904.40,32.73,12.10,1074,374,6,0.0
D,0,14,LineaD:1104,12,1254.30,39.58,11.90,1074,374,6,0.0
D,0,14,LineaD:1104,13,1336.50,65.21,11.60,1074,374,6,0.0
D,0,14,LineaD:1104,14,1278.90,49.40,11.70,1074,374,6,0.0
D,0,14,LineaD:1104,15,1406.60,91.42,12.30,1074,374,6,0.0
D,0,14,LineaD:1104,16,1930.80,97.69,13.30,1074,374,6,0.0
D,0,14,LineaD:1104,17,2431.20,106.57,12.90,1074,374,6,0.0
D,0,14,LineaD:1104,18,2521.30,100.89,12.80,1074,374,6,0.0
D,0,14,LineaD:1104,19,1574.50,72.83,12.80,1074,374,6,0.0
D,0,14,LineaD:1104,20,1160.90,51.20,11.30,1074,374,6,0.0
D,0,14,LineaD:1104,21,860.70,55.15,9.70,1074,374,6,0.0
D,0,14,LineaD:1104,22,692.80,42.18,9.80,1074,374,6,0.0
D,0,14,LineaD:1104,23,195.60,19.96,9.00,1074,374,6,0.0
D,1,0,LineaD:1103,5,82.60,9.63,4.80,1074,524,524,0.0
D,1,0,LineaD:1103,6,849.60,45.34,10.70,1074,524,524,0.0
D,1,0,LineaD:1103,7,2805.60,139.31,12.40,1074,524,524,0.0
D,1,0,LineaD:1103,8,3307.60,75.94,13.20,1074,524,524,0.0
D,1,0,LineaD:1103,9,2509.60,83.60,12.90,1074,524,524,0.0
D,1,0,LineaD:1103,10,1495.40,90.26,12.40,1074,524,524,0.0
D,1,0,LineaD:1103,11,1171.90,58.35,11.60,1074,524,524,0.0
D,1,0,LineaD:1103,12,1423.00,60.80,11.40,1074,524,524,0.0
D,1,0,LineaD:1103,13,1592.10,66.44,11.50,1074,524,524,0.0
D,1,0,LineaD:1103,14,1192.40,49.99,12.10,1074,524,524,0.0
D,1,0,LineaD:1103,15,1191.20,33.52,13.00,1074,524,524,0.0
D,1,0,LineaD:1103,16,1474.80,47.71,12.80,1074,524,524,0.0
D,1,0,LineaD:1103,17,2058.70,29.80,12.60,1074,524,524,0.0
D,1,0,LineaD:1103,18,1884.00,76.18,12.60,1074,524,524,0.0
D,1,0,LineaD:1103,19,795.60,36.48,10.90,1074,524,524,0.0
D,1,0,LineaD:1103,20,576.90,26.83,10.30,1074,524,524,0.0
D,1,0,LineaD:1103,21,271.80,16.88,9.90,1074,524,524,0.0
D,1,0,LineaD:1103,22,139.00,7.79,9.80,1074,524,524,0.0
D,1,0,LineaD:1103,23,1.10,2.60,0.20,1074,524,524,0.0
D,1,1,LineaD:1104,5,105.00,13.71,4.30,1074,676,175,0.0
D,1,1,LineaD:1104,6,1062.40,67.19,10.80,1074,676,175,0.0
D,1,1,LineaD:1104,7,3700.10,141.25,12.60,1074,676,175,0.0
D,1,1,LineaD:1104,8,4204.00,132.97,12.90,1074,676,175,0.0
D,1,1,LineaD:1104,9,3442.70,122.81,13.00,1074,676,175,0.0
D,1,1,LineaD:1104,10,2162.20,113.31,12.30,1074,676,175,0.0
D,1,1,LineaD:1104,11,1771.40,93.96,11.60,1074,676,175,0.0
D,1,1,LineaD:1104,12,2095.10,74.87,11.20,1074,676,175,0.0
D,1,1,LineaD:1104,13,2419.70,94.93,11.60,1074,676,175,0.0
D,1,1,LineaD:1104,14,1920.40,61.17,12.40,1074,676,175,0.0
D,1,1,LineaD:1104,15,1912.70,90.60,12.80,1074,676,175,0.0
D,1,1,LineaD:1104,16,2271.10,125.21,12.90,1074,676,175,0.0
D,1,1,LineaD:1104,17,3188.90,109.89,12.40,1074,676,175,0.0
D,1,1,LineaD:1104,18,2926.70,86.18,12.50,1074,676,175,0.0
D,1,1,LineaD:1104,19,1659.40,56.93,11.50,1074,676,175,0.0
D,1,1,LineaD:1104,20,1148.50,40.91,10.00,1074,676,175,0.0
D,1,1,LineaD:1104,21,535.50,25.77,10.10,1074,676,175,0.0
D,1,1,LineaD:1104,22,275.50,13.01,9.50,1074,676,175,0.0
D,1,1,LineaD:1104,23,9.80,7.71,0.70,1074,676,175,0.0
D,1,2,LineaD:1105,5,118.80,11.24,4.00,1074,803,143,0.0
D,1,2,LineaD:1105,6,1223.10,84.28,10.80,1074,803,143,0.0
D,1,2,LineaD:1105,7,4362.10,119.63,12.50,1074,803,143,0.0
D,1,2,LineaD:1105,8,5106.10,188.28,13.10,1074,803,143,0.0
D,1,2,LineaD:1105,9,4226.20,137.69,13.00,1074,803,143,0.0
D,1,2,LineaD:1105,10,2569.40,80.08,12.10,1074,803,143,0.0
D,1,2,LineaD:1105,11,2153.00,109.75,11.70,1074,803,143,0.0
D,1,2,LineaD:1105,12,2620.30,125.96,11.30,1074,803,143,0.0
D,1,2,LineaD:1105,13,2930.40,117.94,11.60,1074,803,143,0.0
D,1,2,LineaD:1105,14,2347.00,41.72,12.30,1074,803,143,0.0
D,1,2,LineaD:1105,15,2280.40,88.09,12.50,1074,803,143,0.0
D,1,2,LineaD:1105,16,2804.80,118.92,13.00,1074,803,143,0.0
D,1,2,LineaD:1105,17,3829.70,113.67,12.60,1074,803,143,0.0
D,1,2,LineaD:1105,18,3539.50,107.89,12.70,1074,803,143,0.0
D,1,2,LineaD:1105,19,2051.60,67.19,11.50,1074,803,143,0.0
D,1,2,LineaD:1105,20,1379.40,62.17,9.90,1074,803,143,0.0
D,1,2,LineaD:1105,21,684.30,45.24,10.00,1074,803,143,0.0
D,1,2,LineaD:1105,22,331.70,24.51,9.70,1074,803,143,0.0
D,1,2,LineaD:1105,23,13.10,8.18,0.80,1074,803,143,0.0
D,1,3,LineaD:1106,5,120.90,11.93,3.60,1074,921,145,0.0
D,1,3,LineaD:1106,6,1343.30,102.12,10.90,1074,921,145,0.0
D,1,3,LineaD:1106,7,4933.20,180.02,12.50,1074,921,145,0.0
D,1,3,LineaD:1106,8,5751.60,169.95,12.80,1074,921,145,0.0
D,1,3,LineaD:1106,9,4929.60,204.20,12.90,1074,921,145,0.0
D,1,3,LineaD:1106,10,3098.00,139.91,12.40,1074,921,145,0.0
D,1,3,LineaD:1106,11,2499.80,64.25,11.60,1074,921,145,0.0
D,1,3,LineaD:1106,12,3056.00,102.82,11.50,1074,921,145,0.0
D,1,3,LineaD:1106,13,3383.90,149.21,11.50,1074,921,145,0.0
D,1,3,LineaD:1106,14,2695.20,164.96,12.10,1074,921,145,0.0
D,1,3,LineaD:1106,15,2750.60,121.12,12.80,1074,921,145,0.0
D,1,3,LineaD:1106,16,3349.60,97.28,13.10,1074,921,145,0.0
D,1,3,LineaD:1106,17,4379.10,220.11,12.30,1074,921,145,0.0
D,1,3,LineaD:1106,18,4104.20,206.26,12.60,1074,921,145,0.0
D,1,3,LineaD:1106,19,2411.60,118.39,11.50,1074,921,145,0.0
D,1,3,LineaD:1106,20,1710.70,83.00,10.00,1074,921,145,0.0
D,1,3,LineaD:1106,21,854.70,43.78,10.20,1074,921,145,0.0
D,1,3,LineaD:1106,22,409.50,27.89,9.70,1074,921,145,0.0
D,1,3,LineaD:1106,23,21.40,8.41,1.10,1074,921,145,0.0
D,1,4,LineaD:1107,5,109.00,15.76,4.10,1074,1031,124,0.0
D,1,4,LineaD:1107,6,1426.20,92.84,11.00,1074,1031,124,0.0
D,1,4,LineaD:1107,7,5197.50,232.51,12.20,1074,1031,124,0.0
D,1,4,LineaD:1107,8,6568.40,247.45,13.20,1074,1031,124,0.0
D,1,4,LineaD:1107,9,5559.90,173.24,12.80,1074,1031,124,0.0
D,1,4,LineaD:1107,10,3466.00,122.90,12.20,1074,1031,124,0.0
D,1,4,LineaD:1107,11,2908.40,177.97,11.80,1074,1031,124,0.0
D,1,4,LineaD:1107,12,3476.50,127.97,11.40,1074,1031,124,0.0
D,1,4,LineaD:1107,13,3931.00,134.69,11.70,1074,1031,124,0.0
D,1,4,LineaD:1107,14,3066.10,115.95,12.10,1074,1031,124,0.0
D,1,4,LineaD:1107,15,3048.30,126.41,12.60,1074,1031,124,0.0
D,1,4,LineaD:1107,16,3787.40,165.22,13.10,1074,1031,124,0.0
D,1,4,LineaD:1107,17,5011.70,208.93,12.40,1074,1031,124,0.0
D,1,4,LineaD:1107,18,4626.70,112.45,12.60,1074,1031,124,0.0
D,1,4,LineaD:1107,19,2734.20,89.83,11.60,1074,1031,124,0.0
D,1,4,LineaD:1107,20,1901.80,48.19,10.10,1074,1031,124,0.0
D,1,4,LineaD:1107,21,1012.80,56.08,10.00,1074,1031,124,0.0
D,1,4,LineaD:1107,22,486.50,19.11,9.60,1074,1031,124,0.0
D,1,4,LineaD:1107,23,35.00,12.23,1.60,1074,1031,124,0.0
D,1,5,LineaD:1108,5,134.20,19.18,4.00,1074,1074,162,5.6
D,1,5,LineaD:1108,6,1453.00,103.61,10.60,1074,1074,162,5.6
D,1,5,LineaD:1108,7,5727.70,118.23,12.60,1074,1074,162,5.6
D,1,5,LineaD:1108,8,6975.20,224.75,12.60,1074,1074,162,5.6
D,1,5,LineaD:1108,9,6276.60,194.28,13.00,1074,1074,162,5.6
D,1,5,LineaD:1108,10,3960.20,154.65,12.30,1074,1074,162,5.6
D,1,5,LineaD:1108,11,3296.70,163.27,11.60,1074,1074,162,5.6
D,1,5,LineaD:1108,12,3977.10,129.30,11.60,1074,1074,162,5.6
D,1,5,LineaD:1108,13,4478.70,217.65,11.50,1074,1074,162,5.6
D,1,5,LineaD:1108,14,3626.90,196.46,12.20,1074,1074,162,5.6
D,1,5,LineaD:1108,15,3575.20,172.71,12.80,1074,1074,162,5.6
D,1,5,LineaD:1108,16,4348.30,157.72,12.90,1074,1074,162,5.6
D,1,5,LineaD:1108,17,5761.90,148.26,12.30,1074,1074,162,5.6
D,1,5,LineaD:1108,18,5493.80,152.02,12.80,1074,1074,162,5.6
D,1,5,LineaD:1108,19,3186.50,186.18,11.50,1074,1074,162,5.6
D,1,5,LineaD:1108,20,2196.80,118.94,10.10,1074,1074,162,5.6
D,1,5,LineaD:1108,21,1267.20,71.35,10.20,1074,1074,162,5.6
D,1,5,LineaD:1108,22,612.20,45.87,9.60,1074,1074,162,5.6
D,1,5,LineaD:1108,23,51.00,12.39,1.90,1074,1074,162,5.6
D,1,6,LineaD:1109,5,140.40,19.04,3.70,1074,1074,151,10.3
D,1,6,LineaD:1109,6,1477.90,102.51,10.60,1074,1074,151,10.3
D,1,6,LineaD:1109,7,5914.20,271.25,12.50,1074,1074,151,10.3
D,1,6,LineaD:1109,8,7570.20,296.63,12.80,1074,1074,151,10.3
D,1,6,LineaD:1109,9,6657.00,295.53,12.90,1074,1074,151,10.3
D,1,6,LineaD:1109,10,4251.10,175.94,12.40,1074,1074,151,10.3
D,1,6,LineaD:1109,11,3624.00,208.79,11.60,1074,1074,151,10.3
D,1,6,LineaD:1109,12,4377.50,220.09,11.50,1074,1074,151,10.3
D,1,6,LineaD:1109,13,5149.80,215.79,11.60,1074,1074,151,10.3
D,1,6,LineaD:1109,14,4077.40,212.18,12.00,1074,1074,151,10.3
D,1,6,LineaD:1109,15,4299.70,101.72,13.00,1074,1074,151,10.3
D,1,6,LineaD:1109,16,5028.10,196.89,13.00,1074,1074,151,10.3
D,1,6,LineaD:1109,17,6385.50,178.34,12.10,1074,1074,151,10.3
D,1,6,LineaD:1109,18,6075.40,252.73,12.80,1074,1074,151,10.3
D,1,6,LineaD:1109,19,3567.00,221.78,11.40,1074,1074,151,10.3
D,1,6,LineaD:1109,20,2434.50,109.25,10.30,1074,1074,151,10.3
D,1,6,LineaD:1109,21,1379.90,65.61,10.30,1074,1074,151,10.3
D,1,6,LineaD:1109,22,662.50,49.53,9.60,1074,1074,151,10.3
D,1,6,LineaD:1109,23,54.40,9.95,2.00,1074,1074,151,10.3
D,1,7,LineaD:1110,5,135.60,16.44,4.50,1074,1074,156,30.3
D,1,7,LineaD:1110,6,1451.20,87.90,10.40,1074,1074,156,30.3
D,1,7,LineaD:1110,7,6166.70,260.39,12.40,1074,1074,156,30.3
D,1,7,LineaD:1110,8,8169.70,320.92,12.90,1074,1074,156,30.3
D,1,7,LineaD:1110,9,7214.80,269.64,13.00,1074,1074,156,30.3
D,1,7,LineaD:1110,10,4437.90,249.57,12.30,1074,1074,156,30.3
D,1,7,LineaD:1110,11,3885.10,138.16,11.80,1074,1074,156,30.3
D,1,7,LineaD:1110,12,4583.20,180.36,11.40,1074,1074,156,30.3
D,1,7,LineaD:1110,13,5422.70,215.51,11.60,1074,1074,156,30.3
D,1,7,LineaD:1110,14,4377.80,297.26,12.10,1074,1074,156,30.3
D,1,7,LineaD:1110,15,4481.20,175.46,12.60,1074,1074,156,30.3
D,1,7,LineaD:1110,16,5270.70,168.09,13.00,1074,1074,156,30.3
D,1,7,LineaD:1110,17,6793.30,298.74,12.50,1074,1074,156,30.3
D,1,7,LineaD:1110,18,6183.90,277.12,12.40,1074,1074,156,30.3
D,1,7,LineaD:1110,19,3913.60,132.30,11.90,1074,1074,156,30.3
D,1,7,LineaD:1110,20,2490.90,99.79,10.00,1074,1074,156,30.3
D,1,7,LineaD:1110,21,1443.80,86.40,10.10,1074,1074,156,30.3
D,1,7,LineaD:1110,22,709.10,34.15,9.80,1074,1074,156,30.3
D,1,7,LineaD:1110,23,70.00,24.81,2.40,1074,1074,156,30.3
D,1,8,LineaD:1111,5,128.60,11.86,4.20,1074,1074,112,23.0
D,1,8,LineaD:1111,6,1505.60,88.68,10.60,1074,1074,112,23.0
D,1,8,LineaD:1111,7,6368.80,257.25,12.30,1074,1074,112,23.0
D,1,8,LineaD:1111,8,8420.60,326.25,12.80,1074,1074,112,23.0
D,1,8,LineaD:1111,9,7546.40,295.36,12.90,1074,1074,112,23.0
D,1,8,LineaD:1111,10,4678.40,219.00,12.40,1074,1074,112,23.0
D,1,8,LineaD:1111,11,3977.20,192.67,11.60,1074,1074,112,23.0
D,1,8,LineaD:1111,12,4845.70,280.67,11.70,1074,1074,112,23.0
D,1,8,LineaD:1111,13,5650.10,314.79,11.50,1074,1074,112,23.0
D,1,8,LineaD:1111,14,4565.00,257.20,12.00,1074,1074,112,23.0
D,1,8,LineaD:1111,15,4857.00,75.76,12.90,1074,1074,112,23.0
D,1,8,LineaD:1111,16,5550.50,151.61,12.80,1074,1074,112,23.0
D,1,8,LineaD:1111,17,6889.20,252.90,12.30,1074,1074,112,23.0
D,1,8,LineaD:1111,18,6638.80,227.47,12.80,1074,1074,112,23.0
D,1,8,LineaD:1111,19,4104.80,217.67,11.80,1074,1074,112,23.0
D,1,8,LineaD:1111,20,2747.30,133.74,10.10,1074,1074,112,23.0
D,1,8,LineaD:1111,21,1578.30,72.26,10.20,1074,1074,112,23.0
D,1,8,LineaD:1111,22,740.90,39.03,9.60,1074,1074,112,23.0
D,1,8,LineaD:1111,23,86.40,27.26,2.60,1074,1074,112,23.0
D,1,9,LineaD:1112,5,128.90,10.66,4.10,1074,1074,102,24.7
D,1,9,LineaD:1112,6,1465.30,99.79,10.40,1074,1074,102,24.7
D,1,9,LineaD:1112,7,6552.60,206.04,12.30,1074,1074,102,24.7
D,1,9,LineaD:1112,8,8641.80,274.85,12.70,1074,1074,102,24.7
D,1,9,LineaD:1112,9,7982.40,343.04,13.10,1074,1074,102,24.7
D,1,9,LineaD:1112,10,4853.60,240.29,12.40,1074,1074,102,24.7
D,1,9,LineaD:1112,11,4035.50,224.74,11.60,1074,1074,102,24.7
D,1,9,LineaD:1112,12,4854.00,307.72,11.50,1074,1074,102,24.7
D,1,9,LineaD:1112,13,5688.80,299.06,11.50,1074,1074,102,24.7
D,1,9,LineaD:1112,14,4914.30,180.06,12.40,1074,1074,102,24.7
D,1,9,LineaD:1112,15,4820.60,207.13,12.50,1074,1074,102,24.7
D,1,9,LineaD:1112,16,5847.60,265.58,13.00,1074,1074,102,24.7
D,1,9,LineaD:1112,17,6963.20,216.30,12.30,1074,1074,102,24.7
D,1,9,LineaD:1112,18,6824.30,293.07,13.00,1074,1074,102,24.7
D,1,9,LineaD:1112,19,4036.00,201.70,11.40,1074,1074,102,24.7
D,1,9,LineaD:1112,20,2829.90,107.02,10.10,1074,1074,102,24.7
D,1,9,LineaD:1112,21,1635.70,93.07,10.30,1074,1074,102,24.7
D,1,9,LineaD:1112,22,745.00,48.25,9.70,1074,1074,102,24.7
D,1,9,LineaD:1112,23,92.00,24.32,2.80,1074,1074,102,24.7
D,1,10,LineaD:1113,5,100.40,9.30,4.70,1074,1014,133,0.0
D,1,10,LineaD:1113,6,1256.90,97.53,10.60,1074,1014,133,0.0
D,1,10,LineaD:1113,7,5764.50,267.19,12.30,1074,1014,133,0.0
D,1,10,LineaD:1113,8,7934.80,322.66,12.70,1074,1014,133,0.0
D,1,10,LineaD:1113,9,7214.40,203.34,12.90,1074,1014,133,0.0
D,1,10,LineaD:1113,10,4372.80,262.41,12.60,1074,1014,133,0.0
D,1,10,LineaD:1113,11,3241.80,154.72,11.60,1074,1014,133,0.0
D,1,10,LineaD:1113,12,3790.20,184.87,11.60,1074,1014,133,0.0
D,1,10,LineaD:1113,13,4404.10,199.57,11.60,1074,1014,133,0.0
D,1,10,LineaD:1113,14,3422.30,177.39,12.10,1074,1014,133,0.0
D,1,10,LineaD:1113,15,3241.60,182.73,12.30,1074,1014,133,0.0
D,1,10,LineaD:1113,16,3893.10,147.65,12.90,1074,1014,133,0.0
D,1,10,LineaD:1113,17,4866.20,218.01,12.80,1074,1014,133,0.0
D,1,10,LineaD:1113,18,4438.90,255.96,12.60,1074,1014,133,0.0
D,1,10,LineaD:1113,19,2735.30,148.27,11.50,1074,1014,133,0.0
D,1,10,LineaD:1113,20,1799.50,62.10,10.30,1074,1014,133,0.0
D,1,10,LineaD:1113,21,946.60,49.78,10.30,1074,1014,133,0.0
D,1,10,LineaD:1113,22,397.00,27.98,9.80,1074,1014,133,0.0
D,1,10,LineaD:1113,23,52.00,12.78,2.90,1074,1014,133,0.0
D,1,11,LineaD:1114,5,82.60,12.23,4.30,1074,949,42,0.0
D,1,11,LineaD:1114,6,1060.40,70.88,10.60,1074,949,42,0.0
D,1,11,LineaD:1114,7,5111.90,272.34,12.20,1074,949,42,0.0
D,1,11,LineaD:1114,8,7338.50,277.68,12.60,1074,949,42,0.0
D,1,11,LineaD:1114,9,7079.30,353.31,13.20,1074,949,42,0.0
D,1,11,LineaD:1114,10,4244.90,255.86,12.60,1074,949,42,0.0
D,1,11,LineaD:1114,11,3093.40,117.95,11.50,1074,949,42,0.0
D,1,11,LineaD:1114,12,3554.50,151.08,11.60,1074,949,42,0.0
D,1,11,LineaD:1114,13,4111.80,147.58,11.70,1074,949,42,0.0
D,1,11,LineaD:1114,14,3197.30,85.43,11.80,1074,949,42,0.0
D,1,11,LineaD:1114,15,3222.40,87.70,12.70,1074,949,42,0.0
D,1,11,LineaD:1114,16,3666.50,165.16,12.90,1074,949,42,0.0
D,1,11,LineaD:1114,17,4551.80,215.64,12.50,1074,949,42,0.0
D,1,11,LineaD:1114,18,4377.80,149.84,12.80,1074,949,42,0.0
D,1,11,LineaD:1114,19,2755.20,121.00,11.70,1074,949,42,0.0
D,1,11,LineaD:1114,20,1794.50,66.40,10.10,1074,949,42,0.0
D,1,11,LineaD:1114,21,1007.80,53.71,10.20,1074,949,42,0.0
D,1,11,LineaD:1114,22,405.40,33.11,9.80,1074,949,42,0.0
D,1,11,LineaD:1114,23,61.60,9.66,3.30,1074,949,42,0.0
D,1,12,LineaD:1115,5,66.20,20.94,4.00,1074,851,49,0.0
D,1,12,LineaD:1115,6,892.30,79.70,10.60,1074,851,49,0.0
D,1,12,LineaD:1115,7,4362.70,151.67,12.20,1074,851,49,0.0
D,1,12,LineaD:1115,8,6535.00,311.91,12.60,1074,851,49,0.0
D,1,12,LineaD:1115,9,6381.80,299.05,13.20,1074,851,49,0.0
D,1,12,LineaD:1115,10,3866.50,279.10,12.50,1074,851,49,0.0
D,1,12,LineaD:1115,11,2868.60,129.94,11.70,1074,851,49,0.0
D,1,12,LineaD:1115,12,3179.80,171.71,11.40,1074,851,49,0.0
D,1,12,LineaD:1115,13,3774.90,119.33,11.70,1074,851,49,0.0
D,1,12,LineaD:1115,14,3140.50,118.65,12.20,1074,851,49,0.0
D,1,12,LineaD:1115,15,2982.30,95.59,12.40,1074,851,49,0.0
D,1,12,LineaD:1115,16,3465.10,111.51,12.90,1074,851,49,0.0
D,1,12,LineaD:1115,17,4318.00,131.74,12.40,1074,851,49,0.0
D,1,12,LineaD:1115,18,4133.10,95.97,13.00,1074,851,49,0.0
D,1,12,LineaD:1115,19,2656.40,92.50,11.50,1074,851,49,0.0
D,1,12,LineaD:1115,20,1867.30,98.89,10.40,1074,851,49,0.0
D,1,12,LineaD:1115,21,1000.00,54.58,9.90,1074,851,49,0.0
D,1,12,LineaD:1115,22,399.70,41.58,10.10,1074,851,49,0.0
D,1,12,LineaD:1115,23,56.00,8.96,3.40,1074,851,49,0.0
D,1,13,LineaD:1116,5,51.30,22.51,3.80,1074,753,59,0.0
D,1,13,LineaD:1116,6,710.30,44.55,10.40,1074,753,59,0.0
D,1,13,LineaD:1116,7,3511.80,104.69,12.30,1074,753,59,0.0
D,1,13,LineaD:1116,8,5526.70,237.16,12.50,1074,753,59,0.0
D,1,13,LineaD:1116,9,5535.20,209.58,12.90,1074,753,59,0.0
D,1,13,LineaD:1116,10,3597.60,131.93,13.00,1074,753,59,0.0
D,1,13,LineaD:1116,11,2580.50,129.56,11.60,1074,753,59,0.0
D,1,13,LineaD:1116,12,2911.30,132.23,11.50,1074,753,59,0.0
D,1,13,LineaD:1116,13,3594.10,93.39,11.60,1074,753,59,0.0
D,1,13,LineaD:1116,14,3028.40,109.37,11.80,1074,753,59,0.0
D,1,13,LineaD:1116,15,2927.20,103.27,12.50,1074,753,59,0.0
D,1,13,LineaD:1116,16,3461.00,124.69,13.10,1074,753,59,0.0
D,1,13,LineaD:1116,17,4407.30,95.05,12.70,1074,753,59,0.0
D,1,13,LineaD:1116,18,3977.00,190.12,12.50,1074,753,59,0.0
D,1,13,LineaD:1116,19,2545.80,176.04,11.60,1074,753,59,0.0
D,1,13,LineaD:1116,20,1778.50,76.22,10.40,1074,753,59,0.0
D,1,13,LineaD:1116,21,1025.00,69.77,10.20,1074,753,59,0.0
D,1,13,LineaD:1116,22,387.30,22.38,9.90,1074,753,59,0.0
D,1,13,LineaD:1116,23,60.20,10.53,3.80,1074,753,59,0.0
D,1,14,LineaD:1117,5,26.70,18.89,4.60,1074,618,181,0.0
D,1,14,LineaD:1117,6,427.50,23.83,10.50,1074,618,181,0.0
D,1,14,LineaD:1117,7,2065.40,110.99,12.20,1074,618,181,0.0
D,1,14,LineaD:1117,8,3793.40,111.03,12.40,1074,618,181,0.0
D,1,14,LineaD:1117,9,4262.90,163.70,13.20,1074,618,181,0.0
D,1,14,LineaD:1117,10,2530.70,116.64,12.60,1074,618,181,0.0
D,1,14,LineaD:1117,11,1533.00,42.54,11.40,1074,618,181,0.0
D,1,14,LineaD:1117,12,1467.50,37.79,11.80,1074,618,181,0.0
D,1,14,LineaD:1117,13,1420.40,71.17,11.60,1074,618,181,0.0
D,1,14,LineaD:1117,14,1061.20,57.78,11.80,1074,618,181,0.0
D,1,14,LineaD:1117,15,880.00,35.29,12.60,1074,618,181,0.0
D,1,14,LineaD:1117,16,812.50,23.03,13.00,1074,618,181,0.0
D,1,14,LineaD:1117,17,1074.00,79.58,12.40,1074,618,181,0.0
D,1,14,LineaD:1117,18,1077.00,44.10,13.00,1074,618,181,0.0
D,1,14,LineaD:1117,19,536.90,41.82,11.70,1074,618,181,0.0
D,1,14,LineaD:1117,20,354.60,21.81,10.30,1074,618,181,0.0
D,1,14,LineaD:1117,21,229.90,14.72,10.10,1074,618,181,0.0
D,1,14,LineaD:1117,22,121.30,11.74,9.90,1074,618,181,0.0
D,1,14,LineaD:1117,23,27.90,7.28,4.00,1074,618,181,0.0
E,0,0,LineaE:1164,5,25.80,4.18,5.00,895,270,270,0.0
E,0,0,LineaE:1164,6,227.00,20.34,9.20,895,270,270,0.0
E,0,0,LineaE:1164,7,998.10,31.15,11.00,895,270,270,0.0
E,0,0,LineaE:1164,8,877.20,50.82,11.90,895,270,270,0.0
E,0,0,LineaE:1164,9,731.00,60.92,11.30,895,270,270,0.0
E,0,0,LineaE:1164,10,512.10,37.62,11.60,895,270,270,0.0
E,0,0,LineaE:1164,11,342.50,33.24,10.00,895,270,270,0.0
E,0,0,LineaE:1164,12,432.70,30.53,10.20,895,270,270,0.0
E,0,0,LineaE:1164,13,951.30,38.77,9.50,895,270,270,0.0
E,0,0,LineaE:1164,14,545.40,42.45,10.90,895,270,270,0.0
E,0,0,LineaE:1164,15,494.30,34.62,11.70,895,270,270,0.0
E,0,0,LineaE:1164,16,593.40,29.89,11.50,895,270,270,0.0
E,0,0,LineaE:1164,17,1013.30,29.19,11.60,895,270,270,0.0
E,0,0,LineaE:1164,18,928.30,36.47,11.40,895,270,270,0.0
E,0,0,LineaE:1164,19,421.80,23.69,11.70,895,270,270,0.0
E,0,0,LineaE:1164,20,187.40,12.08,8.60,895,270,270,0.0
E,0,0,LineaE:1164,21,149.20,11.02,8.60,895,270,270,0.0
E,0,0,LineaE:1164,22,92.90,7.89,8.00,895,270,270,0.0
E,0,0,LineaE:1164,23,0.00,0.00,0.00,895,270,270,0.0
E,0,1,LineaE:1165,5,29.20,4.98,4.80,895,554,307,0.0
E,0,1,LineaE:1165,6,226.30,23.47,9.10,895,554,307,0.0
E,0,1,LineaE:1165,7,997.10,44.68,10.90,895,554,307,0.0
E,0,1,LineaE:1165,8,878.20,56.05,11.70,895,554,307,0.0
E,0,1,LineaE:1165,9,788.90,49.17,11.60,895,554,307,0.0
E,0,1,LineaE:1165,10,565.70,44.52,11.40,895,554,307,0.0
E,0,1,LineaE:1165,11,422.70,45.70,10.30,895,554,307,0.0
E,0,1,LineaE:1165,12,570.40,46.51,10.20,895,554,307,0.0
E,0,1,LineaE:1165,13,1117.70,60.65,9.40,895,554,307,0.0
E,0,1,LineaE:1165,14,738.80,37.15,10.90,895,554,307,0.0
E,0,1,LineaE:1165,15,750.80,51.10,11.90,895,554,307,0.0
E,0,1,LineaE:1165,16,1128.10,65.58,11.30,895,554,307,0.0
E,0,1,LineaE:1165,17,2117.30,96.42,11.80,895,554,307,0.0
E,0,1,LineaE:1165,18,1922.80,58.33,11.10,895,554,307,0.0
E,0,1,LineaE:1165,19,718.40,52.53,12.00,895,554,307,0.0
E,0,1,LineaE:1165,20,328.10,20.25,8.70,895,554,307,0.0
E,0,1,LineaE:1165,21,225.30,13.55,8.60,895,554,307,0.0
E,0,1,LineaE:1165,22,131.30,9.26,8.00,895,554,307,0.0
E,0,1,LineaE:1165,23,0.00,0.00,0.00,895,554,307,0.0
E,0,2,LineaE:1166,5,28.60,6.20,4.60,895,867,431,0.0
E,0,2,LineaE:1166,6,315.30,23.18,9.10,895,867,431,0.0
E,0,2,LineaE:1166,7,1618.70,91.62,10.70,895,867,431,0.0
E,0,2,LineaE:1166,8,1397.90,73.41,12.00,895,867,431,0.0
E,0,2,LineaE:1166,9,888.90,57.48,11.40,895,867,431,0.0
E,0,2,LineaE:1166,10,642.50,34.38,11.60,895,867,431,0.0
E,0,2,LineaE:1166,11,555.80,34.33,10.00,895,867,431,0.0
E,0,2,LineaE:1166,12,802.60,66.69,10.20,895,867,431,0.0
E,0,2,LineaE:1166,13,1736.50,99.17,9.50,895,867,431,0.0
E,0,2,LineaE:1166,14,1195.40,76.18,10.90,895,867,431,0.0
E,0,2,LineaE:1166,15,1105.30,73.63,11.60,895,867,431,0.0
E,0,2,LineaE:1166,16,1683.90,109.49,11.80,895,867,431,0.0
E,0,2,LineaE:1166,17,3045.20,128.96,11.40,895,867,431,0.0
E,0,2,LineaE:1166,18,3147.60,119.54,11.50,895,867,431,0.0
E,0,2,LineaE:1166,19,1143.40,59.16,11.70,895,867,431,0.0
E,0,2,LineaE:1166,20,543.20,37.76,8.90,895,867,431,0.0
E,0,2,LineaE:1166,21,362.60,27.96,8.30,895,867,431,0.0
E,0,2,LineaE:1166,22,230.50,13.79,8.50,895,867,431,0.0
E,0,2,LineaE:1166,23,0.00,0.00,0.00,895,867,431,0.0
E,0,3,LineaE:1119,5,32.60,9.28,4.30,895,895,328,15.6
E,0,3,LineaE:1119,6,318.20,36.68,9.00,895,895,328,15.6
E,0,3,LineaE:1119,7,1652.30,102.09,11.00,895,895,328,15.6
E,0,3,LineaE:1119,8,1295.40,96.30,11.70,895,895,328,15.6
E,0,3,LineaE:1119,9,802.20,56.62,11.70,895,895,328,15.6
E,0,3,LineaE:1119,10,667.40,49.30,11.20,895,895,328,15.6
E,0,3,LineaE:1119,11,684.60,32.14,10.30,895,895,328,15.6
E,0,3,LineaE:1119,12,914.30,60.72,9.90,895,895,328,15.6
E,0,3,LineaE:1119,13,1989.70,87.81,9.80,895,895,328,15.6
E,0,3,LineaE:1119,14,1549.80,76.46,10.90,895,895,328,15.6
E,0,3,LineaE:1119,15,1629.80,76.94,11.40,895,895,328,15.6
E,0,3,LineaE:1119,16,2413.10,87.88,11.80,895,895,328,15.6
E,0,3,LineaE:1119,17,3704.70,93.70,11.40,895,895,328,15.6
E,0,3,LineaE:1119,18,3524.80,146.17,11.50,895,895,328,15.6
E,0,3,LineaE:1119,19,1425.90,94.74,11.60,895,895,328,15.6
E,0,3,LineaE:1119,20,761.60,27.92,9.20,895,895,328,15.6
E,0,3,LineaE:1119,21,504.30,38.37,8.40,895,895,328,15.6
E,0,3,LineaE:1119,22,296.60,19.06,8.20,895,895,328,15.6
E,0,3,LineaE:1119,23,7.70,10.21,0.40,895,895,328,15.6
E,0,4,LineaE:1120,5,27.70,6.45,5.10,895,895,80,2.7
E,0,4,LineaE:1120,6,287.50,30.34,9.10,895,895,80,2.7
E,0,4,LineaE:1120,7,1418.70,77.59,10.70,895,895,80,2.7
E,0,4,LineaE:1120,8,1103.80,101.27,11.90,895,895,80,2.7
E,0,4,LineaE:1120,9,604.60,39.14,11.40,895,895,80,2.7
E,0,4,LineaE:1120,10,582.40,46.92,11.40,895,895,80,2.7
E,0,4,LineaE:1120,11,623.30,46.98,10.20,895,895,80,2.7
E,0,4,LineaE:1120,12,951.90,46.29,10.30,895,895,80,2.7
E,0,4,LineaE:1120,13,1915.10,80.89,9.50,895,895,80,2.7
E,0,4,LineaE:1120,14,1603.20,73.42,10.90,895,895,80,2.7
E,0,4,LineaE:1120,15,1702.30,81.85,11.30,895,895,80,2.7
E,0,4,LineaE:1120,16,2644.20,95.72,12.00,895,895,80,2.7
E,0,4,LineaE:1120,17,3897.80,137.49,11.50,895,895,80,2.7
E,0,4,LineaE:1120,18,3597.90,117.71,11.30,895,895,80,2.7
E,0,4,LineaE:1120,19,1499.70,94.29,11.70,895,895,80,2.7
E,0,4,LineaE:1120,20,802.40,64.93,9.10,895,895,80,2.7
E,0,4,LineaE:1120,21,539.60,35.18,8.40,895,895,80,2.7
E,0,4,LineaE:1120,22,312.70,25.23,8.20,895,895,80,2.7
E,0,4,LineaE:1120,23,12.10,9.27,0.70,895,895,80,2.7
E,0,5,LineaE:1121,5,50.50,9.76,5.00,895,773,220,0.0
E,0,5,LineaE:1121,6,329.30,32.10,9.00,895,773,220,0.0
E,0,5,LineaE:1121,7,801.30,45.40,10.60,895,773,220,0.0
E,0,5,LineaE:1121,8,797.70,62.05,11.80,895,773,220,0.0
E,0,5,LineaE:1121,9,708.20,23.79,11.50,895,773,220,0.0
E,0,5,LineaE:1121,10,706.20,25.20,11.40,895,773,220,0.0
E,0,5,LineaE:1121,11,1033.80,41.08,10.40,895,773,220,0.0
E,0,5,LineaE:1121,12,1156.40,47.09,10.40,895,773,220,0.0
E,0,5,LineaE:1121,13,1022.30,37.16,9.10,895,773,220,0.0
E,0,5,LineaE:1121,14,1130.40,45.71,11.10,895,773,220,0.0
E,0,5,LineaE:1121,15,1624.10,47.09,11.40,895,773,220,0.0
E,0,5,LineaE:1121,16,2480.40,88.16,11.80,895,773,220,0.0
E,0,5,LineaE:1121,17,3359.90,128.04,11.40,895,773,220,0.0
E,0,5,LineaE:1121,18,2961.70,145.15,11.40,895,773,220,0.0
E,0,5,LineaE:1121,19,1451.80,64.89,11.80,895,773,220,0.0
E,0,5,LineaE:1121,20,939.40,54.47,8.90,895,773,220,0.0
E,0,5,LineaE:1121,21,1177.90,59.44,8.60,895,773,220,0.0
E,0,5,LineaE:1121,22,675.80,61.90,8.40,895,773,220,0.0
E,0,5,LineaE:1121,23,14.10,10.44,0.70,895,773,220,0.0
E,0,6,LineaE:1122,5,49.00,11.94,4.80,895,766,24,0.0
E,0,6,LineaE:1122,6,327.90,25.00,9.10,895,766,24,0.0
E,0,6,LineaE:1122,7,771.30,31.63,10.40,895,766,24,0.0
E,0,6,LineaE:1122,8,821.70,44.55,12.00,895,766,24,0.0
E,0,6,LineaE:1122,9,693.30,24.43,11.50,895,766,24,0.0
E,0,6,LineaE:1122,10,686.30,39.44,11.40,895,766,24,0.0
E,0,6,LineaE:1122,11,1027.90,46.66,10.40,895,766,24,0.0
E,0,6,LineaE:1122,12,1138.80,54.45,10.00,895,766,24,0.0
E,0,6,LineaE:1122,13,1060.30,55.01,9.60,895,766,24,0.0
E,0,6,LineaE:1122,14,1046.70,53.40,10.60,895,766,24,0.0
E,0,6,LineaE:1122,15,1603.30,97.14,11.60,895,766,24,0.0
E,0,6,LineaE:1122,16,2363.50,126.36,11.60,895,766,24,0.0
E,0,6,LineaE:1122,17,3289.50,129.20,11.40,895,766,24,0.0
E,0,6,LineaE:1122,18,3057.00,130.66,11.80,895,766,24,0.0
E,0,6,LineaE:1122,19,1440.80,69.28,11.60,895,766,24,0.0
E,0,6,LineaE:1122,20,956.90,43.49,9.10,895,766,24,0.0
E,0,6,LineaE:1122,21,1130.00,87.10,8.40,895,766,24,0.0
E,0,6,LineaE:1122,22,722.50,60.89,8.60,895,766,24,0.0
E,0,6,LineaE:1122,23,16.70,9.94,0.80,895,766,24,0.0
E,0,7,LineaE:1123,5,57.00,7.36,4.60,895,781,46,0.0
E,0,7,LineaE:1123,6,339.10,25.56,8.90,895,781,46,0.0
E,0,7,LineaE:1123,7,834.10,32.13,10.50,895,781,46,0.0
E,0,7,LineaE:1123,8,898.60,34.21,11.90,895,781,46,0.0
E,0,7,LineaE:1123,9,751.60,42.56,11.50,895,781,46,0.0
E,0,7,LineaE:1123,10,720.50,40.46,11.40,895,781,46,0.0
E,0,7,LineaE:1123,11,1031.80,55.83,10.20,895,781,46,0.0
E,0,7,LineaE:1123,12,1225.60,70.99,10.20,895,781,46,0.0
E,0,7,LineaE:1123,13,1164.10,67.29,9.80,895,781,46,0.0
E,0,7,LineaE:1123,14,1124.30,75.44,10.70,895,781,46,0.0
E,0,7,LineaE:1123,15,1614.70,77.16,11.20,895,781,46,0.0
E,0,7,LineaE:1123,16,2478.40,111.26,11.90,895,781,46,0.0
E,0,7,LineaE:1123,17,3365.30,124.27,11.50,895,781,46,0.0
E,0,7,LineaE:1123,18,3144.50,71.07,11.80,895,781,46,0.0
E,0,7,LineaE:1123,19,1449.70,76.20,11.40,895,781,46,0.0
E,0,7,LineaE:1123,20,1036.90,18.54,9.40,895,781,46,0.0
E,0,7,LineaE:1123,21,1143.70,76.90,8.30,895,781,46,0.0
E,0,7,LineaE:1123,22,743.10,49.91,8.40,895,781,46,0.0
E,0,7,LineaE:1123,23,25.90,13.39,1.10,895,781,46,0.0
E,0,8,LineaE:1124,5,53.60,9.69,4.20,895,763,33,0.0
E,0,8,LineaE:1124,6,364.00,22.37,8.90,895,763,33,0.0
E,0,8,LineaE:1124,7,897.40,28.60,10.80,895,763,33,0.0
E,0,8,LineaE:1124,8,884.10,63.16,11.50,895,763,33,0.0
E,0,8,LineaE:1124,9,789.50,44.77,11.60,895,763,33,0.0
E,0,8,LineaE:1124,10,754.50,39.88,11.50,895,763,33,0.0
E,0,8,LineaE:1124,11,1037.50,50.53,10.40,895,763,33,0.0
E,0,8,LineaE:1124,12,1249.40,73.95,10.20,895,763,33,0.0
E,0,8,LineaE:1124,13,1110.00,76.28,9.40,895,763,33,0.0
E,0,8,LineaE:1124,14,1136.60,94.62,10.80,895,763,33,0.0
E,0,8,LineaE:1124,15,1601.00,74.72,11.40,895,763,33,0.0
E,0,8,LineaE:1124,16,2434.90,100.97,11.80,895,763,33,0.0
E,0,8,LineaE:1124,17,3335.80,164.35,11.70,895,763,33,0.0
E,0,8,LineaE:1124,18,2985.10,148.98,11.20,895,763,33,0.0
E,0,8,LineaE:1124,19,1541.40,80.59,11.90,895,763,33,0.0
E,0,8,LineaE:1124,20,1017.60,64.46,9.30,895,763,33,0.0
E,0,8,LineaE:1124,21,1120.80,83.79,8.40,895,763,33,0.0
E,0,8,LineaE:1124,22,773.70,77.62,8.20,895,763,33,0.0
E,0,8,LineaE:1124,23,37.40,15.46,1.50,895,763,33,0.0
E,0,9,LineaE:1125,5,33.70,8.00,3.90,895,895,356,9.3
E,0,9,LineaE:1125,6,319.10,27.23,9.00,895,895,356,9.3
E,0,9,LineaE:1125,7,831.30,38.47,10.30,895,895,356,9.3
E,0,9,LineaE:1125,8,886.90,53.94,11.80,895,895,356,9.3
E,0,9,LineaE:1125,9,785.40,48.69,11.60,895,895,356,9.3
E,0,9,LineaE:1125,10,769.30,46.42,11.40,895,895,356,9.3
E,0,9,LineaE:1125,11,1161.30,95.84,10.50,895,895,356,9.3
E,0,9,LineaE:1125,12,1517.90,59.03,10.30,895,895,356,9.3
E,0,9,LineaE:1125,13,1433.90,99.43,9.40,895,895,356,9.3
E,0,9,LineaE:1125,14,1530.70,66.69,10.70,895,895,356,9.3
E,0,9,LineaE:1125,15,2039.60,82.49,11.50,895,895,356,9.3
E,0,9,LineaE:1125,16,2946.90,125.71,11.80,895,895,356,9.3
E,0,9,LineaE:1125,17,3951.00,104.12,11.40,895,895,356,9.3
E,0,9,LineaE:1125,18,3878.70,137.45,11.60,895,895,356,9.3
E,0,9,LineaE:1125,19,2105.10,109.23,11.40,895,895,356,9.3
E,0,9,LineaE:1125,20,1569.50,93.22,9.60,895,895,356,9.3
E,0,9,LineaE:1125,21,1381.30,70.25,8.60,895,895,356,9.3
E,0,9,LineaE:1125,22,858.80,75.84,8.30,895,895,356,9.3
E,0,9,LineaE:1125,23,66.00,25.29,1.60,895,895,356,9.3
E,0,10,LineaE:1126,5,31.30,8.39,4.60,895,836,16,0.0
E,0,10,LineaE:1126,6,289.50,20.75,9.00,895,836,16,0.0
E,0,10,LineaE:1126,7,764.50,28.54,10.40,895,836,16,0.0
E,0,10,LineaE:1126,8,798.80,35.59,11.60,895,836,16,0.0
E,0,10,LineaE:1126,9,741.70,37.81,11.60,895,836,16,0.0
E,0,10,LineaE:1126,10,742.70,54.96,11.60,895,836,16,0.0
E,0,10,LineaE:1126,11,1066.00,59.77,10.40,895,836,16,0.0
E,0,10,LineaE:1126,12,1440.20,63.94,10.20,895,836,16,0.0
E,0,10,LineaE:1126,13,1382.80,69.25,9.60,895,836,16,0.0
E,0,10,LineaE:1126,14,1444.50,64.28,10.80,895,836,16,0.0
E,0,10,LineaE:1126,15,1829.20,75.59,11.00,895,836,16,0.0
E,0,10,LineaE:1126,16,2755.00,133.77,11.90,895,836,16,0.0
E,0,10,LineaE:1126,17,3808.20,124.19,11.80,895,836,16,0.0
E,0,10,LineaE:1126,18,3584.20,64.10,11.40,895,836,16,0.0
E,0,10,LineaE:1126,19,2018.30,78.59,11.60,895,836,16,0.0
E,0,10,LineaE:1126,20,1465.70,65.30,9.30,895,836,16,0.0
E,0,10,LineaE:1126,21,1275.80,67.85,8.60,895,836,16,0.0
E,0,10,LineaE:1126,22,881.20,66.78,8.50,895,836,16,0.0
E,0,10,LineaE:1126,23,70.50,24.06,1.80,895,836,16,0.0
E,0,11,LineaE:1127,5,26.20,7.48,4.20,895,727,13,0.0
E,0,11,LineaE:1127,6,249.80,24.61,9.10,895,727,13,0.0
E,0,11,LineaE:1127,7,686.90,48.38,10.40,895,727,13,0.0
E,0,11,LineaE:1127,8,704.80,46.84,11.50,895,727,13,0.0
E,0,11,LineaE:1127,9,620.50,21.10,11.60,895,727,13,0.0
E,0,11,LineaE:1127,10,647.60,39.64,11.80,895,727,13,0.0
E,0,11,LineaE:1127,11,883.80,60.42,10.10,895,727,13,0.0
E,0,11,LineaE:1127,12,1352.00,59.63,10.40,895,727,13,0.0
E,0,11,LineaE:1127,13,1188.60,85.53,9.40,895,727,13,0.0
E,0,11,LineaE:1127,14,1301.70,71.88,10.80,895,727,13,0.0
E,0,11,LineaE:1127,15,1640.70,79.25,11.30,895,727,13,0.0
E,0,11,LineaE:1127,16,2335.40,74.97,11.60,895,727,13,0.0
E,0,11,LineaE:1127,17,3235.50,129.09,11.60,895,727,13,0.0
E,0,11,LineaE:1127,18,3318.50,236.73,11.80,895,727,13,0.0
E,0,11,LineaE:1127,19,1777.80,84.81,11.40,895,727,13,0.0
E,0,11,LineaE:1127,20,1357.20,78.15,9.80,895,727,13,0.0
E,0,11,LineaE:1127,21,1084.90,45.64,8.30,895,727,13,0.0
E,0,11,LineaE:1127,22,814.80,34.96,8.40,895,727,13,0.0
E,0,11,LineaE:1127,23,78.60,19.00,2.20,895,727,13,0.0
E,0,12,LineaE:1128,5,18.50,4.99,4.00,895,613,9,0.0
E,0,12,LineaE:1128,6,185.90,15.17,8.90,895,613,9,0.0
E,0,12,LineaE:1128,7,541.70,34.26,10.20,895,613,9,0.0
E,0,12,LineaE:1128,8,549.70,25.72,11.80,895,613,9,0.0
E,0,12,LineaE:1128,9,483.30,28.64,11.40,895,613,9,0.0
E,0,12,LineaE:1128,10,521.50,37.72,12.10,895,613,9,0.0
E,0,12,LineaE:1128,11,700.60,44.60,10.10,895,613,9,0.0
E,0,12,LineaE:1128,12,1111.30,45.56,10.40,895,613,9,0.0
E,0,12,LineaE:1128,13,981.30,58.50,9.30,895,613,9,0.0
E,0,12,LineaE:1128,14,1019.90,59.54,10.60,895,613,9,0.0
E,0,12,LineaE:1128,15,1356.20,61.32,11.30,895,613,9,0.0
E,0,12,LineaE:1128,16,1919.40,90.17,11.70,895,613,9,0.0
E,0,12,LineaE:1128,17,2703.90,87.67,11.60,895,613,9,0.0
E,0,12,LineaE:1128,18,2686.60,99.21,11.50,895,613,9,0.0
E,0,12,LineaE:1128,19,1492.20,81.33,11.60,895,613,9,0.0
E,0,12,LineaE:1128,20,1121.70,92.05,9.90,895,613,9,0.0
E,0,12,LineaE:1128,21,921.40,61.84,8.50,895,613,9,0.0
E,0,12,LineaE:1128,22,678.70,23.63,8.20,895,613,9,0.0
E,0,12,LineaE:1128,23,74.30,14.73,2.60,895,613,9,0.0
E,0,13,LineaE:1129,5,12.80,4.32,3.70,895,496,8,0.0
E,0,13,LineaE:1129,6,141.80,12.88,9.10,895,496,8,0.0
E,0,13,LineaE:1129,7,434.20,26.90,10.10,895,496,8,0.0
E,0,13,LineaE:1129,8,441.20,31.17,11.50,895,496,8,0.0
E,0,13,LineaE:1129,9,408.80,28.28,11.60,895,496,8,0.0
E,0,13,LineaE:1129,10,408.50,33.09,11.80,895,496,8,0.0
E,0,13,LineaE:1129,11,533.10,30.23,10.30,895,496,8,0.0
E,0,13,LineaE:1129,12,829.80,40.65,10.20,895,496,8,0.0
E,0,13,LineaE:1129,13,819.20,44.02,9.70,895,496,8,0.0
E,0,13,LineaE:1129,14,826.80,60.55,10.50,895,496,8,0.0
E,0,13,LineaE:1129,15,1071.20,57.38,11.00,895,496,8,0.0
E,0,13,LineaE:1129,16,1522.50,67.58,11.70,895,496,8,0.0
E,0,13,LineaE:1129,17,2231.80,109.92,12.10,895,496,8,0.0
E,0,13,LineaE:1129,18,2144.90,108.29,11.50,895,496,8,0.0
E,0,13,LineaE:1129,19,1162.20,75.49,11.30,895,496,8,0.0
E,0,13,LineaE:1129,20,884.90,66.02,10.00,895,496,8,0.0
E,0,13,LineaE:1129,21,719.80,60.75,8.40,895,496,8,0.0
E,0,13,LineaE:1129,22,548.90,34.08,8.60,895,496,8,0.0
E,0,13,LineaE:1129,23,56.50,11.37,2.60,895,496,8,0.0
E,0,14,LineaE:1130,5,8.00,3.53,4.40,895,359,8,0.0
E,0,14,LineaE:1130,6,110.10,12.59,8.90,895,359,8,0.0
E,0,14,LineaE:1130,7,345.60,28.46,10.10,895,359,8,0.0
E,0,14,LineaE:1130,8,349.60,25.80,11.60,895,359,8,0.0
E,0,14,LineaE:1130,9,276.90,20.86,11.60,895,359,8,0.0
E,0,14,LineaE:1130,10,304.80,23.36,12.00,895,359,8,0.0
E,0,14,LineaE:1130,11,381.60,21.04,10.10,895,359,8,0.0
E,0,14,LineaE:1130,12,642.00,22.22,10.50,895,359,8,0.0
E,0,14,LineaE:1130,13,628.50,38.32,9.60,895,359,8,0.0
E,0,14,LineaE:1130,14,650.30,22.75,10.50,895,359,8,0.0
E,0,14,LineaE:1130,15,811.20,35.60,11.00,895,359,8,0.0
E,0,14,LineaE:1130,16,1139.60,40.01,11.80,895,359,8,0.0
E,0,14,LineaE:1130,17,1600.10,67.02,11.60,895,359,8,0.0
E,0,14,LineaE:1130,18,1582.70,86.42,11.80,895,359,8,0.0
E,0,14,LineaE:1130,19,878.60,51.61,11.50,895,359,8,0.0
E,0,14,LineaE:1130,20,616.70,44.26,9.80,895,359,8,0.0
E,0,14,LineaE:1130,21,542.80,36.32,8.60,895,359,8,0.0
E,0,14,LineaE:1130,22,405.30,23.91,8.60,895,359,8,0.0
E,0,14,LineaE:1130,23,46.90,13.96,2.70,895,359,8,0.0
E,0,15,LineaE:1131,5,5.60,3.53,4.10,895,290,3,0.0
E,0,15,LineaE:1131,6,90.10,9.67,9.00,895,290,3,0.0
E,0,15,LineaE:1131,7,273.20,13.69,10.00,895,290,3,0.0
E,0,15,LineaE:1131,8,277.80,16.46,11.50,895,290,3,0.0
E,0,15,LineaE:1131,9,230.80,13.47,11.90,895,290,3,0.0
E,0,15,LineaE:1131,10,241.10,22.48,11.70,895,290,3,0.0
E,0,15,LineaE:1131,11,320.20,14.88,10.30,895,290,3,0.0
E,0,15,LineaE:1131,12,527.40,33.76,10.30,895,290,3,0.0
E,0,15,LineaE:1131,13,522.50,36.76,9.70,895,290,3,0.0
E,0,15,LineaE:1131,14,555.20,16.56,10.60,895,290,3,0.0
E,0,15,LineaE:1131,15,671.70,35.89,11.00,895,290,3,0.0
E,0,15,LineaE:1131,16,951.30,50.05,11.80,895,290,3,0.0
E,0,15,LineaE:1131,17,1303.00,88.12,11.50,895,290,3,0.0
E,0,15,LineaE:1131,18,1321.40,99.51,11.60,895,290,3,0.0
E,0,15,LineaE:1131,19,774.40,43.48,11.60,895,290,3,0.0
E,0,15,LineaE:1131,20,527.90,32.46,10.10,895,290,3,0.0
E,0,15,LineaE:1131,21,419.40,37.30,8.20,895,290,3,0.0
E,0,15,LineaE:1131,22,340.70,19.98,8.50,895,290,3,0.0
E,0,15,LineaE:1131,23,52.80,11.25,3.30,895,290,3,0.0
E,0,16,LineaE:1132,5,4.30,2.83,4.00,895,223,0,0.0
E,0,16,LineaE:1132,6,65.40,8.32,8.90,895,223,0,0.0
E,0,16,LineaE:1132,7,179.80,13.61,9.90,895,223,0,0.0
E,0,16,LineaE:1132,8,189.40,13.43,11.60,895,223,0,0.0
E,0,16,LineaE:1132,9,164.80,13.61,11.80,895,223,0,0.0
E,0,16,LineaE:1132,10,187.00,21.28,11.60,895,223,0,0.0
E,0,16,LineaE:1132,11,253.40,12.19,10.40,895,223,0,0.0
E,0,16,LineaE:1132,12,425.90,30.45,10.40,895,223,0,0.0
E,0,16,LineaE:1132,13,403.30,34.58,9.60,895,223,0,0.0
E,0,16,LineaE:1132,14,441.40,31.63,10.60,895,223,0,0.0
E,0,16,LineaE:1132,15,527.00,43.79,11.00,895,223,0,0.0
E,0,16,LineaE:1132,16,750.20,35.88,11.50,895,223,0,0.0
E,0,16,LineaE:1132,17,1057.50,87.21,11.90,895,223,0,0.0
E,0,16,LineaE:1132,18,1033.30,76.48,11.50,895,223,0,0.0
E,0,16,LineaE:1132,19,601.90,27.31,11.60,895,223,0,0.0
E,0,16,LineaE:1132,20,420.40,24.12,10.10,895,223,0,0.0
E,0,16,LineaE:1132,21,343.00,21.82,8.30,895,223,0,0.0
E,0,16,LineaE:1132,22,281.40,20.26,8.60,895,223,0,0.0
E,0,16,LineaE:1132,23,47.10,13.09,3.40,895,223,0,0.0
E,1,0,LineaE:1133,5,131.10,21.46,4.50,895,354,354,0.0
E,1,0,LineaE:1133,6,717.10,45.75,8.80,895,354,354,0.0
E,1,0,LineaE:1133,7,1619.10,71.11,10.00,895,354,354,0.0
E,1,0,LineaE:1133,8,1403.70,56.57,12.30,895,354,354,0.0
E,1,0,LineaE:1133,9,869.40,32.02,10.80,895,354,354,0.0
E,1,0,LineaE:1133,10,498.40,37.51,12.10,895,354,354,0.0
E,1,0,LineaE:1133,11,413.40,28.78,10.80,895,354,354,0.0
E,1,0,LineaE:1133,12,463.50,30.02,9.60,895,354,354,0.0
E,1,0,LineaE:1133,13,542.60,30.51,10.10,895,354,354,0.0
E,1,0,LineaE:1133,14,276.10,19.06,10.00,895,354,354,0.0
E,1,0,LineaE:1133,15,252.30,18.23,11.20,895,354,354,0.0
E,1,0,LineaE:1133,16,290.50,21.77,12.00,895,354,354,0.0
E,1,0,LineaE:1133,17,449.60,33.90,11.80,895,354,354,0.0
E,1,0,LineaE:1133,18,277.20,28.64,11.50,895,354,354,0.0
E,1,0,LineaE:1133,19,112.40,11.47,11.70,895,354,354,0.0
E,1,0,LineaE:1133,20,74.00,6.07,9.80,895,354,354,0.0
E,1,0,LineaE:1133,21,57.80,8.43,8.40,895,354,354,0.0
E,1,0,LineaE:1133,22,18.80,5.25,7.90,895,354,354,0.0
E,1,0,LineaE:1133,23,0.50,0.85,3.70,895,354,354,0.0
E,1,1,LineaE:1132,5,135.20,17.76,4.30,895,400,81,0.0
E,1,1,LineaE:1132,6,763.40,63.77,8.70,895,400,81,0.0
E,1,1,LineaE:1132,7,1947.50,94.70,10.20,895,400,81,0.0
E,1,1,LineaE:1132,8,1732.20,84.33,12.00,895,400,81,0.0
E,1,1,LineaE:1132,9,1043.80,45.36,10.90,895,400,81,0.0
E,1,1,LineaE:1132,10,606.90,40.32,12.20,895,400,81,0.0
E,1,1,LineaE:1132,11,498.00,24.92,10.70,895,400,81,0.0
E,1,1,LineaE:1132,12,560.70,45.84,9.80,895,400,81,0.0
E,1,1,LineaE:1132,13,659.80,43.99,9.90,895,400,81,0.0
E,1,1,LineaE:1132,14,343.70,24.05,10.00,895,400,81,0.0
E,1,1,LineaE:1132,15,322.30,22.24,11.30,895,400,81,0.0
E,1,1,LineaE:1132,16,357.00,21.33,12.00,895,400,81,0.0
E,1,1,LineaE:1132,17,549.30,34.69,11.70,895,400,81,0.0
E,1,1,LineaE:1132,18,332.00,39.81,11.30,895,400,81,0.0
E,1,1,LineaE:1132,19,136.20,14.48,11.70,895,400,81,0.0
E,1,1,LineaE:1132,20,90.70,5.93,10.00,895,400,81,0.0
E,1,1,LineaE:1132,21,71.60,9.19,8.50,895,400,81,0.0
E,1,1,LineaE:1132,22,25.40,6.28,7.90,895,400,81,0.0
E,1,1,LineaE:1132,23,0.70,1.16,3.90,895,400,81,0.0
E,1,2,LineaE:1131,5,133.50,10.18,4.10,895,456,72,0.0
E,1,2,LineaE:1131,6,794.20,62.79,8.70,895,456,72,0.0
E,1,2,LineaE:1131,7,2234.10,95.29,10.20,895,456,72,0.0
E,1,2,LineaE:1131,8,1920.90,131.90,11.40,895,456,72,0.0
E,1,2,LineaE:1131,9,1338.60,121.35,11.30,895,456,72,0.0
E,1,2,LineaE:1131,10,676.20,45.66,12.10,895,456,72,0.0
E,1,2,LineaE:1131,11,577.70,45.10,10.80,895,456,72,0.0
E,1,2,LineaE:1131,12,664.50,52.62,10.10,895,456,72,0.0
E,1,2,LineaE:1131,13,742.00,54.33,9.70,895,456,72,0.0
E,1,2,LineaE:1131,14,423.70,37.09,9.70,895,456,72,0.0
E,1,2,LineaE:1131,15,394.60,29.03,11.50,895,456,72,0.0
E,1,2,LineaE:1131,16,423.80,16.42,12.40,895,456,72,0.0
E,1,2,LineaE:1131,17,631.20,58.30,11.30,895,456,72,0.0
E,1,2,LineaE:1131,18,453.60,39.55,11.40,895,456,72,0.0
E,1,2,LineaE:1131,19,179.30,17.75,11.60,895,456,72,0.0
E,1,2,LineaE:1131,20,113.00,7.73,10.20,895,456,72,0.0
E,1,2,LineaE:1131,21,106.50,12.55,8.50,895,456,72,0.0
E,1,2,LineaE:1131,22,33.20,7.18,7.90,895,456,72,0.0
E,1,2,LineaE:1131,23,1.20,1.23,4.10,895,456,72,0.0
E,1,3,LineaE:1130,5,130.40,20.27,4.90,895,596,164,0.0
E,1,3,LineaE:1130,6,909.80,83.37,8.60,895,596,164,0.0
E,1,3,LineaE:1130,7,2843.80,133.43,10.10,895,596,164,0.0
E,1,3,LineaE:1130,8,2538.10,232.58,11.50,895,596,164,0.0
E,1,3,LineaE:1130,9,1903.30,175.44,11.10,895,596,164,0.0
E,1,3,LineaE:1130,10,896.60,57.43,12.40,895,596,164,0.0
E,1,3,LineaE:1130,11,738.80,47.94,10.60,895,596,164,0.0
E,1,3,LineaE:1130,12,822.00,51.44,10.00,895,596,164,0.0
E,1,3,LineaE:1130,13,1056.60,49.06,10.00,895,596,164,0.0
E,1,3,LineaE:1130,14,599.80,30.79,9.60,895,596,164,0.0
E,1,3,LineaE:1130,15,543.60,46.39,11.30,895,596,164,0.0
E,1,3,LineaE:1130,16,590.40,52.93,12.30,895,596,164,0.0
E,1,3,LineaE:1130,17,892.80,73.27,11.60,895,596,164,0.0
E,1,3,LineaE:1130,18,688.30,66.84,11.40,895,596,164,0.0
E,1,3,LineaE:1130,19,308.70,32.75,11.60,895,596,164,0.0
E,1,3,LineaE:1130,20,232.10,16.16,10.20,895,596,164,0.0
E,1,3,LineaE:1130,21,164.30,19.65,8.30,895,596,164,0.0
E,1,3,LineaE:1130,22,68.90,8.12,8.20,895,596,164,0.0
E,1,3,LineaE:1130,23,2.50,2.72,4.30,895,596,164,0.0
E,1,4,LineaE:1129,5,127.00,28.79,4.70,895,688,138,0.0
E,1,4,LineaE:1129,6,1031.50,64.17,8.70,895,688,138,0.0
E,1,4,LineaE:1129,7,3258.30,228.04,9.90,895,688,138,0.0
E,1,4,LineaE:1129,8,3208.80,252.36,11.70,895,688,138,0.0
E,1,4,LineaE:1129,9,2377.00,203.70,11.10,895,688,138,0.0
E,1,4,LineaE:1129,10,1100.80,41.17,12.30,895,688,138,0.0
E,1,4,LineaE:1129,11,891.60,60.52,10.70,895,688,138,0.0
E,1,4,LineaE:1129,12,1004.50,62.08,10.00,895,688,138,0.0
E,1,4,LineaE:1129,13,1300.10,75.17,10.00,895,688,138,0.0
E,1,4,LineaE:1129,14,728.70,41.88,9.40,895,688,138,0.0
E,1,4,LineaE:1129,15,707.10,22.37,11.20,895,688,138,0.0
E,1,4,LineaE:1129,16,711.20,60.06,12.40,895,688,138,0.0
E,1,4,LineaE:1129,17,1130.30,61.92,11.70,895,688,138,0.0
E,1,4,LineaE:1129,18,917.60,82.77,11.40,895,688,138,0.0
E,1,4,LineaE:1129,19,410.10,26.73,11.50,895,688,138,0.0
E,1,4,LineaE:1129,20,302.90,16.16,10.20,895,688,138,0.0
E,1,4,LineaE:1129,21,216.70,24.46,8.50,895,688,138,0.0
E,1,4,LineaE:1129,22,94.50,10.71,8.10,895,688,138,0.0
E,1,4,LineaE:1129,23,3.90,3.25,4.50,895,688,138,0.0
E,1,5,LineaE:1128,5,120.20,21.97,4.30,895,829,161,0.0
E,1,5,LineaE:1128,6,1069.90,110.26,8.80,895,829,161,0.0
E,1,5,LineaE:1128,7,3830.30,218.94,9.80,895,829,161,0.0
E,1,5,LineaE:1128,8,3871.80,283.12,11.80,895,829,161,0.0
E,1,5,LineaE:1128,9,2912.60,227.49,11.00,895,829,161,0.0
E,1,5,LineaE:1128,10,1396.30,89.32,12.40,895,829,161,0.0
E,1,5,LineaE:1128,11,1062.00,46.37,10.50,895,829,161,0.0
E,1,5,LineaE:1128,12,1242.50,69.06,10.30,895,829,161,0.0
E,1,5,LineaE:1128,13,1538.50,69.38,9.50,895,829,161,0.0
E,1,5,LineaE:1128,14,944.30,42.97,9.90,895,829,161,0.0
E,1,5,LineaE:1128,15,855.30,45.29,11.10,895,829,161,0.0
E,1,5,LineaE:1128,16,902.40,37.05,12.30,895,829,161,0.0
E,1,5,LineaE:1128,17,1406.30,101.72,11.80,895,829,161,0.0
E,1,5,LineaE:1128,18,1154.60,85.87,11.40,895,829,161,0.0
E,1,5,LineaE:1128,19,535.30,46.91,11.30,895,829,161,0.0
E,1,5,LineaE:1128,20,401.30,15.78,10.60,895,829,161,0.0
E,1,5,LineaE:1128,21,264.80,26.10,8.50,895,829,161,0.0
E,1,5,LineaE:1128,22,112.60,13.95,8.00,895,829,161,0.0
E,1,5,LineaE:1128,23,5.30,4.16,4.70,895,829,161,0.0
E,1,6,LineaE:1127,5,132.00,14.79,5.00,895,895,120,4.7
E,1,6,LineaE:1127,6,1053.00,88.50,8.60,895,895,120,4.7
E,1,6,LineaE:1127,7,4196.90,207.14,10.10,895,895,120,4.7
E,1,6,LineaE:1127,8,4282.60,224.31,11.60,895,895,120,4.7
E,1,6,LineaE:1127,9,3351.70,227.83,11.00,895,895,120,4.7
E,1,6,LineaE:1127,10,1706.80,129.41,12.30,895,895,120,4.7
E,1,6,LineaE:1127,11,1272.90,47.40,10.80,895,895,120,4.7
E,1,6,LineaE:1127,12,1415.10,53.04,10.10,895,895,120,4.7
E,1,6,LineaE:1127,13,1891.20,90.99,9.80,895,895,120,4.7
E,1,6,LineaE:1127,14,1094.20,63.63,9.60,895,895,120,4.7
E,1,6,LineaE:1127,15,1014.00,50.28,11.10,895,895,120,4.7
E,1,6,LineaE:1127,16,1093.30,92.50,12.40,895,895,120,4.7
E,1,6,LineaE:1127,17,1724.40,101.67,11.70,895,895,120,4.7
E,1,6,LineaE:1127,18,1373.90,81.31,11.30,895,895,120,4.7
E,1,6,LineaE:1127,19,668.60,41.14,11.60,895,895,120,4.7
E,1,6,LineaE:1127,20,462.00,32.03,10.60,895,895,120,4.7
E,1,6,LineaE:1127,21,316.50,25.12,8.20,895,895,120,4.7
E,1,6,LineaE:1127,22,151.20,14.43,8.10,895,895,120,4.7
E,1,6,LineaE:1127,23,9.10,4.12,5.10,895,895,120,4.7
E,1,7,LineaE:1126,5,132.80,18.49,4.80,895,895,102,22.9
E,1,7,LineaE:1126,6,1111.60,90.62,8.70,895,895,102,22.9
E,1,7,LineaE:1126,7,4295.80,213.14,9.80,895,895,102,22.9
E,1,7,LineaE:1126,8,4651.10,285.67,11.80,895,895,102,22.9
E,1,7,LineaE:1126,9,3576.40,175.95,10.80,895,895,102,22.9
E,1,7,LineaE:1126,10,1862.90,92.94,12.40,895,895,102,22.9
E,1,7,LineaE:1126,11,1374.00,65.32,10.80,895,895,102,22.9
E,1,7,LineaE:1126,12,1559.00,68.73,10.00,895,895,102,22.9
E,1,7,LineaE:1126,13,2058.20,126.33,9.80,895,895,102,22.9
E,1,7,LineaE:1126,14,1192.10,50.71,9.60,895,895,102,22.9
E,1,7,LineaE:1126,15,1100.50,37.88,11.20,895,895,102,22.9
E,1,7,LineaE:1126,16,1211.30,62.49,12.30,895,895,102,22.9
E,1,7,LineaE:1126,17,1749.80,79.75,11.50,895,895,102,22.9
E,1,7,LineaE:1126,18,1521.10,56.31,11.60,895,895,102,22.9
E,1,7,LineaE:1126,19,732.00,41.34,11.30,895,895,102,22.9
E,1,7,LineaE:1126,20,514.60,48.99,10.80,895,895,102,22.9
E,1,7,LineaE:1126,21,355.20,26.22,8.40,895,895,102,22.9
E,1,7,LineaE:1126,22,161.00,9.18,8.30,895,895,102,22.9
E,1,7,LineaE:1126,23,9.70,4.24,5.10,895,895,102,22.9
E,1,8,LineaE:1125,5,99.70,19.13,4.50,895,805,173,0.0
E,1,8,LineaE:1125,6,829.70,48.36,8.90,895,805,173,0.0
E,1,8,LineaE:1125,7,3370.60,226.07,9.50,895,805,173,0.0
E,1,8,LineaE:1125,8,4337.90,202.72,12.00,895,805,173,0.0
E,1,8,LineaE:1125,9,3237.60,142.51,10.80,895,805,173,0.0
E,1,8,LineaE:1125,10,1600.70,95.95,12.10,895,805,173,0.0
E,1,8,LineaE:1125,11,1073.80,26.14,10.90,895,805,173,0.0
E,1,8,LineaE:1125,12,1239.80,86.41,10.10,895,805,173,0.0
E,1,8,LineaE:1125,13,1703.60,79.51,9.80,895,805,173,0.0
E,1,8,LineaE:1125,14,1008.10,86.09,9.60,895,805,173,0.0
E,1,8,LineaE:1125,15,868.10,38.91,11.30,895,805,173,0.0
E,1,8,LineaE:1125,16,1004.10,42.78,12.10,895,805,173,0.0
E,1,8,LineaE:1125,17,1536.90,94.70,11.80,895,805,173,0.0
E,1,8,LineaE:1125,18,1498.00,32.08,11.40,895,805,173,0.0
E,1,8,LineaE:1125,19,719.20,50.67,11.30,895,805,173,0.0
E,1,8,LineaE:1125,20,493.90,29.29,10.50,895,805,173,0.0
E,1,8,LineaE:1125,21,325.70,26.34,8.50,895,805,173,0.0
E,1,8,LineaE:1125,22,174.80,21.29,8.30,895,805,173,0.0
E,1,8,LineaE:1125,23,23.20,4.34,5.60,895,805,173,0.0
E,1,9,LineaE:1124,5,93.90,14.90,4.20,895,844,49,0.0
E,1,9,LineaE:1124,6,808.00,47.94,8.90,895,844,49,0.0
E,1,9,LineaE:1124,7,3478.50,196.27,9.60,895,844,49,0.0
E,1,9,LineaE:1124,8,4309.20,243.72,11.60,895,844,49,0.0
E,1,9,LineaE:1124,9,3472.60,151.34,11.10,895,844,49,0.0
E,1,9,LineaE:1124,10,1709.80,122.84,12.20,895,844,49,0.0
E,1,9,LineaE:1124,11,1121.90,56.21,10.80,895,844,49,0.0
E,1,9,LineaE:1124,12,1231.50,88.89,10.10,895,844,49,0.0
E,1,9,LineaE:1124,13,1711.90,103.35,9.70,895,844,49,0.0
E,1,9,LineaE:1124,14,1028.80,60.90,9.80,895,844,49,0.0
E,1,9,LineaE:1124,15,806.50,47.94,10.90,895,844,49,0.0
E,1,9,LineaE:1124,16,1005.00,35.61,12.30,895,844,49,0.0
E,1,9,LineaE:1124,17,1431.50,92.36,11.50,895,844,49,0.0
E,1,9,LineaE:1124,18,1556.30,66.68,11.70,895,844,49,0.0
E,1,9,LineaE:1124,19,712.70,61.71,11.20,895,844,49,0.0
E,1,9,LineaE:1124,20,472.60,35.62,10.80,895,844,49,0.0
E,1,9,LineaE:1124,21,313.60,25.92,8.60,895,844,49,0.0
E,1,9,LineaE:1124,22,158.90,16.70,8.30,895,844,49,0.0
E,1,9,LineaE:1124,23,22.00,4.14,5.70,895,844,49,0.0
E,1,10,LineaE:1123,5,81.00,18.72,4.90,895,845,46,0.0
E,1,10,LineaE:1123,6,763.10,55.98,8.80,895,845,46,0.0
E,1,10,LineaE:1123,7,3390.30,192.09,9.60,895,845,46,0.0
E,1,10,LineaE:1123,8,4385.10,224.43,11.80,895,845,46,0.0
E,1,10,LineaE:1123,9,3438.30,134.40,10.80,895,845,46,0.0
E,1,10,LineaE:1123,10,1788.00,150.17,12.30,895,845,46,0.0
E,1,10,LineaE:1123,11,1127.10,62.84,10.70,895,845,46,0.0
E,1,10,LineaE:1123,12,1263.40,54.97,10.60,895,845,46,0.0
E,1,10,LineaE:1123,13,1618.90,107.14,9.40,895,845,46,0.0
E,1,10,LineaE:1123,14,1024.50,67.36,9.90,895,845,46,0.0
E,1,10,LineaE:1123,15,787.70,41.69,10.90,895,845,46,0.0
E,1,10,LineaE:1123,16,949.10,31.69,12.10,895,845,46,0.0
E,1,10,LineaE:1123,17,1354.70,105.46,11.70,895,845,46,0.0
E,1,10,LineaE:1123,18,1444.70,75.45,11.40,895,845,46,0.0
E,1,10,LineaE:1123,19,635.70,43.29,11.60,895,845,46,0.0
E,1,10,LineaE:1123,20,385.80,23.30,10.60,895,845,46,0.0
E,1,10,LineaE:1123,21,261.70,23.69,8.60,895,845,46,0.0
E,1,10,LineaE:1123,22,129.10,14.36,8.40,895,845,46,0.0
E,1,10,LineaE:1123,23,16.50,4.35,5.90,895,845,46,0.0
E,1,11,LineaE:1122,5,82.00,20.74,4.80,895,860,34,0.0
E,1,11,LineaE:1122,6,727.60,66.90,8.50,895,860,34,0.0
E,1,11,LineaE:1122,7,3359.50,204.15,9.70,895,860,34,0.0
E,1,11,LineaE:1122,8,4426.00,156.39,11.60,895,860,34,0.0
E,1,11,LineaE:1122,9,3548.30,68.49,11.10,895,860,34,0.0
E,1,11,LineaE:1122,10,1790.30,142.52,12.00,895,860,34,0.0
E,1,11,LineaE:1122,11,1163.70,119.05,11.10,895,860,34,0.0
E,1,11,LineaE:1122,12,1272.10,121.63,10.30,895,860,34,0.0
E,1,11,LineaE:1122,13,1668.60,73.14,9.70,895,860,34,0.0
E,1,11,LineaE:1122,14,1017.10,68.20,9.70,895,860,34,0.0
E,1,11,LineaE:1122,15,788.10,40.39,10.90,895,860,34,0.0
E,1,11,LineaE:1122,16,933.80,30.38,12.10,895,860,34,0.0
E,1,11,LineaE:1122,17,1388.40,91.34,11.80,895,860,34,0.0
E,1,11,LineaE:1122,18,1449.50,45.13,11.50,895,860,34,0.0
E,1,11,LineaE:1122,19,661.60,43.70,11.50,895,860,34,0.0
E,1,11,LineaE:1122,20,425.10,21.13,10.50,895,860,34,0.0
E,1,11,LineaE:1122,21,273.30,18.99,8.70,895,860,34,0.0
E,1,11,LineaE:1122,22,134.40,17.06,8.50,895,860,34,0.0
E,1,11,LineaE:1122,23,16.40,4.95,6.00,895,860,34,0.0
E,1,12,LineaE:1121,5,87.80,21.79,4.60,895,895,482,14.7
E,1,12,LineaE:1121,6,776.50,66.93,8.60,895,895,482,14.7
E,1,12,LineaE:1121,7,2684.40,167.41,9.60,895,895,482,14.7
E,1,12,LineaE:1121,8,4535.60,159.98,11.50,895,895,482,14.7
E,1,12,LineaE:1121,9,3858.60,220.00,11.00,895,895,482,14.7
E,1,12,LineaE:1121,10,2177.80,204.80,12.30,895,895,482,14.7
E,1,12,LineaE:1121,11,1984.90,192.06,10.90,895,895,482,14.7
E,1,12,LineaE:1121,12,1784.00,164.98,10.40,895,895,482,14.7
E,1,12,LineaE:1121,13,1184.10,53.39,9.60,895,895,482,14.7
E,1,12,LineaE:1121,14,827.90,31.65,9.80,895,895,482,14.7
E,1,12,LineaE:1121,15,740.80,30.58,11.00,895,895,482,14.7
E,1,12,LineaE:1121,16,952.40,53.96,11.90,895,895,482,14.7
E,1,12,LineaE:1121,17,1227.10,48.77,11.80,895,895,482,14.7
E,1,12,LineaE:1121,18,1106.30,44.40,11.30,895,895,482,14.7
E,1,12,LineaE:1121,19,557.50,45.73,11.40,895,895,482,14.7
E,1,12,LineaE:1121,20,509.20,16.14,10.80,895,895,482,14.7
E,1,12,LineaE:1121,21,1009.70,53.76,9.00,895,895,482,14.7
E,1,12,LineaE:1121,22,435.70,47.07,8.20,895,895,482,14.7
E,1,12,LineaE:1121,23,14.10,5.55,6.30,895,895,482,14.7
E,1,13,LineaE:1120,5,70.70,16.94,4.20,895,839,54,0.0
E,1,13,LineaE:1120,6,742.50,53.30,8.90,895,839,54,0.0
E,1,13,LineaE:1120,7,2321.50,164.30,9.30,895,839,54,0.0
E,1,13,LineaE:1120,8,4238.00,233.62,11.50,895,839,54,0.0
E,1,13,LineaE:1120,9,3655.70,158.02,11.30,895,839,54,0.0
E,1,13,LineaE:1120,10,2035.60,156.91,12.00,895,839,54,0.0
E,1,13,LineaE:1120,11,1950.20,176.60,11.10,895,839,54,0.0
E,1,13,LineaE:1120,12,1815.80,150.31,10.40,895,839,54,0.0
E,1,13,LineaE:1120,13,1173.10,65.83,9.60,895,839,54,0.0
E,1,13,LineaE:1120,14,885.20,40.49,9.90,895,839,54,0.0
E,1,13,LineaE:1120,15,827.40,36.89,10.90,895,839,54,0.0
E,1,13,LineaE:1120,16,1068.60,56.92,11.80,895,839,54,0.0
E,1,13,LineaE:1120,17,1364.60,64.69,11.90,895,839,54,0.0
E,1,13,LineaE:1120,18,1197.40,53.55,11.30,895,839,54,0.0
E,1,13,LineaE:1120,19,592.40,32.01,11.50,895,839,54,0.0
E,1,13,LineaE:1120,20,528.00,23.78,10.90,895,839,54,0.0
E,1,13,LineaE:1120,21,943.20,132.18,8.70,895,839,54,0.0
E,1,13,LineaE:1120,22,512.50,126.30,8.40,895,839,54,0.0
E,1,13,LineaE:1120,23,16.20,6.12,6.40,895,839,54,0.0
E,1,14,LineaE:1119,5,52.10,6.14,5.10,895,652,166,0.0
E,1,14,LineaE:1119,6,520.20,44.42,8.70,895,652,166,0.0
E,1,14,LineaE:1119,7,1604.80,99.78,9.40,895,652,166,0.0
E,1,14,LineaE:1119,8,3137.60,98.21,11.40,895,652,166,0.0
E,1,14,LineaE:1119,9,2529.00,139.70,11.40,895,652,166,0.0
E,1,14,LineaE:1119,10,1448.80,99.52,11.80,895,652,166,0.0
E,1,14,LineaE:1119,11,1583.40,151.25,11.40,895,652,166,0.0
E,1,14,LineaE:1119,12,1476.70,121.39,10.20,895,652,166,0.0
E,1,14,LineaE:1119,13,904.00,37.16,9.60,895,652,166,0.0
E,1,14,LineaE:1119,14,756.20,54.52,9.80,895,652,166,0.0
E,1,14,LineaE:1119,15,751.00,43.34,10.80,895,652,166,0.0
E,1,14,LineaE:1119,16,1053.70,43.85,12.00,895,652,166,0.0
E,1,14,LineaE:1119,17,1275.20,85.64,11.70,895,652,166,0.0
E,1,14,LineaE:1119,18,1127.80,66.73,11.50,895,652,166,0.0
E,1,14,LineaE:1119,19,554.60,27.58,11.20,895,652,166,0.0
E,1,14,LineaE:1119,20,538.60,29.40,11.20,895,652,166,0.0
E,1,14,LineaE:1119,21,870.10,162.43,8.80,895,652,166,0.0
E,1,14,LineaE:1119,22,565.60,142.76,8.20,895,652,166,0.0
E,1,14,LineaE:1119,23,19.30,4.22,6.80,895,652,166,0.0
E,1,15,LineaE:1166,5,35.10,3.21,5.10,895,448,102,0.0
E,1,15,LineaE:1166,6,325.20,31.75,8.30,895,448,102,0.0
E,1,15,LineaE:1166,7,1038.90,60.58,9.50,895,448,102,0.0
E,1,15,LineaE:1166,8,2025.60,81.86,11.30,895,448,102,0.0
E,1,15,LineaE:1166,9,1547.70,99.47,11.50,895,448,102,0.0
E,1,15,LineaE:1166,10,933.80,62.16,11.70,895,448,102,0.0
E,1,15,LineaE:1166,11,862.30,57.69,11.40,895,448,102,0.0
E,1,15,LineaE:1166,12,908.90,75.84,10.40,895,448,102,0.0
E,1,15,LineaE:1166,13,618.80,39.36,9.50,895,448,102,0.0
E,1,15,LineaE:1166,14,562.40,29.70,9.90,895,448,102,0.0
E,1,15,LineaE:1166,15,614.20,33.18,10.80,895,448,102,0.0
E,1,15,LineaE:1166,16,803.90,70.91,11.60,895,448,102,0.0
E,1,15,LineaE:1166,17,1007.70,49.44,12.10,895,448,102,0.0
E,1,15,LineaE:1166,18,852.30,59.08,11.50,895,448,102,0.0
E,1,15,LineaE:1166,19,435.80,37.99,11.10,895,448,102,0.0
E,1,15,LineaE:1166,20,321.40,30.41,10.90,895,448,102,0.0
E,1,15,LineaE:1166,21,223.50,23.50,9.00,895,448,102,0.0
E,1,15,LineaE:1166,22,143.50,18.51,8.30,895,448,102,0.0
E,1,15,LineaE:1166,23,18.20,3.88,7.10,895,448,102,0.0
E,1,16,LineaE:1165,5,24.80,4.71,5.00,895,239,5,0.0
E,1,16,LineaE:1165,6,220.20,26.89,8.30,895,239,5,0.0
E,1,16,LineaE:1165,7,552.00,27.98,9.30,895,239,5,0.0
E,1,16,LineaE:1165,8,685.90,30.22,11.20,895,239,5,0.0
E,1,16,LineaE:1165,9,563.80,37.47,11.80,895,239,5,0.0
E,1,16,LineaE:1165,10,507.10,25.45,11.70,895,239,5,0.0
E,1,16,LineaE:1165,11,580.60,41.58,11.10,895,239,5,0.0
E,1,16,LineaE:1165,12,715.80,38.92,10.20,895,239,5,0.0
E,1,16,LineaE:1165,13,450.40,32.51,9.80,895,239,5,0.0
E,1,16,LineaE:1165,14,378.60,30.47,9.80,895,239,5,0.0
E,1,16,LineaE:1165,15,456.70,21.77,10.80,895,239,5,0.0
E,1,16,LineaE:1165,16,650.60,61.64,11.90,895,239,5,0.0
E,1,16,LineaE:1165,17,853.20,48.48,12.00,895,239,5,0.0
E,1,16,LineaE:1165,18,738.30,49.42,11.30,895,239,5,0.0
E,1,16,LineaE:1165,19,350.20,20.47,11.50,895,239,5,0.0
E,1,16,LineaE:1165,20,237.80,19.41,10.80,895,239,5,0.0
E,1,16,LineaE:1165,21,158.60,15.36,9.00,895,239,5,0.0
E,1,16,LineaE:1165,22,100.80,11.91,8.30,895,239,5,0.0
E,1,16,LineaE:1165,23,10.50,3.87,7.20,895,239,5,0.0
H,0,0,LineaH:1163,5,0.00,0.00,6.90,1074,144,144,0.0
H,0,0,LineaH:1163,6,4.10,1.73,15.20,1074,144,144,0.0
H,0,0,LineaH:1163,7,42.00,6.82,17.40,1074,144,144,0.0
H,0,0,LineaH:1163,8,93.40,8.37,17.30,1074,144,144,0.0
H,0,0,LineaH:1163,9,115.30,11.01,18.00,1074,144,144,0.0
H,0,0,LineaH:1163,10,141.30,13.97,16.80,1074,144,144,0.0
H,0,0,LineaH:1163,11,215.70,16.25,14.60,1074,144,144,0.0
H,0,0,LineaH:1163,12,182.20,12.94,14.10,1074,144,144,0.0
H,0,0,LineaH:1163,13,259.00,19.11,14.80,1074,144,144,0.0
H,0,0,LineaH:1163,14,154.00,11.52,15.80,1074,144,144,0.0
H,0,0,LineaH:1163,15,182.70,13.27,17.10,1074,144,144,0.0
H,0,0,LineaH:1163,16,484.40,31.21,17.50,1074,144,144,0.0
H,0,0,LineaH:1163,17,649.20,21.89,17.50,1074,144,144,0.0
H,0,0,LineaH:1163,18,729.50,22.96,17.60,1074,144,144,0.0
H,0,0,LineaH:1163,19,489.10,21.17,16.10,1074,144,144,0.0
H,0,0,LineaH:1163,20,608.60,32.32,12.20,1074,144,144,0.0
H,0,0,LineaH:1163,21,161.70,13.50,12.30,1074,144,144,0.0
H,0,0,LineaH:1163,22,68.30,10.48,12.20,1074,144,144,0.0
H,0,0,LineaH:1163,23,13.30,2.83,5.70,1074,144,144,0.0
H,0,1,LineaH:1162,5,3.50,1.51,6.50,1074,229,134,0.0
H,0,1,LineaH:1162,6,79.00,5.01,15.10,1074,229,134,0.0
H,0,1,LineaH:1162,7,369.20,13.13,17.50,1074,229,134,0.0
H,0,1,LineaH:1162,8,448.10,27.73,17.30,1074,229,134,0.0
H,0,1,LineaH:1162,9,488.10,23.16,17.80,1074,229,134,0.0
H,0,1,LineaH:1162,10,477.50,21.91,17.00,1074,229,134,0.0
H,0,1,LineaH:1162,11,571.10,26.94,14.30,1074,229,134,0.0
H,0,1,LineaH:1162,12,645.30,39.57,14.00,1074,229,134,0.0
H,0,1,LineaH:1162,13,805.10,38.52,15.10,1074,229,134,0.0
H,0,1,LineaH:1162,14,653.50,25.85,15.80,1074,229,134,0.0
H,0,1,LineaH:1162,15,1004.80,45.59,17.30,1074,229,134,0.0
H,0,1,LineaH:1162,16,1518.50,52.49,17.30,1074,229,134,0.0
H,0,1,LineaH:1162,17,1681.90,45.19,17.60,1074,229,134,0.0
H,0,1,LineaH:1162,18,1714.10,61.91,17.60,1074,229,134,0.0
H,0,1,LineaH:1162,19,1178.10,63.75,15.80,1074,229,134,0.0
H,0,1,LineaH:1162,20,1222.10,62.23,12.70,1074,229,134,0.0
H,0,1,LineaH:1162,21,364.10,17.32,12.20,1074,229,134,0.0
H,0,1,LineaH:1162,22,220.30,14.23,12.20,1074,229,134,0.0
H,0,1,LineaH:1162,23,33.90,6.57,6.00,1074,229,134,0.0
H,0,2,LineaH:1161,5,27.40,4.14,5.90,1074,748,562,0.0
H,0,2,LineaH:1161,6,369.00,25.82,15.00,1074,748,562,0.0
H,0,2,LineaH:1161,7,1622.70,55.95,17.40,1074,748,562,0.0
H,0,2,LineaH:1161,8,2045.00,71.67,17.40,1074,748,562,0.0
H,0,2,LineaH:1161,9,1871.00,91.43,17.70,1074,748,562,0.0
H,0,2,LineaH:1161,10,1664.30,75.66,17.20,1074,748,562,0.0
H,0,2,LineaH:1161,11,1897.90,44.66,14.60,1074,748,562,0.0
H,0,2,LineaH:1161,12,2469.20,51.39,14.20,1074,748,562,0.0
H,0,2,LineaH:1161,13,2817.60,102.91,14.70,1074,748,562,0.0
H,0,2,LineaH:1161,14,2795.00,97.49,15.70,1074,748,562,0.0
H,0,2,LineaH:1161,15,3397.80,103.61,17.10,1074,748,562,0.0
H,0,2,LineaH:1161,16,4348.30,115.31,17.30,1074,748,562,0.0
H,0,2,LineaH:1161,17,5188.80,141.39,17.80,1074,748,562,0.0
H,0,2,LineaH:1161,18,5017.20,148.65,17.60,1074,748,562,0.0
H,0,2,LineaH:1161,19,3399.70,128.94,16.00,1074,748,562,0.0
H,0,2,LineaH:1161,20,3018.80,123.49,12.80,1074,748,562,0.0
H,0,2,LineaH:1161,21,1424.00,99.36,12.00,1074,748,562,0.0
H,0,2,LineaH:1161,22,746.60,52.57,12.10,1074,748,562,0.0
H,0,2,LineaH:1161,23,122.10,25.28,6.60,1074,748,562,0.0
H,0,3,LineaH:1160,5,34.80,4.34,5.90,1074,806,78,0.0
H,0,3,LineaH:1160,6,408.80,27.96,14.90,1074,806,78,0.0
H,0,3,LineaH:1160,7,1724.20,41.29,17.40,1074,806,78,0.0
H,0,3,LineaH:1160,8,2185.50,44.42,17.30,1074,806,78,0.0
H,0,3,LineaH:1160,9,1990.60,61.88,17.80,1074,806,78,0.0
H,0,3,LineaH:1160,10,1728.00,62.92,16.80,1074,806,78,0.0
H,0,3,LineaH:1160,11,2047.20,91.07,14.60,1074,806,78,0.0
H,0,3,LineaH:1160,12,2792.20,128.13,14.40,1074,806,78,0.0
H,0,3,LineaH:1160,13,3112.30,120.17,14.80,1074,806,78,0.0
H,0,3,LineaH:1160,14,3064.00,140.13,15.80,1074,806,78,0.0
H,0,3,LineaH:1160,15,3699.90,132.92,17.00,1074,806,78,0.0
H,0,3,LineaH:1160,16,4751.60,123.64,17.30,1074,806,78,0.0
H,0,3,LineaH:1160,17,5705.70,92.16,17.70,1074,806,78,0.0
H,0,3,LineaH:1160,18,5442.10,199.94,17.60,1074,806,78,0.0
H,0,3,LineaH:1160,19,3695.40,152.07,16.00,1074,806,78,0.0
H,0,3,LineaH:1160,20,3202.80,107.24,12.50,1074,806,78,0.0
H,0,3,LineaH:1160,21,1675.20,88.31,12.40,1074,806,78,0.0
H,0,3,LineaH:1160,22,821.20,56.44,12.10,1074,806,78,0.0
H,0,3,LineaH:1160,23,135.90,21.89,6.80,1074,806,78,0.0
H,0,4,LineaH:1141,5,71.90,12.07,6.60,1074,899,353,0.0
H,0,4,LineaH:1141,6,648.50,49.77,14.70,1074,899,353,0.0
H,0,4,LineaH:1141,7,2580.00,76.26,17.10,1074,899,353,0.0
H,0,4,LineaH:1141,8,3214.40,82.83,17.50,1074,899,353,0.0
H,0,4,LineaH:1141,9,2673.20,48.25,17.80,1074,899,353,0.0
H,0,4,LineaH:1141,10,2202.40,90.79,16.90,1074,899,353,0.0
H,0,4,LineaH:1141,11,2533.30,91.39,14.90,1074,899,353,0.0
H,0,4,LineaH:1141,12,3443.60,107.71,14.00,1074,899,353,0.0
H,0,4,LineaH:1141,13,3907.50,147.11,15.00,1074,899,353,0.0
H,0,4,LineaH:1141,14,3737.20,105.82,15.60,1074,899,353,0.0
H,0,4,LineaH:1141,15,4493.20,138.62,16.90,1074,899,353,0.0
H,0,4,LineaH:1141,16,5947.10,121.83,17.50,1074,899,353,0.0
H,0,4,LineaH:1141,17,7386.70,229.87,17.70,1074,899,353,0.0
H,0,4,LineaH:1141,18,6817.30,232.09,17.40,1074,899,353,0.0
H,0,4,LineaH:1141,19,4650.30,181.28,16.60,1074,899,353,0.0
H,0,4,LineaH:1141,20,3553.10,83.09,12.50,1074,899,353,0.0
H,0,4,LineaH:1141,21,2057.60,91.18,12.10,1074,899,353,0.0
H,0,4,LineaH:1141,22,1211.80,48.10,12.30,1074,899,353,0.0
H,0,4,LineaH:1141,23,227.20,23.01,7.00,1074,899,353,0.0
H,0,5,LineaH:1140,5,64.40,9.57,6.00,1074,666,130,0.0
H,0,5,LineaH:1140,6,718.60,56.03,15.00,1074,666,130,0.0
H,0,5,LineaH:1140,7,2694.30,66.45,17.20,1074,666,130,0.0
H,0,5,LineaH:1140,8,3199.80,68.28,17.30,1074,666,130,0.0
H,0,5,LineaH:1140,9,2432.50,76.71,17.80,1074,666,130,0.0
H,0,5,LineaH:1140,10,1798.70,49.81,17.00,1074,666,130,0.0
H,0,5,LineaH:1140,11,1879.90,51.12,14.80,1074,666,130,0.0
H,0,5,LineaH:1140,12,2572.10,111.26,14.10,1074,666,130,0.0
H,0,5,LineaH:1140,13,2881.00,85.50,14.90,1074,666,130,0.0
H,0,5,LineaH:1140,14,2895.10,63.11,15.60,1074,666,130,0.0
H,0,5,LineaH:1140,15,3319.10,110.76,17.00,1074,666,130,0.0
H,0,5,LineaH:1140,16,4294.60,115.43,17.40,1074,666,130,0.0
H,0,5,LineaH:1140,17,5449.10,135.49,17.60,1074,666,130,0.0
H,0,5,LineaH:1140,18,5231.00,216.30,17.70,1074,666,130,0.0
H,0,5,LineaH:1140,19,3276.60,101.53,16.30,1074,666,130,0.0
H,0,5,LineaH:1140,20,2595.70,77.16,12.90,1074,666,130,0.0
H,0,5,LineaH:1140,21,1534.30,71.01,11.90,1074,666,130,0.0
H,0,5,LineaH:1140,22,1011.50,54.58,12.30,1074,666,130,0.0
H,0,5,LineaH:1140,23,194.60,31.12,7.30,1074,666,130,0.0
H,0,6,LineaH:1139,5,65.50,9.86,6.90,1074,619,17,0.0
H,0,6,LineaH:1139,6,663.70,38.49,14.80,1074,619,17,0.0
H,0,6,LineaH:1139,7,2471.90,89.97,16.80,1074,619,17,0.0
H,0,6,LineaH:1139,8,3082.80,102.41,17.70,1074,619,17,0.0
H,0,6,LineaH:1139,9,2301.30,144.70,17.50,1074,619,17,0.0
H,0,6,LineaH:1139,10,1697.60,48.00,17.10,1074,619,17,0.0
H,0,6,LineaH:1139,11,1754.40,83.52,15.00,1074,619,17,0.0
H,0,6,LineaH:1139,12,2366.20,123.01,14.00,1074,619,17,0.0
H,0,6,LineaH:1139,13,2692.60,139.27,14.90,1074,619,17,0.0
H,0,6,LineaH:1139,14,2661.80,127.26,15.40,1074,619,17,0.0
H,0,6,LineaH:1139,15,3080.90,109.46,17.00,1074,619,17,0.0
H,0,6,LineaH:1139,16,4016.50,140.21,17.50,1074,619,17,0.0
H,0,6,LineaH:1139,17,5083.40,135.49,17.60,1074,619,17,0.0
H,0,6,LineaH:1139,18,4839.60,96.90,17.60,1074,619,17,0.0
H,0,6,LineaH:1139,19,3074.90,85.44,16.40,1074,619,17,0.0
H,0,6,LineaH:1139,20,2385.70,104.33,12.60,1074,619,17,0.0
H,0,6,LineaH:1139,21,1524.60,75.86,12.50,1074,619,17,0.0
H,0,6,LineaH:1139,22,914.00,51.21,12.10,1074,619,17,0.0
H,0,6,LineaH:1139,23,183.90,23.12,7.70,1074,619,17,0.0
H,0,7,LineaH:1138,5,49.10,10.32,6.30,1074,438,66,0.0
H,0,7,LineaH:1138,6,530.00,22.51,14.70,1074,438,66,0.0
H,0,7,LineaH:1138,7,2117.90,57.92,17.20,1074,438,66,0.0
H,0,7,LineaH:1138,8,2613.90,80.61,17.30,1074,438,66,0.0
H,0,7,LineaH:1138,9,1979.90,72.40,17.60,1074,438,66,0.0
H,0,7,LineaH:1138,10,1335.60,48.61,17.20,1074,438,66,0.0
H,0,7,LineaH:1138,11,1211.70,56.10,15.00,1074,438,66,0.0
H,0,7,LineaH:1138,12,1645.80,65.93,14.00,1074,438,66,0.0
H,0,7,LineaH:1138,13,1868.90,133.74,15.00,1074,438,66,0.0
H,0,7,LineaH:1138,14,1759.00,56.43,15.40,1074,438,66,0.0
H,0,7,LineaH:1138,15,2118.20,63.31,16.90,1074,438,66,0.0
H,0,7,LineaH:1138,16,2870.00,107.58,17.50,1074,438,66,0.0
H,0,7,LineaH:1138,17,3530.70,122.01,17.70,1074,438,66,0.0
H,0,7,LineaH:1138,18,3257.40,117.00,17.60,1074,438,66,0.0
H,0,7,LineaH:1138,19,1955.40,41.75,16.20,1074,438,66,0.0
H,0,7,LineaH:1138,20,1472.60,49.93,13.10,1074,438,66,0.0
H,0,7,LineaH:1138,21,965.30,33.57,12.30,1074,438,66,0.0
H,0,7,LineaH:1138,22,606.30,24.57,12.10,1074,438,66,0.0
H,0,7,LineaH:1138,23,117.80,12.85,8.00,1074,438,66,0.0
H,0,8,LineaH:1137,5,39.00,12.23,5.90,1074,384,7,0.0
H,0,8,LineaH:1137,6,473.20,26.09,14.70,1074,384,7,0.0
H,0,8,LineaH:1137,7,1786.70,57.65,16.90,1074,384,7,0.0
H,0,8,LineaH:1137,8,2341.20,72.32,17.60,1074,384,7,0.0
H,0,8,LineaH:1137,9,1803.30,65.39,17.50,1074,384,7,0.0
H,0,8,LineaH:1137,10,1229.10,64.63,17.20,1074,384,7,0.0
H,0,8,LineaH:1137,11,1038.80,53.06,15.10,1074,384,7,0.0
H,0,8,LineaH:1137,12,1383.00,91.22,14.10,1074,384,7,0.0
H,0,8,LineaH:1137,13,1575.70,104.44,14.80,1074,384,7,0.0
H,0,8,LineaH:1137,14,1478.10,58.74,15.20,1074,384,7,0.0
H,0,8,LineaH:1137,15,1825.60,72.09,17.00,1074,384,7,0.0
H,0,8,LineaH:1137,16,2443.30,83.83,17.50,1074,384,7,0.0
H,0,8,LineaH:1137,17,3021.90,129.67,17.70,1074,384,7,0.0
H,0,8,LineaH:1137,18,2833.00,116.32,17.60,1074,384,7,0.0
H,0,8,LineaH:1137,19,1682.10,65.78,16.20,1074,384,7,0.0
H,0,8,LineaH:1137,20,1199.40,42.37,13.30,1074,384,7,0.0
H,0,8,LineaH:1137,21,780.50,27.57,12.20,1074,384,7,0.0
H,0,8,LineaH:1137,22,480.50,26.80,12.10,1074,384,7,0.0
H,0,8,LineaH:1137,23,100.60,15.70,8.50,1074,384,7,0.0
H,0,9,LineaH:1136,5,27.80,7.66,6.80,1074,322,4,0.0
H,0,9,LineaH:1136,6,355.30,22.86,14.40,1074,322,4,0.0
H,0,9,LineaH:1136,7,1273.90,56.99,16.90,1074,322,4,0.0
H,0,9,LineaH:1136,8,1613.10,54.04,17.50,1074,322,4,0.0
H,0,9,LineaH:1136,9,1362.60,56.52,17.50,1074,322,4,0.0
H,0,9,LineaH:1136,10,998.80,45.89,17.20,1074,322,4,0.0
H,0,9,LineaH:1136,11,828.60,44.93,15.40,1074,322,4,0.0
H,0,9,LineaH:1136,12,1058.40,55.41,13.90,1074,322,4,0.0
H,0,9,LineaH:1136,13,1247.40,68.46,14.40,1074,322,4,0.0
H,0,9,LineaH:1136,14,1242.60,44.26,15.80,1074,322,4,0.0
H,0,9,LineaH:1136,15,1440.60,52.83,16.90,1074,322,4,0.0
H,0,9,LineaH:1136,16,1893.70,67.14,17.20,1074,322,4,0.0
H,0,9,LineaH:1136,17,2477.50,91.36,17.80,1074,322,4,0.0
H,0,9,LineaH:1136,18,2300.20,97.42,17.50,1074,322,4,0.0
H,0,9,LineaH:1136,19,1341.10,73.45,16.70,1074,322,4,0.0
H,0,9,LineaH:1136,20,886.20,24.90,12.80,1074,322,4,0.0
H,0,9,LineaH:1136,21,600.20,25.47,12.50,1074,322,4,0.0
H,0,9,LineaH:1136,22,377.50,22.94,12.10,1074,322,4,0.0
H,0,9,LineaH:1136,23,85.80,8.68,8.80,1074,322,4,0.0
H,0,10,LineaH:1135,5,14.90,4.07,6.00,1074,214,3,0.0
H,0,10,LineaH:1135,6,205.80,22.26,14.50,1074,214,3,0.0
H,0,10,LineaH:1135,7,593.40,37.13,16.70,1074,214,3,0.0
H,0,10,LineaH:1135,8,635.50,20.67,17.80,1074,214,3,0.0
H,0,10,LineaH:1135,9,490.60,23.65,17.70,1074,214,3,0.0
H,0,10,LineaH:1135,10,394.50,20.46,17.00,1074,214,3,0.0
H,0,10,LineaH:1135,11,408.50,21.59,15.20,1074,214,3,0.0
H,0,10,LineaH:1135,12,551.10,26.15,14.30,1074,214,3,0.0
H,0,10,LineaH:1135,13,636.80,33.43,14.60,1074,214,3,0.0
H,0,10,LineaH:1135,14,711.00,41.27,15.40,1074,214,3,0.0
H,0,10,LineaH:1135,15,880.40,31.34,16.60,1074,214,3,0.0
H,0,10,LineaH:1135,16,1227.60,40.49,17.50,1074,214,3,0.0
H,0,10,LineaH:1135,17,1568.60,68.01,17.80,1074,214,3,0.0
H,0,10,LineaH:1135,18,1405.00,48.17,17.60,1074,214,3,0.0
H,0,10,LineaH:1135,19,771.50,33.65,16.40,1074,214,3,0.0
H,0,10,LineaH:1135,20,501.90,21.55,13.30,1074,214,3,0.0
H,0,10,LineaH:1135,21,314.40,21.64,12.50,1074,214,3,0.0
H,0,10,LineaH:1135,22,181.70,11.38,12.20,1074,214,3,0.0
H,0,10,LineaH:1135,23,47.00,7.77,9.00,1074,214,3,0.0
H,1,0,LineaH:1134,5,76.10,10.68,6.10,1074,339,339,0.0
H,1,0,LineaH:1134,6,954.30,44.20,13.60,1074,339,339,0.0
H,1,0,LineaH:1134,7,2745.20,45.49,17.30,1074,339,339,0.0
H,1,0,LineaH:1134,8,2320.10,70.98,17.30,1074,339,339,0.0
H,1,0,LineaH:1134,9,1700.30,49.12,17.70,1074,339,339,0.0
H,1,0,LineaH:1134,10,822.80,26.23,17.60,1074,339,339,0.0
H,1,0,LineaH:1134,11,693.60,30.06,14.90,1074,339,339,0.0
H,1,0,LineaH:1134,12,738.40,27.23,14.60,1074,339,339,0.0
H,1,0,LineaH:1134,13,788.70,36.72,14.30,1074,339,339,0.0
H,1,0,LineaH:1134,14,512.70,25.13,15.20,1074,339,339,0.0
H,1,0,LineaH:1134,15,436.50,15.17,17.10,1074,339,339,0.0
H,1,0,LineaH:1134,16,662.10,27.46,17.20,1074,339,339,0.0
H,1,0,LineaH:1134,17,634.80,14.52,17.30,1074,339,339,0.0
H,1,0,LineaH:1134,18,485.00,28.02,17.20,1074,339,339,0.0
H,1,0,LineaH:1134,19,267.10,17.74,17.00,1074,339,339,0.0
H,1,0,LineaH:1134,20,167.10,14.90,12.00,1074,339,339,0.0
H,1,0,LineaH:1134,21,100.50,8.98,12.40,1074,339,339,0.0
H,1,0,LineaH:1134,22,48.90,6.37,12.20,1074,339,339,0.0
H,1,0,LineaH:1134,23,7.00,2.62,10.10,1074,339,339,0.0
H,1,1,LineaH:1135,5,137.00,14.15,5.60,1074,492,203,0.0
H,1,1,LineaH:1135,6,1441.00,48.63,14.00,1074,492,203,0.0
H,1,1,LineaH:1135,7,3937.30,80.56,16.80,1074,492,203,0.0
H,1,1,LineaH:1135,8,3498.40,147.01,17.50,1074,492,203,0.0
H,1,1,LineaH:1135,9,2501.10,78.68,17.50,1074,492,203,0.0
H,1,1,LineaH:1135,10,1379.60,54.84,17.70,1074,492,203,0.0
H,1,1,LineaH:1135,11,1155.10,24.39,15.00,1074,492,203,0.0
H,1,1,LineaH:1135,12,1239.10,65.46,14.20,1074,492,203,0.0
H,1,1,LineaH:1135,13,1467.00,58.91,14.80,1074,492,203,0.0
H,1,1,LineaH:1135,14,916.80,47.34,14.90,1074,492,203,0.0
H,1,1,LineaH:1135,15,1017.40,38.77,17.50,1074,492,203,0.0
H,1,1,LineaH:1135,16,1367.70,41.79,16.80,1074,492,203,0.0
H,1,1,LineaH:1135,17,1625.10,55.14,17.60,1074,492,203,0.0
H,1,1,LineaH:1135,18,1479.10,56.83,17.10,1074,492,203,0.0
H,1,1,LineaH:1135,19,710.90,24.73,17.00,1074,492,203,0.0
H,1,1,LineaH:1135,20,493.90,27.52,12.10,1074,492,203,0.0
H,1,1,LineaH:1135,21,256.80,14.20,12.30,1074,492,203,0.0
H,1,1,LineaH:1135,22,170.30,13.54,12.40,1074,492,203,0.0
H,1,1,LineaH:1135,23,32.00,3.33,10.30,1074,492,203,0.0
H,1,2,LineaH:1136,5,164.30,20.54,6.40,1074,551,126,0.0
H,1,2,LineaH:1136,6,1497.30,54.01,13.70,1074,551,126,0.0
H,1,2,LineaH:1136,7,4451.60,113.56,16.90,1074,551,126,0.0
H,1,2,LineaH:1136,8,4028.20,136.91,17.10,1074,551,126,0.0
H,1,2,LineaH:1136,9,2955.50,83.43,17.80,1074,551,126,0.0
H,1,2,LineaH:1136,10,1713.20,48.29,17.70,1074,551,126,0.0
H,1,2,LineaH:1136,11,1396.00,61.19,14.90,1074,551,126,0.0
H,1,2,LineaH:1136,12,1749.20,64.20,14.50,1074,551,126,0.0
H,1,2,LineaH:1136,13,1860.50,37.95,14.40,1074,551,126,0.0
H,1,2,LineaH:1136,14,1374.50,57.62,15.10,1074,551,126,0.0
H,1,2,LineaH:1136,15,1432.20,59.03,17.10,1074,551,126,0.0
H,1,2,LineaH:1136,16,1745.40,55.14,17.00,1074,551,126,0.0
H,1,2,LineaH:1136,17,2210.50,55.73,17.50,1074,551,126,0.0
H,1,2,LineaH:1136,18,2071.00,76.29,17.30,1074,551,126,0.0
H,1,2,LineaH:1136,19,990.90,54.06,16.90,1074,551,126,0.0
H,1,2,LineaH:1136,20,693.20,44.54,12.30,1074,551,126,0.0
H,1,2,LineaH:1136,21,367.80,21.45,12.20,1074,551,126,0.0
H,1,2,LineaH:1136,22,258.00,18.55,12.40,1074,551,126,0.0
H,1,2,LineaH:1136,23,47.70,6.06,10.90,1074,551,126,0.0
H,1,3,LineaH:1137,5,191.50,20.83,6.00,1074,616,69,0.0
H,1,3,LineaH:1137,6,1571.90,77.69,13.60,1074,616,69,0.0
H,1,3,LineaH:1137,7,4758.40,131.72,16.60,1074,616,69,0.0
H,1,3,LineaH:1137,8,4713.50,129.04,17.70,1074,616,69,0.0
H,1,3,LineaH:1137,9,3252.10,56.14,17.30,1074,616,69,0.0
H,1,3,LineaH:1137,10,1951.20,62.87,17.90,1074,616,69,0.0
H,1,3,LineaH:1137,11,1566.90,41.99,15.00,1074,616,69,0.0
H,1,3,LineaH:1137,12,1961.10,86.05,14.50,1074,616,69,0.0
H,1,3,LineaH:1137,13,2178.20,106.36,14.70,1074,616,69,0.0
H,1,3,LineaH:1137,14,1578.60,61.01,14.90,1074,616,69,0.0
H,1,3,LineaH:1137,15,1732.00,58.05,17.10,1074,616,69,0.0
H,1,3,LineaH:1137,16,2156.80,70.64,17.10,1074,616,69,0.0
H,1,3,LineaH:1137,17,2528.70,98.60,17.20,1074,616,69,0.0
H,1,3,LineaH:1137,18,2333.00,82.54,17.20,1074,616,69,0.0
H,1,3,LineaH:1137,19,1167.60,62.41,17.20,1074,616,69,0.0
H,1,3,LineaH:1137,20,789.30,48.18,12.30,1074,616,69,0.0
H,1,3,LineaH:1137,21,442.60,15.10,12.50,1074,616,69,0.0
H,1,3,LineaH:1137,22,275.50,18.30,12.00,1074,616,69,0.0
H,1,3,LineaH:1137,23,61.70,6.82,11.30,1074,616,69,0.0
H,1,4,LineaH:1138,5,210.70,24.47,6.60,1074,841,334,0.0
H,1,4,LineaH:1138,6,1973.60,128.59,13.60,1074,841,334,0.0
H,1,4,LineaH:1138,7,6085.40,138.94,16.80,1074,841,334,0.0
H,1,4,LineaH:1138,8,5763.90,204.62,17.10,1074,841,334,0.0
H,1,4,LineaH:1138,9,4352.20,135.72,17.70,1074,841,334,0.0
H,1,4,LineaH:1138,10,2648.20,94.07,17.70,1074,841,334,0.0
H,1,4,LineaH:1138,11,2242.30,98.29,15.20,1074,841,334,0.0
H,1,4,LineaH:1138,12,2816.40,115.89,14.70,1074,841,334,0.0
H,1,4,LineaH:1138,13,3073.20,153.81,14.30,1074,841,334,0.0
H,1,4,LineaH:1138,14,2256.80,73.36,15.00,1074,841,334,0.0
H,1,4,LineaH:1138,15,2446.00,87.68,16.90,1074,841,334,0.0
H,1,4,LineaH:1138,16,2922.10,71.37,17.00,1074,841,334,0.0
H,1,4,LineaH:1138,17,3434.90,77.14,17.50,1074,841,334,0.0
H,1,4,LineaH:1138,18,3024.50,111.71,17.30,1074,841,334,0.0
H,1,4,LineaH:1138,19,1584.70,65.72,17.20,1074,841,334,0.0
H,1,4,LineaH:1138,20,1065.80,61.04,12.30,1074,841,334,0.0
H,1,4,LineaH:1138,21,700.60,34.32,12.50,1074,841,334,0.0
H,1,4,LineaH:1138,22,446.20,26.91,12.20,1074,841,334,0.0
H,1,4,LineaH:1138,23,97.80,12.18,11.50,1074,841,334,0.0
H,1,5,LineaH:1139,5,211.20,25.54,6.30,1074,898,81,0.0
H,1,5,LineaH:1139,6,1975.70,107.57,13.30,1074,898,81,0.0
H,1,5,LineaH:1139,7,6196.20,172.50,16.50,1074,898,81,0.0
H,1,5,LineaH:1139,8,6519.50,167.39,17.60,1074,898,81,0.0
H,1,5,LineaH:1139,9,4709.20,87.24,17.50,1074,898,81,0.0
H,1,5,LineaH:1139,10,2995.90,79.76,17.60,1074,898,81,0.0
H,1,5,LineaH:1139,11,2489.80,88.63,15.30,1074,898,81,0.0
H,1,5,LineaH:1139,12,3095.10,119.38,14.80,1074,898,81,0.0
H,1,5,LineaH:1139,13,3348.70,79.65,14.40,1074,898,81,0.0
H,1,5,LineaH:1139,14,2436.30,66.50,14.90,1074,898,81,0.0
H,1,5,LineaH:1139,15,2670.70,54.87,17.00,1074,898,81,0.0
H,1,5,LineaH:1139,16,3170.70,93.49,17.10,1074,898,81,0.0
H,1,5,LineaH:1139,17,3657.30,119.87,17.30,1074,898,81,0.0
H,1,5,LineaH:1139,18,3207.50,82.81,17.00,1074,898,81,0.0
H,1,5,LineaH:1139,19,1909.20,80.78,17.70,1074,898,81,0.0
H,1,5,LineaH:1139,20,1215.70,45.00,12.20,1074,898,81,0.0
H,1,5,LineaH:1139,21,769.20,38.60,12.30,1074,898,81,0.0
H,1,5,LineaH:1139,22,494.30,29.91,12.30,1074,898,81,0.0
H,1,5,LineaH:1139,23,100.50,10.80,11.90,1074,898,81,0.0
H,1,6,LineaH:1140,5,247.20,16.64,6.00,1074,1074,404,15.6
H,1,6,LineaH:1140,6,2331.30,134.96,13.30,1074,1074,404,15.6
H,1,6,LineaH:1140,7,7410.00,243.37,16.70,1074,1074,404,15.6
H,1,6,LineaH:1140,8,8007.30,319.93,17.20,1074,1074,404,15.6
H,1,6,LineaH:1140,9,6504.60,212.41,17.50,1074,1074,404,15.6
H,1,6,LineaH:1140,10,3969.90,143.30,17.70,1074,1074,404,15.6
H,1,6,LineaH:1140,11,3449.30,111.45,15.40,1074,1074,404,15.6
H,1,6,LineaH:1140,12,4143.90,103.15,14.80,1074,1074,404,15.6
H,1,6,LineaH:1140,13,4480.60,188.92,14.20,1074,1074,404,15.6
H,1,6,LineaH:1140,14,3346.30,99.81,15.10,1074,1074,404,15.6
H,1,6,LineaH:1140,15,3416.00,118.66,16.70,1074,1074,404,15.6
H,1,6,LineaH:1140,16,3976.90,102.02,17.00,1074,1074,404,15.6
H,1,6,LineaH:1140,17,4610.50,51.96,17.50,1074,1074,404,15.6
H,1,6,LineaH:1140,18,3970.20,101.85,17.20,1074,1074,404,15.6
H,1,6,LineaH:1140,19,2309.70,65.83,17.30,1074,1074,404,15.6
H,1,6,LineaH:1140,20,1561.00,58.94,12.60,1074,1074,404,15.6
H,1,6,LineaH:1140,21,1032.00,52.59,12.40,1074,1074,404,15.6
H,1,6,LineaH:1140,22,649.60,19.95,12.20,1074,1074,404,15.6
H,1,6,LineaH:1140,23,145.00,13.71,11.70,1074,1074,404,15.6
H,1,7,LineaH:1141,5,165.80,23.38,5.70,1074,806,129,0.0
H,1,7,LineaH:1141,6,1724.00,82.51,13.20,1074,806,129,0.0
H,1,7,LineaH:1141,7,5268.10,176.85,16.20,1074,806,129,0.0
H,1,7,LineaH:1141,8,6055.10,198.73,17.60,1074,806,129,0.0
H,1,7,LineaH:1141,9,4811.50,116.36,17.40,1074,806,129,0.0
H,1,7,LineaH:1141,10,3086.10,109.39,17.90,1074,806,129,0.0
H,1,7,LineaH:1141,11,2666.40,94.93,15.50,1074,806,129,0.0
H,1,7,LineaH:1141,12,3226.40,86.77,14.70,1074,806,129,0.0
H,1,7,LineaH:1141,13,3553.70,98.17,14.20,1074,806,129,0.0
H,1,7,LineaH:1141,14,2617.70,128.35,15.00,1074,806,129,0.0
H,1,7,LineaH:1141,15,2676.80,104.49,16.80,1074,806,129,0.0
H,1,7,LineaH:1141,16,3227.90,137.09,17.10,1074,806,129,0.0
H,1,7,LineaH:1141,17,3574.20,138.36,17.30,1074,806,129,0.0
H,1,7,LineaH:1141,18,3058.60,111.02,17.10,1074,806,129,0.0
H,1,7,LineaH:1141,19,1748.80,65.41,17.70,1074,806,129,0.0
H,1,7,LineaH:1141,20,1166.10,35.86,12.40,1074,806,129,0.0
H,1,7,LineaH:1141,21,836.60,31.52,12.40,1074,806,129,0.0
H,1,7,LineaH:1141,22,571.80,35.52,12.30,1074,806,129,0.0
H,1,7,LineaH:1141,23,129.90,9.04,11.70,1074,806,129,0.0
H,1,8,LineaH:1160,5,130.90,16.26,5.40,1074,727,18,0.0
H,1,8,LineaH:1160,6,1503.40,84.03,13.10,1074,727,18,0.0
H,1,8,LineaH:1160,7,4831.60,192.79,16.50,1074,727,18,0.0
H,1,8,LineaH:1160,8,5413.00,201.51,17.40,1074,727,18,0.0
H,1,8,LineaH:1160,9,4408.30,119.77,17.50,1074,727,18,0.0
H,1,8,LineaH:1160,10,2775.70,83.95,17.60,1074,727,18,0.0
H,1,8,LineaH:1160,11,2427.70,96.45,15.50,1074,727,18,0.0
H,1,8,LineaH:1160,12,2883.10,89.83,14.70,1074,727,18,0.0
H,1,8,LineaH:1160,13,3239.70,138.10,14.50,1074,727,18,0.0
H,1,8,LineaH:1160,14,2396.90,92.59,14.90,1074,727,18,0.0
H,1,8,LineaH:1160,15,2426.60,63.44,16.50,1074,727,18,0.0
H,1,8,LineaH:1160,16,2986.50,57.56,17.00,1074,727,18,0.0
H,1,8,LineaH:1160,17,3361.60,71.28,17.50,1074,727,18,0.0
H,1,8,LineaH:1160,18,2883.60,91.71,17.40,1074,727,18,0.0
H,1,8,LineaH:1160,19,1588.50,42.90,17.20,1074,727,18,0.0
H,1,8,LineaH:1160,20,1148.10,72.15,13.00,1074,727,18,0.0
H,1,8,LineaH:1160,21,763.10,34.32,12.10,1074,727,18,0.0
H,1,8,LineaH:1160,22,514.90,29.84,12.30,1074,727,18,0.0
H,1,8,LineaH:1160,23,114.90,9.30,12.00,1074,727,18,0.0
H,1,9,LineaH:1161,5,36.90,4.09,5.10,1074,225,45,0.0
H,1,9,LineaH:1161,6,408.60,35.68,13.20,1074,225,45,0.0
H,1,9,LineaH:1161,7,1318.80,33.72,16.30,1074,225,45,0.0
H,1,9,LineaH:1161,8,1755.30,51.93,17.40,1074,225,45,0.0
H,1,9,LineaH:1161,9,1475.00,42.22,17.20,1074,225,45,0.0
H,1,9,LineaH:1161,10,889.20,46.16,17.80,1074,225,45,0.0
H,1,9,LineaH:1161,11,701.70,22.34,15.70,1074,225,45,0.0
H,1,9,LineaH:1161,12,827.10,34.49,14.60,1074,225,45,0.0
H,1,9,LineaH:1161,13,1025.10,40.83,14.40,1074,225,45,0.0
H,1,9,LineaH:1161,14,803.50,28.00,15.30,1074,225,45,0.0
H,1,9,LineaH:1161,15,753.70,32.65,16.30,1074,225,45,0.0
H,1,9,LineaH:1161,16,963.50,34.52,17.20,1074,225,45,0.0
H,1,9,LineaH:1161,17,1002.60,37.21,17.40,1074,225,45,0.0
H,1,9,LineaH:1161,18,820.70,26.48,16.90,1074,225,45,0.0
H,1,9,LineaH:1161,19,500.50,25.98,17.70,1074,225,45,0.0
H,1,9,LineaH:1161,20,298.80,19.08,12.90,1074,225,45,0.0
H,1,9,LineaH:1161,21,211.00,12.75,12.40,1074,225,45,0.0
H,1,9,LineaH:1161,22,139.80,11.58,12.10,1074,225,45,0.0
H,1,9,LineaH:1161,23,31.90,5.49,11.90,1074,225,45,0.0
H,1,10,LineaH:1162,5,12.10,3.51,4.80,1074,77,4,0.0
H,1,10,LineaH:1162,6,121.50,10.26,13.00,1074,77,4,0.0
H,1,10,LineaH:1162,7,431.30,18.94,16.30,1074,77,4,0.0
H,1,10,LineaH:1162,8,650.50,41.62,17.20,1074,77,4,0.0
H,1,10,LineaH:1162,9,608.70,28.70,17.60,1074,77,4,0.0
H,1,10,LineaH:1162,10,277.80,24.29,17.60,1074,77,4,0.0
H,1,10,LineaH:1162,11,237.40,11.68,15.80,1074,77,4,0.0
H,1,10,LineaH:1162,12,280.50,19.61,14.60,1074,77,4,0.0
H,1,10,LineaH:1162,13,420.20,18.35,14.40,1074,77,4,0.0
H,1,10,LineaH:1162,14,323.00,15.83,14.90,1074,77,4,0.0
H,1,10,LineaH:1162,15,333.50,14.25,16.50,1074,77,4,0.0
H,1,10,LineaH:1162,16,394.40,26.25,17.10,1074,77,4,0.0
H,1,10,LineaH:1162,17,351.90,22.89,17.30,1074,77,4,0.0
H,1,10,LineaH:1162,18,316.10,9.99,17.40,1074,77,4,0.0
H,1,10,LineaH:1162,19,152.40,10.00,17.40,1074,77,4,0.0
H,1,10,LineaH:1162,20,70.60,7.96,13.10,1074,77,4,0.0
H,1,10,LineaH:1162,21,42.00,8.08,12.10,1074,77,4,0.0
H,1,10,LineaH:1162,22,24.10,4.18,12.40,1074,77,4,0.0
H,1,10,LineaH:1162,23,4.10,2.23,11.70,1074,77,4,0.0
