linea,direction_id,orden,nodo,hora,pasajeros_hora_media,pasajeros_hora_desvio,formaciones_hora_media,capacidad,max_a_bordo,max_anden,quedaron_abajo_por_replica
A,0,0,LineaA:1076,5,35.80,3.71,6.30,895,317,317,0.0
A,0,0,LineaA:1076,6,143.20,16.17,12.10,895,317,317,0.0
A,0,0,LineaA:1076,7,384.50,17.50,15.40,895,317,317,0.0
A,0,0,LineaA:1076,8,513.10,22.86,19.00,895,317,317,0.0
A,0,0,LineaA:1076,9,486.00,23.58,19.10,895,317,317,0.0
A,0,0,LineaA:1076,10,437.80,18.32,17.60,895,317,317,0.0
A,0,0,LineaA:1076,11,515.70,40.80,15.20,895,317,317,0.0
A,0,0,LineaA:1076,12,642.10,43.29,15.30,895,317,317,0.0
A,0,0,LineaA:1076,13,781.00,40.89,14.80,895,317,317,0.0
A,0,0,LineaA:1076,14,858.90,41.68,15.40,895,317,317,0.0
A,0,0,LineaA:1076,15,1274.70,33.15,17.80,895,317,317,0.0
A,0,0,LineaA:1076,16,1962.90,73.49,17.90,895,317,317,0.0
A,0,0,LineaA:1076,17,2451.50,84.00,18.50,895,317,317,0.0
A,0,0,LineaA:1076,18,2016.50,61.11,18.50,895,317,317,0.0
A,0,0,LineaA:1076,19,739.10,38.74,18.20,895,317,317,0.0
A,0,0,LineaA:1076,20,507.60,32.23,17.50,895,317,317,0.0
A,0,0,LineaA:1076,21,290.90,20.32,13.30,895,317,317,0.0
A,0,0,LineaA:1076,22,96.40,9.65,11.10,895,317,317,0.0
A,0,0,LineaA:1076,23,20.30,5.68,4.50,895,317,317,0.0
A,0,1,LineaA:1075,5,36.40,7.37,5.90,895,507,273,0.0
A,0,1,LineaA:1075,6,178.30,19.51,12.20,895,507,273,0.0
A,0,1,LineaA:1075,7,494.00,29.95,15.60,895,507,273,0.0
A,0,1,LineaA:1075,8,699.50,26.27,18.80,895,507,273,0.0
A,0,1,LineaA:1075,9,736.40,46.18,19.30,895,507,273,0.0
A,0,1,LineaA:1075,10,704.50,23.75,17.60,895,507,273,0.0
A,0,1,LineaA:1075,11,844.80,43.12,15.20,895,507,273,0.0
A,0,1,LineaA:1075,12,1052.70,77.38,14.90,895,507,273,0.0
A,0,1,LineaA:1075,13,1338.90,83.05,14.80,895,507,273,0.0
A,0,1,LineaA:1075,14,1534.90,58.43,15.60,895,507,273,0.0
A,0,1,LineaA:1075,15,2296.90,62.25,17.70,895,507,273,0.0
A,0,1,LineaA:1075,16,3262.50,59.68,17.90,895,507,273,0.0
A,0,1,LineaA:1075,17,4252.80,96.72,18.70,895,507,273,0.0
A,0,1,LineaA:1075,18,3590.60,75.71,18.40,895,507,273,0.0
A,0,1,LineaA:1075,19,1470.60,54.55,18.00,895,507,273,0.0
A,0,1,LineaA:1075,20,965.30,46.96,17.70,895,507,273,0.0
A,0,1,LineaA:1075,21,496.00,29.78,13.40,895,507,273,0.0
A,0,1,LineaA:1075,22,188.60,10.74,11.20,895,507,273,0.0
A,0,1,LineaA:1075,23,36.30,5.89,4.60,895,507,273,0.0
A,0,2,LineaA:1074,5,44.20,8.13,5.80,895,565,106,0.0
A,0,2,LineaA:1074,6,206.80,18.79,12.30,895,565,106,0.0
A,0,2,LineaA:1074,7,498.00,30.46,15.30,895,565,106,0.0
A,0,2,LineaA:1074,8,697.30,21.17,18.90,895,565,106,0.0
A,0,2,LineaA:1074,9,743.00,33.83,19.00,895,565,106,0.0
A,0,2,LineaA:1074,10,777.90,44.54,17.80,895,565,106,0.0
A,0,2,LineaA:1074,11,1001.60,63.37,15.10,895,565,106,0.0
A,0,2,LineaA:1074,12,1251.70,69.46,15.10,895,565,106,0.0
A,0,2,LineaA:1074,13,1586.20,104.77,14.90,895,565,106,0.0
A,0,2,LineaA:1074,14,1839.20,72.96,15.50,895,565,106,0.0
A,0,2,LineaA:1074,15,2841.10,83.69,17.60,895,565,106,0.0
A,0,2,LineaA:1074,16,3837.10,98.68,17.90,895,565,106,0.0
A,0,2,LineaA:1074,17,5005.90,107.52,18.60,895,565,106,0.0
A,0,2,LineaA:1074,18,4359.60,108.44,18.60,895,565,106,0.0
A,0,2,LineaA:1074,19,1778.30,68.75,17.90,895,565,106,0.0
A,0,2,LineaA:1074,20,1169.80,39.90,17.80,895,565,106,0.0
A,0,2,LineaA:1074,21,593.90,31.31,13.50,895,565,106,0.0
A,0,2,LineaA:1074,22,223.70,18.11,10.90,895,565,106,0.0
A,0,2,LineaA:1074,23,49.70,8.10,5.00,895,565,106,0.0
A,0,3,LineaA:1073,5,145.70,15.87,5.80,895,829,320,0.0
A,0,3,LineaA:1073,6,1050.90,72.54,12.20,895,829,320,0.0
A,0,3,LineaA:1073,7,2418.00,92.83,15.00,895,829,320,0.0
A,0,3,LineaA:1073,8,3089.10,104.53,19.00,895,829,320,0.0
A,0,3,LineaA:1073,9,2665.90,107.16,18.90,895,829,320,0.0
A,0,3,LineaA:1073,10,2165.70,92.89,17.90,895,829,320,0.0
A,0,3,LineaA:1073,11,2421.30,84.89,15.10,895,829,320,0.0
A,0,3,LineaA:1073,12,2866.40,184.11,15.10,895,829,320,0.0
A,0,3,LineaA:1073,13,2959.80,154.01,14.80,895,829,320,0.0
A,0,3,LineaA:1073,14,3186.70,115.11,15.50,895,829,320,0.0
A,0,3,LineaA:1073,15,4343.80,131.31,17.60,895,829,320,0.0
A,0,3,LineaA:1073,16,5562.00,113.02,18.00,895,829,320,0.0
A,0,3,LineaA:1073,17,6991.20,207.82,18.60,895,829,320,0.0
A,0,3,LineaA:1073,18,6287.10,185.55,18.50,895,829,320,0.0
A,0,3,LineaA:1073,19,2736.10,96.37,17.90,895,829,320,0.0
A,0,3,LineaA:1073,20,2022.00,54.95,17.70,895,829,320,0.0
A,0,3,LineaA:1073,21,1361.40,101.94,13.80,895,829,320,0.0
A,0,3,LineaA:1073,22,795.50,75.22,11.00,895,829,320,0.0
A,0,3,LineaA:1073,23,107.10,14.12,5.10,895,829,320,0.0
A,0,4,LineaA:1072,5,142.10,13.02,5.50,895,861,76,0.0
A,0,4,LineaA:1072,6,1020.00,66.97,12.10,895,861,76,0.0
A,0,4,LineaA:1072,7,2437.10,70.68,15.10,895,861,76,0.0
A,0,4,LineaA:1072,8,3030.40,114.04,18.70,895,861,76,0.0
A,0,4,LineaA:1072,9,2757.90,47.90,19.30,895,861,76,0.0
A,0,4,LineaA:1072,10,2178.90,92.96,17.90,895,861,76,0.0
A,0,4,LineaA:1072,11,2504.40,90.74,15.00,895,861,76,0.0
A,0,4,LineaA:1072,12,3016.90,151.27,15.00,895,861,76,0.0
A,0,4,LineaA:1072,13,3151.70,92.65,14.90,895,861,76,0.0
A,0,4,LineaA:1072,14,3545.30,96.98,15.70,895,861,76,0.0
A,0,4,LineaA:1072,15,4746.60,138.52,17.40,895,861,76,0.0
A,0,4,LineaA:1072,16,5920.90,145.65,17.70,895,861,76,0.0
A,0,4,LineaA:1072,17,7539.30,172.61,18.70,895,861,76,0.0
A,0,4,LineaA:1072,18,6694.70,87.33,18.50,895,861,76,0.0
A,0,4,LineaA:1072,19,3013.60,118.86,18.00,895,861,76,0.0
A,0,4,LineaA:1072,20,2255.10,43.95,17.80,895,861,76,0.0
A,0,4,LineaA:1072,21,1436.10,94.48,13.70,895,861,76,0.0
A,0,4,LineaA:1072,22,881.70,93.84,11.30,895,861,76,0.0
A,0,4,LineaA:1072,23,119.90,18.73,5.20,895,861,76,0.0
A,0,5,LineaA:1071,5,150.20,13.22,6.10,895,895,147,14.8
A,0,5,LineaA:1071,6,1078.20,98.39,12.10,895,895,147,14.8
A,0,5,LineaA:1071,7,2852.00,107.71,15.00,895,895,147,14.8
A,0,5,LineaA:1071,8,3578.00,168.60,18.80,895,895,147,14.8
A,0,5,LineaA:1071,9,3237.00,161.40,19.10,895,895,147,14.8
A,0,5,LineaA:1071,10,2578.10,72.71,18.00,895,895,147,14.8
A,0,5,LineaA:1071,11,2988.20,82.25,15.40,895,895,147,14.8
A,0,5,LineaA:1071,12,3580.50,104.48,14.90,895,895,147,14.8
A,0,5,LineaA:1071,13,3969.60,151.78,15.00,895,895,147,14.8
A,0,5,LineaA:1071,14,4246.80,94.55,15.50,895,895,147,14.8
A,0,5,LineaA:1071,15,5490.20,163.92,17.20,895,895,147,14.8
A,0,5,LineaA:1071,16,6874.80,174.28,17.90,895,895,147,14.8
A,0,5,LineaA:1071,17,8639.00,103.45,18.50,895,895,147,14.8
A,0,5,LineaA:1071,18,7730.20,170.66,18.70,895,895,147,14.8
A,0,5,LineaA:1071,19,3741.30,132.28,18.10,895,895,147,14.8
A,0,5,LineaA:1071,20,2773.90,61.93,17.50,895,895,147,14.8
A,0,5,LineaA:1071,21,1782.20,89.52,13.90,895,895,147,14.8
A,0,5,LineaA:1071,22,1076.40,98.28,11.30,895,895,147,14.8
A,0,5,LineaA:1071,23,186.20,21.23,5.50,895,895,147,14.8
A,0,6,LineaA:1069,5,134.60,22.19,5.80,895,895,80,16.8
A,0,6,LineaA:1069,6,1018.50,54.68,12.00,895,895,80,16.8
A,0,6,LineaA:1069,7,2692.20,116.04,14.80,895,895,80,16.8
A,0,6,LineaA:1069,8,3324.60,100.62,18.80,895,895,80,16.8
A,0,6,LineaA:1069,9,3058.80,92.09,19.00,895,895,80,16.8
A,0,6,LineaA:1069,10,2531.20,92.03,18.20,895,895,80,16.8
A,0,6,LineaA:1069,11,2856.10,131.06,15.10,895,895,80,16.8
A,0,6,LineaA:1069,12,3586.30,176.73,15.00,895,895,80,16.8
A,0,6,LineaA:1069,13,3970.40,123.98,14.80,895,895,80,16.8
A,0,6,LineaA:1069,14,4313.60,134.12,15.60,895,895,80,16.8
A,0,6,LineaA:1069,15,5709.10,254.63,17.30,895,895,80,16.8
A,0,6,LineaA:1069,16,7125.60,301.07,18.00,895,895,80,16.8
A,0,6,LineaA:1069,17,8909.30,215.48,18.60,895,895,80,16.8
A,0,6,LineaA:1069,18,7966.40,132.97,18.40,895,895,80,16.8
A,0,6,LineaA:1069,19,3895.80,76.94,18.20,895,895,80,16.8
A,0,6,LineaA:1069,20,2890.40,73.87,17.70,895,895,80,16.8
A,0,6,LineaA:1069,21,1831.50,64.66,13.90,895,895,80,16.8
A,0,6,LineaA:1069,22,1147.00,81.61,11.30,895,895,80,16.8
A,0,6,LineaA:1069,23,205.30,17.09,6.00,895,895,80,16.8
A,0,7,LineaA:1068,5,120.50,10.65,5.50,895,895,325,74.5
A,0,7,LineaA:1068,6,997.10,36.92,12.10,895,895,325,74.5
A,0,7,LineaA:1068,7,2886.00,115.15,14.70,895,895,325,74.5
A,0,7,LineaA:1068,8,3456.30,107.98,18.90,895,895,325,74.5
A,0,7,LineaA:1068,9,3197.20,63.77,19.00,895,895,325,74.5
A,0,7,LineaA:1068,10,2699.80,80.96,18.10,895,895,325,74.5
A,0,7,LineaA:1068,11,3119.90,103.36,15.10,895,895,325,74.5
A,0,7,LineaA:1068,12,4061.70,157.28,15.10,895,895,325,74.5
A,0,7,LineaA:1068,13,4587.90,165.46,14.90,895,895,325,74.5
A,0,7,LineaA:1068,14,4574.30,151.51,15.50,895,895,325,74.5
A,0,7,LineaA:1068,15,6018.60,247.79,17.30,895,895,325,74.5
A,0,7,LineaA:1068,16,7349.70,185.96,17.80,895,895,325,74.5
A,0,7,LineaA:1068,17,9598.70,365.65,18.50,895,895,325,74.5
A,0,7,LineaA:1068,18,9085.90,282.09,18.80,895,895,325,74.5
A,0,7,LineaA:1068,19,4781.60,108.44,17.90,895,895,325,74.5
A,0,7,LineaA:1068,20,3398.60,130.23,17.60,895,895,325,74.5
A,0,7,LineaA:1068,21,2251.80,127.55,14.10,895,895,325,74.5
A,0,7,LineaA:1068,22,1400.20,93.82,11.50,895,895,325,74.5
A,0,7,LineaA:1068,23,265.40,29.26,6.10,895,895,325,74.5
A,0,8,LineaA:1067,5,99.90,16.43,6.10,895,886,29,0.0
A,0,8,LineaA:1067,6,928.60,84.35,12.10,895,886,29,0.0
A,0,8,LineaA:1067,7,2644.40,100.16,14.40,895,886,29,0.0
A,0,8,LineaA:1067,8,3355.00,130.11,19.00,895,886,29,0.0
A,0,8,LineaA:1067,9,3014.00,123.95,18.70,895,886,29,0.0
A,0,8,LineaA:1067,10,2626.40,92.18,18.20,895,886,29,0.0
A,0,8,LineaA:1067,11,2946.40,58.26,15.30,895,886,29,0.0
A,0,8,LineaA:1067,12,3940.90,180.26,15.10,895,886,29,0.0
A,0,8,LineaA:1067,13,4328.90,185.34,14.60,895,886,29,0.0
A,0,8,LineaA:1067,14,4496.60,137.99,15.90,895,886,29,0.0
A,0,8,LineaA:1067,15,5694.40,168.80,16.90,895,886,29,0.0
A,0,8,LineaA:1067,16,7192.60,203.48,18.10,895,886,29,0.0
A,0,8,LineaA:1067,17,9374.80,288.45,18.60,895,886,29,0.0
A,0,8,LineaA:1067,18,8803.80,123.78,18.40,895,886,29,0.0
A,0,8,LineaA:1067,19,4775.80,120.83,18.20,895,886,29,0.0
A,0,8,LineaA:1067,20,3335.80,86.92,17.70,895,886,29,0.0
A,0,8,LineaA:1067,21,2272.20,93.62,14.40,895,886,29,0.0
A,0,8,LineaA:1067,22,1338.50,98.65,11.20,895,886,29,0.0
A,0,8,LineaA:1067,23,286.00,36.35,6.60,895,886,29,0.0
A,0,9,LineaA:1066,5,83.70,15.66,5.80,895,861,31,0.0
A,0,9,LineaA:1066,6,829.80,56.21,11.90,895,861,31,0.0
A,0,9,LineaA:1066,7,2621.30,123.16,14.60,895,861,31,0.0
A,0,9,LineaA:1066,8,3210.80,126.60,18.70,895,861,31,0.0
A,0,9,LineaA:1066,9,2922.60,119.42,18.80,895,861,31,0.0
A,0,9,LineaA:1066,10,2517.20,109.64,18.10,895,861,31,0.0
A,0,9,LineaA:1066,11,2905.70,76.80,15.60,895,861,31,0.0
A,0,9,LineaA:1066,12,3786.30,149.36,14.90,895,861,31,0.0
A,0,9,LineaA:1066,13,4233.90,146.37,14.80,895,861,31,0.0
A,0,9,LineaA:1066,14,4296.20,149.10,15.70,895,861,31,0.0
A,0,9,LineaA:1066,15,5559.70,130.74,17.20,895,861,31,0.0
A,0,9,LineaA:1066,16,6747.50,214.31,17.70,895,861,31,0.0
A,0,9,LineaA:1066,17,8943.80,255.91,18.40,895,861,31,0.0
A,0,9,LineaA:1066,18,8784.00,294.05,18.90,895,861,31,0.0
A,0,9,LineaA:1066,19,4613.20,208.79,18.10,895,861,31,0.0
A,0,9,LineaA:1066,20,3232.40,126.11,17.40,895,861,31,0.0
A,0,9,LineaA:1066,21,2210.00,81.55,14.50,895,861,31,0.0
A,0,9,LineaA:1066,22,1338.50,80.87,11.50,895,861,31,0.0
A,0,9,LineaA:1066,23,291.90,27.55,6.90,895,861,31,0.0
A,0,10,LineaA:1065,5,75.70,6.43,6.40,895,805,31,0.0
A,0,10,LineaA:1065,6,760.50,63.31,12.00,895,805,31,0.0
A,0,10,LineaA:1065,7,2462.90,94.63,14.40,895,805,31,0.0
A,0,10,LineaA:1065,8,3035.70,80.05,18.50,895,805,31,0.0
A,0,10,LineaA:1065,9,2795.80,85.01,18.90,895,805,31,0.0
A,0,10,LineaA:1065,10,2405.80,54.99,18.10,895,805,31,0.0
A,0,10,LineaA:1065,11,2686.60,142.22,15.60,895,805,31,0.0
A,0,10,LineaA:1065,12,3695.90,156.36,15.20,895,805,31,0.0
A,0,10,LineaA:1065,13,3839.50,82.42,14.50,895,805,31,0.0
A,0,10,LineaA:1065,14,4016.20,91.49,15.80,895,805,31,0.0
A,0,10,LineaA:1065,15,5055.20,125.58,16.90,895,805,31,0.0
A,0,10,LineaA:1065,16,6317.90,201.19,18.10,895,805,31,0.0
A,0,10,LineaA:1065,17,8306.60,270.92,18.40,895,805,31,0.0
A,0,10,LineaA:1065,18,8073.60,238.59,18.60,895,805,31,0.0
A,0,10,LineaA:1065,19,4339.90,113.17,18.00,895,805,31,0.0
A,0,10,LineaA:1065,20,3083.30,96.40,17.90,895,805,31,0.0
A,0,10,LineaA:1065,21,2078.90,100.31,14.60,895,805,31,0.0
A,0,10,LineaA:1065,22,1232.20,55.92,11.50,895,805,31,0.0
A,0,10,LineaA:1065,23,276.00,38.56,7.10,895,805,31,0.0
A,0,11,LineaA:1064,5,61.50,11.39,6.10,895,685,32,0.0
A,0,11,LineaA:1064,6,596.90,46.71,11.70,895,685,32,0.0
A,0,11,LineaA:1064,7,2125.00,85.99,14.60,895,685,32,0.0
A,0,11,LineaA:1064,8,2568.90,104.11,18.40,895,685,32,0.0
A,0,11,LineaA:1064,9,2436.40,111.91,18.90,895,685,32,0.0
A,0,11,LineaA:1064,10,2138.10,85.40,18.30,895,685,32,0.0
A,0,11,LineaA:1064,11,2280.90,119.30,15.60,895,685,32,0.0
A,0,11,LineaA:1064,12,3186.20,137.05,14.80,895,685,32,0.0
A,0,11,LineaA:1064,13,3454.00,99.10,15.20,895,685,32,0.0
A,0,11,LineaA:1064,14,3400.80,118.18,15.50,895,685,32,0.0
A,0,11,LineaA:1064,15,4363.70,90.27,16.90,895,685,32,0.0
A,0,11,LineaA:1064,16,5313.30,167.63,17.80,895,685,32,0.0
A,0,11,LineaA:1064,17,7078.60,205.23,18.20,895,685,32,0.0
A,0,11,LineaA:1064,18,7143.60,171.76,18.70,895,685,32,0.0
A,0,11,LineaA:1064,19,3877.80,136.52,18.30,895,685,32,0.0
A,0,11,LineaA:1064,20,2657.50,131.10,17.60,895,685,32,0.0
A,0,11,LineaA:1064,21,1817.70,118.26,14.80,895,685,32,0.0
A,0,11,LineaA:1064,22,1118.10,56.48,11.90,895,685,32,0.0
A,0,11,LineaA:1064,23,235.10,27.57,7.20,895,685,32,0.0
A,0,12,LineaA:1063,5,43.80,12.87,5.80,895,584,21,0.0
A,0,12,LineaA:1063,6,503.80,22.51,11.80,895,584,21,0.0
A,0,12,LineaA:1063,7,1849.30,51.48,14.40,895,584,21,0.0
A,0,12,LineaA:1063,8,2269.00,105.50,18.30,895,584,21,0.0
A,0,12,LineaA:1063,9,2195.20,93.54,18.70,895,584,21,0.0
A,0,12,LineaA:1063,10,1912.10,79.37,18.40,895,584,21,0.0
A,0,12,LineaA:1063,11,2048.60,133.23,15.90,895,584,21,0.0
A,0,12,LineaA:1063,12,2749.60,119.11,14.60,895,584,21,0.0
A,0,12,LineaA:1063,13,2884.90,141.65,14.90,895,584,21,0.0
A,0,12,LineaA:1063,14,2900.90,153.54,15.80,895,584,21,0.0
A,0,12,LineaA:1063,15,3653.90,184.96,16.80,895,584,21,0.0
A,0,12,LineaA:1063,16,4427.70,118.43,18.00,895,584,21,0.0
A,0,12,LineaA:1063,17,5926.70,161.34,18.60,895,584,21,0.0
A,0,12,LineaA:1063,18,5817.00,112.68,18.40,895,584,21,0.0
A,0,12,LineaA:1063,19,3173.60,75.88,18.00,895,584,21,0.0
A,0,12,LineaA:1063,20,2200.50,82.82,17.90,895,584,21,0.0
A,0,12,LineaA:1063,21,1481.70,58.28,14.50,895,584,21,0.0
A,0,12,LineaA:1063,22,892.90,50.80,11.80,895,584,21,0.0
A,0,12,LineaA:1063,23,220.80,22.67,7.90,895,584,21,0.0
A,0,13,LineaA:1062,5,29.50,11.45,5.20,895,526,12,0.0
A,0,13,LineaA:1062,6,449.20,38.37,12.10,895,526,12,0.0
A,0,13,LineaA:1062,7,1642.80,68.55,14.20,895,526,12,0.0
A,0,13,LineaA:1062,8,2157.60,61.16,18.40,895,526,12,0.0
A,0,13,LineaA:1062,9,2019.50,57.84,18.70,895,526,12,0.0
A,0,13,LineaA:1062,10,1741.70,49.81,18.30,895,526,12,0.0
A,0,13,LineaA:1062,11,1842.00,91.74,15.90,895,526,12,0.0
A,0,13,LineaA:1062,12,2448.20,104.35,14.60,895,526,12,0.0
A,0,13,LineaA:1062,13,2615.70,111.23,15.20,895,526,12,0.0
A,0,13,LineaA:1062,14,2581.50,113.21,15.50,895,526,12,0.0
A,0,13,LineaA:1062,15,3191.20,166.70,16.80,895,526,12,0.0
A,0,13,LineaA:1062,16,3900.60,135.67,18.00,895,526,12,0.0
A,0,13,LineaA:1062,17,5175.90,125.02,18.30,895,526,12,0.0
A,0,13,LineaA:1062,18,5295.80,128.58,18.50,895,526,12,0.0
A,0,13,LineaA:1062,19,2954.70,109.64,18.30,895,526,12,0.0
A,0,13,LineaA:1062,20,1955.60,56.26,17.70,895,526,12,0.0
A,0,13,LineaA:1062,21,1387.90,67.88,14.90,895,526,12,0.0
A,0,13,LineaA:1062,22,804.50,43.06,11.90,895,526,12,0.0
A,0,13,LineaA:1062,23,203.40,15.83,8.00,895,526,12,0.0
A,0,14,LineaA:1061,5,22.00,9.36,6.10,895,417,12,0.0
A,0,14,LineaA:1061,6,333.50,28.16,11.60,895,417,12,0.0
A,0,14,LineaA:1061,7,1368.70,41.84,14.20,895,417,12,0.0
A,0,14,LineaA:1061,8,1852.60,69.50,18.30,895,417,12,0.0
A,0,14,LineaA:1061,9,1753.70,67.57,18.70,895,417,12,0.0
A,0,14,LineaA:1061,10,1506.30,66.87,18.40,895,417,12,0.0
A,0,14,LineaA:1061,11,1572.80,62.91,16.20,895,417,12,0.0
A,0,14,LineaA:1061,12,1989.60,71.80,14.50,895,417,12,0.0
A,0,14,LineaA:1061,13,2204.70,77.88,15.30,895,417,12,0.0
A,0,14,LineaA:1061,14,2072.50,87.66,15.40,895,417,12,0.0
A,0,14,LineaA:1061,15,2501.20,130.57,16.50,895,417,12,0.0
A,0,14,LineaA:1061,16,3077.60,112.12,18.10,895,417,12,0.0
A,0,14,LineaA:1061,17,3971.80,125.70,18.10,895,417,12,0.0
A,0,14,LineaA:1061,18,4213.60,108.20,18.80,895,417,12,0.0
A,0,14,LineaA:1061,19,2301.00,63.39,18.10,895,417,12,0.0
A,0,14,LineaA:1061,20,1552.40,70.05,17.80,895,417,12,0.0
A,0,14,LineaA:1061,21,1118.60,42.16,14.90,895,417,12,0.0
A,0,14,LineaA:1061,22,661.30,28.52,12.30,895,417,12,0.0
A,0,14,LineaA:1061,23,167.20,9.48,8.20,895,417,12,0.0
A,0,15,LineaA:1060,5,13.70,3.30,5.80,895,311,9,0.0
A,0,15,LineaA:1060,6,240.50,27.06,11.60,895,311,9,0.0
A,0,15,LineaA:1060,7,941.30,48.48,13.80,895,311,9,0.0
A,0,15,LineaA:1060,8,1432.30,53.71,18.40,895,311,9,0.0
A,0,15,LineaA:1060,9,1230.40,64.56,18.80,895,311,9,0.0
A,0,15,LineaA:1060,10,950.10,41.73,18.50,895,311,9,0.0
A,0,15,LineaA:1060,11,948.30,41.12,15.80,895,311,9,0.0
A,0,15,LineaA:1060,12,1362.70,91.62,14.70,895,311,9,0.0
A,0,15,LineaA:1060,13,1590.70,46.92,15.30,895,311,9,0.0
A,0,15,LineaA:1060,14,1449.90,52.31,15.50,895,311,9,0.0
A,0,15,LineaA:1060,15,1810.00,64.92,16.60,895,311,9,0.0
A,0,15,LineaA:1060,16,2285.90,85.40,18.10,895,311,9,0.0
A,0,15,LineaA:1060,17,2740.60,56.82,18.10,895,311,9,0.0
A,0,15,LineaA:1060,18,2981.40,59.13,18.50,895,311,9,0.0
A,0,15,LineaA:1060,19,1704.70,52.04,18.20,895,311,9,0.0
A,0,15,LineaA:1060,20,1099.30,37.84,18.00,895,311,9,0.0
A,0,15,LineaA:1060,21,793.00,33.98,15.00,895,311,9,0.0
A,0,15,LineaA:1060,22,449.50,29.57,12.10,895,311,9,0.0
A,0,15,LineaA:1060,23,120.00,10.60,8.70,895,311,9,0.0
A,1,0,LineaA:1059,5,127.70,17.51,6.60,895,432,432,0.0
A,1,0,LineaA:1059,6,1105.80,69.51,13.90,895,432,432,0.0
A,1,0,LineaA:1059,7,3620.20,65.46,17.50,895,432,432,0.0
A,1,0,LineaA:1059,8,3640.60,98.62,18.40,895,432,432,0.0
A,1,0,LineaA:1059,9,2762.10,93.59,18.50,895,432,432,0.0
A,1,0,LineaA:1059,10,1535.60,40.54,16.60,895,432,432,0.0
A,1,0,LineaA:1059,11,1167.30,68.43,15.00,895,432,432,0.0
A,1,0,LineaA:1059,12,1534.60,60.89,15.00,895,432,432,0.0
A,1,0,LineaA:1059,13,1603.40,59.36,14.90,895,432,432,0.0
A,1,0,LineaA:1059,14,1097.90,59.33,16.60,895,432,432,0.0
A,1,0,LineaA:1059,15,1059.00,39.73,18.10,895,432,432,0.0
A,1,0,LineaA:1059,16,1212.10,40.46,18.50,895,432,432,0.0
A,1,0,LineaA:1059,17,1907.60,53.86,18.70,895,432,432,0.0
A,1,0,LineaA:1059,18,1171.50,39.62,18.80,895,432,432,0.0
A,1,0,LineaA:1059,19,603.10,30.26,18.40,895,432,432,0.0
A,1,0,LineaA:1059,20,439.00,23.14,15.30,895,432,432,0.0
A,1,0,LineaA:1059,21,316.10,22.41,11.10,895,432,432,0.0
A,1,0,LineaA:1059,22,142.50,13.97,10.40,895,432,432,0.0
A,1,0,LineaA:1059,23,0.00,0.00,0.00,895,432,432,0.0
A,1,1,LineaA:1060,5,180.10,26.39,6.20,895,596,212,0.0
A,1,1,LineaA:1060,6,1556.70,65.13,14.00,895,596,212,0.0
A,1,1,LineaA:1060,7,5106.00,177.84,17.10,895,596,212,0.0
A,1,1,LineaA:1060,8,5164.80,150.14,18.30,895,596,212,0.0
A,1,1,LineaA:1060,9,3963.80,95.05,18.70,895,596,212,0.0
A,1,1,LineaA:1060,10,2205.00,115.68,16.60,895,596,212,0.0
A,1,1,LineaA:1060,11,1737.50,66.57,15.30,895,596,212,0.0
A,1,1,LineaA:1060,12,2088.30,74.76,14.60,895,596,212,0.0
A,1,1,LineaA:1060,13,2414.30,126.54,15.10,895,596,212,0.0
A,1,1,LineaA:1060,14,1641.30,82.09,16.60,895,596,212,0.0
A,1,1,LineaA:1060,15,1530.60,79.01,17.90,895,596,212,0.0
A,1,1,LineaA:1060,16,1934.70,85.32,18.90,895,596,212,0.0
A,1,1,LineaA:1060,17,2578.50,99.35,18.20,895,596,212,0.0
A,1,1,LineaA:1060,18,1571.30,52.30,19.00,895,596,212,0.0
A,1,1,LineaA:1060,19,784.20,48.65,18.30,895,596,212,0.0
A,1,1,LineaA:1060,20,535.00,26.22,15.70,895,596,212,0.0
A,1,1,LineaA:1060,21,353.40,25.38,11.10,895,596,212,0.0
A,1,1,LineaA:1060,22,183.30,16.96,10.50,895,596,212,0.0
A,1,1,LineaA:1060,23,0.80,1.75,0.20,895,596,212,0.0
A,1,2,LineaA:1061,5,201.90,23.91,5.70,895,734,158,0.0
A,1,2,LineaA:1061,6,1709.80,86.83,14.10,895,734,158,0.0
A,1,2,LineaA:1061,7,6134.90,188.68,17.00,895,734,158,0.0
A,1,2,LineaA:1061,8,6493.90,168.63,18.50,895,734,158,0.0
A,1,2,LineaA:1061,9,4980.70,132.52,18.60,895,734,158,0.0
A,1,2,LineaA:1061,10,2668.00,78.54,16.30,895,734,158,0.0
A,1,2,LineaA:1061,11,2156.70,85.15,15.50,895,734,158,0.0
A,1,2,LineaA:1061,12,2484.80,87.69,14.80,895,734,158,0.0
A,1,2,LineaA:1061,13,2886.90,66.38,15.00,895,734,158,0.0
A,1,2,LineaA:1061,14,2052.60,101.25,16.50,895,734,158,0.0
A,1,2,LineaA:1061,15,1864.00,69.42,18.10,895,734,158,0.0
A,1,2,LineaA:1061,16,2267.00,134.25,18.60,895,734,158,0.0
A,1,2,LineaA:1061,17,3095.50,71.98,18.40,895,734,158,0.0
A,1,2,LineaA:1061,18,1943.30,36.96,18.70,895,734,158,0.0
A,1,2,LineaA:1061,19,1064.50,37.37,18.70,895,734,158,0.0
A,1,2,LineaA:1061,20,699.60,40.32,15.40,895,734,158,0.0
A,1,2,LineaA:1061,21,477.10,27.67,11.50,895,734,158,0.0
A,1,2,LineaA:1061,22,266.30,15.46,10.40,895,734,158,0.0
A,1,2,LineaA:1061,23,4.10,4.65,0.50,895,734,158,0.0
A,1,3,LineaA:1062,5,190.60,22.67,5.50,895,826,106,0.0
A,1,3,LineaA:1062,6,1750.80,94.12,13.80,895,826,106,0.0
A,1,3,LineaA:1062,7,6800.70,186.84,17.00,895,826,106,0.0
A,1,3,LineaA:1062,8,7193.50,215.66,18.20,895,826,106,0.0
A,1,3,LineaA:1062,9,5682.10,191.26,18.80,895,826,106,0.0
A,1,3,LineaA:1062,10,3058.70,118.92,16.60,895,826,106,0.0
A,1,3,LineaA:1062,11,2264.20,68.50,15.00,895,826,106,0.0
A,1,3,LineaA:1062,12,2840.20,123.48,15.20,895,826,106,0.0
A,1,3,LineaA:1062,13,3131.90,117.07,14.90,895,826,106,0.0
A,1,3,LineaA:1062,14,2241.70,86.15,16.40,895,826,106,0.0
A,1,3,LineaA:1062,15,2044.70,90.10,18.10,895,826,106,0.0
A,1,3,LineaA:1062,16,2443.90,67.38,18.50,895,826,106,0.0
A,1,3,LineaA:1062,17,3484.30,84.39,18.50,895,826,106,0.0
A,1,3,LineaA:1062,18,2352.60,67.23,19.00,895,826,106,0.0
A,1,3,LineaA:1062,19,1267.80,57.13,18.20,895,826,106,0.0
A,1,3,LineaA:1062,20,824.30,27.30,15.70,895,826,106,0.0
A,1,3,LineaA:1062,21,549.10,30.92,11.60,895,826,106,0.0
A,1,3,LineaA:1062,22,324.80,16.96,10.50,895,826,106,0.0
A,1,3,LineaA:1062,23,10.40,9.41,0.80,895,826,106,0.0
A,1,4,LineaA:1063,5,235.10,32.11,6.00,895,895,178,22.5
A,1,4,LineaA:1063,6,2100.80,89.11,13.90,895,895,178,22.5
A,1,4,LineaA:1063,7,7877.80,178.28,16.80,895,895,178,22.5
A,1,4,LineaA:1063,8,8784.70,233.99,18.20,895,895,178,22.5
A,1,4,LineaA:1063,9,7035.20,194.59,18.90,895,895,178,22.5
A,1,4,LineaA:1063,10,3742.10,132.88,16.40,895,895,178,22.5
A,1,4,LineaA:1063,11,2901.80,58.86,15.60,895,895,178,22.5
A,1,4,LineaA:1063,12,3218.50,133.55,14.70,895,895,178,22.5
A,1,4,LineaA:1063,13,3765.70,113.21,14.90,895,895,178,22.5
A,1,4,LineaA:1063,14,2708.60,124.30,16.40,895,895,178,22.5
A,1,4,LineaA:1063,15,2396.80,79.11,18.10,895,895,178,22.5
A,1,4,LineaA:1063,16,2822.20,102.32,18.70,895,895,178,22.5
A,1,4,LineaA:1063,17,3926.10,121.79,18.20,895,895,178,22.5
A,1,4,LineaA:1063,18,2803.00,78.62,18.90,895,895,178,22.5
A,1,4,LineaA:1063,19,1587.60,66.07,18.50,895,895,178,22.5
A,1,4,LineaA:1063,20,1031.60,38.42,15.80,895,895,178,22.5
A,1,4,LineaA:1063,21,683.50,58.04,11.50,895,895,178,22.5
A,1,4,LineaA:1063,22,406.20,21.06,10.60,895,895,178,22.5
A,1,4,LineaA:1063,23,17.10,9.42,1.20,895,895,178,22.5
A,1,5,LineaA:1064,5,252.60,26.12,5.70,895,895,163,55.6
A,1,5,LineaA:1064,6,2254.30,121.22,13.90,895,895,163,55.6
A,1,5,LineaA:1064,7,8572.20,208.20,16.80,895,895,163,55.6
A,1,5,LineaA:1064,8,9787.60,168.10,18.10,895,895,163,55.6
A,1,5,LineaA:1064,9,7999.40,183.01,19.00,895,895,163,55.6
A,1,5,LineaA:1064,10,4253.40,153.07,16.30,895,895,163,55.6
A,1,5,LineaA:1064,11,3282.50,141.72,15.40,895,895,163,55.6
A,1,5,LineaA:1064,12,3723.90,154.82,14.90,895,895,163,55.6
A,1,5,LineaA:1064,13,4310.00,109.01,15.10,895,895,163,55.6
A,1,5,LineaA:1064,14,3026.80,91.88,16.00,895,895,163,55.6
A,1,5,LineaA:1064,15,2821.10,69.63,18.40,895,895,163,55.6
A,1,5,LineaA:1064,16,3126.60,87.99,18.30,895,895,163,55.6
A,1,5,LineaA:1064,17,4365.90,123.69,18.60,895,895,163,55.6
A,1,5,LineaA:1064,18,3237.90,87.48,18.90,895,895,163,55.6
A,1,5,LineaA:1064,19,1907.70,90.27,18.10,895,895,163,55.6
A,1,5,LineaA:1064,20,1337.80,67.45,16.20,895,895,163,55.6
A,1,5,LineaA:1064,21,824.60,40.52,11.60,895,895,163,55.6
A,1,5,LineaA:1064,22,468.90,22.32,10.60,895,895,163,55.6
A,1,5,LineaA:1064,23,23.30,12.29,1.40,895,895,163,55.6
A,1,6,LineaA:1065,5,266.30,27.11,5.50,895,895,203,87.1
A,1,6,LineaA:1065,6,2251.50,139.96,13.60,895,895,203,87.1
A,1,6,LineaA:1065,7,8826.60,334.34,16.60,895,895,203,87.1
A,1,6,LineaA:1065,8,10590.00,247.28,18.20,895,895,203,87.1
A,1,6,LineaA:1065,9,8774.50,290.83,19.00,895,895,203,87.1
A,1,6,LineaA:1065,10,4596.50,172.53,16.40,895,895,203,87.1
A,1,6,LineaA:1065,11,3587.10,146.08,15.50,895,895,203,87.1
A,1,6,LineaA:1065,12,3925.20,142.72,14.90,895,895,203,87.1
A,1,6,LineaA:1065,13,4532.20,189.70,14.90,895,895,203,87.1
A,1,6,LineaA:1065,14,3372.80,135.65,16.40,895,895,203,87.1
A,1,6,LineaA:1065,15,2910.30,80.23,17.80,895,895,203,87.1
A,1,6,LineaA:1065,16,3357.60,92.34,18.50,895,895,203,87.1
A,1,6,LineaA:1065,17,4540.40,95.10,18.50,895,895,203,87.1
A,1,6,LineaA:1065,18,3464.00,81.89,18.80,895,895,203,87.1
A,1,6,LineaA:1065,19,2114.70,89.09,18.30,895,895,203,87.1
A,1,6,LineaA:1065,20,1502.30,62.70,16.20,895,895,203,87.1
A,1,6,LineaA:1065,21,932.80,43.30,11.80,895,895,203,87.1
A,1,6,LineaA:1065,22,536.70,32.63,10.80,895,895,203,87.1
A,1,6,LineaA:1065,23,30.80,11.79,1.60,895,895,203,87.1
A,1,7,LineaA:1066,5,237.70,18.55,4.80,895,895,102,65.4
A,1,7,LineaA:1066,6,2218.60,133.75,13.90,895,895,102,65.4
A,1,7,LineaA:1066,7,8843.90,244.36,16.50,895,895,102,65.4
A,1,7,LineaA:1066,8,10887.70,442.80,18.10,895,895,102,65.4
A,1,7,LineaA:1066,9,9132.60,412.43,18.90,895,895,102,65.4
A,1,7,LineaA:1066,10,4901.10,212.86,16.50,895,895,102,65.4
A,1,7,LineaA:1066,11,3795.20,170.81,15.60,895,895,102,65.4
A,1,7,LineaA:1066,12,4076.00,157.78,14.90,895,895,102,65.4
A,1,7,LineaA:1066,13,4692.10,133.51,15.10,895,895,102,65.4
A,1,7,LineaA:1066,14,3427.00,53.90,15.90,895,895,102,65.4
A,1,7,LineaA:1066,15,3117.20,92.10,18.30,895,895,102,65.4
A,1,7,LineaA:1066,16,3454.10,120.48,18.30,895,895,102,65.4
A,1,7,LineaA:1066,17,4681.30,194.92,18.50,895,895,102,65.4
A,1,7,LineaA:1066,18,3674.10,121.51,19.00,895,895,102,65.4
A,1,7,LineaA:1066,19,2214.70,81.85,18.30,895,895,102,65.4
A,1,7,LineaA:1066,20,1588.60,40.34,16.10,895,895,102,65.4
A,1,7,LineaA:1066,21,997.20,50.66,11.90,895,895,102,65.4
A,1,7,LineaA:1066,22,584.10,43.67,10.70,895,895,102,65.4
A,1,7,LineaA:1066,23,42.60,8.59,2.00,895,895,102,65.4
A,1,8,LineaA:1067,5,232.70,16.16,5.70,895,895,74,56.5
A,1,8,LineaA:1067,6,2162.20,107.71,13.50,895,895,74,56.5
A,1,8,LineaA:1067,7,8813.30,330.00,16.50,895,895,74,56.5
A,1,8,LineaA:1067,8,11136.60,316.13,18.00,895,895,74,56.5
A,1,8,LineaA:1067,9,9497.00,303.05,19.10,895,895,74,56.5
A,1,8,LineaA:1067,10,5151.50,154.56,16.70,895,895,74,56.5
A,1,8,LineaA:1067,11,3859.40,153.58,15.30,895,895,74,56.5
A,1,8,LineaA:1067,12,4287.10,143.36,15.10,895,895,74,56.5
A,1,8,LineaA:1067,13,4855.80,154.45,15.00,895,895,74,56.5
A,1,8,LineaA:1067,14,3575.60,136.50,15.80,895,895,74,56.5
A,1,8,LineaA:1067,15,3273.50,141.34,18.30,895,895,74,56.5
A,1,8,LineaA:1067,16,3608.90,97.73,18.40,895,895,74,56.5
A,1,8,LineaA:1067,17,4766.80,123.72,18.20,895,895,74,56.5
A,1,8,LineaA:1067,18,3889.60,46.48,18.90,895,895,74,56.5
A,1,8,LineaA:1067,19,2328.60,56.84,18.50,895,895,74,56.5
A,1,8,LineaA:1067,20,1671.90,36.84,16.10,895,895,74,56.5
A,1,8,LineaA:1067,21,1069.60,68.93,12.20,895,895,74,56.5
A,1,8,LineaA:1067,22,628.70,38.52,10.80,895,895,74,56.5
A,1,8,LineaA:1067,23,53.70,11.70,2.20,895,895,74,56.5
A,1,9,LineaA:1068,5,192.20,20.68,5.20,895,895,220,13.1
A,1,9,LineaA:1068,6,1977.10,61.53,13.40,895,895,220,13.1
A,1,9,LineaA:1068,7,7942.00,155.79,16.70,895,895,220,13.1
A,1,9,LineaA:1068,8,10591.50,180.17,17.80,895,895,220,13.1
A,1,9,LineaA:1068,9,9169.90,231.96,18.80,895,895,220,13.1
A,1,9,LineaA:1068,10,5051.70,103.93,16.90,895,895,220,13.1
A,1,9,LineaA:1068,11,3763.30,184.13,15.70,895,895,220,13.1
A,1,9,LineaA:1068,12,3790.50,125.96,14.70,895,895,220,13.1
A,1,9,LineaA:1068,13,4480.30,171.09,15.00,895,895,220,13.1
A,1,9,LineaA:1068,14,3343.00,149.10,15.90,895,895,220,13.1
A,1,9,LineaA:1068,15,2933.90,125.58,18.10,895,895,220,13.1
A,1,9,LineaA:1068,16,3000.50,93.16,18.30,895,895,220,13.1
A,1,9,LineaA:1068,17,4003.40,59.03,18.50,895,895,220,13.1
A,1,9,LineaA:1068,18,3488.10,149.62,18.50,895,895,220,13.1
A,1,9,LineaA:1068,19,2046.20,66.68,18.80,895,895,220,13.1
A,1,9,LineaA:1068,20,1406.90,43.65,16.20,895,895,220,13.1
A,1,9,LineaA:1068,21,892.40,53.09,12.40,895,895,220,13.1
A,1,9,LineaA:1068,22,491.50,42.59,10.90,895,895,220,13.1
A,1,9,LineaA:1068,23,52.10,10.34,2.50,895,895,220,13.1
A,1,10,LineaA:1070,5,175.50,20.90,5.80,895,895,33,0.8
A,1,10,LineaA:1070,6,1958.00,104.39,13.60,895,895,33,0.8
A,1,10,LineaA:1070,7,7569.60,260.22,16.20,895,895,33,0.8
A,1,10,LineaA:1070,8,10464.20,351.47,17.80,895,895,33,0.8
A,1,10,LineaA:1070,9,9527.50,355.95,19.20,895,895,33,0.8
A,1,10,LineaA:1070,10,5092.90,194.00,16.80,895,895,33,0.8
A,1,10,LineaA:1070,11,3708.60,171.72,15.40,895,895,33,0.8
A,1,10,LineaA:1070,12,3793.60,144.29,14.70,895,895,33,0.8
A,1,10,LineaA:1070,13,4560.90,169.32,15.20,895,895,33,0.8
A,1,10,LineaA:1070,14,3423.00,161.71,15.90,895,895,33,0.8
A,1,10,LineaA:1070,15,3036.10,120.27,18.20,895,895,33,0.8
A,1,10,LineaA:1070,16,3072.10,91.78,18.20,895,895,33,0.8
A,1,10,LineaA:1070,17,4084.80,48.29,18.50,895,895,33,0.8
A,1,10,LineaA:1070,18,3633.60,108.52,18.80,895,895,33,0.8
A,1,10,LineaA:1070,19,2033.80,80.26,18.80,895,895,33,0.8
A,1,10,LineaA:1070,20,1415.40,59.81,15.90,895,895,33,0.8
A,1,10,LineaA:1070,21,890.70,21.67,12.60,895,895,33,0.8
A,1,10,LineaA:1070,22,470.00,23.31,10.50,895,895,33,0.8
A,1,10,LineaA:1070,23,64.90,10.85,3.20,895,895,33,0.8
A,1,11,LineaA:1071,5,145.90,15.22,5.50,895,776,28,0.0
A,1,11,LineaA:1071,6,1561.50,111.49,13.30,895,776,28,0.0
A,1,11,LineaA:1071,7,6491.00,258.53,16.50,895,776,28,0.0
A,1,11,LineaA:1071,8,9036.10,226.51,17.70,895,776,28,0.0
A,1,11,LineaA:1071,9,8188.90,194.31,19.00,895,776,28,0.0
A,1,11,LineaA:1071,10,4334.10,117.17,16.90,895,776,28,0.0
A,1,11,LineaA:1071,11,3161.00,110.38,15.60,895,776,28,0.0
A,1,11,LineaA:1071,12,3094.90,79.60,14.90,895,776,28,0.0
A,1,11,LineaA:1071,13,3709.80,138.53,15.10,895,776,28,0.0
A,1,11,LineaA:1071,14,2840.70,74.79,16.00,895,776,28,0.0
A,1,11,LineaA:1071,15,2478.80,118.51,17.50,895,776,28,0.0
A,1,11,LineaA:1071,16,2551.00,64.85,18.30,895,776,28,0.0
A,1,11,LineaA:1071,17,3393.50,105.05,18.60,895,776,28,0.0
A,1,11,LineaA:1071,18,3018.80,90.54,18.90,895,776,28,0.0
A,1,11,LineaA:1071,19,1610.20,56.02,18.70,895,776,28,0.0
A,1,11,LineaA:1071,20,1199.30,33.58,16.30,895,776,28,0.0
A,1,11,LineaA:1071,21,724.80,36.82,12.70,895,776,28,0.0
A,1,11,LineaA:1071,22,356.70,22.19,10.60,895,776,28,0.0
A,1,11,LineaA:1071,23,44.70,9.09,3.20,895,776,28,0.0
A,1,12,LineaA:1072,5,135.60,12.03,5.30,895,722,22,0.0
A,1,12,LineaA:1072,6,1364.60,77.89,13.10,895,722,22,0.0
A,1,12,LineaA:1072,7,5799.20,184.77,16.30,895,722,22,0.0
A,1,12,LineaA:1072,8,8360.80,250.39,18.00,895,722,22,0.0
A,1,12,LineaA:1072,9,7557.00,199.61,18.80,895,722,22,0.0
A,1,12,LineaA:1072,10,4095.80,140.55,17.20,895,722,22,0.0
A,1,12,LineaA:1072,11,2824.10,91.67,15.40,895,722,22,0.0
A,1,12,LineaA:1072,12,2950.40,113.13,15.10,895,722,22,0.0
A,1,12,LineaA:1072,13,3448.90,133.30,15.00,895,722,22,0.0
A,1,12,LineaA:1072,14,2682.10,89.97,15.60,895,722,22,0.0
A,1,12,LineaA:1072,15,2471.70,56.57,18.00,895,722,22,0.0
A,1,12,LineaA:1072,16,2429.50,96.09,18.10,895,722,22,0.0
A,1,12,LineaA:1072,17,3243.70,41.63,18.70,895,722,22,0.0
A,1,12,LineaA:1072,18,2936.30,86.74,18.70,895,722,22,0.0
A,1,12,LineaA:1072,19,1532.80,57.90,18.70,895,722,22,0.0
A,1,12,LineaA:1072,20,1126.80,45.53,16.30,895,722,22,0.0
A,1,12,LineaA:1072,21,696.10,34.48,13.00,895,722,22,0.0
A,1,12,LineaA:1072,22,308.00,25.79,10.40,895,722,22,0.0
A,1,12,LineaA:1072,23,45.70,12.68,3.60,895,722,22,0.0
A,1,13,LineaA:1073,5,97.10,9.10,5.10,895,566,31,0.0
A,1,13,LineaA:1073,6,900.60,44.10,13.10,895,566,31,0.0
A,1,13,LineaA:1073,7,3811.70,144.84,16.10,895,566,31,0.0
A,1,13,LineaA:1073,8,6211.60,213.30,17.80,895,566,31,0.0
A,1,13,LineaA:1073,9,5882.50,114.73,19.00,895,566,31,0.0
A,1,13,LineaA:1073,10,2939.00,93.85,17.30,895,566,31,0.0
A,1,13,LineaA:1073,11,1740.80,83.39,15.30,895,566,31,0.0
A,1,13,LineaA:1073,12,1564.40,75.94,15.00,895,566,31,0.0
A,1,13,LineaA:1073,13,1548.80,63.14,15.00,895,566,31,0.0
A,1,13,LineaA:1073,14,1232.00,59.39,16.00,895,566,31,0.0
A,1,13,LineaA:1073,15,945.60,45.02,17.70,895,566,31,0.0
A,1,13,LineaA:1073,16,793.00,42.58,18.20,895,566,31,0.0
A,1,13,LineaA:1073,17,962.80,48.44,18.40,895,566,31,0.0
A,1,13,LineaA:1073,18,919.20,33.45,19.10,895,566,31,0.0
A,1,13,LineaA:1073,19,459.20,31.90,18.60,895,566,31,0.0
A,1,13,LineaA:1073,20,350.10,21.70,16.30,895,566,31,0.0
A,1,13,LineaA:1073,21,292.40,18.04,13.00,895,566,31,0.0
A,1,13,LineaA:1073,22,151.00,15.24,10.50,895,566,31,0.0
A,1,13,LineaA:1073,23,21.40,7.63,3.80,895,566,31,0.0
A,1,14,LineaA:1074,5,93.30,6.80,6.00,895,502,14,0.0
A,1,14,LineaA:1074,6,748.50,51.91,13.00,895,502,14,0.0
A,1,14,LineaA:1074,7,3148.60,114.22,16.00,895,502,14,0.0
A,1,14,LineaA:1074,8,5263.60,178.68,18.00,895,502,14,0.0
A,1,14,LineaA:1074,9,5002.80,132.50,18.60,895,502,14,0.0
A,1,14,LineaA:1074,10,2628.90,130.04,17.40,895,502,14,0.0
A,1,14,LineaA:1074,11,1594.50,97.65,15.50,895,502,14,0.0
A,1,14,LineaA:1074,12,1363.30,89.38,14.90,895,502,14,0.0
A,1,14,LineaA:1074,13,1395.60,76.36,15.00,895,502,14,0.0
A,1,14,LineaA:1074,14,1069.20,61.65,15.70,895,502,14,0.0
A,1,14,LineaA:1074,15,878.50,51.64,17.70,895,502,14,0.0
A,1,14,LineaA:1074,16,792.90,42.20,18.70,895,502,14,0.0
A,1,14,LineaA:1074,17,894.60,37.64,18.30,895,502,14,0.0
A,1,14,LineaA:1074,18,856.20,19.64,18.70,895,502,14,0.0
A,1,14,LineaA:1074,19,428.60,23.82,18.90,895,502,14,0.0
A,1,14,LineaA:1074,20,332.30,20.86,16.10,895,502,14,0.0
A,1,14,LineaA:1074,21,283.80,13.60,13.20,895,502,14,0.0
A,1,14,LineaA:1074,22,152.60,11.80,10.40,895,502,14,0.0
A,1,14,LineaA:1074,23,23.10,6.21,4.20,895,502,14,0.0
A,1,15,LineaA:1075,5,47.40,8.06,5.70,895,327,77,0.0
A,1,15,LineaA:1075,6,408.90,29.80,12.90,895,327,77,0.0
A,1,15,LineaA:1075,7,1826.90,55.30,16.10,895,327,77,0.0
A,1,15,LineaA:1075,8,2791.50,105.62,17.70,895,327,77,0.0
A,1,15,LineaA:1075,9,2896.70,114.21,18.70,895,327,77,0.0
A,1,15,LineaA:1075,10,1530.90,81.21,17.60,895,327,77,0.0
A,1,15,LineaA:1075,11,882.80,44.78,15.60,895,327,77,0.0
A,1,15,LineaA:1075,12,757.90,48.24,14.90,895,327,77,0.0
A,1,15,LineaA:1075,13,790.90,41.87,15.00,895,327,77,0.0
A,1,15,LineaA:1075,14,595.60,38.87,15.80,895,327,77,0.0
A,1,15,LineaA:1075,15,453.20,21.61,17.60,895,327,77,0.0
A,1,15,LineaA:1075,16,392.80,17.09,18.30,895,327,77,0.0
A,1,15,LineaA:1075,17,551.20,41.66,18.70,895,327,77,0.0
A,1,15,LineaA:1075,18,461.90,32.61,18.70,895,327,77,0.0
A,1,15,LineaA:1075,19,219.90,12.79,18.70,895,327,77,0.0
A,1,15,LineaA:1075,20,186.50,17.61,16.30,895,327,77,0.0
A,1,15,LineaA:1075,21,180.30,13.15,13.30,895,327,77,0.0
A,1,15,LineaA:1075,22,82.10,7.09,10.40,895,327,77,0.0
A,1,15,LineaA:1075,23,11.70,3.23,4.30,895,327,77,0.0
B,0,0,LineaB:1093,5,112.80,13.73,4.90,1074,621,621,0.0
B,0,0,LineaB:1093,6,512.80,51.11,10.20,1074,621,621,0.0
B,0,0,LineaB:1093,7,1155.30,77.67,12.30,1074,621,621,0.0
B,0,0,LineaB:1093,8,1268.60,71.29,13.30,1074,621,621,0.0
B,0,0,LineaB:1093,9,1168.60,30.46,14.20,1074,621,621,0.0
B,0,0,LineaB:1093,10,863.90,39.81,13.60,1074,621,621,0.0
B,0,0,LineaB:1093,11,1121.20,63.99,13.20,1074,621,621,0.0
B,0,0,LineaB:1093,12,1383.30,78.86,13.00,1074,621,621,0.0
B,0,0,LineaB:1093,13,1201.70,58.53,13.30,1074,621,621,0.0
B,0,0,LineaB:1093,14,1129.70,101.86,13.90,1074,621,621,0.0
B,0,0,LineaB:1093,15,1441.90,91.01,14.40,1074,621,621,0.0
B,0,0,LineaB:1093,16,2039.40,92.89,13.70,1074,621,621,0.0
B,0,0,LineaB:1093,17,3295.20,106.82,14.10,1074,621,621,0.0
B,0,0,LineaB:1093,18,2994.20,80.11,14.30,1074,621,621,0.0
B,0,0,LineaB:1093,19,1159.00,54.16,14.00,1074,621,621,0.0
B,0,0,LineaB:1093,20,796.40,47.63,12.70,1074,621,621,0.0
B,0,0,LineaB:1093,21,1067.90,112.38,12.10,1074,621,621,0.0
B,0,0,LineaB:1093,22,706.10,80.88,10.90,1074,621,621,0.0
B,0,0,LineaB:1093,23,42.20,9.22,5.30,1074,621,621,0.0
B,0,1,LineaB:1092,5,114.40,13.91,4.90,1074,960,351,0.0
B,0,1,LineaB:1092,6,521.30,49.52,10.10,1074,960,351,0.0
B,0,1,LineaB:1092,7,1154.10,57.82,12.00,1074,960,351,0.0
B,0,1,LineaB:1092,8,1286.10,57.83,13.60,1074,960,351,0.0
B,0,1,LineaB:1092,9,1164.50,30.75,14.00,1074,960,351,0.0
B,0,1,LineaB:1092,10,1090.90,57.21,13.50,1074,960,351,0.0
B,0,1,LineaB:1092,11,1558.80,73.18,13.40,1074,960,351,0.0
B,0,1,LineaB:1092,12,1916.90,113.14,12.90,1074,960,351,0.0
B,0,1,LineaB:1092,13,1755.70,72.29,13.50,1074,960,351,0.0
B,0,1,LineaB:1092,14,1882.40,137.68,13.80,1074,960,351,0.0
B,0,1,LineaB:1092,15,2678.30,162.82,14.20,1074,960,351,0.0
B,0,1,LineaB:1092,16,3558.40,166.60,14.00,1074,960,351,0.0
B,0,1,LineaB:1092,17,5085.60,126.56,14.00,1074,960,351,0.0
B,0,1,LineaB:1092,18,4617.30,190.50,14.00,1074,960,351,0.0
B,0,1,LineaB:1092,19,1980.60,85.55,14.40,1074,960,351,0.0
B,0,1,LineaB:1092,20,1191.70,59.09,12.60,1074,960,351,0.0
B,0,1,LineaB:1092,21,1264.10,121.57,12.10,1074,960,351,0.0
B,0,1,LineaB:1092,22,804.70,108.23,11.00,1074,960,351,0.0
B,0,1,LineaB:1092,23,56.40,11.72,5.40,1074,960,351,0.0
B,0,2,LineaB:1091,5,279.20,37.86,5.70,1074,1074,726,89.5
B,0,2,LineaB:1091,6,1763.50,156.37,10.00,1074,1074,726,89.5
B,0,2,LineaB:1091,7,3807.00,218.23,12.20,1074,1074,726,89.5
B,0,2,LineaB:1091,8,4050.50,215.70,13.30,1074,1074,726,89.5
B,0,2,LineaB:1091,9,3240.60,168.12,13.70,1074,1074,726,89.5
B,0,2,LineaB:1091,10,2405.10,135.71,13.80,1074,1074,726,89.5
B,0,2,LineaB:1091,11,2841.50,132.70,13.50,1074,1074,726,89.5
B,0,2,LineaB:1091,12,3290.00,122.00,12.90,1074,1074,726,89.5
B,0,2,LineaB:1091,13,3371.50,85.31,13.60,1074,1074,726,89.5
B,0,2,LineaB:1091,14,3426.80,213.62,13.70,1074,1074,726,89.5
B,0,2,LineaB:1091,15,4316.80,219.79,14.00,1074,1074,726,89.5
B,0,2,LineaB:1091,16,5507.20,155.68,13.90,1074,1074,726,89.5
B,0,2,LineaB:1091,17,7258.30,270.59,13.80,1074,1074,726,89.5
B,0,2,LineaB:1091,18,7004.20,170.87,14.60,1074,1074,726,89.5
B,0,2,LineaB:1091,19,3165.20,111.81,14.40,1074,1074,726,89.5
B,0,2,LineaB:1091,20,2179.00,74.06,12.50,1074,1074,726,89.5
B,0,2,LineaB:1091,21,1819.50,122.32,12.10,1074,1074,726,89.5
B,0,2,LineaB:1091,22,1363.60,99.03,11.00,1074,1074,726,89.5
B,0,2,LineaB:1091,23,183.50,19.20,5.70,1074,1074,726,89.5
B,0,3,LineaB:1090,5,252.50,36.89,5.40,1074,1074,280,118.1
B,0,3,LineaB:1090,6,1738.30,172.03,10.20,1074,1074,280,118.1
B,0,3,LineaB:1090,7,3729.20,163.04,11.90,1074,1074,280,118.1
B,0,3,LineaB:1090,8,4025.70,145.36,13.20,1074,1074,280,118.1
B,0,3,LineaB:1090,9,3410.60,122.63,14.10,1074,1074,280,118.1
B,0,3,LineaB:1090,10,2495.60,138.62,13.70,1074,1074,280,118.1
B,0,3,LineaB:1090,11,3026.70,163.33,13.40,1074,1074,280,118.1
B,0,3,LineaB:1090,12,3726.50,215.04,13.00,1074,1074,280,118.1
B,0,3,LineaB:1090,13,4045.70,110.68,13.50,1074,1074,280,118.1
B,0,3,LineaB:1090,14,3986.20,135.58,13.60,1074,1074,280,118.1
B,0,3,LineaB:1090,15,5202.60,225.88,14.20,1074,1074,280,118.1
B,0,3,LineaB:1090,16,6351.20,180.07,13.90,1074,1074,280,118.1
B,0,3,LineaB:1090,17,8322.30,203.63,14.00,1074,1074,280,118.1
B,0,3,LineaB:1090,18,7725.10,186.44,14.30,1074,1074,280,118.1
B,0,3,LineaB:1090,19,3607.20,136.94,14.20,1074,1074,280,118.1
B,0,3,LineaB:1090,20,2479.60,132.06,12.60,1074,1074,280,118.1
B,0,3,LineaB:1090,21,2101.00,84.69,12.20,1074,1074,280,118.1
B,0,3,LineaB:1090,22,1652.10,113.17,11.00,1074,1074,280,118.1
B,0,3,LineaB:1090,23,234.00,20.62,6.00,1074,1074,280,118.1
B,0,4,LineaB:1089,5,255.50,19.86,5.20,1074,1074,407,259.6
B,0,4,LineaB:1089,6,1757.20,185.58,10.20,1074,1074,407,259.6
B,0,4,LineaB:1089,7,3727.90,138.63,11.80,1074,1074,407,259.6
B,0,4,LineaB:1089,8,4130.40,121.47,13.40,1074,1074,407,259.6
B,0,4,LineaB:1089,9,3564.50,123.32,14.00,1074,1074,407,259.6
B,0,4,LineaB:1089,10,2717.00,117.00,13.60,1074,1074,407,259.6
B,0,4,LineaB:1089,11,3269.70,157.23,13.30,1074,1074,407,259.6
B,0,4,LineaB:1089,12,4278.30,262.95,13.00,1074,1074,407,259.6
B,0,4,LineaB:1089,13,4700.30,145.07,13.60,1074,1074,407,259.6
B,0,4,LineaB:1089,14,4626.90,242.46,13.80,1074,1074,407,259.6
B,0,4,LineaB:1089,15,5934.70,177.17,14.20,1074,1074,407,259.6
B,0,4,LineaB:1089,16,7347.00,175.54,13.70,1074,1074,407,259.6
B,0,4,LineaB:1089,17,9250.80,295.75,13.90,1074,1074,407,259.6
B,0,4,LineaB:1089,18,8440.60,334.14,14.10,1074,1074,407,259.6
B,0,4,LineaB:1089,19,4688.80,217.49,14.60,1074,1074,407,259.6
B,0,4,LineaB:1089,20,3004.60,118.41,12.60,1074,1074,407,259.6
B,0,4,LineaB:1089,21,2332.70,93.40,12.00,1074,1074,407,259.6
B,0,4,LineaB:1089,22,1936.10,96.04,11.30,1074,1074,407,259.6
B,0,4,LineaB:1089,23,307.50,26.18,6.10,1074,1074,407,259.6
B,0,5,LineaB:1088,5,248.60,16.60,4.90,1074,1074,242,226.1
B,0,5,LineaB:1088,6,1750.50,118.69,10.20,1074,1074,242,226.1
B,0,5,LineaB:1088,7,3714.60,170.80,11.70,1074,1074,242,226.1
B,0,5,LineaB:1088,8,4229.40,218.65,13.60,1074,1074,242,226.1
B,0,5,LineaB:1088,9,3509.60,204.26,13.70,1074,1074,242,226.1
B,0,5,LineaB:1088,10,2832.00,134.00,13.80,1074,1074,242,226.1
B,0,5,LineaB:1088,11,3347.20,130.37,13.30,1074,1074,242,226.1
B,0,5,LineaB:1088,12,4504.10,207.79,13.00,1074,1074,242,226.1
B,0,5,LineaB:1088,13,4980.40,259.07,13.50,1074,1074,242,226.1
B,0,5,LineaB:1088,14,4816.50,278.07,13.70,1074,1074,242,226.1
B,0,5,LineaB:1088,15,6164.70,204.53,14.10,1074,1074,242,226.1
B,0,5,LineaB:1088,16,7891.90,297.60,14.00,1074,1074,242,226.1
B,0,5,LineaB:1088,17,9898.60,223.11,14.00,1074,1074,242,226.1
B,0,5,LineaB:1088,18,8889.80,308.78,14.20,1074,1074,242,226.1
B,0,5,LineaB:1088,19,4796.90,258.50,14.10,1074,1074,242,226.1
B,0,5,LineaB:1088,20,3263.90,151.38,12.80,1074,1074,242,226.1
B,0,5,LineaB:1088,21,2509.60,113.34,12.20,1074,1074,242,226.1
B,0,5,LineaB:1088,22,1994.50,79.86,11.10,1074,1074,242,226.1
B,0,5,LineaB:1088,23,343.20,31.66,6.50,1074,1074,242,226.1
B,0,6,LineaB:1087,5,318.00,22.87,5.90,1074,1074,862,1362.9
B,0,6,LineaB:1087,6,2143.80,105.99,10.00,1074,1074,862,1362.9
B,0,6,LineaB:1087,7,5229.30,198.75,11.80,1074,1074,862,1362.9
B,0,6,LineaB:1087,8,5539.70,246.46,13.30,1074,1074,862,1362.9
B,0,6,LineaB:1087,9,4479.70,113.56,13.70,1074,1074,862,1362.9
B,0,6,LineaB:1087,10,3698.40,127.85,14.00,1074,1074,862,1362.9
B,0,6,LineaB:1087,11,4054.70,142.97,13.10,1074,1074,862,1362.9
B,0,6,LineaB:1087,12,5272.20,235.43,13.10,1074,1074,862,1362.9
B,0,6,LineaB:1087,13,6075.70,205.21,13.60,1074,1074,862,1362.9
B,0,6,LineaB:1087,14,5658.80,193.98,13.70,1074,1074,862,1362.9
B,0,6,LineaB:1087,15,6864.50,367.55,14.00,1074,1074,862,1362.9
B,0,6,LineaB:1087,16,8868.60,616.41,13.70,1074,1074,862,1362.9
B,0,6,LineaB:1087,17,11377.90,481.25,14.10,1074,1074,862,1362.9
B,0,6,LineaB:1087,18,10438.10,425.08,14.20,1074,1074,862,1362.9
B,0,6,LineaB:1087,19,6088.10,199.82,14.50,1074,1074,862,1362.9
B,0,6,LineaB:1087,20,4192.70,191.97,12.90,1074,1074,862,1362.9
B,0,6,LineaB:1087,21,2921.80,159.44,12.10,1074,1074,862,1362.9
B,0,6,LineaB:1087,22,2161.60,126.16,11.00,1074,1074,862,1362.9
B,0,6,LineaB:1087,23,391.20,44.87,6.70,1074,1074,862,1362.9
B,0,7,LineaB:1086,5,304.70,36.68,5.80,1074,1074,103,8.3
B,0,7,LineaB:1086,6,2096.40,102.37,10.10,1074,1074,103,8.3
B,0,7,LineaB:1086,7,4939.30,158.08,11.60,1074,1074,103,8.3
B,0,7,LineaB:1086,8,5228.90,277.90,13.20,1074,1074,103,8.3
B,0,7,LineaB:1086,9,4111.70,114.51,13.80,1074,1074,103,8.3
B,0,7,LineaB:1086,10,3344.90,140.07,13.70,1074,1074,103,8.3
B,0,7,LineaB:1086,11,3799.20,136.34,13.40,1074,1074,103,8.3
B,0,7,LineaB:1086,12,4966.60,163.34,13.20,1074,1074,103,8.3
B,0,7,LineaB:1086,13,5532.30,243.37,13.40,1074,1074,103,8.3
B,0,7,LineaB:1086,14,5364.70,95.01,13.70,1074,1074,103,8.3
B,0,7,LineaB:1086,15,6540.40,319.53,14.00,1074,1074,103,8.3
B,0,7,LineaB:1086,16,8549.90,537.32,13.70,1074,1074,103,8.3
B,0,7,LineaB:1086,17,11171.80,493.58,14.20,1074,1074,103,8.3
B,0,7,LineaB:1086,18,10136.00,227.83,14.20,1074,1074,103,8.3
B,0,7,LineaB:1086,19,5950.30,169.79,14.20,1074,1074,103,8.3
B,0,7,LineaB:1086,20,4204.80,93.73,12.80,1074,1074,103,8.3
B,0,7,LineaB:1086,21,3070.30,73.54,12.20,1074,1074,103,8.3
B,0,7,LineaB:1086,22,2317.50,90.63,11.30,1074,1074,103,8.3
B,0,7,LineaB:1086,23,415.20,34.15,6.90,1074,1074,103,8.3
B,0,8,LineaB:1085,5,279.50,48.61,5.40,1074,1069,74,0.0
B,0,8,LineaB:1085,6,1813.10,124.49,9.80,1074,1069,74,0.0
B,0,8,LineaB:1085,7,4643.80,231.41,11.70,1074,1069,74,0.0
B,0,8,LineaB:1085,8,4875.70,314.09,13.20,1074,1069,74,0.0
B,0,8,LineaB:1085,9,3932.30,160.31,14.20,1074,1069,74,0.0
B,0,8,LineaB:1085,10,3001.20,106.32,13.40,1074,1069,74,0.0
B,0,8,LineaB:1085,11,3547.30,171.76,13.60,1074,1069,74,0.0
B,0,8,LineaB:1085,12,4679.60,177.58,13.30,1074,1069,74,0.0
B,0,8,LineaB:1085,13,4984.80,144.49,12.90,1074,1069,74,0.0
B,0,8,LineaB:1085,14,5070.60,145.78,14.00,1074,1069,74,0.0
B,0,8,LineaB:1085,15,6156.30,331.67,14.00,1074,1069,74,0.0
B,0,8,LineaB:1085,16,8153.90,462.79,13.80,1074,1069,74,0.0
B,0,8,LineaB:1085,17,10531.80,354.87,14.00,1074,1069,74,0.0
B,0,8,LineaB:1085,18,9865.40,245.47,14.60,1074,1069,74,0.0
B,0,8,LineaB:1085,19,5591.50,153.22,14.10,1074,1069,74,0.0
B,0,8,LineaB:1085,20,4043.30,124.36,12.80,1074,1069,74,0.0
B,0,8,LineaB:1085,21,2887.90,132.62,12.10,1074,1069,74,0.0
B,0,8,LineaB:1085,22,2178.20,77.58,11.10,1074,1069,74,0.0
B,0,8,LineaB:1085,23,421.10,38.42,7.40,1074,1069,74,0.0
B,0,9,LineaB:1083,5,222.00,17.12,5.90,1074,1020,48,0.0
B,0,9,LineaB:1083,6,1701.00,69.28,10.10,1074,1020,48,0.0
B,0,9,LineaB:1083,7,4176.30,297.51,11.60,1074,1020,48,0.0
B,0,9,LineaB:1083,8,4492.00,344.80,13.20,1074,1020,48,0.0
B,0,9,LineaB:1083,9,3522.90,130.43,13.80,1074,1020,48,0.0
B,0,9,LineaB:1083,10,2794.90,127.04,13.70,1074,1020,48,0.0
B,0,9,LineaB:1083,11,3164.30,203.89,13.40,1074,1020,48,0.0
B,0,9,LineaB:1083,12,4437.00,203.68,13.70,1074,1020,48,0.0
B,0,9,LineaB:1083,13,4525.90,156.96,12.90,1074,1020,48,0.0
B,0,9,LineaB:1083,14,4560.40,193.45,13.60,1074,1020,48,0.0
B,0,9,LineaB:1083,15,5607.10,180.10,14.00,1074,1020,48,0.0
B,0,9,LineaB:1083,16,7520.00,296.48,14.00,1074,1020,48,0.0
B,0,9,LineaB:1083,17,9740.70,354.65,14.00,1074,1020,48,0.0
B,0,9,LineaB:1083,18,9061.70,422.65,14.40,1074,1020,48,0.0
B,0,9,LineaB:1083,19,5226.10,164.54,14.10,1074,1020,48,0.0
B,0,9,LineaB:1083,20,3884.90,159.59,12.90,1074,1020,48,0.0
B,0,9,LineaB:1083,21,2656.30,72.13,12.00,1074,1020,48,0.0
B,0,9,LineaB:1083,22,2095.50,62.95,11.50,1074,1020,48,0.0
B,0,9,LineaB:1083,23,400.40,31.69,7.60,1074,1020,48,0.0
B,0,10,LineaB:1084,5,200.70,35.67,5.80,1074,896,43,0.0
B,0,10,LineaB:1084,6,1519.80,88.59,10.10,1074,896,43,0.0
B,0,10,LineaB:1084,7,3469.70,185.56,11.30,1074,896,43,0.0
B,0,10,LineaB:1084,8,3830.50,135.33,13.10,1074,896,43,0.0
B,0,10,LineaB:1084,9,2940.80,117.23,13.90,1074,896,43,0.0
B,0,10,LineaB:1084,10,2370.00,57.51,13.60,1074,896,43,0.0
B,0,10,LineaB:1084,11,2681.10,119.89,13.50,1074,896,43,0.0
B,0,10,LineaB:1084,12,3687.90,167.33,13.20,1074,896,43,0.0
B,0,10,LineaB:1084,13,3978.40,172.04,13.10,1074,896,43,0.0
B,0,10,LineaB:1084,14,4048.00,151.16,13.90,1074,896,43,0.0
B,0,10,LineaB:1084,15,4921.70,128.14,14.30,1074,896,43,0.0
B,0,10,LineaB:1084,16,6466.70,252.34,13.70,1074,896,43,0.0
B,0,10,LineaB:1084,17,8471.70,297.91,13.80,1074,896,43,0.0
B,0,10,LineaB:1084,18,8154.80,309.75,14.50,1074,896,43,0.0
B,0,10,LineaB:1084,19,4692.50,150.91,14.10,1074,896,43,0.0
B,0,10,LineaB:1084,20,3413.40,228.47,12.90,1074,896,43,0.0
B,0,10,LineaB:1084,21,2458.60,116.60,12.10,1074,896,43,0.0
B,0,10,LineaB:1084,22,1845.80,85.71,11.20,1074,896,43,0.0
B,0,10,LineaB:1084,23,410.30,52.28,8.30,1074,896,43,0.0
B,0,11,LineaB:1082,5,158.40,44.10,5.50,1074,822,19,0.0
B,0,11,LineaB:1082,6,1206.10,109.07,9.60,1074,822,19,0.0
B,0,11,LineaB:1082,7,3068.80,91.93,11.90,1074,822,19,0.0
B,0,11,LineaB:1082,8,3075.30,142.26,13.00,1074,822,19,0.0
B,0,11,LineaB:1082,9,2425.30,114.83,13.90,1074,822,19,0.0
B,0,11,LineaB:1082,10,2000.80,67.16,13.40,1074,822,19,0.0
B,0,11,LineaB:1082,11,2280.00,93.56,13.50,1074,822,19,0.0
B,0,11,LineaB:1082,12,3352.60,104.33,13.60,1074,822,19,0.0
B,0,11,LineaB:1082,13,3421.00,146.76,12.90,1074,822,19,0.0
B,0,11,LineaB:1082,14,3492.00,140.20,13.60,1074,822,19,0.0
B,0,11,LineaB:1082,15,4284.90,165.62,14.00,1074,822,19,0.0
B,0,11,LineaB:1082,16,5776.90,328.96,14.10,1074,822,19,0.0
B,0,11,LineaB:1082,17,7779.50,312.13,14.00,1074,822,19,0.0
B,0,11,LineaB:1082,18,7169.20,231.16,14.10,1074,822,19,0.0
B,0,11,LineaB:1082,19,4214.10,194.32,14.20,1074,822,19,0.0
B,0,11,LineaB:1082,20,3053.90,110.06,13.10,1074,822,19,0.0
B,0,11,LineaB:1082,21,2246.90,82.55,12.40,1074,822,19,0.0
B,0,11,LineaB:1082,22,1645.80,80.74,11.00,1074,822,19,0.0
B,0,11,LineaB:1082,23,407.10,44.90,8.60,1074,822,19,0.0
B,0,12,LineaB:1081,5,80.50,11.58,5.90,1074,553,17,0.0
B,0,12,LineaB:1081,6,813.80,38.63,10.00,1074,553,17,0.0
B,0,12,LineaB:1081,7,2092.90,118.82,11.70,1074,553,17,0.0
B,0,12,LineaB:1081,8,2140.00,114.46,12.70,1074,553,17,0.0
B,0,12,LineaB:1081,9,1786.30,73.05,14.10,1074,553,17,0.0
B,0,12,LineaB:1081,10,1287.30,68.67,13.40,1074,553,17,0.0
B,0,12,LineaB:1081,11,1548.50,86.41,13.90,1074,553,17,0.0
B,0,12,LineaB:1081,12,2107.70,94.07,12.90,1074,553,17,0.0
B,0,12,LineaB:1081,13,2380.90,72.77,13.40,1074,553,17,0.0
B,0,12,LineaB:1081,14,2278.70,94.85,13.70,1074,553,17,0.0
B,0,12,LineaB:1081,15,2680.80,114.71,13.90,1074,553,17,0.0
B,0,12,LineaB:1081,16,3751.60,202.43,14.00,1074,553,17,0.0
B,0,12,LineaB:1081,17,4999.80,265.61,13.80,1074,553,17,0.0
B,0,12,LineaB:1081,18,4823.80,188.89,14.40,1074,553,17,0.0
B,0,12,LineaB:1081,19,2734.80,140.24,14.10,1074,553,17,0.0
B,0,12,LineaB:1081,20,2015.80,90.82,13.30,1074,553,17,0.0
B,0,12,LineaB:1081,21,1401.40,75.81,12.00,1074,553,17,0.0
B,0,12,LineaB:1081,22,1177.50,59.96,11.20,1074,553,17,0.0
B,0,12,LineaB:1081,23,308.90,21.90,9.00,1074,553,17,0.0
B,0,13,LineaB:1080,5,48.60,9.17,5.90,1074,527,11,0.0
B,0,13,LineaB:1080,6,642.00,35.43,9.90,1074,527,11,0.0
B,0,13,LineaB:1080,7,1625.90,73.58,11.20,1074,527,11,0.0
B,0,13,LineaB:1080,8,1763.80,89.28,13.10,1074,527,11,0.0
B,0,13,LineaB:1080,9,1443.60,42.60,13.50,1074,527,11,0.0
B,0,13,LineaB:1080,10,1183.10,44.18,13.70,1074,527,11,0.0
B,0,13,LineaB:1080,11,1359.50,41.09,13.70,1074,527,11,0.0
B,0,13,LineaB:1080,12,1967.50,69.75,13.30,1074,527,11,0.0
B,0,13,LineaB:1080,13,2081.90,90.31,13.10,1074,527,11,0.0
B,0,13,LineaB:1080,14,2110.50,71.53,13.80,1074,527,11,0.0
B,0,13,LineaB:1080,15,2458.00,71.34,13.90,1074,527,11,0.0
B,0,13,LineaB:1080,16,3442.60,129.38,14.00,1074,527,11,0.0
B,0,13,LineaB:1080,17,4707.50,174.63,14.00,1074,527,11,0.0
B,0,13,LineaB:1080,18,4444.50,137.71,14.00,1074,527,11,0.0
B,0,13,LineaB:1080,19,2619.80,71.79,14.20,1074,527,11,0.0
B,0,13,LineaB:1080,20,1880.20,50.50,13.50,1074,527,11,0.0
B,0,13,LineaB:1080,21,1285.70,84.40,12.00,1074,527,11,0.0
B,0,13,LineaB:1080,22,1097.70,40.30,11.30,1074,527,11,0.0
B,0,13,LineaB:1080,23,308.20,21.11,9.30,1074,527,11,0.0
B,0,14,LineaB:1079,5,32.20,9.50,5.40,1074,447,11,0.0
B,0,14,LineaB:1079,6,470.50,27.59,9.80,1074,447,11,0.0
B,0,14,LineaB:1079,7,1233.50,52.68,11.50,1074,447,11,0.0
B,0,14,LineaB:1079,8,1286.50,72.34,12.80,1074,447,11,0.0
B,0,14,LineaB:1079,9,1139.30,57.56,13.80,1074,447,11,0.0
B,0,14,LineaB:1079,10,989.70,53.56,13.90,1074,447,11,0.0
B,0,14,LineaB:1079,11,1103.50,45.83,13.70,1074,447,11,0.0
B,0,14,LineaB:1079,12,1531.30,65.95,12.90,1074,447,11,0.0
B,0,14,LineaB:1079,13,1694.60,97.60,13.10,1074,447,11,0.0
B,0,14,LineaB:1079,14,1709.70,60.00,13.80,1074,447,11,0.0
B,0,14,LineaB:1079,15,2005.70,72.85,14.00,1074,447,11,0.0
B,0,14,LineaB:1079,16,2849.50,123.15,14.20,1074,447,11,0.0
B,0,14,LineaB:1079,17,3845.50,116.94,13.70,1074,447,11,0.0
B,0,14,LineaB:1079,18,3748.60,77.53,14.20,1074,447,11,0.0
B,0,14,LineaB:1079,19,2167.70,57.83,14.20,1074,447,11,0.0
B,0,14,LineaB:1079,20,1520.70,60.64,13.40,1074,447,11,0.0
B,0,14,LineaB:1079,21,1061.70,36.37,12.20,1074,447,11,0.0
B,0,14,LineaB:1079,22,852.80,44.56,11.10,1074,447,11,0.0
B,0,14,LineaB:1079,23,265.80,25.92,9.70,1074,447,11,0.0
B,0,15,LineaB:1078,5,23.50,6.54,5.00,1074,376,3,0.0
B,0,15,LineaB:1078,6,388.60,28.06,10.00,1074,376,3,0.0
B,0,15,LineaB:1078,7,992.90,38.43,11.40,1074,376,3,0.0
B,0,15,LineaB:1078,8,1034.50,27.37,12.80,1074,376,3,0.0
B,0,15,LineaB:1078,9,916.70,41.74,13.60,1074,376,3,0.0
B,0,15,LineaB:1078,10,777.50,46.01,13.70,1074,376,3,0.0
B,0,15,LineaB:1078,11,853.30,33.69,13.40,1074,376,3,0.0
B,0,15,LineaB:1078,12,1279.60,60.00,13.60,1074,376,3,0.0
B,0,15,LineaB:1078,13,1368.40,69.23,13.00,1074,376,3,0.0
B,0,15,LineaB:1078,14,1395.60,88.24,13.70,1074,376,3,0.0
B,0,15,LineaB:1078,15,1595.00,63.03,13.90,1074,376,3,0.0
B,0,15,LineaB:1078,16,2239.30,79.35,14.20,1074,376,3,0.0
B,0,15,LineaB:1078,17,3107.40,75.53,13.90,1074,376,3,0.0
B,0,15,LineaB:1078,18,3028.90,143.15,14.10,1074,376,3,0.0
B,0,15,LineaB:1078,19,1747.40,91.23,14.10,1074,376,3,0.0
B,0,15,LineaB:1078,20,1248.20,57.11,13.70,1074,376,3,0.0
B,0,15,LineaB:1078,21,838.80,56.84,12.10,1074,376,3,0.0
B,0,15,LineaB:1078,22,677.00,29.11,11.30,1074,376,3,0.0
B,0,15,LineaB:1078,23,217.90,20.20,9.90,1074,376,3,0.0
B,1,0,LineaB:1077,5,188.80,15.00,5.80,1074,928,928,0.0
B,1,0,LineaB:1077,6,1398.50,66.87,10.80,1074,928,928,0.0
B,1,0,LineaB:1077,7,3525.10,117.98,12.90,1074,928,928,0.0
B,1,0,LineaB:1077,8,3831.30,106.90,14.90,1074,928,928,0.0
B,1,0,LineaB:1077,9,2498.60,63.65,13.80,1074,928,928,0.0
B,1,0,LineaB:1077,10,1289.60,54.19,13.20,1074,928,928,0.0
B,1,0,LineaB:1077,11,1023.10,48.93,13.30,1074,928,928,0.0
B,1,0,LineaB:1077,12,1174.50,44.21,13.00,1074,928,928,0.0
B,1,0,LineaB:1077,13,1178.80,34.16,12.90,1074,928,928,0.0
B,1,0,LineaB:1077,14,943.10,35.78,13.40,1074,928,928,0.0
B,1,0,LineaB:1077,15,778.10,30.32,14.60,1074,928,928,0.0
B,1,0,LineaB:1077,16,1113.00,54.11,14.00,1074,928,928,0.0
B,1,0,LineaB:1077,17,1491.40,70.68,14.60,1074,928,928,0.0
B,1,0,LineaB:1077,18,922.80,47.81,14.00,1074,928,928,0.0
B,1,0,LineaB:1077,19,631.50,48.98,13.90,1074,928,928,0.0
B,1,0,LineaB:1077,20,496.70,16.63,12.10,1074,928,928,0.0
B,1,0,LineaB:1077,21,220.00,14.50,11.80,1074,928,928,0.0
B,1,0,LineaB:1077,22,135.70,4.42,10.10,1074,928,928,0.0
B,1,0,LineaB:1077,23,2.80,3.71,0.40,1074,928,928,0.0
B,1,1,LineaB:1078,5,191.40,21.26,5.50,1074,1074,213,6.7
B,1,1,LineaB:1078,6,1542.50,98.94,10.70,1074,1074,213,6.7
B,1,1,LineaB:1078,7,4419.70,141.21,13.20,1074,1074,213,6.7
B,1,1,LineaB:1078,8,4531.20,166.96,14.40,1074,1074,213,6.7
B,1,1,LineaB:1078,9,3220.40,102.66,14.00,1074,1074,213,6.7
B,1,1,LineaB:1078,10,1611.80,60.67,13.00,1074,1074,213,6.7
B,1,1,LineaB:1078,11,1292.30,53.96,13.50,1074,1074,213,6.7
B,1,1,LineaB:1078,12,1428.80,75.35,12.90,1074,1074,213,6.7
B,1,1,LineaB:1078,13,1549.80,60.85,13.20,1074,1074,213,6.7
B,1,1,LineaB:1078,14,1111.40,56.71,13.30,1074,1074,213,6.7
B,1,1,LineaB:1078,15,1009.80,42.59,14.40,1074,1074,213,6.7
B,1,1,LineaB:1078,16,1382.60,54.11,14.30,1074,1074,213,6.7
B,1,1,LineaB:1078,17,1850.00,50.85,14.30,1074,1074,213,6.7
B,1,1,LineaB:1078,18,1224.70,48.98,14.10,1074,1074,213,6.7
B,1,1,LineaB:1078,19,792.90,42.21,13.60,1074,1074,213,6.7
B,1,1,LineaB:1078,20,603.90,17.19,12.30,1074,1074,213,6.7
B,1,1,LineaB:1078,21,311.10,24.02,11.90,1074,1074,213,6.7
B,1,1,LineaB:1078,22,166.30,11.62,10.30,1074,1074,213,6.7
B,1,1,LineaB:1078,23,4.40,4.33,0.60,1074,1074,213,6.7
B,1,2,LineaB:1079,5,188.00,13.11,5.10,1074,1074,280,28.4
B,1,2,LineaB:1079,6,1724.80,79.40,10.70,1074,1074,280,28.4
B,1,2,LineaB:1079,7,5040.20,247.38,12.90,1074,1074,280,28.4
B,1,2,LineaB:1079,8,5649.20,301.04,14.70,1074,1074,280,28.4
B,1,2,LineaB:1079,9,3958.50,180.38,14.00,1074,1074,280,28.4
B,1,2,LineaB:1079,10,2141.90,116.78,13.10,1074,1074,280,28.4
B,1,2,LineaB:1079,11,1626.40,59.13,13.30,1074,1074,280,28.4
B,1,2,LineaB:1079,12,1829.00,73.21,13.00,1074,1074,280,28.4
B,1,2,LineaB:1079,13,1922.30,78.50,13.00,1074,1074,280,28.4
B,1,2,LineaB:1079,14,1418.80,65.32,13.20,1074,1074,280,28.4
B,1,2,LineaB:1079,15,1279.50,52.34,14.50,1074,1074,280,28.4
B,1,2,LineaB:1079,16,1731.20,72.86,14.40,1074,1074,280,28.4
B,1,2,LineaB:1079,17,2338.80,84.42,14.10,1074,1074,280,28.4
B,1,2,LineaB:1079,18,1725.40,51.60,14.40,1074,1074,280,28.4
B,1,2,LineaB:1079,19,1046.30,63.83,13.70,1074,1074,280,28.4
B,1,2,LineaB:1079,20,742.10,38.19,12.20,1074,1074,280,28.4
B,1,2,LineaB:1079,21,418.80,34.42,11.90,1074,1074,280,28.4
B,1,2,LineaB:1079,22,236.80,17.53,10.20,1074,1074,280,28.4
B,1,2,LineaB:1079,23,10.20,4.16,1.10,1074,1074,280,28.4
B,1,3,LineaB:1080,5,187.80,23.46,4.90,1074,1074,159,20.6
B,1,3,LineaB:1080,6,1799.40,81.02,10.80,1074,1074,159,20.6
B,1,3,LineaB:1080,7,5296.10,194.15,12.80,1074,1074,159,20.6
B,1,3,LineaB:1080,8,5891.90,200.49,14.30,1074,1074,159,20.6
B,1,3,LineaB:1080,9,4362.50,166.47,14.10,1074,1074,159,20.6
B,1,3,LineaB:1080,10,2392.00,111.36,13.20,1074,1074,159,20.6
B,1,3,LineaB:1080,11,1790.00,58.90,13.50,1074,1074,159,20.6
B,1,3,LineaB:1080,12,2075.70,84.37,13.00,1074,1074,159,20.6
B,1,3,LineaB:1080,13,2108.00,51.43,12.80,1074,1074,159,20.6
B,1,3,LineaB:1080,14,1683.00,69.02,13.50,1074,1074,159,20.6
B,1,3,LineaB:1080,15,1476.80,57.72,14.30,1074,1074,159,20.6
B,1,3,LineaB:1080,16,1982.70,73.13,14.30,1074,1074,159,20.6
B,1,3,LineaB:1080,17,2777.30,118.57,14.30,1074,1074,159,20.6
B,1,3,LineaB:1080,18,2063.90,53.86,14.20,1074,1074,159,20.6
B,1,3,LineaB:1080,19,1185.30,74.06,13.60,1074,1074,159,20.6
B,1,3,LineaB:1080,20,827.20,50.57,12.50,1074,1074,159,20.6
B,1,3,LineaB:1080,21,502.20,27.60,11.70,1074,1074,159,20.6
B,1,3,LineaB:1080,22,357.30,20.41,10.40,1074,1074,159,20.6
B,1,3,LineaB:1080,23,17.00,7.26,1.30,1074,1074,159,20.6
B,1,4,LineaB:1081,5,383.90,40.85,5.50,1074,1074,1155,430.0
B,1,4,LineaB:1081,6,2729.20,177.34,10.80,1074,1074,1155,430.0
B,1,4,LineaB:1081,7,7591.30,591.20,12.70,1074,1074,1155,430.0
B,1,4,LineaB:1081,8,8976.40,540.10,14.30,1074,1074,1155,430.0
B,1,4,LineaB:1081,9,7216.30,265.44,14.10,1074,1074,1155,430.0
B,1,4,LineaB:1081,10,3827.50,158.69,13.00,1074,1074,1155,430.0
B,1,4,LineaB:1081,11,2739.30,132.40,13.40,1074,1074,1155,430.0
B,1,4,LineaB:1081,12,3232.80,132.14,13.20,1074,1074,1155,430.0
B,1,4,LineaB:1081,13,3245.40,123.11,12.90,1074,1074,1155,430.0
B,1,4,LineaB:1081,14,2580.60,55.09,13.30,1074,1074,1155,430.0
B,1,4,LineaB:1081,15,2236.10,72.07,14.60,1074,1074,1155,430.0
B,1,4,LineaB:1081,16,2809.90,101.62,14.10,1074,1074,1155,430.0
B,1,4,LineaB:1081,17,3918.20,111.46,14.50,1074,1074,1155,430.0
B,1,4,LineaB:1081,18,3061.70,116.51,14.20,1074,1074,1155,430.0
B,1,4,LineaB:1081,19,1649.50,64.40,13.50,1074,1074,1155,430.0
B,1,4,LineaB:1081,20,1080.60,30.38,12.40,1074,1074,1155,430.0
B,1,4,LineaB:1081,21,703.20,39.00,11.80,1074,1074,1155,430.0
B,1,4,LineaB:1081,22,449.40,25.89,10.20,1074,1074,1155,430.0
B,1,4,LineaB:1081,23,38.40,10.65,2.00,1074,1074,1155,430.0
B,1,5,LineaB:1082,5,372.50,20.71,5.00,1074,1074,447,248.0
B,1,5,LineaB:1082,6,2664.10,207.70,10.70,1074,1074,447,248.0
B,1,5,LineaB:1082,7,8208.40,441.84,12.90,1074,1074,447,248.0
B,1,5,LineaB:1082,8,9821.20,545.72,14.30,1074,1074,447,248.0
B,1,5,LineaB:1082,9,8177.20,228.26,14.20,1074,1074,447,248.0
B,1,5,LineaB:1082,10,4357.90,109.20,12.90,1074,1074,447,248.0
B,1,5,LineaB:1082,11,3297.20,109.31,13.60,1074,1074,447,248.0
B,1,5,LineaB:1082,12,3676.30,191.90,13.00,1074,1074,447,248.0
B,1,5,LineaB:1082,13,3676.70,161.17,12.70,1074,1074,447,248.0
B,1,5,LineaB:1082,14,3087.90,160.55,13.50,1074,1074,447,248.0
B,1,5,LineaB:1082,15,2772.10,190.50,14.40,1074,1074,447,248.0
B,1,5,LineaB:1082,16,3383.20,196.62,14.30,1074,1074,447,248.0
B,1,5,LineaB:1082,17,4836.80,191.29,14.60,1074,1074,447,248.0
B,1,5,LineaB:1082,18,3819.50,161.33,14.00,1074,1074,447,248.0
B,1,5,LineaB:1082,19,2137.60,90.73,13.60,1074,1074,447,248.0
B,1,5,LineaB:1082,20,1347.10,41.55,12.60,1074,1074,447,248.0
B,1,5,LineaB:1082,21,870.00,38.42,11.80,1074,1074,447,248.0
B,1,5,LineaB:1082,22,580.90,36.02,10.20,1074,1074,447,248.0
B,1,5,LineaB:1082,23,72.80,16.10,2.20,1074,1074,447,248.0
B,1,6,LineaB:1084,5,378.80,26.07,5.80,1074,1074,634,603.6
B,1,6,LineaB:1084,6,2824.60,154.50,10.70,1074,1074,634,603.6
B,1,6,LineaB:1084,7,8889.80,401.21,12.60,1074,1074,634,603.6
B,1,6,LineaB:1084,8,10880.00,629.80,14.30,1074,1074,634,603.6
B,1,6,LineaB:1084,9,9201.30,479.73,14.00,1074,1074,634,603.6
B,1,6,LineaB:1084,10,5180.00,181.87,13.20,1074,1074,634,603.6
B,1,6,LineaB:1084,11,3836.10,164.49,13.50,1074,1074,634,603.6
B,1,6,LineaB:1084,12,4289.60,152.24,12.90,1074,1074,634,603.6
B,1,6,LineaB:1084,13,4438.40,147.65,13.10,1074,1074,634,603.6
B,1,6,LineaB:1084,14,3507.80,180.88,13.20,1074,1074,634,603.6
B,1,6,LineaB:1084,15,3397.90,179.60,14.60,1074,1074,634,603.6
B,1,6,LineaB:1084,16,3965.50,60.21,14.00,1074,1074,634,603.6
B,1,6,LineaB:1084,17,5685.80,114.76,14.60,1074,1074,634,603.6
B,1,6,LineaB:1084,18,4512.10,108.25,14.20,1074,1074,634,603.6
B,1,6,LineaB:1084,19,2654.30,104.70,13.30,1074,1074,634,603.6
B,1,6,LineaB:1084,20,1621.00,72.12,13.10,1074,1074,634,603.6
B,1,6,LineaB:1084,21,1013.50,44.79,11.50,1074,1074,634,603.6
B,1,6,LineaB:1084,22,680.40,39.68,10.40,1074,1074,634,603.6
B,1,6,LineaB:1084,23,85.40,29.33,2.50,1074,1074,634,603.6
B,1,7,LineaB:1083,5,355.00,30.81,5.30,1074,1074,421,662.6
B,1,7,LineaB:1083,6,2719.70,216.40,10.70,1074,1074,421,662.6
B,1,7,LineaB:1083,7,9395.10,469.10,12.60,1074,1074,421,662.6
B,1,7,LineaB:1083,8,11707.60,639.58,14.20,1074,1074,421,662.6
B,1,7,LineaB:1083,9,10205.40,480.97,14.20,1074,1074,421,662.6
B,1,7,LineaB:1083,10,5700.30,198.49,13.20,1074,1074,421,662.6
B,1,7,LineaB:1083,11,4136.40,146.26,13.30,1074,1074,421,662.6
B,1,7,LineaB:1083,12,4799.70,109.54,13.10,1074,1074,421,662.6
B,1,7,LineaB:1083,13,4937.60,129.84,13.30,1074,1074,421,662.6
B,1,7,LineaB:1083,14,3898.60,183.28,13.00,1074,1074,421,662.6
B,1,7,LineaB:1083,15,3617.10,131.94,14.20,1074,1074,421,662.6
B,1,7,LineaB:1083,16,4390.70,151.70,14.40,1074,1074,421,662.6
B,1,7,LineaB:1083,17,6132.70,192.14,14.40,1074,1074,421,662.6
B,1,7,LineaB:1083,18,4955.60,151.69,14.40,1074,1074,421,662.6
B,1,7,LineaB:1083,19,2957.40,183.71,13.10,1074,1074,421,662.6
B,1,7,LineaB:1083,20,1805.80,80.95,13.20,1074,1074,421,662.6
B,1,7,LineaB:1083,21,1158.50,30.54,11.70,1074,1074,421,662.6
B,1,7,LineaB:1083,22,697.20,20.27,10.20,1074,1074,421,662.6
B,1,7,LineaB:1083,23,121.60,30.46,3.00,1074,1074,421,662.6
B,1,8,LineaB:1085,5,350.30,36.56,6.10,1074,1074,356,626.5
B,1,8,LineaB:1085,6,2603.60,145.08,10.50,1074,1074,356,626.5
B,1,8,LineaB:1085,7,9680.00,285.00,12.70,1074,1074,356,626.5
B,1,8,LineaB:1085,8,12016.30,364.35,14.10,1074,1074,356,626.5
B,1,8,LineaB:1085,9,10748.10,546.46,14.30,1074,1074,356,626.5
B,1,8,LineaB:1085,10,6214.40,270.88,13.10,1074,1074,356,626.5
B,1,8,LineaB:1085,11,4514.60,113.07,13.50,1074,1074,356,626.5
B,1,8,LineaB:1085,12,5189.00,206.58,13.00,1074,1074,356,626.5
B,1,8,LineaB:1085,13,5208.40,160.45,12.80,1074,1074,356,626.5
B,1,8,LineaB:1085,14,4334.10,169.28,13.40,1074,1074,356,626.5
B,1,8,LineaB:1085,15,3952.50,140.04,14.10,1074,1074,356,626.5
B,1,8,LineaB:1085,16,4877.10,187.16,14.50,1074,1074,356,626.5
B,1,8,LineaB:1085,17,6511.70,256.73,14.20,1074,1074,356,626.5
B,1,8,LineaB:1085,18,5510.00,252.62,14.40,1074,1074,356,626.5
B,1,8,LineaB:1085,19,3330.30,177.43,13.30,1074,1074,356,626.5
B,1,8,LineaB:1085,20,2059.70,86.11,13.10,1074,1074,356,626.5
B,1,8,LineaB:1085,21,1276.40,55.33,11.80,1074,1074,356,626.5
B,1,8,LineaB:1085,22,824.40,38.04,10.30,1074,1074,356,626.5
B,1,8,LineaB:1085,23,140.50,26.68,3.30,1074,1074,356,626.5
B,1,9,LineaB:1086,5,341.50,17.30,5.90,1074,1074,147,128.1
B,1,9,LineaB:1086,6,2546.80,153.58,10.50,1074,1074,147,128.1
B,1,9,LineaB:1086,7,9523.90,217.58,12.50,1074,1074,147,128.1
B,1,9,LineaB:1086,8,11897.70,382.05,14.00,1074,1074,147,128.1
B,1,9,LineaB:1086,9,10648.80,605.65,14.10,1074,1074,147,128.1
B,1,9,LineaB:1086,10,6546.70,440.34,13.20,1074,1074,147,128.1
B,1,9,LineaB:1086,11,4653.70,261.05,13.50,1074,1074,147,128.1
B,1,9,LineaB:1086,12,5385.40,275.87,13.00,1074,1074,147,128.1
B,1,9,LineaB:1086,13,5594.00,108.73,13.20,1074,1074,147,128.1
B,1,9,LineaB:1086,14,4471.90,264.37,13.20,1074,1074,147,128.1
B,1,9,LineaB:1086,15,4292.20,132.38,14.10,1074,1074,147,128.1
B,1,9,LineaB:1086,16,5119.90,143.11,14.40,1074,1074,147,128.1
B,1,9,LineaB:1086,17,7031.20,106.30,14.40,1074,1074,147,128.1
B,1,9,LineaB:1086,18,5816.90,184.44,14.40,1074,1074,147,128.1
B,1,9,LineaB:1086,19,3720.60,154.77,13.30,1074,1074,147,128.1
B,1,9,LineaB:1086,20,2350.20,61.38,13.00,1074,1074,147,128.1
B,1,9,LineaB:1086,21,1605.10,76.50,11.70,1074,1074,147,128.1
B,1,9,LineaB:1086,22,1094.10,31.42,10.70,1074,1074,147,128.1
B,1,9,LineaB:1086,23,173.80,34.62,3.40,1074,1074,147,128.1
B,1,10,LineaB:1087,5,256.90,26.32,5.40,1074,1074,386,83.6
B,1,10,LineaB:1087,6,2225.50,152.42,10.80,1074,1074,386,83.6
B,1,10,LineaB:1087,7,8501.10,375.99,12.40,1074,1074,386,83.6
B,1,10,LineaB:1087,8,11078.60,418.24,13.90,1074,1074,386,83.6
B,1,10,LineaB:1087,9,10251.60,605.81,14.20,1074,1074,386,83.6
B,1,10,LineaB:1087,10,6170.40,617.81,13.30,1074,1074,386,83.6
B,1,10,LineaB:1087,11,4146.00,170.39,13.40,1074,1074,386,83.6
B,1,10,LineaB:1087,12,4686.30,174.70,13.20,1074,1074,386,83.6
B,1,10,LineaB:1087,13,4741.50,164.84,12.80,1074,1074,386,83.6
B,1,10,LineaB:1087,14,3851.60,135.96,13.50,1074,1074,386,83.6
B,1,10,LineaB:1087,15,3443.30,66.85,13.80,1074,1074,386,83.6
B,1,10,LineaB:1087,16,4107.50,82.52,14.70,1074,1074,386,83.6
B,1,10,LineaB:1087,17,5513.20,181.92,14.30,1074,1074,386,83.6
B,1,10,LineaB:1087,18,4649.70,139.75,14.60,1074,1074,386,83.6
B,1,10,LineaB:1087,19,2761.00,76.34,12.90,1074,1074,386,83.6
B,1,10,LineaB:1087,20,1661.40,106.76,13.00,1074,1074,386,83.6
B,1,10,LineaB:1087,21,1021.30,77.73,12.00,1074,1074,386,83.6
B,1,10,LineaB:1087,22,648.40,36.83,10.70,1074,1074,386,83.6
B,1,10,LineaB:1087,23,121.00,27.63,3.60,1074,1074,386,83.6
B,1,11,LineaB:1088,5,236.80,26.56,5.10,1074,1056,61,0.0
B,1,11,LineaB:1088,6,2086.90,107.06,10.90,1074,1056,61,0.0
B,1,11,LineaB:1088,7,7936.70,305.95,12.30,1074,1056,61,0.0
B,1,11,LineaB:1088,8,10571.80,423.87,13.90,1074,1056,61,0.0
B,1,11,LineaB:1088,9,9838.40,662.03,14.20,1074,1056,61,0.0
B,1,11,LineaB:1088,10,6026.30,532.65,13.40,1074,1056,61,0.0
B,1,11,LineaB:1088,11,3835.40,141.97,13.20,1074,1056,61,0.0
B,1,11,LineaB:1088,12,4544.20,142.54,13.40,1074,1056,61,0.0
B,1,11,LineaB:1088,13,4517.50,113.16,12.80,1074,1056,61,0.0
B,1,11,LineaB:1088,14,3712.70,103.71,13.30,1074,1056,61,0.0
B,1,11,LineaB:1088,15,3389.10,124.10,14.10,1074,1056,61,0.0
B,1,11,LineaB:1088,16,4014.50,107.63,14.70,1074,1056,61,0.0
B,1,11,LineaB:1088,17,5290.40,198.03,14.00,1074,1056,61,0.0
B,1,11,LineaB:1088,18,4669.60,195.67,14.70,1074,1056,61,0.0
B,1,11,LineaB:1088,19,2670.20,86.39,12.90,1074,1056,61,0.0
B,1,11,LineaB:1088,20,1617.10,66.59,13.00,1074,1056,61,0.0
B,1,11,LineaB:1088,21,968.30,65.76,12.00,1074,1056,61,0.0
B,1,11,LineaB:1088,22,599.90,37.56,10.70,1074,1056,61,0.0
B,1,11,LineaB:1088,23,118.80,23.65,3.90,1074,1056,61,0.0
B,1,12,LineaB:1089,5,211.00,21.74,5.00,1074,982,67,0.0
B,1,12,LineaB:1089,6,1778.20,119.00,10.70,1074,982,67,0.0
B,1,12,LineaB:1089,7,6826.60,174.53,12.10,1074,982,67,0.0
B,1,12,LineaB:1089,8,9656.10,395.57,14.20,1074,982,67,0.0
B,1,12,LineaB:1089,9,8756.50,511.20,14.00,1074,982,67,0.0
B,1,12,LineaB:1089,10,5373.50,423.92,13.40,1074,982,67,0.0
B,1,12,LineaB:1089,11,3479.50,161.47,13.40,1074,982,67,0.0
B,1,12,LineaB:1089,12,4056.40,108.22,13.10,1074,982,67,0.0
B,1,12,LineaB:1089,13,4255.00,155.66,13.00,1074,982,67,0.0
B,1,12,LineaB:1089,14,3282.00,150.71,13.10,1074,982,67,0.0
B,1,12,LineaB:1089,15,3135.80,165.33,14.10,1074,982,67,0.0
B,1,12,LineaB:1089,16,3740.30,153.98,14.60,1074,982,67,0.0
B,1,12,LineaB:1089,17,4917.10,224.58,14.30,1074,982,67,0.0
B,1,12,LineaB:1089,18,4329.90,181.80,14.50,1074,982,67,0.0
B,1,12,LineaB:1089,19,2419.20,76.54,13.00,1074,982,67,0.0
B,1,12,LineaB:1089,20,1535.40,82.00,13.00,1074,982,67,0.0
B,1,12,LineaB:1089,21,899.60,34.34,12.10,1074,982,67,0.0
B,1,12,LineaB:1089,22,554.30,31.60,10.80,1074,982,67,0.0
B,1,12,LineaB:1089,23,110.30,22.09,4.10,1074,982,67,0.0
B,1,13,LineaB:1090,5,192.20,19.72,6.00,1074,876,63,0.0
B,1,13,LineaB:1090,6,1486.10,98.53,10.60,1074,876,63,0.0
B,1,13,LineaB:1090,7,5779.80,164.49,12.20,1074,876,63,0.0
B,1,13,LineaB:1090,8,8254.00,346.07,14.00,1074,876,63,0.0
B,1,13,LineaB:1090,9,7449.90,783.83,13.80,1074,876,63,0.0
B,1,13,LineaB:1090,10,4811.30,679.95,13.50,1074,876,63,0.0
B,1,13,LineaB:1090,11,3104.50,160.18,13.70,1074,876,63,0.0
B,1,13,LineaB:1090,12,3450.60,100.29,12.70,1074,876,63,0.0
B,1,13,LineaB:1090,13,3913.10,93.66,13.10,1074,876,63,0.0
B,1,13,LineaB:1090,14,3018.50,162.43,13.10,1074,876,63,0.0
B,1,13,LineaB:1090,15,2970.70,120.12,14.10,1074,876,63,0.0
B,1,13,LineaB:1090,16,3523.50,69.72,14.50,1074,876,63,0.0
B,1,13,LineaB:1090,17,4659.10,236.44,14.40,1074,876,63,0.0
B,1,13,LineaB:1090,18,4092.80,169.08,14.50,1074,876,63,0.0
B,1,13,LineaB:1090,19,2263.30,72.64,13.10,1074,876,63,0.0
B,1,13,LineaB:1090,20,1396.70,118.85,13.00,1074,876,63,0.0
B,1,13,LineaB:1090,21,894.10,96.01,11.90,1074,876,63,0.0
B,1,13,LineaB:1090,22,521.10,23.85,10.90,1074,876,63,0.0
B,1,13,LineaB:1090,23,111.10,19.85,4.40,1074,876,63,0.0
B,1,14,LineaB:1091,5,96.60,10.46,5.40,1074,766,203,0.0
B,1,14,LineaB:1091,6,902.40,53.45,10.80,1074,766,203,0.0
B,1,14,LineaB:1091,7,3676.20,189.46,11.90,1074,766,203,0.0
B,1,14,LineaB:1091,8,5989.70,250.84,14.30,1074,766,203,0.0
B,1,14,LineaB:1091,9,5412.50,315.05,13.80,1074,766,203,0.0
B,1,14,LineaB:1091,10,3296.10,352.84,13.60,1074,766,203,0.0
B,1,14,LineaB:1091,11,1872.70,98.77,13.30,1074,766,203,0.0
B,1,14,LineaB:1091,12,2053.00,84.37,13.20,1074,766,203,0.0
B,1,14,LineaB:1091,13,2293.40,89.17,12.90,1074,766,203,0.0
B,1,14,LineaB:1091,14,1615.10,90.99,13.30,1074,766,203,0.0
B,1,14,LineaB:1091,15,1362.80,51.10,14.00,1074,766,203,0.0
B,1,14,LineaB:1091,16,1536.70,91.15,14.70,1074,766,203,0.0
B,1,14,LineaB:1091,17,1962.60,47.61,14.20,1074,766,203,0.0
B,1,14,LineaB:1091,18,1833.10,57.26,14.30,1074,766,203,0.0
B,1,14,LineaB:1091,19,996.40,45.61,13.40,1074,766,203,0.0
B,1,14,LineaB:1091,20,561.90,45.33,13.10,1074,766,203,0.0
B,1,14,LineaB:1091,21,377.00,41.00,11.80,1074,766,203,0.0
B,1,14,LineaB:1091,22,268.20,22.81,10.90,1074,766,203,0.0
B,1,14,LineaB:1091,23,54.00,12.37,4.60,1074,766,203,0.0
B,1,15,LineaB:1092,5,65.50,7.07,5.10,1074,446,22,0.0
B,1,15,LineaB:1092,6,639.90,38.17,10.80,1074,446,22,0.0
B,1,15,LineaB:1092,7,2553.80,124.55,12.00,1074,446,22,0.0
B,1,15,LineaB:1092,8,3729.00,152.35,14.20,1074,446,22,0.0
B,1,15,LineaB:1092,9,3060.50,170.76,14.00,1074,446,22,0.0
B,1,15,LineaB:1092,10,1693.30,189.92,13.30,1074,446,22,0.0
B,1,15,LineaB:1092,11,1125.20,35.72,13.70,1074,446,22,0.0
B,1,15,LineaB:1092,12,1276.90,50.80,12.70,1074,446,22,0.0
B,1,15,LineaB:1092,13,1682.20,70.49,13.20,1074,446,22,0.0
B,1,15,LineaB:1092,14,1152.90,47.93,13.20,1074,446,22,0.0
B,1,15,LineaB:1092,15,1047.60,64.57,14.10,1074,446,22,0.0
B,1,15,LineaB:1092,16,1262.10,72.32,14.60,1074,446,22,0.0
B,1,15,LineaB:1092,17,1693.40,36.04,14.30,1074,446,22,0.0
B,1,15,LineaB:1092,18,1618.10,49.83,14.40,1074,446,22,0.0
B,1,15,LineaB:1092,19,858.40,33.94,13.20,1074,446,22,0.0
B,1,15,LineaB:1092,20,518.00,29.01,13.00,1074,446,22,0.0
B,1,15,LineaB:1092,21,327.70,39.21,12.00,1074,446,22,0.0
B,1,15,LineaB:1092,22,235.80,21.87,11.00,1074,446,22,0.0
B,1,15,LineaB:1092,23,49.90,12.46,4.70,1074,446,22,0.0
C,0,0,LineaC:1102,5,93.30,8.74,6.70,895,378,378,0.0
C,0,0,LineaC:1102,6,466.80,20.22,16.20,895,378,378,0.0
C,0,0,LineaC:1102,7,1077.80,40.31,17.90,895,378,378,0.0
C,0,0,LineaC:1102,8,1411.00,44.01,17.90,895,378,378,0.0
C,0,0,LineaC:1102,9,1212.80,48.65,18.60,895,378,378,0.0
C,0,0,LineaC:1102,10,989.10,62.73,15.40,895,378,378,0.0
C,0,0,LineaC:1102,11,726.40,51.89,13.90,895,378,378,0.0
C,0,0,LineaC:1102,12,856.20,48.98,13.60,895,378,378,0.0
C,0,0,LineaC:1102,13,987.00,25.21,13.60,895,378,378,0.0
C,0,0,LineaC:1102,14,1049.50,52.86,14.40,895,378,378,0.0
C,0,0,LineaC:1102,15,1205.90,68.93,18.00,895,378,378,0.0
C,0,0,LineaC:1102,16,1650.90,61.38,18.30,895,378,378,0.0
C,0,0,LineaC:1102,17,2364.50,88.44,18.00,895,378,378,0.0
C,0,0,LineaC:1102,18,1964.90,59.74,17.40,895,378,378,0.0
C,0,0,LineaC:1102,19,1045.00,38.27,18.50,895,378,378,0.0
C,0,0,LineaC:1102,20,576.20,23.49,13.70,895,378,378,0.0
C,0,0,LineaC:1102,21,346.20,30.83,11.70,895,378,378,0.0
C,0,0,LineaC:1102,22,160.10,12.58,12.40,895,378,378,0.0
C,0,0,LineaC:1102,23,19.90,6.77,5.80,895,378,378,0.0
C,0,1,LineaC:1101,5,91.20,8.34,6.20,895,534,159,0.0
C,0,1,LineaC:1101,6,478.50,17.51,16.10,895,534,159,0.0
C,0,1,LineaC:1101,7,1125.20,54.11,18.00,895,534,159,0.0
C,0,1,LineaC:1101,8,1474.40,40.11,18.00,895,534,159,0.0
C,0,1,LineaC:1101,9,1288.30,77.95,18.50,895,534,159,0.0
C,0,1,LineaC:1101,10,1085.60,39.72,15.60,895,534,159,0.0
C,0,1,LineaC:1101,11,864.60,48.23,13.90,895,534,159,0.0
C,0,1,LineaC:1101,12,1034.80,38.59,13.80,895,534,159,0.0
C,0,1,LineaC:1101,13,1173.80,31.84,13.50,895,534,159,0.0
C,0,1,LineaC:1101,14,1273.80,54.01,14.30,895,534,159,0.0
C,0,1,LineaC:1101,15,1491.90,78.67,18.00,895,534,159,0.0
C,0,1,LineaC:1101,16,2081.90,76.54,18.40,895,534,159,0.0
C,0,1,LineaC:1101,17,2970.70,67.14,17.50,895,534,159,0.0
C,0,1,LineaC:1101,18,2810.20,73.93,17.70,895,534,159,0.0
C,0,1,LineaC:1101,19,1437.40,43.53,18.50,895,534,159,0.0
C,0,1,LineaC:1101,20,784.00,24.77,14.00,895,534,159,0.0
C,0,1,LineaC:1101,21,454.10,19.73,11.70,895,534,159,0.0
C,0,1,LineaC:1101,22,196.40,14.06,12.20,895,534,159,0.0
C,0,1,LineaC:1101,23,24.90,4.53,6.10,895,534,159,0.0
C,0,2,LineaC:1100,5,95.50,10.66,5.90,895,683,170,0.0
C,0,2,LineaC:1100,6,468.60,17.48,16.00,895,683,170,0.0
C,0,2,LineaC:1100,7,1125.50,36.94,17.70,895,683,170,0.0
C,0,2,LineaC:1100,8,1387.40,46.48,17.90,895,683,170,0.0
C,0,2,LineaC:1100,9,1260.60,60.19,18.60,895,683,170,0.0
C,0,2,LineaC:1100,10,1130.60,55.35,15.90,895,683,170,0.0
C,0,2,LineaC:1100,11,955.00,39.25,13.70,895,683,170,0.0
C,0,2,LineaC:1100,12,1183.50,42.09,13.60,895,683,170,0.0
C,0,2,LineaC:1100,13,1391.80,36.75,13.50,895,683,170,0.0
C,0,2,LineaC:1100,14,1536.20,43.38,14.30,895,683,170,0.0
C,0,2,LineaC:1100,15,2072.10,89.07,18.20,895,683,170,0.0
C,0,2,LineaC:1100,16,2884.10,62.15,18.30,895,683,170,0.0
C,0,2,LineaC:1100,17,3869.70,116.61,17.70,895,683,170,0.0
C,0,2,LineaC:1100,18,3691.30,113.00,17.60,895,683,170,0.0
C,0,2,LineaC:1100,19,1867.20,55.14,18.60,895,683,170,0.0
C,0,2,LineaC:1100,20,1024.50,54.48,14.10,895,683,170,0.0
C,0,2,LineaC:1100,21,601.80,44.46,11.60,895,683,170,0.0
C,0,2,LineaC:1100,22,251.40,22.74,12.00,895,683,170,0.0
C,0,2,LineaC:1100,23,33.40,7.68,6.80,895,683,170,0.0
C,0,3,LineaC:1099,5,146.70,18.22,5.80,895,895,904,124.4
C,0,3,LineaC:1099,6,754.20,44.63,15.50,895,895,904,124.4
C,0,3,LineaC:1099,7,2423.80,101.96,17.90,895,895,904,124.4
C,0,3,LineaC:1099,8,2626.40,67.52,18.10,895,895,904,124.4
C,0,3,LineaC:1099,9,2177.60,99.01,18.40,895,895,904,124.4
C,0,3,LineaC:1099,10,1874.80,87.80,15.80,895,895,904,124.4
C,0,3,LineaC:1099,11,1965.30,98.11,14.00,895,895,904,124.4
C,0,3,LineaC:1099,12,2633.90,80.93,13.60,895,895,904,124.4
C,0,3,LineaC:1099,13,3725.70,193.65,13.40,895,895,904,124.4
C,0,3,LineaC:1099,14,3852.40,103.90,14.50,895,895,904,124.4
C,0,3,LineaC:1099,15,4635.00,113.67,17.90,895,895,904,124.4
C,0,3,LineaC:1099,16,6291.90,156.50,18.30,895,895,904,124.4
C,0,3,LineaC:1099,17,8319.20,278.49,17.60,895,895,904,124.4
C,0,3,LineaC:1099,18,7936.80,167.21,17.50,895,895,904,124.4
C,0,3,LineaC:1099,19,4340.90,122.35,18.60,895,895,904,124.4
C,0,3,LineaC:1099,20,2778.10,95.25,14.30,895,895,904,124.4
C,0,3,LineaC:1099,21,1603.60,89.80,11.60,895,895,904,124.4
C,0,3,LineaC:1099,22,742.20,59.01,12.30,895,895,904,124.4
C,0,3,LineaC:1099,23,135.90,16.24,6.90,895,895,904,124.4
C,0,4,LineaC:1098,5,118.80,16.81,6.10,895,895,381,118.6
C,0,4,LineaC:1098,6,810.90,37.87,15.90,895,895,381,118.6
C,0,4,LineaC:1098,7,2725.10,78.34,17.70,895,895,381,118.6
C,0,4,LineaC:1098,8,2863.50,81.49,18.30,895,895,381,118.6
C,0,4,LineaC:1098,9,2209.50,65.50,18.20,895,895,381,118.6
C,0,4,LineaC:1098,10,1913.50,83.32,15.90,895,895,381,118.6
C,0,4,LineaC:1098,11,2190.20,111.78,13.90,895,895,381,118.6
C,0,4,LineaC:1098,12,3095.10,197.08,13.80,895,895,381,118.6
C,0,4,LineaC:1098,13,4449.90,208.19,13.30,895,895,381,118.6
C,0,4,LineaC:1098,14,4443.30,138.96,14.60,895,895,381,118.6
C,0,4,LineaC:1098,15,5252.10,157.03,17.70,895,895,381,118.6
C,0,4,LineaC:1098,16,6845.30,224.57,18.30,895,895,381,118.6
C,0,4,LineaC:1098,17,9308.30,341.19,17.80,895,895,381,118.6
C,0,4,LineaC:1098,18,8697.30,350.51,16.90,895,895,381,118.6
C,0,4,LineaC:1098,19,5004.20,183.62,18.90,895,895,381,118.6
C,0,4,LineaC:1098,20,3225.90,112.84,14.50,895,895,381,118.6
C,0,4,LineaC:1098,21,1844.90,124.40,11.80,895,895,381,118.6
C,0,4,LineaC:1098,22,744.00,61.63,12.20,895,895,381,118.6
C,0,4,LineaC:1098,23,141.70,14.03,7.20,895,895,381,118.6
C,0,5,LineaC:1097,5,106.30,17.09,5.90,895,895,25,7.4
C,0,5,LineaC:1097,6,724.40,59.64,15.70,895,895,25,7.4
C,0,5,LineaC:1097,7,2374.40,107.90,17.70,895,895,25,7.4
C,0,5,LineaC:1097,8,2246.80,139.53,17.90,895,895,25,7.4
C,0,5,LineaC:1097,9,1761.00,64.42,18.60,895,895,25,7.4
C,0,5,LineaC:1097,10,1655.80,73.39,16.10,895,895,25,7.4
C,0,5,LineaC:1097,11,1978.20,73.09,13.80,895,895,25,7.4
C,0,5,LineaC:1097,12,2917.40,118.14,13.60,895,895,25,7.4
C,0,5,LineaC:1097,13,4296.50,133.48,13.40,895,895,25,7.4
C,0,5,LineaC:1097,14,4296.90,236.45,14.50,895,895,25,7.4
C,0,5,LineaC:1097,15,5321.30,177.56,17.80,895,895,25,7.4
C,0,5,LineaC:1097,16,6810.00,136.48,18.20,895,895,25,7.4
C,0,5,LineaC:1097,17,9288.40,174.31,17.80,895,895,25,7.4
C,0,5,LineaC:1097,18,8912.20,183.70,17.30,895,895,25,7.4
C,0,5,LineaC:1097,19,5034.30,140.66,18.80,895,895,25,7.4
C,0,5,LineaC:1097,20,3166.90,76.89,14.20,895,895,25,7.4
C,0,5,LineaC:1097,21,1890.00,107.55,12.00,895,895,25,7.4
C,0,5,LineaC:1097,22,757.30,61.41,12.30,895,895,25,7.4
C,0,5,LineaC:1097,23,141.80,15.30,7.40,895,895,25,7.4
C,0,6,LineaC:1096,5,102.70,18.57,5.90,895,895,132,20.6
C,0,6,LineaC:1096,6,630.70,32.49,15.20,895,895,132,20.6
C,0,6,LineaC:1096,7,1621.70,63.64,17.70,895,895,132,20.6
C,0,6,LineaC:1096,8,1679.30,47.54,18.10,895,895,132,20.6
C,0,6,LineaC:1096,9,1558.70,52.67,18.30,895,895,132,20.6
C,0,6,LineaC:1096,10,1597.50,75.30,16.10,895,895,132,20.6
C,0,6,LineaC:1096,11,2236.50,82.36,14.10,895,895,132,20.6
C,0,6,LineaC:1096,12,2905.70,85.03,13.60,895,895,132,20.6
C,0,6,LineaC:1096,13,3462.80,118.14,13.30,895,895,132,20.6
C,0,6,LineaC:1096,14,3885.60,159.34,14.60,895,895,132,20.6
C,0,6,LineaC:1096,15,5187.30,175.47,17.30,895,895,132,20.6
C,0,6,LineaC:1096,16,7057.60,266.26,18.50,895,895,132,20.6
C,0,6,LineaC:1096,17,9327.70,237.53,18.00,895,895,132,20.6
C,0,6,LineaC:1096,18,8455.00,206.49,17.00,895,895,132,20.6
C,0,6,LineaC:1096,19,5049.70,195.06,18.90,895,895,132,20.6
C,0,6,LineaC:1096,20,3357.00,117.19,14.50,895,895,132,20.6
C,0,6,LineaC:1096,21,2131.10,86.50,12.00,895,895,132,20.6
C,0,6,LineaC:1096,22,761.10,46.84,12.00,895,895,132,20.6
C,0,6,LineaC:1096,23,142.20,15.11,7.90,895,895,132,20.6
C,0,7,LineaC:1095,5,79.40,12.56,5.10,895,876,15,0.0
C,0,7,LineaC:1095,6,589.30,27.09,15.70,895,876,15,0.0
C,0,7,LineaC:1095,7,1326.60,58.85,17.50,895,876,15,0.0
C,0,7,LineaC:1095,8,1309.00,60.15,18.10,895,876,15,0.0
C,0,7,LineaC:1095,9,1247.80,39.97,18.30,895,876,15,0.0
C,0,7,LineaC:1095,10,1409.10,116.83,16.10,895,876,15,0.0
C,0,7,LineaC:1095,11,2066.80,122.88,14.20,895,876,15,0.0
C,0,7,LineaC:1095,12,2702.30,122.33,13.50,895,876,15,0.0
C,0,7,LineaC:1095,13,3229.20,93.10,13.40,895,876,15,0.0
C,0,7,LineaC:1095,14,3704.90,157.88,14.70,895,876,15,0.0
C,0,7,LineaC:1095,15,5064.10,134.29,17.30,895,876,15,0.0
C,0,7,LineaC:1095,16,6746.50,241.36,18.40,895,876,15,0.0
C,0,7,LineaC:1095,17,8768.00,326.72,17.60,895,876,15,0.0
C,0,7,LineaC:1095,18,8332.80,282.18,17.40,895,876,15,0.0
C,0,7,LineaC:1095,19,4828.80,148.45,18.60,895,876,15,0.0
C,0,7,LineaC:1095,20,3270.80,144.96,14.60,895,876,15,0.0
C,0,7,LineaC:1095,21,2169.90,79.17,12.40,895,876,15,0.0
C,0,7,LineaC:1095,22,725.80,38.12,12.10,895,876,15,0.0
C,0,7,LineaC:1095,23,136.60,17.32,8.00,895,876,15,0.0
C,1,0,LineaC:1094,5,1161.20,81.09,7.10,895,895,1397,472.1
C,1,0,LineaC:1094,6,6510.50,219.47,16.90,895,895,1397,472.1
C,1,0,LineaC:1094,7,11700.20,190.24,18.60,895,895,1397,472.1
C,1,0,LineaC:1094,8,11902.90,374.55,18.20,895,895,1397,472.1
C,1,0,LineaC:1094,9,8857.90,403.67,17.80,895,895,1397,472.1
C,1,0,LineaC:1094,10,4045.50,105.84,14.80,895,895,1397,472.1
C,1,0,LineaC:1094,11,3696.30,174.65,13.60,895,895,1397,472.1
C,1,0,LineaC:1094,12,3277.60,115.02,13.50,895,895,1397,472.1
C,1,0,LineaC:1094,13,3807.40,93.71,13.10,895,895,1397,472.1
C,1,0,LineaC:1094,14,3213.70,137.12,14.70,895,895,1397,472.1
C,1,0,LineaC:1094,15,2341.50,92.71,17.40,895,895,1397,472.1
C,1,0,LineaC:1094,16,1825.60,58.81,17.90,895,895,1397,472.1
C,1,0,LineaC:1094,17,2658.50,54.58,17.60,895,895,1397,472.1
C,1,0,LineaC:1094,18,2217.70,81.70,18.40,895,895,1397,472.1
C,1,0,LineaC:1094,19,1189.00,73.55,18.20,895,895,1397,472.1
C,1,0,LineaC:1094,20,893.80,27.56,13.00,895,895,1397,472.1
C,1,0,LineaC:1094,21,438.30,31.96,12.40,895,895,1397,472.1
C,1,0,LineaC:1094,22,294.70,19.35,11.80,895,895,1397,472.1
C,1,0,LineaC:1094,23,16.80,5.31,3.40,895,895,1397,472.1
C,1,1,LineaC:1095,5,1170.50,82.95,7.00,895,895,147,134.6
C,1,1,LineaC:1095,6,6349.20,216.99,16.50,895,895,147,134.6
C,1,1,LineaC:1095,7,11524.00,337.28,18.30,895,895,147,134.6
C,1,1,LineaC:1095,8,12388.20,314.63,18.40,895,895,147,134.6
C,1,1,LineaC:1095,9,9208.40,423.12,17.80,895,895,147,134.6
C,1,1,LineaC:1095,10,4359.60,170.59,14.80,895,895,147,134.6
C,1,1,LineaC:1095,11,3940.70,176.57,13.60,895,895,147,134.6
C,1,1,LineaC:1095,12,3657.70,169.41,13.80,895,895,147,134.6
C,1,1,LineaC:1095,13,4001.60,113.31,13.00,895,895,147,134.6
C,1,1,LineaC:1095,14,3380.20,114.99,14.60,895,895,147,134.6
C,1,1,LineaC:1095,15,2597.90,123.80,17.60,895,895,147,134.6
C,1,1,LineaC:1095,16,2090.50,55.75,17.60,895,895,147,134.6
C,1,1,LineaC:1095,17,2916.40,104.54,17.70,895,895,147,134.6
C,1,1,LineaC:1095,18,2425.60,70.80,18.40,895,895,147,134.6
C,1,1,LineaC:1095,19,1364.40,58.00,18.20,895,895,147,134.6
C,1,1,LineaC:1095,20,1046.80,59.92,13.00,895,895,147,134.6
C,1,1,LineaC:1095,21,700.10,36.24,12.30,895,895,147,134.6
C,1,1,LineaC:1095,22,402.90,35.83,12.10,895,895,147,134.6
C,1,1,LineaC:1095,23,31.70,12.41,3.70,895,895,147,134.6
C,1,2,LineaC:1096,5,999.60,42.00,6.50,895,893,189,0.0
C,1,2,LineaC:1096,6,5917.00,215.19,16.50,895,893,189,0.0
C,1,2,LineaC:1096,7,10526.50,359.93,18.50,895,893,189,0.0
C,1,2,LineaC:1096,8,11583.30,324.97,18.30,895,893,189,0.0
C,1,2,LineaC:1096,9,8781.80,234.77,17.90,895,893,189,0.0
C,1,2,LineaC:1096,10,4416.80,197.45,14.90,895,893,189,0.0
C,1,2,LineaC:1096,11,4578.60,181.94,13.60,895,893,189,0.0
C,1,2,LineaC:1096,12,4129.60,122.61,13.60,895,893,189,0.0
C,1,2,LineaC:1096,13,3694.70,118.27,13.10,895,893,189,0.0
C,1,2,LineaC:1096,14,3131.80,64.83,14.60,895,893,189,0.0
C,1,2,LineaC:1096,15,2646.00,78.38,17.30,895,893,189,0.0
C,1,2,LineaC:1096,16,2364.00,37.41,17.90,895,893,189,0.0
C,1,2,LineaC:1096,17,3005.10,81.50,17.40,895,893,189,0.0
C,1,2,LineaC:1096,18,2595.60,76.32,18.40,895,893,189,0.0
C,1,2,LineaC:1096,19,1455.60,45.93,18.30,895,893,189,0.0
C,1,2,LineaC:1096,20,1310.90,50.09,13.30,895,893,189,0.0
C,1,2,LineaC:1096,21,1488.00,45.18,12.10,895,893,189,0.0
C,1,2,LineaC:1096,22,805.00,49.61,12.20,895,893,189,0.0
C,1,2,LineaC:1096,23,37.40,12.84,4.00,895,893,189,0.0
C,1,3,LineaC:1097,5,922.20,101.49,7.20,895,874,95,0.0
C,1,3,LineaC:1097,6,5802.90,248.52,16.40,895,874,95,0.0
C,1,3,LineaC:1097,7,10007.20,282.34,18.10,895,874,95,0.0
C,1,3,LineaC:1097,8,11517.40,418.99,18.50,895,874,95,0.0
C,1,3,LineaC:1097,9,8758.50,420.14,17.80,895,874,95,0.0
C,1,3,LineaC:1097,10,4529.80,216.40,15.00,895,874,95,0.0
C,1,3,LineaC:1097,11,4598.90,191.15,13.70,895,874,95,0.0
C,1,3,LineaC:1097,12,4285.30,127.08,13.60,895,874,95,0.0
C,1,3,LineaC:1097,13,3822.60,206.88,13.30,895,874,95,0.0
C,1,3,LineaC:1097,14,3259.50,167.01,14.40,895,874,95,0.0
C,1,3,LineaC:1097,15,2887.70,85.22,17.00,895,874,95,0.0
C,1,3,LineaC:1097,16,2735.50,70.55,17.80,895,874,95,0.0
C,1,3,LineaC:1097,17,3502.50,100.93,18.00,895,874,95,0.0
C,1,3,LineaC:1097,18,2970.80,67.09,18.30,895,874,95,0.0
C,1,3,LineaC:1097,19,1634.30,48.27,18.30,895,874,95,0.0
C,1,3,LineaC:1097,20,1378.30,49.68,13.20,895,874,95,0.0
C,1,3,LineaC:1097,21,1580.90,85.70,12.60,895,874,95,0.0
C,1,3,LineaC:1097,22,823.10,46.17,11.80,895,874,95,0.0
C,1,3,LineaC:1097,23,53.70,9.64,4.40,895,874,95,0.0
C,1,4,LineaC:1098,5,759.30,89.35,6.90,895,794,130,0.0
C,1,4,LineaC:1098,6,4880.90,184.81,16.10,895,794,130,0.0
C,1,4,LineaC:1098,7,8814.30,255.13,18.60,895,794,130,0.0
C,1,4,LineaC:1098,8,9836.40,281.48,18.10,895,794,130,0.0
C,1,4,LineaC:1098,9,7761.10,261.38,18.00,895,794,130,0.0
C,1,4,LineaC:1098,10,3963.10,158.97,15.10,895,794,130,0.0
C,1,4,LineaC:1098,11,3742.20,112.28,13.60,895,794,130,0.0
C,1,4,LineaC:1098,12,3632.70,135.32,13.80,895,794,130,0.0
C,1,4,LineaC:1098,13,3402.60,141.88,12.90,895,794,130,0.0
C,1,4,LineaC:1098,14,3004.90,171.80,14.50,895,794,130,0.0
C,1,4,LineaC:1098,15,2866.10,76.39,17.20,895,794,130,0.0
C,1,4,LineaC:1098,16,2737.30,48.85,17.90,895,794,130,0.0
C,1,4,LineaC:1098,17,3245.80,83.41,17.40,895,794,130,0.0
C,1,4,LineaC:1098,18,2804.40,109.07,18.50,895,794,130,0.0
C,1,4,LineaC:1098,19,1610.40,46.85,18.40,895,794,130,0.0
C,1,4,LineaC:1098,20,1195.40,56.46,13.40,895,794,130,0.0
C,1,4,LineaC:1098,21,1173.30,50.40,12.70,895,794,130,0.0
C,1,4,LineaC:1098,22,676.10,42.95,11.80,895,794,130,0.0
C,1,4,LineaC:1098,23,52.40,7.71,4.50,895,794,130,0.0
C,1,5,LineaC:1099,5,314.70,14.57,6.50,895,352,52,0.0
C,1,5,LineaC:1099,6,2034.80,48.64,16.20,895,352,52,0.0
C,1,5,LineaC:1099,7,3423.40,97.50,18.30,895,352,52,0.0
C,1,5,LineaC:1099,8,4026.70,148.74,18.30,895,352,52,0.0
C,1,5,LineaC:1099,9,3339.10,69.75,17.90,895,352,52,0.0
C,1,5,LineaC:1099,10,1562.40,64.06,15.20,895,352,52,0.0
C,1,5,LineaC:1099,11,1305.40,47.84,13.70,895,352,52,0.0
C,1,5,LineaC:1099,12,1308.60,55.93,13.60,895,352,52,0.0
C,1,5,LineaC:1099,13,1375.30,61.04,13.10,895,352,52,0.0
C,1,5,LineaC:1099,14,1241.20,50.34,14.60,895,352,52,0.0
C,1,5,LineaC:1099,15,1250.00,58.79,16.90,895,352,52,0.0
C,1,5,LineaC:1099,16,1344.70,59.52,17.50,895,352,52,0.0
C,1,5,LineaC:1099,17,1563.80,46.11,17.80,895,352,52,0.0
C,1,5,LineaC:1099,18,1332.60,54.16,18.50,895,352,52,0.0
C,1,5,LineaC:1099,19,836.10,35.83,18.30,895,352,52,0.0
C,1,5,LineaC:1099,20,544.30,23.84,13.70,895,352,52,0.0
C,1,5,LineaC:1099,21,332.40,22.26,12.30,895,352,52,0.0
C,1,5,LineaC:1099,22,178.70,12.85,11.90,895,352,52,0.0
C,1,5,LineaC:1099,23,29.20,8.34,5.10,895,352,52,0.0
C,1,6,LineaC:1100,5,282.90,22.25,7.40,895,265,21,0.0
C,1,6,LineaC:1100,6,1795.20,82.43,15.90,895,265,21,0.0
C,1,6,LineaC:1100,7,2681.40,167.86,18.20,895,265,21,0.0
C,1,6,LineaC:1100,8,2890.40,136.09,18.30,895,265,21,0.0
C,1,6,LineaC:1100,9,2294.70,107.76,18.00,895,265,21,0.0
C,1,6,LineaC:1100,10,1131.70,44.14,15.20,895,265,21,0.0
C,1,6,LineaC:1100,11,985.80,47.81,13.70,895,265,21,0.0
C,1,6,LineaC:1100,12,1029.60,43.59,13.80,895,265,21,0.0
C,1,6,LineaC:1100,13,1114.30,50.33,13.30,895,265,21,0.0
C,1,6,LineaC:1100,14,984.60,49.43,14.10,895,265,21,0.0
C,1,6,LineaC:1100,15,1158.10,22.24,17.00,895,265,21,0.0
C,1,6,LineaC:1100,16,1352.90,35.33,17.80,895,265,21,0.0
C,1,6,LineaC:1100,17,1466.00,45.47,17.50,895,265,21,0.0
C,1,6,LineaC:1100,18,1290.90,32.32,18.50,895,265,21,0.0
C,1,6,LineaC:1100,19,800.50,35.69,18.30,895,265,21,0.0
C,1,6,LineaC:1100,20,497.30,16.32,13.90,895,265,21,0.0
C,1,6,LineaC:1100,21,289.90,21.55,12.40,895,265,21,0.0
C,1,6,LineaC:1100,22,134.70,8.73,11.70,895,265,21,0.0
C,1,6,LineaC:1100,23,21.10,5.00,5.40,895,265,21,0.0
C,1,7,LineaC:1101,5,208.30,25.84,6.60,895,246,6,0.0
C,1,7,LineaC:1101,6,1641.60,50.54,16.10,895,246,6,0.0
C,1,7,LineaC:1101,7,2247.80,78.69,18.10,895,246,6,0.0
C,1,7,LineaC:1101,8,2184.50,82.63,18.50,895,246,6,0.0
C,1,7,LineaC:1101,9,1530.00,62.82,17.80,895,246,6,0.0
C,1,7,LineaC:1101,10,821.70,65.19,15.50,895,246,6,0.0
C,1,7,LineaC:1101,11,721.10,34.03,13.60,895,246,6,0.0
C,1,7,LineaC:1101,12,782.30,34.21,13.70,895,246,6,0.0
C,1,7,LineaC:1101,13,857.60,31.54,13.10,895,246,6,0.0
C,1,7,LineaC:1101,14,848.10,44.80,14.50,895,246,6,0.0
C,1,7,LineaC:1101,15,987.90,31.40,16.80,895,246,6,0.0
C,1,7,LineaC:1101,16,1191.50,32.79,17.60,895,246,6,0.0
C,1,7,LineaC:1101,17,1344.70,37.18,17.50,895,246,6,0.0
C,1,7,LineaC:1101,18,1201.40,39.06,18.60,895,246,6,0.0
C,1,7,LineaC:1101,19,722.00,27.02,18.20,895,246,6,0.0
C,1,7,LineaC:1101,20,444.70,15.48,14.30,895,246,6,0.0
C,1,7,LineaC:1101,21,219.50,21.44,12.30,895,246,6,0.0
C,1,7,LineaC:1101,22,98.50,9.31,12.00,895,246,6,0.0
C,1,7,LineaC:1101,23,16.70,5.66,5.60,895,246,6,0.0
D,0,0,LineaD:1118,5,29.30,5.93,5.50,1074,510,510,0.0
D,0,0,LineaD:1118,6,252.40,11.52,9.90,1074,510,510,0.0
D,0,0,LineaD:1118,7,674.60,30.45,14.00,1074,510,510,0.0
D,0,0,LineaD:1118,8,909.80,31.65,16.10,1074,510,510,0.0
D,0,0,LineaD:1118,9,797.20,46.80,16.00,1074,510,510,0.0
D,0,0,LineaD:1118,10,753.20,35.62,15.10,1074,510,510,0.0
D,0,0,LineaD:1118,11,819.60,29.98,14.20,1074,510,510,0.0
D,0,0,LineaD:1118,12,1092.00,45.15,13.40,1074,510,510,0.0
D,0,0,LineaD:1118,13,1239.50,60.45,13.90,1074,510,510,0.0
D,0,0,LineaD:1118,14,1336.10,39.62,14.10,1074,510,510,0.0
D,0,0,LineaD:1118,15,1942.00,111.82,14.30,1074,510,510,0.0
D,0,0,LineaD:1118,16,2962.80,133.51,15.00,1074,510,510,0.0
D,0,0,LineaD:1118,17,3435.70,61.99,16.20,1074,510,510,0.0
D,0,0,LineaD:1118,18,2748.40,70.79,15.60,1074,510,510,0.0
D,0,0,LineaD:1118,19,1093.10,50.76,15.40,1074,510,510,0.0
D,0,0,LineaD:1118,20,770.70,39.77,14.10,1074,510,510,0.0
D,0,0,LineaD:1118,21,447.20,16.52,10.90,1074,510,510,0.0
D,0,0,LineaD:1118,22,233.00,13.41,10.40,1074,510,510,0.0
D,0,0,LineaD:1118,23,32.80,5.41,5.50,1074,510,510,0.0
D,0,1,LineaD:1117,5,189.90,25.33,5.30,1074,852,713,0.0
D,0,1,LineaD:1117,6,1622.50,156.92,9.60,1074,852,713,0.0
D,0,1,LineaD:1117,7,3610.90,265.60,14.00,1074,852,713,0.0
D,0,1,LineaD:1117,8,4590.50,232.46,16.20,1074,852,713,0.0
D,0,1,LineaD:1117,9,3577.10,124.45,16.00,1074,852,713,0.0
D,0,1,LineaD:1117,10,2460.10,96.44,14.90,1074,852,713,0.0
D,0,1,LineaD:1117,11,2753.40,118.95,14.50,1074,852,713,0.0
D,0,1,LineaD:1117,12,3131.70,147.15,13.50,1074,852,713,0.0
D,0,1,LineaD:1117,13,2973.30,103.20,13.80,1074,852,713,0.0
D,0,1,LineaD:1117,14,2820.80,131.83,13.90,1074,852,713,0.0
D,0,1,LineaD:1117,15,3390.60,205.59,14.60,1074,852,713,0.0
D,0,1,LineaD:1117,16,4141.50,213.45,14.50,1074,852,713,0.0
D,0,1,LineaD:1117,17,5446.80,154.93,16.40,1074,852,713,0.0
D,0,1,LineaD:1117,18,4790.90,126.64,15.40,1074,852,713,0.0
D,0,1,LineaD:1117,19,2248.30,79.93,15.50,1074,852,713,0.0
D,0,1,LineaD:1117,20,1628.20,43.38,14.50,1074,852,713,0.0
D,0,1,LineaD:1117,21,1417.10,82.05,10.90,1074,852,713,0.0
D,0,1,LineaD:1117,22,987.20,66.49,10.20,1074,852,713,0.0
D,0,1,LineaD:1117,23,154.00,17.35,5.90,1074,852,713,0.0
D,0,2,LineaD:1116,5,167.10,22.90,5.00,1074,970,154,0.0
D,0,2,LineaD:1116,6,1572.10,120.56,9.80,1074,970,154,0.0
D,0,2,LineaD:1116,7,3338.90,197.38,13.70,1074,970,154,0.0
D,0,2,LineaD:1116,8,4236.90,89.37,16.10,1074,970,154,0.0
D,0,2,LineaD:1116,9,3430.70,146.47,16.10,1074,970,154,0.0
D,0,2,LineaD:1116,10,2470.60,87.11,15.10,1074,970,154,0.0
D,0,2,LineaD:1116,11,2785.00,74.28,14.50,1074,970,154,0.0
D,0,2,LineaD:1116,12,3277.50,161.69,13.30,1074,970,154,0.0
D,0,2,LineaD:1116,13,3561.80,144.29,13.80,1074,970,154,0.0
D,0,2,LineaD:1116,14,3339.40,103.90,14.10,1074,970,154,0.0
D,0,2,LineaD:1116,15,3854.90,211.80,14.50,1074,970,154,0.0
D,0,2,LineaD:1116,16,4620.10,193.88,14.40,1074,970,154,0.0
D,0,2,LineaD:1116,17,6134.90,142.48,16.50,1074,970,154,0.0
D,0,2,LineaD:1116,18,5322.00,129.72,15.20,1074,970,154,0.0
D,0,2,LineaD:1116,19,2536.40,81.79,15.80,1074,970,154,0.0
D,0,2,LineaD:1116,20,1764.90,49.88,14.50,1074,970,154,0.0
D,0,2,LineaD:1116,21,1477.80,102.43,10.80,1074,970,154,0.0
D,0,2,LineaD:1116,22,1196.20,74.46,10.30,1074,970,154,0.0
D,0,2,LineaD:1116,23,174.10,17.43,6.10,1074,970,154,0.0
D,0,3,LineaD:1115,5,164.70,21.91,5.90,1074,1074,166,0.3
D,0,3,LineaD:1115,6,1539.60,100.27,9.70,1074,1074,166,0.3
D,0,3,LineaD:1115,7,3259.10,138.87,13.70,1074,1074,166,0.3
D,0,3,LineaD:1115,8,4005.20,189.85,15.80,1074,1074,166,0.3
D,0,3,LineaD:1115,9,3508.40,188.85,16.20,1074,1074,166,0.3
D,0,3,LineaD:1115,10,2588.50,91.74,14.90,1074,1074,166,0.3
D,0,3,LineaD:1115,11,2993.40,151.87,14.60,1074,1074,166,0.3
D,0,3,LineaD:1115,12,3526.50,116.62,13.30,1074,1074,166,0.3
D,0,3,LineaD:1115,13,3954.10,115.89,13.90,1074,1074,166,0.3
D,0,3,LineaD:1115,14,3636.00,148.20,13.90,1074,1074,166,0.3
D,0,3,LineaD:1115,15,4199.10,205.60,14.40,1074,1074,166,0.3
D,0,3,LineaD:1115,16,5252.60,179.28,14.90,1074,1074,166,0.3
D,0,3,LineaD:1115,17,6472.80,362.61,15.90,1074,1074,166,0.3
D,0,3,LineaD:1115,18,6044.40,297.00,15.70,1074,1074,166,0.3
D,0,3,LineaD:1115,19,3037.10,86.42,15.60,1074,1074,166,0.3
D,0,3,LineaD:1115,20,2206.20,75.88,14.30,1074,1074,166,0.3
D,0,3,LineaD:1115,21,1674.80,70.39,10.90,1074,1074,166,0.3
D,0,3,LineaD:1115,22,1409.50,49.35,10.60,1074,1074,166,0.3
D,0,3,LineaD:1115,23,207.80,18.08,6.40,1074,1074,166,0.3
D,0,4,LineaD:1114,5,147.50,25.78,5.60,1074,1074,115,12.8
D,0,4,LineaD:1114,6,1463.60,77.22,9.80,1074,1074,115,12.8
D,0,4,LineaD:1114,7,3060.50,157.18,13.60,1074,1074,115,12.8
D,0,4,LineaD:1114,8,3900.60,165.81,15.80,1074,1074,115,12.8
D,0,4,LineaD:1114,9,3452.50,155.09,16.00,1074,1074,115,12.8
D,0,4,LineaD:1114,10,2693.90,112.56,15.00,1074,1074,115,12.8
D,0,4,LineaD:1114,11,3008.70,156.47,14.50,1074,1074,115,12.8
D,0,4,LineaD:1114,12,3845.50,179.00,13.70,1074,1074,115,12.8
D,0,4,LineaD:1114,13,3980.20,128.21,13.60,1074,1074,115,12.8
D,0,4,LineaD:1114,14,3809.40,187.38,14.10,1074,1074,115,12.8
D,0,4,LineaD:1114,15,4374.70,189.24,14.50,1074,1074,115,12.8
D,0,4,LineaD:1114,16,5438.30,231.25,14.70,1074,1074,115,12.8
D,0,4,LineaD:1114,17,6757.60,207.09,16.00,1074,1074,115,12.8
D,0,4,LineaD:1114,18,6260.20,295.56,15.60,1074,1074,115,12.8
D,0,4,LineaD:1114,19,3345.80,153.00,15.40,1074,1074,115,12.8
D,0,4,LineaD:1114,20,2618.90,60.04,14.70,1074,1074,115,12.8
D,0,4,LineaD:1114,21,1908.10,66.73,11.00,1074,1074,115,12.8
D,0,4,LineaD:1114,22,1509.30,64.28,10.40,1074,1074,115,12.8
D,0,4,LineaD:1114,23,249.80,23.66,6.60,1074,1074,115,12.8
D,0,5,LineaD:1113,5,159.10,19.43,5.10,1074,1074,432,63.3
D,0,5,LineaD:1113,6,1958.10,117.72,9.90,1074,1074,432,63.3
D,0,5,LineaD:1113,7,4880.30,220.92,13.40,1074,1074,432,63.3
D,0,5,LineaD:1113,8,6114.70,309.20,15.90,1074,1074,432,63.3
D,0,5,LineaD:1113,9,5340.90,171.63,16.20,1074,1074,432,63.3
D,0,5,LineaD:1113,10,3817.10,170.76,15.00,1074,1074,432,63.3
D,0,5,LineaD:1113,11,3976.50,154.68,14.40,1074,1074,432,63.3
D,0,5,LineaD:1113,12,4918.80,213.35,13.70,1074,1074,432,63.3
D,0,5,LineaD:1113,13,5219.00,277.70,13.60,1074,1074,432,63.3
D,0,5,LineaD:1113,14,4636.40,241.53,13.80,1074,1074,432,63.3
D,0,5,LineaD:1113,15,5465.00,223.63,14.80,1074,1074,432,63.3
D,0,5,LineaD:1113,16,6353.40,184.78,14.30,1074,1074,432,63.3
D,0,5,LineaD:1113,17,8098.50,204.13,16.10,1074,1074,432,63.3
D,0,5,LineaD:1113,18,7586.70,245.81,15.70,1074,1074,432,63.3
D,0,5,LineaD:1113,19,4233.40,96.12,15.70,1074,1074,432,63.3
D,0,5,LineaD:1113,20,3160.80,130.81,14.20,1074,1074,432,63.3
D,0,5,LineaD:1113,21,2309.40,118.66,11.40,1074,1074,432,63.3
D,0,5,LineaD:1113,22,1791.20,104.24,10.30,1074,1074,432,63.3
D,0,5,LineaD:1113,23,346.60,36.91,7.10,1074,1074,432,63.3
D,0,6,LineaD:1112,5,145.30,23.38,5.90,1074,1058,54,0.0
D,0,6,LineaD:1112,6,1830.20,100.57,9.90,1074,1058,54,0.0
D,0,6,LineaD:1112,7,4755.40,164.18,13.50,1074,1058,54,0.0
D,0,6,LineaD:1112,8,5826.00,139.84,15.60,1074,1058,54,0.0
D,0,6,LineaD:1112,9,5177.00,200.80,16.10,1074,1058,54,0.0
D,0,6,LineaD:1112,10,3769.00,184.41,15.10,1074,1058,54,0.0
D,0,6,LineaD:1112,11,3874.90,138.54,14.50,1074,1058,54,0.0
D,0,6,LineaD:1112,12,4728.20,196.75,13.50,1074,1058,54,0.0
D,0,6,LineaD:1112,13,5138.20,191.36,13.80,1074,1058,54,0.0
D,0,6,LineaD:1112,14,4582.70,204.18,14.10,1074,1058,54,0.0
D,0,6,LineaD:1112,15,5306.80,205.20,14.70,1074,1058,54,0.0
D,0,6,LineaD:1112,16,6195.80,124.18,14.40,1074,1058,54,0.0
D,0,6,LineaD:1112,17,7725.70,268.14,15.90,1074,1058,54,0.0
D,0,6,LineaD:1112,18,7364.60,244.82,15.70,1074,1058,54,0.0
D,0,6,LineaD:1112,19,4146.50,130.98,15.50,1074,1058,54,0.0
D,0,6,LineaD:1112,20,3110.50,141.59,14.30,1074,1058,54,0.0
D,0,6,LineaD:1112,21,2223.90,100.70,11.30,1074,1058,54,0.0
D,0,6,LineaD:1112,22,1751.30,74.83,10.40,1074,1058,54,0.0
D,0,6,LineaD:1112,23,357.30,39.93,7.40,1074,1058,54,0.0
D,0,7,LineaD:1111,5,141.90,25.82,5.80,1074,1022,79,0.0
D,0,7,LineaD:1111,6,1663.20,152.42,9.80,1074,1022,79,0.0
D,0,7,LineaD:1111,7,4382.60,284.34,13.30,1074,1022,79,0.0
D,0,7,LineaD:1111,8,5477.30,266.01,15.80,1074,1022,79,0.0
D,0,7,LineaD:1111,9,4621.10,172.80,15.70,1074,1022,79,0.0
D,0,7,LineaD:1111,10,3631.30,121.74,15.50,1074,1022,79,0.0
D,0,7,LineaD:1111,11,3579.50,126.33,14.40,1074,1022,79,0.0
D,0,7,LineaD:1111,12,4458.60,157.10,13.50,1074,1022,79,0.0
D,0,7,LineaD:1111,13,4844.50,175.28,13.70,1074,1022,79,0.0
D,0,7,LineaD:1111,14,4293.70,199.02,14.00,1074,1022,79,0.0
D,0,7,LineaD:1111,15,5052.10,180.05,14.70,1074,1022,79,0.0
D,0,7,LineaD:1111,16,5972.60,254.33,14.70,1074,1022,79,0.0
D,0,7,LineaD:1111,17,7228.50,289.59,15.70,1074,1022,79,0.0
D,0,7,LineaD:1111,18,6932.30,241.57,15.50,1074,1022,79,0.0
D,0,7,LineaD:1111,19,4132.60,122.70,15.70,1074,1022,79,0.0
D,0,7,LineaD:1111,20,3085.50,106.40,14.30,1074,1022,79,0.0
D,0,7,LineaD:1111,21,2203.30,87.30,11.50,1074,1022,79,0.0
D,0,7,LineaD:1111,22,1692.20,57.41,10.60,1074,1022,79,0.0
D,0,7,LineaD:1111,23,332.40,36.30,7.40,1074,1022,79,0.0
D,0,8,LineaD:1110,5,118.30,32.08,5.40,1074,982,39,0.0
D,0,8,LineaD:1110,6,1544.70,123.08,9.90,1074,982,39,0.0
D,0,8,LineaD:1110,7,4177.70,169.27,13.20,1074,982,39,0.0
D,0,8,LineaD:1110,8,5134.20,155.44,15.80,1074,982,39,0.0
D,0,8,LineaD:1110,9,4488.30,109.68,15.90,1074,982,39,0.0
D,0,8,LineaD:1110,10,3288.80,166.66,15.10,1074,982,39,0.0
D,0,8,LineaD:1110,11,3485.50,155.22,14.80,1074,982,39,0.0
D,0,8,LineaD:1110,12,4205.90,183.57,13.60,1074,982,39,0.0
D,0,8,LineaD:1110,13,4476.40,100.89,13.50,1074,982,39,0.0
D,0,8,LineaD:1110,14,4041.30,166.72,13.90,1074,982,39,0.0
D,0,8,LineaD:1110,15,4688.80,186.20,14.60,1074,982,39,0.0
D,0,8,LineaD:1110,16,5512.60,268.42,14.60,1074,982,39,0.0
D,0,8,LineaD:1110,17,6987.10,198.56,16.00,1074,982,39,0.0
D,0,8,LineaD:1110,18,6631.50,199.22,15.60,1074,982,39,0.0
D,0,8,LineaD:1110,19,3906.20,94.40,15.30,1074,982,39,0.0
D,0,8,LineaD:1110,20,2982.90,138.34,14.60,1074,982,39,0.0
D,0,8,LineaD:1110,21,2113.70,118.03,11.60,1074,982,39,0.0
D,0,8,LineaD:1110,22,1605.10,73.44,10.50,1074,982,39,0.0
D,0,8,LineaD:1110,23,340.80,27.01,7.70,1074,982,39,0.0
D,0,9,LineaD:1109,5,94.50,12.13,6.00,1074,967,48,0.0
D,0,9,LineaD:1109,6,1418.00,97.61,10.00,1074,967,48,0.0
D,0,9,LineaD:1109,7,3957.70,225.19,13.40,1074,967,48,0.0
D,0,9,LineaD:1109,8,4683.00,233.19,15.40,1074,967,48,0.0
D,0,9,LineaD:1109,9,4146.70,148.01,16.00,1074,967,48,0.0
D,0,9,LineaD:1109,10,2923.30,137.46,15.30,1074,967,48,0.0
D,0,9,LineaD:1109,11,3075.90,96.87,14.60,1074,967,48,0.0
D,0,9,LineaD:1109,12,3800.90,91.22,13.50,1074,967,48,0.0
D,0,9,LineaD:1109,13,4092.30,156.22,13.50,1074,967,48,0.0
D,0,9,LineaD:1109,14,3876.10,233.37,14.20,1074,967,48,0.0
D,0,9,LineaD:1109,15,4354.70,96.76,14.50,1074,967,48,0.0
D,0,9,LineaD:1109,16,5202.60,218.69,14.70,1074,967,48,0.0
D,0,9,LineaD:1109,17,6525.30,239.83,15.80,1074,967,48,0.0
D,0,9,LineaD:1109,18,6405.00,232.43,15.60,1074,967,48,0.0
D,0,9,LineaD:1109,19,3744.10,150.05,15.20,1074,967,48,0.0
D,0,9,LineaD:1109,20,2855.20,111.77,14.70,1074,967,48,0.0
D,0,9,LineaD:1109,21,1955.20,110.46,11.60,1074,967,48,0.0
D,0,9,LineaD:1109,22,1548.00,80.05,10.50,1074,967,48,0.0
D,0,9,LineaD:1109,23,352.70,28.82,8.10,1074,967,48,0.0
D,0,10,LineaD:1108,5,84.70,9.56,6.00,1074,894,38,0.0
D,0,10,LineaD:1108,6,1156.10,75.23,9.80,1074,894,38,0.0
D,0,10,LineaD:1108,7,3262.20,126.15,12.90,1074,894,38,0.0
D,0,10,LineaD:1108,8,4189.30,182.63,15.70,1074,894,38,0.0
D,0,10,LineaD:1108,9,3494.80,119.32,16.00,1074,894,38,0.0
D,0,10,LineaD:1108,10,2518.00,177.65,15.20,1074,894,38,0.0
D,0,10,LineaD:1108,11,2549.10,113.32,14.60,1074,894,38,0.0
D,0,10,LineaD:1108,12,3261.20,115.54,13.70,1074,894,38,0.0
D,0,10,LineaD:1108,13,3535.30,160.19,13.50,1074,894,38,0.0
D,0,10,LineaD:1108,14,3336.40,185.21,14.10,1074,894,38,0.0
D,0,10,LineaD:1108,15,3850.20,133.21,14.60,1074,894,38,0.0
D,0,10,LineaD:1108,16,4641.50,185.47,14.70,1074,894,38,0.0
D,0,10,LineaD:1108,17,5925.70,171.76,15.80,1074,894,38,0.0
D,0,10,LineaD:1108,18,5728.20,154.24,15.30,1074,894,38,0.0
D,0,10,LineaD:1108,19,3527.50,113.16,15.70,1074,894,38,0.0
D,0,10,LineaD:1108,20,2514.60,92.43,14.40,1074,894,38,0.0
D,0,10,LineaD:1108,21,1772.90,72.80,11.70,1074,894,38,0.0
D,0,10,LineaD:1108,22,1415.60,48.51,10.60,1074,894,38,0.0
D,0,10,LineaD:1108,23,326.60,24.36,8.30,1074,894,38,0.0
D,0,11,LineaD:1107,5,48.60,21.57,5.40,1074,801,30,0.0
D,0,11,LineaD:1107,6,908.20,64.00,9.90,1074,801,30,0.0
D,0,11,LineaD:1107,7,2810.90,57.86,13.20,1074,801,30,0.0
D,0,11,LineaD:1107,8,3504.60,131.49,15.30,1074,801,30,0.0
D,0,11,LineaD:1107,9,3027.00,126.40,15.70,1074,801,30,0.0
D,0,11,LineaD:1107,10,2202.90,118.34,15.50,1074,801,30,0.0
D,0,11,LineaD:1107,11,2213.70,112.97,14.70,1074,801,30,0.0
D,0,11,LineaD:1107,12,2982.60,166.38,13.90,1074,801,30,0.0
D,0,11,LineaD:1107,13,3070.20,131.29,13.30,1074,801,30,0.0
D,0,11,LineaD:1107,14,2957.10,45.85,14.00,1074,801,30,0.0
D,0,11,LineaD:1107,15,3401.10,136.80,14.50,1074,801,30,0.0
D,0,11,LineaD:1107,16,4035.70,100.11,14.80,1074,801,30,0.0
D,0,11,LineaD:1107,17,5174.20,120.72,15.60,1074,801,30,0.0
D,0,11,LineaD:1107,18,5294.70,235.60,15.80,1074,801,30,0.0
D,0,11,LineaD:1107,19,3148.90,117.89,15.50,1074,801,30,0.0
D,0,11,LineaD:1107,20,2282.60,103.53,14.40,1074,801,30,0.0
D,0,11,LineaD:1107,21,1639.40,73.16,12.00,1074,801,30,0.0
D,0,11,LineaD:1107,22,1309.10,39.70,10.60,1074,801,30,0.0
D,0,11,LineaD:1107,23,308.70,22.26,8.50,1074,801,30,0.0
D,0,12,LineaD:1106,5,30.30,4.40,5.00,1074,699,19,0.0
D,0,12,LineaD:1106,6,727.50,59.32,9.90,1074,699,19,0.0
D,0,12,LineaD:1106,7,2254.90,123.15,12.80,1074,699,19,0.0
D,0,12,LineaD:1106,8,2928.20,110.49,15.50,1074,699,19,0.0
D,0,12,LineaD:1106,9,2491.30,106.69,15.80,1074,699,19,0.0
D,0,12,LineaD:1106,10,1858.60,78.18,15.40,1074,699,19,0.0
D,0,12,LineaD:1106,11,1892.40,56.46,14.90,1074,699,19,0.0
D,0,12,LineaD:1106,12,2443.20,81.52,13.60,1074,699,19,0.0
D,0,12,LineaD:1106,13,2726.80,118.67,13.70,1074,699,19,0.0
D,0,12,LineaD:1106,14,2475.80,92.86,13.90,1074,699,19,0.0
D,0,12,LineaD:1106,15,2742.00,133.59,14.20,1074,699,19,0.0
D,0,12,LineaD:1106,16,3495.00,85.21,15.00,1074,699,19,0.0
D,0,12,LineaD:1106,17,4385.80,178.54,15.60,1074,699,19,0.0
D,0,12,LineaD:1106,18,4540.00,126.39,15.50,1074,699,19,0.0
D,0,12,LineaD:1106,19,2754.90,121.55,15.60,1074,699,19,0.0
D,0,12,LineaD:1106,20,2099.30,76.81,14.70,1074,699,19,0.0
D,0,12,LineaD:1106,21,1442.80,59.67,12.00,1074,699,19,0.0
D,0,12,LineaD:1106,22,1138.70,51.85,10.40,1074,699,19,0.0
D,0,12,LineaD:1106,23,311.00,24.05,9.10,1074,699,19,0.0
D,0,13,LineaD:1105,5,26.30,3.59,5.00,1074,565,12,0.0
D,0,13,LineaD:1105,6,565.10,39.74,9.80,1074,565,12,0.0
D,0,13,LineaD:1105,7,1719.30,69.89,12.50,1074,565,12,0.0
D,0,13,LineaD:1105,8,2271.00,98.22,15.20,1074,565,12,0.0
D,0,13,LineaD:1105,9,2030.50,94.81,16.00,1074,565,12,0.0
D,0,13,LineaD:1105,10,1469.10,82.67,15.50,1074,565,12,0.0
D,0,13,LineaD:1105,11,1488.20,50.80,14.90,1074,565,12,0.0
D,0,13,LineaD:1105,12,1946.90,62.71,13.60,1074,565,12,0.0
D,0,13,LineaD:1105,13,2083.90,105.77,13.30,1074,565,12,0.0
D,0,13,LineaD:1105,14,2052.70,100.71,14.20,1074,565,12,0.0
D,0,13,LineaD:1105,15,2227.30,73.20,14.30,1074,565,12,0.0
D,0,13,LineaD:1105,16,2792.00,84.60,14.70,1074,565,12,0.0
D,0,13,LineaD:1105,17,3670.50,115.24,16.00,1074,565,12,0.0
D,0,13,LineaD:1105,18,3709.30,142.21,15.30,1074,565,12,0.0
D,0,13,LineaD:1105,19,2238.20,100.62,15.40,1074,565,12,0.0
D,0,13,LineaD:1105,20,1765.10,81.63,14.80,1074,565,12,0.0
D,0,13,LineaD:1105,21,1173.40,48.70,12.20,1074,565,12,0.0
D,0,13,LineaD:1105,22,976.00,49.28,10.60,1074,565,12,0.0
D,0,13,LineaD:1105,23,270.30,17.42,9.30,1074,565,12,0.0
D,0,14,LineaD:1104,5,12.00,5.68,4.40,1074,377,7,0.0
D,0,14,LineaD:1104,6,332.00,35.46,10.00,1074,377,7,0.0
D,0,14,LineaD:1104,7,1073.40,52.29,12.60,1074,377,7,0.0
D,0,14,LineaD:1104,8,1434.10,65.08,15.10,1074,377,7,0.0
D,0,14,LineaD:1104,9,1223.10,45.63,15.90,1074,377,7,0.0
D,0,14,LineaD:1104,10,892.30,38.10,15.70,1074,377,7,0.0
D,0,14,LineaD:1104,11,941.80,38.08,14.90,1074,377,7,0.0
D,0,14,LineaD:1104,12,1224.00,46.00,13.60,1074,377,7,0.0
D,0,14,LineaD:1104,13,1354.40,66.95,13.50,1074,377,7,0.0
D,0,14,LineaD:1104,14,1293.40,52.01,13.90,1074,377,7,0.0
D,0,14,LineaD:1104,15,1410.70,71.34,14.20,1074,377,7,0.0
D,0,14,LineaD:1104,16,1901.00,70.83,14.90,1074,377,7,0.0
D,0,14,LineaD:1104,17,2420.20,69.39,15.60,1074,377,7,0.0
D,0,14,LineaD:1104,18,2566.30,87.20,15.50,1074,377,7,0.0
D,0,14,LineaD:1104,19,1574.60,42.97,15.90,1074,377,7,0.0
D,0,14,LineaD:1104,20,1173.80,58.76,14.50,1074,377,7,0.0
D,0,14,LineaD:1104,21,822.60,31.67,12.30,1074,377,7,0.0
D,0,14,LineaD:1104,22,706.20,32.64,10.60,1074,377,7,0.0
D,0,14,LineaD:1104,23,196.40,12.95,9.50,1074,377,7,0.0
D,1,0,LineaD:1103,5,78.70,8.69,5.30,1074,550,550,0.0
D,1,0,LineaD:1103,6,877.40,40.96,11.50,1074,550,550,0.0
D,1,0,LineaD:1103,7,2932.20,71.98,14.80,1074,550,550,0.0
D,1,0,LineaD:1103,8,3228.20,117.28,15.20,1074,550,550,0.0
D,1,0,LineaD:1103,9,2528.50,58.62,15.80,1074,550,550,0.0
D,1,0,LineaD:1103,10,1446.10,42.63,14.30,1074,550,550,0.0
D,1,0,LineaD:1103,11,1190.10,63.77,13.60,1074,550,550,0.0
D,1,0,LineaD:1103,12,1420.80,75.96,13.60,1074,550,550,0.0
D,1,0,LineaD:1103,13,1611.00,70.01,14.50,1074,550,550,0.0
D,1,0,LineaD:1103,14,1179.80,39.21,14.60,1074,550,550,0.0
D,1,0,LineaD:1103,15,1190.80,67.18,15.70,1074,550,550,0.0
D,1,0,LineaD:1103,16,1496.10,61.61,15.60,1074,550,550,0.0
D,1,0,LineaD:1103,17,2019.30,77.24,15.50,1074,550,550,0.0
D,1,0,LineaD:1103,18,1879.20,68.25,15.20,1074,550,550,0.0
D,1,0,LineaD:1103,19,837.90,64.50,13.80,1074,550,550,0.0
D,1,0,LineaD:1103,20,576.40,47.75,11.90,1074,550,550,0.0
D,1,0,LineaD:1103,21,270.20,16.96,10.30,1074,550,550,0.0
D,1,0,LineaD:1103,22,125.80,18.98,9.60,1074,550,550,0.0
D,1,0,LineaD:1103,23,0.00,0.00,0.00,1074,550,550,0.0
D,1,1,LineaD:1104,5,108.00,13.98,5.20,1074,756,206,0.0
D,1,1,LineaD:1104,6,1040.70,62.01,11.00,1074,756,206,0.0
D,1,1,LineaD:1104,7,3756.10,109.86,14.50,1074,756,206,0.0
D,1,1,LineaD:1104,8,4235.20,82.85,15.50,1074,756,206,0.0
D,1,1,LineaD:1104,9,3507.10,172.87,16.10,1074,756,206,0.0
D,1,1,LineaD:1104,10,2090.80,104.63,14.00,1074,756,206,0.0
D,1,1,LineaD:1104,11,1783.70,56.99,13.70,1074,756,206,0.0
D,1,1,LineaD:1104,12,2137.90,88.40,13.50,1074,756,206,0.0
D,1,1,LineaD:1104,13,2437.60,61.29,14.50,1074,756,206,0.0
D,1,1,LineaD:1104,14,1850.60,56.72,14.70,1074,756,206,0.0
D,1,1,LineaD:1104,15,1945.00,56.85,15.60,1074,756,206,0.0
D,1,1,LineaD:1104,16,2256.00,56.85,15.40,1074,756,206,0.0
D,1,1,LineaD:1104,17,3210.50,75.00,15.80,1074,756,206,0.0
D,1,1,LineaD:1104,18,2965.40,79.69,15.50,1074,756,206,0.0
D,1,1,LineaD:1104,19,1595.70,77.59,13.30,1074,756,206,0.0
D,1,1,LineaD:1104,20,1168.80,55.92,11.90,1074,756,206,0.0
D,1,1,LineaD:1104,21,555.90,26.51,10.80,1074,756,206,0.0
D,1,1,LineaD:1104,22,264.90,25.90,9.50,1074,756,206,0.0
D,1,1,LineaD:1104,23,4.00,8.12,0.30,1074,756,206,0.0
D,1,2,LineaD:1105,5,124.40,19.31,5.00,1074,890,139,0.0
D,1,2,LineaD:1105,6,1246.90,71.71,11.20,1074,890,139,0.0
D,1,2,LineaD:1105,7,4450.90,112.60,14.40,1074,890,139,0.0
D,1,2,LineaD:1105,8,4989.00,147.95,15.10,1074,890,139,0.0
D,1,2,LineaD:1105,9,4262.70,153.95,15.90,1074,890,139,0.0
D,1,2,LineaD:1105,10,2572.80,108.98,14.30,1074,890,139,0.0
D,1,2,LineaD:1105,11,2188.60,115.73,13.80,1074,890,139,0.0
D,1,2,LineaD:1105,12,2634.40,118.96,13.50,1074,890,139,0.0
D,1,2,LineaD:1105,13,2961.80,70.95,14.40,1074,890,139,0.0
D,1,2,LineaD:1105,14,2300.40,109.19,14.90,1074,890,139,0.0
D,1,2,LineaD:1105,15,2361.70,73.91,15.50,1074,890,139,0.0
D,1,2,LineaD:1105,16,2817.30,69.63,15.60,1074,890,139,0.0
D,1,2,LineaD:1105,17,3776.30,121.98,15.60,1074,890,139,0.0
D,1,2,LineaD:1105,18,3476.00,152.58,15.20,1074,890,139,0.0
D,1,2,LineaD:1105,19,2069.70,106.37,13.80,1074,890,139,0.0
D,1,2,LineaD:1105,20,1403.50,68.34,11.90,1074,890,139,0.0
D,1,2,LineaD:1105,21,693.00,33.77,10.40,1074,890,139,0.0
D,1,2,LineaD:1105,22,325.10,36.33,10.00,1074,890,139,0.0
D,1,2,LineaD:1105,23,4.60,9.34,0.30,1074,890,139,0.0
D,1,3,LineaD:1106,5,120.80,14.45,4.50,1074,1000,154,0.0
D,1,3,LineaD:1106,6,1306.40,64.65,11.10,1074,1000,154,0.0
D,1,3,LineaD:1106,7,4998.20,162.59,14.20,1074,1000,154,0.0
D,1,3,LineaD:1106,8,5788.00,147.25,15.50,1074,1000,154,0.0
D,1,3,LineaD:1106,9,5030.60,140.94,16.00,1074,1000,154,0.0
D,1,3,LineaD:1106,10,2947.90,128.75,14.00,1074,1000,154,0.0
D,1,3,LineaD:1106,11,2576.30,114.85,13.80,1074,1000,154,0.0
D,1,3,LineaD:1106,12,3047.10,82.96,13.60,1074,1000,154,0.0
D,1,3,LineaD:1106,13,3441.70,171.26,14.30,1074,1000,154,0.0
D,1,3,LineaD:1106,14,2722.30,57.09,15.00,1074,1000,154,0.0
D,1,3,LineaD:1106,15,2738.60,98.73,15.40,1074,1000,154,0.0
D,1,3,LineaD:1106,16,3261.50,177.50,15.50,1074,1000,154,0.0
D,1,3,LineaD:1106,17,4452.40,180.67,15.70,1074,1000,154,0.0
D,1,3,LineaD:1106,18,4089.80,146.19,15.40,1074,1000,154,0.0
D,1,3,LineaD:1106,19,2439.30,107.15,13.80,1074,1000,154,0.0
D,1,3,LineaD:1106,20,1710.30,59.53,12.00,1074,1000,154,0.0
D,1,3,LineaD:1106,21,838.10,37.51,10.30,1074,1000,154,0.0
D,1,3,LineaD:1106,22,399.30,29.30,9.80,1074,1000,154,0.0
D,1,3,LineaD:1106,23,18.30,10.02,0.90,1074,1000,154,0.0
D,1,4,LineaD:1107,5,116.60,12.97,5.30,1074,1074,130,3.0
D,1,4,LineaD:1107,6,1322.30,154.56,10.80,1074,1074,130,3.0
D,1,4,LineaD:1107,7,5398.90,201.08,14.10,1074,1074,130,3.0
D,1,4,LineaD:1107,8,6444.50,185.08,15.50,1074,1074,130,3.0
D,1,4,LineaD:1107,9,5673.20,194.33,15.80,1074,1074,130,3.0
D,1,4,LineaD:1107,10,3443.60,146.12,14.40,1074,1074,130,3.0
D,1,4,LineaD:1107,11,2906.90,122.28,13.70,1074,1074,130,3.0
D,1,4,LineaD:1107,12,3493.00,86.44,13.70,1074,1074,130,3.0
D,1,4,LineaD:1107,13,3882.80,116.63,14.20,1074,1074,130,3.0
D,1,4,LineaD:1107,14,3041.40,162.74,14.70,1074,1074,130,3.0
D,1,4,LineaD:1107,15,3133.40,90.64,15.40,1074,1074,130,3.0
D,1,4,LineaD:1107,16,3715.80,155.31,15.70,1074,1074,130,3.0
D,1,4,LineaD:1107,17,5061.90,162.82,15.80,1074,1074,130,3.0
D,1,4,LineaD:1107,18,4598.50,105.13,15.30,1074,1074,130,3.0
D,1,4,LineaD:1107,19,2749.70,91.56,13.90,1074,1074,130,3.0
D,1,4,LineaD:1107,20,1881.20,62.32,11.90,1074,1074,130,3.0
D,1,4,LineaD:1107,21,1057.40,63.91,10.60,1074,1074,130,3.0
D,1,4,LineaD:1107,22,483.90,43.11,9.90,1074,1074,130,3.0
D,1,4,LineaD:1107,23,22.60,8.64,1.10,1074,1074,130,3.0
D,1,5,LineaD:1108,5,126.40,13.53,4.70,1074,1074,191,29.3
D,1,5,LineaD:1108,6,1429.70,124.17,11.20,1074,1074,191,29.3
D,1,5,LineaD:1108,7,5747.00,264.57,14.00,1074,1074,191,29.3
D,1,5,LineaD:1108,8,7006.80,468.50,15.30,1074,1074,191,29.3
D,1,5,LineaD:1108,9,6278.50,368.43,15.40,1074,1074,191,29.3
D,1,5,LineaD:1108,10,4043.30,230.13,15.00,1074,1074,191,29.3
D,1,5,LineaD:1108,11,3236.10,251.77,13.30,1074,1074,191,29.3
D,1,5,LineaD:1108,12,3950.00,211.22,13.80,1074,1074,191,29.3
D,1,5,LineaD:1108,13,4584.70,224.73,14.40,1074,1074,191,29.3
D,1,5,LineaD:1108,14,3606.90,146.77,14.80,1074,1074,191,29.3
D,1,5,LineaD:1108,15,3606.30,101.55,15.30,1074,1074,191,29.3
D,1,5,LineaD:1108,16,4253.30,149.76,15.50,1074,1074,191,29.3
D,1,5,LineaD:1108,17,5818.60,173.37,15.60,1074,1074,191,29.3
D,1,5,LineaD:1108,18,5483.60,92.54,15.80,1074,1074,191,29.3
D,1,5,LineaD:1108,19,3185.00,115.23,13.80,1074,1074,191,29.3
D,1,5,LineaD:1108,20,2198.50,120.33,12.10,1074,1074,191,29.3
D,1,5,LineaD:1108,21,1264.80,49.55,10.40,1074,1074,191,29.3
D,1,5,LineaD:1108,22,618.10,26.80,9.80,1074,1074,191,29.3
D,1,5,LineaD:1108,23,39.00,14.12,1.60,1074,1074,191,29.3
D,1,6,LineaD:1109,5,144.00,10.51,4.60,1074,1074,148,24.5
D,1,6,LineaD:1109,6,1449.40,100.45,11.00,1074,1074,148,24.5
D,1,6,LineaD:1109,7,5887.90,287.05,13.90,1074,1074,148,24.5
D,1,6,LineaD:1109,8,7568.50,522.78,15.30,1074,1074,148,24.5
D,1,6,LineaD:1109,9,6795.20,338.82,15.70,1074,1074,148,24.5
D,1,6,LineaD:1109,10,4165.00,171.92,14.50,1074,1074,148,24.5
D,1,6,LineaD:1109,11,3672.60,147.54,13.80,1074,1074,148,24.5
D,1,6,LineaD:1109,12,4374.10,201.27,13.60,1074,1074,148,24.5
D,1,6,LineaD:1109,13,5129.70,245.24,14.30,1074,1074,148,24.5
D,1,6,LineaD:1109,14,4139.60,131.07,14.90,1074,1074,148,24.5
D,1,6,LineaD:1109,15,4207.10,146.65,15.00,1074,1074,148,24.5
D,1,6,LineaD:1109,16,4950.80,171.62,15.80,1074,1074,148,24.5
D,1,6,LineaD:1109,17,6460.20,227.85,15.40,1074,1074,148,24.5
D,1,6,LineaD:1109,18,6135.80,207.30,15.80,1074,1074,148,24.5
D,1,6,LineaD:1109,19,3548.90,169.14,13.80,1074,1074,148,24.5
D,1,6,LineaD:1109,20,2412.00,139.21,12.20,1074,1074,148,24.5
D,1,6,LineaD:1109,21,1406.40,72.01,10.60,1074,1074,148,24.5
D,1,6,LineaD:1109,22,679.70,37.84,9.60,1074,1074,148,24.5
D,1,6,LineaD:1109,23,51.80,8.00,2.00,1074,1074,148,24.5
D,1,7,LineaD:1110,5,139.60,10.96,4.30,1074,1074,189,35.4
D,1,7,LineaD:1110,6,1441.30,98.06,11.00,1074,1074,189,35.4
D,1,7,LineaD:1110,7,6209.80,153.52,13.70,1074,1074,189,35.4
D,1,7,LineaD:1110,8,8070.50,420.71,15.30,1074,1074,189,35.4
D,1,7,LineaD:1110,9,7421.60,221.03,15.90,1074,1074,189,35.4
D,1,7,LineaD:1110,10,4346.50,160.80,14.50,1074,1074,189,35.4
D,1,7,LineaD:1110,11,3807.80,207.28,13.60,1074,1074,189,35.4
D,1,7,LineaD:1110,12,4723.10,208.75,13.90,1074,1074,189,35.4
D,1,7,LineaD:1110,13,5417.20,155.55,14.00,1074,1074,189,35.4
D,1,7,LineaD:1110,14,4312.70,125.38,14.90,1074,1074,189,35.4
D,1,7,LineaD:1110,15,4535.40,188.22,15.10,1074,1074,189,35.4
D,1,7,LineaD:1110,16,5234.40,145.75,15.80,1074,1074,189,35.4
D,1,7,LineaD:1110,17,6698.30,244.44,15.40,1074,1074,189,35.4
D,1,7,LineaD:1110,18,6420.70,169.17,15.80,1074,1074,189,35.4
D,1,7,LineaD:1110,19,3722.40,107.09,13.80,1074,1074,189,35.4
D,1,7,LineaD:1110,20,2521.90,114.04,12.30,1074,1074,189,35.4
D,1,7,LineaD:1110,21,1479.90,81.86,10.70,1074,1074,189,35.4
D,1,7,LineaD:1110,22,708.40,41.24,9.70,1074,1074,189,35.4
D,1,7,LineaD:1110,23,54.00,11.19,2.10,1074,1074,189,35.4
D,1,8,LineaD:1111,5,132.50,13.75,5.10,1074,1074,159,39.1
D,1,8,LineaD:1111,6,1459.20,42.04,10.90,1074,1074,159,39.1
D,1,8,LineaD:1111,7,6529.10,137.31,13.90,1074,1074,159,39.1
D,1,8,LineaD:1111,8,8251.70,296.81,15.00,1074,1074,159,39.1
D,1,8,LineaD:1111,9,7782.90,292.17,15.80,1074,1074,159,39.1
D,1,8,LineaD:1111,10,4556.60,175.39,14.70,1074,1074,159,39.1
D,1,8,LineaD:1111,11,3961.60,179.20,13.60,1074,1074,159,39.1
D,1,8,LineaD:1111,12,4854.80,268.29,13.80,1074,1074,159,39.1
D,1,8,LineaD:1111,13,5747.20,146.63,14.20,1074,1074,159,39.1
D,1,8,LineaD:1111,14,4530.00,217.12,14.90,1074,1074,159,39.1
D,1,8,LineaD:1111,15,4787.70,195.78,15.00,1074,1074,159,39.1
D,1,8,LineaD:1111,16,5613.20,145.25,15.80,1074,1074,159,39.1
D,1,8,LineaD:1111,17,6956.30,308.37,15.50,1074,1074,159,39.1
D,1,8,LineaD:1111,18,6640.10,240.49,15.60,1074,1074,159,39.1
D,1,8,LineaD:1111,19,3992.90,98.80,14.00,1074,1074,159,39.1
D,1,8,LineaD:1111,20,2745.70,86.05,12.40,1074,1074,159,39.1
D,1,8,LineaD:1111,21,1594.80,101.18,10.50,1074,1074,159,39.1
D,1,8,LineaD:1111,22,768.50,49.70,9.80,1074,1074,159,39.1
D,1,8,LineaD:1111,23,65.90,16.88,2.30,1074,1074,159,39.1
D,1,9,LineaD:1112,5,117.70,15.19,4.60,1074,1074,141,38.7
D,1,9,LineaD:1112,6,1502.90,52.94,11.30,1074,1074,141,38.7
D,1,9,LineaD:1112,7,6671.20,195.87,13.70,1074,1074,141,38.7
D,1,9,LineaD:1112,8,8523.70,350.76,15.00,1074,1074,141,38.7
D,1,9,LineaD:1112,9,7945.20,370.58,15.50,1074,1074,141,38.7
D,1,9,LineaD:1112,10,4935.20,218.83,15.20,1074,1074,141,38.7
D,1,9,LineaD:1112,11,3988.30,208.53,13.40,1074,1074,141,38.7
D,1,9,LineaD:1112,12,4876.10,238.96,13.80,1074,1074,141,38.7
D,1,9,LineaD:1112,13,5746.70,275.58,13.90,1074,1074,141,38.7
D,1,9,LineaD:1112,14,4816.00,139.01,15.20,1074,1074,141,38.7
D,1,9,LineaD:1112,15,4820.00,123.83,14.80,1074,1074,141,38.7
D,1,9,LineaD:1112,16,5803.10,165.06,15.80,1074,1074,141,38.7
D,1,9,LineaD:1112,17,7156.80,269.27,15.60,1074,1074,141,38.7
D,1,9,LineaD:1112,18,6661.40,260.81,15.40,1074,1074,141,38.7
D,1,9,LineaD:1112,19,4141.10,141.73,14.30,1074,1074,141,38.7
D,1,9,LineaD:1112,20,2806.00,116.35,12.30,1074,1074,141,38.7
D,1,9,LineaD:1112,21,1615.70,56.33,10.50,1074,1074,141,38.7
D,1,9,LineaD:1112,22,778.80,32.20,9.90,1074,1074,141,38.7
D,1,9,LineaD:1112,23,77.70,24.39,2.60,1074,1074,141,38.7
D,1,10,LineaD:1113,5,101.20,11.53,5.60,1074,1053,196,0.0
D,1,10,LineaD:1113,6,1250.80,91.20,11.00,1074,1053,196,0.0
D,1,10,LineaD:1113,7,5679.20,239.50,13.30,1074,1053,196,0.0
D,1,10,LineaD:1113,8,7910.60,286.27,15.20,1074,1053,196,0.0
D,1,10,LineaD:1113,9,7375.80,200.97,15.70,1074,1053,196,0.0
D,1,10,LineaD:1113,10,4370.80,188.30,15.10,1074,1053,196,0.0
D,1,10,LineaD:1113,11,3227.30,130.11,13.50,1074,1053,196,0.0
D,1,10,LineaD:1113,12,3728.20,142.09,13.80,1074,1053,196,0.0
D,1,10,LineaD:1113,13,4424.40,108.27,13.90,1074,1053,196,0.0
D,1,10,LineaD:1113,14,3413.10,123.47,15.00,1074,1053,196,0.0
D,1,10,LineaD:1113,15,3305.40,160.30,15.00,1074,1053,196,0.0
D,1,10,LineaD:1113,16,3913.20,177.91,15.80,1074,1053,196,0.0
D,1,10,LineaD:1113,17,4801.50,145.88,15.50,1074,1053,196,0.0
D,1,10,LineaD:1113,18,4517.70,150.32,15.50,1074,1053,196,0.0
D,1,10,LineaD:1113,19,2689.50,102.58,14.30,1074,1053,196,0.0
D,1,10,LineaD:1113,20,1756.90,93.68,12.50,1074,1053,196,0.0
D,1,10,LineaD:1113,21,923.00,42.96,10.50,1074,1053,196,0.0
D,1,10,LineaD:1113,22,402.40,24.23,9.60,1074,1053,196,0.0
D,1,10,LineaD:1113,23,54.10,8.40,3.00,1074,1053,196,0.0
D,1,11,LineaD:1114,5,83.50,8.41,5.20,1074,996,48,0.0
D,1,11,LineaD:1114,6,1019.20,45.35,10.80,1074,996,48,0.0
D,1,11,LineaD:1114,7,5204.10,223.98,13.70,1074,996,48,0.0
D,1,11,LineaD:1114,8,7399.60,197.65,15.10,1074,996,48,0.0
D,1,11,LineaD:1114,9,7057.10,151.08,15.70,1074,996,48,0.0
D,1,11,LineaD:1114,10,4189.10,188.98,15.00,1074,996,48,0.0
D,1,11,LineaD:1114,11,3142.50,161.50,13.60,1074,996,48,0.0
D,1,11,LineaD:1114,12,3505.70,97.38,13.80,1074,996,48,0.0
D,1,11,LineaD:1114,13,4076.60,62.97,13.80,1074,996,48,0.0
D,1,11,LineaD:1114,14,3255.90,100.30,15.00,1074,996,48,0.0
D,1,11,LineaD:1114,15,3122.30,142.80,14.80,1074,996,48,0.0
D,1,11,LineaD:1114,16,3725.90,112.78,16.00,1074,996,48,0.0
D,1,11,LineaD:1114,17,4604.70,147.41,15.40,1074,996,48,0.0
D,1,11,LineaD:1114,18,4397.50,100.85,15.50,1074,996,48,0.0
D,1,11,LineaD:1114,19,2655.40,84.46,14.30,1074,996,48,0.0
D,1,11,LineaD:1114,20,1789.10,85.81,12.40,1074,996,48,0.0
D,1,11,LineaD:1114,21,1005.20,59.03,10.80,1074,996,48,0.0
D,1,11,LineaD:1114,22,409.90,31.76,9.80,1074,996,48,0.0
D,1,11,LineaD:1114,23,55.80,8.53,3.10,1074,996,48,0.0
D,1,12,LineaD:1115,5,72.30,9.60,5.00,1074,879,64,0.0
D,1,12,LineaD:1115,6,879.60,47.11,10.80,1074,879,64,0.0
D,1,12,LineaD:1115,7,4409.80,107.31,13.40,1074,879,64,0.0
D,1,12,LineaD:1115,8,6673.70,143.24,15.30,1074,879,64,0.0
D,1,12,LineaD:1115,9,6389.30,198.79,15.70,1074,879,64,0.0
D,1,12,LineaD:1115,10,3797.40,98.40,15.00,1074,879,64,0.0
D,1,12,LineaD:1115,11,2826.30,183.60,13.50,1074,879,64,0.0
D,1,12,LineaD:1115,12,3284.40,130.86,14.10,1074,879,64,0.0
D,1,12,LineaD:1115,13,3641.90,147.69,13.50,1074,879,64,0.0
D,1,12,LineaD:1115,14,3123.50,209.64,15.00,1074,879,64,0.0
D,1,12,LineaD:1115,15,2994.70,131.39,15.00,1074,879,64,0.0
D,1,12,LineaD:1115,16,3465.20,76.01,15.70,1074,879,64,0.0
D,1,12,LineaD:1115,17,4416.60,108.72,15.60,1074,879,64,0.0
D,1,12,LineaD:1115,18,4066.50,107.97,15.30,1074,879,64,0.0
D,1,12,LineaD:1115,19,2658.10,170.24,14.50,1074,879,64,0.0
D,1,12,LineaD:1115,20,1823.50,92.64,12.60,1074,879,64,0.0
D,1,12,LineaD:1115,21,1002.10,49.29,10.60,1074,879,64,0.0
D,1,12,LineaD:1115,22,391.90,36.76,9.80,1074,879,64,0.0
D,1,12,LineaD:1115,23,55.50,8.89,3.40,1074,879,64,0.0
D,1,13,LineaD:1116,5,62.70,13.28,4.90,1074,774,67,0.0
D,1,13,LineaD:1116,6,719.50,44.27,10.70,1074,774,67,0.0
D,1,13,LineaD:1116,7,3488.10,250.98,13.20,1074,774,67,0.0
D,1,13,LineaD:1116,8,5486.70,228.97,14.80,1074,774,67,0.0
D,1,13,LineaD:1116,9,5718.80,112.75,15.80,1074,774,67,0.0
D,1,13,LineaD:1116,10,3485.60,112.01,15.20,1074,774,67,0.0
D,1,13,LineaD:1116,11,2594.00,117.50,13.70,1074,774,67,0.0
D,1,13,LineaD:1116,12,2899.60,147.44,13.70,1074,774,67,0.0
D,1,13,LineaD:1116,13,3563.80,116.74,13.90,1074,774,67,0.0
D,1,13,LineaD:1116,14,3082.40,143.47,14.80,1074,774,67,0.0
D,1,13,LineaD:1116,15,2972.90,73.51,15.10,1074,774,67,0.0
D,1,13,LineaD:1116,16,3440.70,124.88,16.00,1074,774,67,0.0
D,1,13,LineaD:1116,17,4361.80,145.84,15.40,1074,774,67,0.0
D,1,13,LineaD:1116,18,4061.70,141.04,15.20,1074,774,67,0.0
D,1,13,LineaD:1116,19,2519.50,53.56,14.60,1074,774,67,0.0
D,1,13,LineaD:1116,20,1733.30,63.45,12.60,1074,774,67,0.0
D,1,13,LineaD:1116,21,992.30,64.13,10.70,1074,774,67,0.0
D,1,13,LineaD:1116,22,389.60,22.26,9.80,1074,774,67,0.0
D,1,13,LineaD:1116,23,55.80,9.72,3.70,1074,774,67,0.0
D,1,14,LineaD:1117,5,30.70,9.37,5.30,1074,651,176,0.0
D,1,14,LineaD:1117,6,428.40,39.06,10.90,1074,651,176,0.0
D,1,14,LineaD:1117,7,2038.10,101.99,13.20,1074,651,176,0.0
D,1,14,LineaD:1117,8,3892.00,119.22,15.20,1074,651,176,0.0
D,1,14,LineaD:1117,9,4259.40,112.16,15.60,1074,651,176,0.0
D,1,14,LineaD:1117,10,2560.90,125.34,15.10,1074,651,176,0.0
D,1,14,LineaD:1117,11,1544.00,61.89,13.70,1074,651,176,0.0
D,1,14,LineaD:1117,12,1459.80,54.74,13.90,1074,651,176,0.0
D,1,14,LineaD:1117,13,1395.80,44.84,13.70,1074,651,176,0.0
D,1,14,LineaD:1117,14,1073.00,53.09,14.90,1074,651,176,0.0
D,1,14,LineaD:1117,15,869.80,26.98,15.00,1074,651,176,0.0
D,1,14,LineaD:1117,16,801.50,28.38,15.70,1074,651,176,0.0
D,1,14,LineaD:1117,17,1121.40,49.00,15.50,1074,651,176,0.0
D,1,14,LineaD:1117,18,1051.10,41.38,15.50,1074,651,176,0.0
D,1,14,LineaD:1117,19,529.50,34.94,14.60,1074,651,176,0.0
D,1,14,LineaD:1117,20,342.20,11.85,12.50,1074,651,176,0.0
D,1,14,LineaD:1117,21,226.90,23.19,10.70,1074,651,176,0.0
D,1,14,LineaD:1117,22,130.10,10.59,10.00,1074,651,176,0.0
D,1,14,LineaD:1117,23,25.10,5.63,3.80,1074,651,176,0.0
E,0,0,LineaE:1164,5,30.40,3.86,5.00,895,386,386,0.0
E,0,0,LineaE:1164,6,231.60,18.26,8.70,895,386,386,0.0
E,0,0,LineaE:1164,7,1001.20,37.99,11.00,895,386,386,0.0
E,0,0,LineaE:1164,8,884.30,51.95,11.10,895,386,386,0.0
E,0,0,LineaE:1164,9,721.90,54.67,10.00,895,386,386,0.0
E,0,0,LineaE:1164,10,504.40,19.86,10.80,895,386,386,0.0
E,0,0,LineaE:1164,11,351.40,28.62,9.00,895,386,386,0.0
E,0,0,LineaE:1164,12,433.90,24.28,9.60,895,386,386,0.0
E,0,0,LineaE:1164,13,967.50,23.49,9.50,895,386,386,0.0
E,0,0,LineaE:1164,14,545.90,31.68,10.70,895,386,386,0.0
E,0,0,LineaE:1164,15,490.70,32.73,11.40,895,386,386,0.0
E,0,0,LineaE:1164,16,587.40,40.89,10.30,895,386,386,0.0
E,0,0,LineaE:1164,17,1015.90,35.36,10.80,895,386,386,0.0
E,0,0,LineaE:1164,18,935.40,53.07,10.90,895,386,386,0.0
E,0,0,LineaE:1164,19,404.10,22.25,10.40,895,386,386,0.0
E,0,0,LineaE:1164,20,199.80,22.95,8.30,895,386,386,0.0
E,0,0,LineaE:1164,21,142.30,14.65,8.10,895,386,386,0.0
E,0,0,LineaE:1164,22,95.30,11.61,7.90,895,386,386,0.0
E,0,0,LineaE:1164,23,0.00,0.00,0.00,895,386,386,0.0
E,0,1,LineaE:1165,5,30.60,6.52,4.60,895,783,397,0.0
E,0,1,LineaE:1165,6,231.10,18.92,8.80,895,783,397,0.0
E,0,1,LineaE:1165,7,992.50,43.68,10.80,895,783,397,0.0
E,0,1,LineaE:1165,8,908.70,61.75,11.20,895,783,397,0.0
E,0,1,LineaE:1165,9,786.70,44.98,10.40,895,783,397,0.0
E,0,1,LineaE:1165,10,550.70,24.37,10.70,895,783,397,0.0
E,0,1,LineaE:1165,11,416.20,37.96,8.90,895,783,397,0.0
E,0,1,LineaE:1165,12,564.00,59.55,9.70,895,783,397,0.0
E,0,1,LineaE:1165,13,1136.20,51.69,9.40,895,783,397,0.0
E,0,1,LineaE:1165,14,755.00,48.37,10.90,895,783,397,0.0
E,0,1,LineaE:1165,15,720.60,35.58,11.30,895,783,397,0.0
E,0,1,LineaE:1165,16,1142.80,72.20,10.20,895,783,397,0.0
E,0,1,LineaE:1165,17,2064.50,83.87,10.80,895,783,397,0.0
E,0,1,LineaE:1165,18,1975.50,139.68,10.70,895,783,397,0.0
E,0,1,LineaE:1165,19,686.30,55.07,10.50,895,783,397,0.0
E,0,1,LineaE:1165,20,346.60,28.37,8.40,895,783,397,0.0
E,0,1,LineaE:1165,21,219.50,20.48,8.30,895,783,397,0.0
E,0,1,LineaE:1165,22,135.20,13.45,7.90,895,783,397,0.0
E,0,1,LineaE:1165,23,0.00,0.00,0.00,895,783,397,0.0
E,0,2,LineaE:1166,5,29.00,5.27,4.20,895,895,522,22.6
E,0,2,LineaE:1166,6,323.50,23.57,9.10,895,895,522,22.6
E,0,2,LineaE:1166,7,1624.90,112.12,10.70,895,895,522,22.6
E,0,2,LineaE:1166,8,1413.90,99.09,11.20,895,895,522,22.6
E,0,2,LineaE:1166,9,893.70,24.71,10.40,895,895,522,22.6
E,0,2,LineaE:1166,10,617.40,43.49,10.60,895,895,522,22.6
E,0,2,LineaE:1166,11,571.10,45.66,9.10,895,895,522,22.6
E,0,2,LineaE:1166,12,773.90,54.79,9.50,895,895,522,22.6
E,0,2,LineaE:1166,13,1762.50,77.87,9.50,895,895,522,22.6
E,0,2,LineaE:1166,14,1184.20,101.66,10.50,895,895,522,22.6
E,0,2,LineaE:1166,15,1109.90,51.15,11.50,895,895,522,22.6
E,0,2,LineaE:1166,16,1688.00,61.14,10.40,895,895,522,22.6
E,0,2,LineaE:1166,17,3002.40,133.37,10.50,895,895,522,22.6
E,0,2,LineaE:1166,18,3155.70,113.45,10.90,895,895,522,22.6
E,0,2,LineaE:1166,19,1136.30,97.16,10.80,895,895,522,22.6
E,0,2,LineaE:1166,20,552.60,46.48,8.40,895,895,522,22.6
E,0,2,LineaE:1166,21,371.50,39.18,8.20,895,895,522,22.6
E,0,2,LineaE:1166,22,221.40,11.33,8.00,895,895,522,22.6
E,0,2,LineaE:1166,23,0.00,0.00,0.00,895,895,522,22.6
E,0,3,LineaE:1119,5,34.50,4.72,4.00,895,895,410,42.5
E,0,3,LineaE:1119,6,322.50,39.17,9.10,895,895,410,42.5
E,0,3,LineaE:1119,7,1612.50,80.99,10.60,895,895,410,42.5
E,0,3,LineaE:1119,8,1365.40,100.04,11.10,895,895,410,42.5
E,0,3,LineaE:1119,9,772.70,52.61,10.40,895,895,410,42.5
E,0,3,LineaE:1119,10,664.20,37.61,10.80,895,895,410,42.5
E,0,3,LineaE:1119,11,683.20,46.97,9.00,895,895,410,42.5
E,0,3,LineaE:1119,12,915.60,45.99,9.40,895,895,410,42.5
E,0,3,LineaE:1119,13,1990.10,105.12,9.50,895,895,410,42.5
E,0,3,LineaE:1119,14,1553.00,90.96,10.60,895,895,410,42.5
E,0,3,LineaE:1119,15,1644.30,71.00,11.40,895,895,410,42.5
E,0,3,LineaE:1119,16,2424.40,123.66,10.60,895,895,410,42.5
E,0,3,LineaE:1119,17,3616.50,299.77,10.40,895,895,410,42.5
E,0,3,LineaE:1119,18,3619.60,278.22,11.00,895,895,410,42.5
E,0,3,LineaE:1119,19,1374.00,67.32,10.70,895,895,410,42.5
E,0,3,LineaE:1119,20,757.20,75.16,8.30,895,895,410,42.5
E,0,3,LineaE:1119,21,507.70,44.11,8.10,895,895,410,42.5
E,0,3,LineaE:1119,22,307.70,29.55,8.10,895,895,410,42.5
E,0,3,LineaE:1119,23,7.90,10.50,0.40,895,895,410,42.5
E,0,4,LineaE:1120,5,32.80,4.02,5.00,895,895,80,11.1
E,0,4,LineaE:1120,6,273.30,25.01,8.60,895,895,80,11.1
E,0,4,LineaE:1120,7,1414.50,74.08,10.80,895,895,80,11.1
E,0,4,LineaE:1120,8,1154.10,97.89,11.10,895,895,80,11.1
E,0,4,LineaE:1120,9,605.60,53.99,10.40,895,895,80,11.1
E,0,4,LineaE:1120,10,563.50,33.22,10.60,895,895,80,11.1
E,0,4,LineaE:1120,11,647.10,8.01,9.20,895,895,80,11.1
E,0,4,LineaE:1120,12,953.70,58.65,9.70,895,895,80,11.1
E,0,4,LineaE:1120,13,1895.10,88.78,9.20,895,895,80,11.1
E,0,4,LineaE:1120,14,1606.20,122.94,10.60,895,895,80,11.1
E,0,4,LineaE:1120,15,1739.30,102.15,11.30,895,895,80,11.1
E,0,4,LineaE:1120,16,2553.10,73.73,10.40,895,895,80,11.1
E,0,4,LineaE:1120,17,3872.10,242.94,10.70,895,895,80,11.1
E,0,4,LineaE:1120,18,3743.00,270.40,11.10,895,895,80,11.1
E,0,4,LineaE:1120,19,1433.40,87.94,10.70,895,895,80,11.1
E,0,4,LineaE:1120,20,781.90,53.36,8.20,895,895,80,11.1
E,0,4,LineaE:1120,21,549.70,49.78,8.10,895,895,80,11.1
E,0,4,LineaE:1120,22,328.70,36.76,8.20,895,895,80,11.1
E,0,4,LineaE:1120,23,10.30,9.66,0.60,895,895,80,11.1
E,0,5,LineaE:1121,5,55.90,13.11,4.70,895,861,271,0.0
E,0,5,LineaE:1121,6,331.30,28.54,8.90,895,861,271,0.0
E,0,5,LineaE:1121,7,802.80,52.13,10.60,895,861,271,0.0
E,0,5,LineaE:1121,8,800.60,53.90,10.90,895,861,271,0.0
E,0,5,LineaE:1121,9,699.70,40.28,10.60,895,861,271,0.0
E,0,5,LineaE:1121,10,694.00,43.18,10.70,895,861,271,0.0
E,0,5,LineaE:1121,11,1014.70,85.72,9.00,895,861,271,0.0
E,0,5,LineaE:1121,12,1158.00,93.21,9.70,895,861,271,0.0
E,0,5,LineaE:1121,13,1058.40,52.56,9.40,895,861,271,0.0
E,0,5,LineaE:1121,14,1108.40,70.47,10.60,895,861,271,0.0
E,0,5,LineaE:1121,15,1653.60,60.88,11.30,895,861,271,0.0
E,0,5,LineaE:1121,16,2391.70,62.21,10.40,895,861,271,0.0
E,0,5,LineaE:1121,17,3359.40,242.90,10.50,895,861,271,0.0
E,0,5,LineaE:1121,18,3027.20,209.02,11.00,895,861,271,0.0
E,0,5,LineaE:1121,19,1443.40,68.54,10.80,895,861,271,0.0
E,0,5,LineaE:1121,20,964.00,58.80,8.50,895,861,271,0.0
E,0,5,LineaE:1121,21,1157.70,81.50,8.10,895,861,271,0.0
E,0,5,LineaE:1121,22,689.50,85.89,8.10,895,861,271,0.0
E,0,5,LineaE:1121,23,14.90,12.67,0.70,895,861,271,0.0
E,0,6,LineaE:1122,5,55.90,13.37,4.60,895,866,27,0.0
E,0,6,LineaE:1122,6,314.40,39.53,8.60,895,866,27,0.0
E,0,6,LineaE:1122,7,802.30,30.60,10.80,895,866,27,0.0
E,0,6,LineaE:1122,8,809.10,39.17,10.90,895,866,27,0.0
E,0,6,LineaE:1122,9,678.70,40.92,10.60,895,866,27,0.0
E,0,6,LineaE:1122,10,683.80,32.67,10.80,895,866,27,0.0
E,0,6,LineaE:1122,11,994.90,82.89,8.90,895,866,27,0.0
E,0,6,LineaE:1122,12,1185.10,92.03,9.80,895,866,27,0.0
E,0,6,LineaE:1122,13,1038.90,56.04,9.20,895,866,27,0.0
E,0,6,LineaE:1122,14,1045.00,58.18,10.40,895,866,27,0.0
E,0,6,LineaE:1122,15,1668.60,72.77,11.70,895,866,27,0.0
E,0,6,LineaE:1122,16,2352.50,44.97,10.50,895,866,27,0.0
E,0,6,LineaE:1122,17,3218.00,139.22,10.10,895,866,27,0.0
E,0,6,LineaE:1122,18,3064.60,147.80,11.20,895,866,27,0.0
E,0,6,LineaE:1122,19,1438.60,81.88,10.70,895,866,27,0.0
E,0,6,LineaE:1122,20,974.80,66.06,8.50,895,866,27,0.0
E,0,6,LineaE:1122,21,1135.20,37.81,8.20,895,866,27,0.0
E,0,6,LineaE:1122,22,718.00,44.27,8.20,895,866,27,0.0
E,0,6,LineaE:1122,23,18.50,12.85,0.80,895,866,27,0.0
E,0,7,LineaE:1123,5,61.70,12.98,4.30,895,895,63,0.3
E,0,7,LineaE:1123,6,334.00,36.72,8.70,895,895,63,0.3
E,0,7,LineaE:1123,7,838.90,52.67,10.60,895,895,63,0.3
E,0,7,LineaE:1123,8,882.10,53.43,10.80,895,895,63,0.3
E,0,7,LineaE:1123,9,754.10,57.25,10.70,895,895,63,0.3
E,0,7,LineaE:1123,10,705.90,52.17,10.60,895,895,63,0.3
E,0,7,LineaE:1123,11,1070.30,81.12,9.40,895,895,63,0.3
E,0,7,LineaE:1123,12,1220.60,80.99,9.40,895,895,63,0.3
E,0,7,LineaE:1123,13,1135.70,46.12,9.40,895,895,63,0.3
E,0,7,LineaE:1123,14,1123.80,42.04,10.60,895,895,63,0.3
E,0,7,LineaE:1123,15,1645.10,63.32,11.10,895,895,63,0.3
E,0,7,LineaE:1123,16,2452.30,147.62,10.80,895,895,63,0.3
E,0,7,LineaE:1123,17,3318.00,157.72,10.30,895,895,63,0.3
E,0,7,LineaE:1123,18,3135.60,112.99,11.10,895,895,63,0.3
E,0,7,LineaE:1123,19,1496.50,70.19,10.90,895,895,63,0.3
E,0,7,LineaE:1123,20,1023.20,73.18,8.50,895,895,63,0.3
E,0,7,LineaE:1123,21,1163.20,84.12,8.20,895,895,63,0.3
E,0,7,LineaE:1123,22,747.90,63.20,8.20,895,895,63,0.3
E,0,7,LineaE:1123,23,22.20,16.01,0.90,895,895,63,0.3
E,0,8,LineaE:1124,5,58.10,10.18,4.00,895,887,32,0.0
E,0,8,LineaE:1124,6,348.40,31.23,8.60,895,887,32,0.0
E,0,8,LineaE:1124,7,906.20,50.79,10.80,895,887,32,0.0
E,0,8,LineaE:1124,8,886.40,40.04,10.70,895,887,32,0.0
E,0,8,LineaE:1124,9,775.50,40.64,10.70,895,887,32,0.0
E,0,8,LineaE:1124,10,751.40,37.96,10.60,895,887,32,0.0
E,0,8,LineaE:1124,11,1058.80,93.44,9.60,895,887,32,0.0
E,0,8,LineaE:1124,12,1239.60,68.74,9.30,895,887,32,0.0
E,0,8,LineaE:1124,13,1126.70,54.79,9.30,895,887,32,0.0
E,0,8,LineaE:1124,14,1139.90,77.27,10.80,895,887,32,0.0
E,0,8,LineaE:1124,15,1595.10,67.39,10.90,895,887,32,0.0
E,0,8,LineaE:1124,16,2364.60,101.96,10.70,895,887,32,0.0
E,0,8,LineaE:1124,17,3255.70,383.61,10.50,895,887,32,0.0
E,0,8,LineaE:1124,18,3170.00,363.13,11.10,895,887,32,0.0
E,0,8,LineaE:1124,19,1464.20,69.10,10.60,895,887,32,0.0
E,0,8,LineaE:1124,20,1027.10,70.64,8.70,895,887,32,0.0
E,0,8,LineaE:1124,21,1171.80,95.02,8.40,895,887,32,0.0
E,0,8,LineaE:1124,22,746.30,65.92,7.80,895,887,32,0.0
E,0,8,LineaE:1124,23,36.40,13.43,1.40,895,887,32,0.0
E,0,9,LineaE:1125,5,41.80,9.37,3.90,895,895,502,57.4
E,0,9,LineaE:1125,6,303.60,19.27,8.60,895,895,502,57.4
E,0,9,LineaE:1125,7,860.80,26.06,10.40,895,895,502,57.4
E,0,9,LineaE:1125,8,877.50,24.74,11.00,895,895,502,57.4
E,0,9,LineaE:1125,9,758.70,43.22,10.60,895,895,502,57.4
E,0,9,LineaE:1125,10,821.60,30.01,10.80,895,895,502,57.4
E,0,9,LineaE:1125,11,1109.10,61.14,9.20,895,895,502,57.4
E,0,9,LineaE:1125,12,1511.00,101.30,9.50,895,895,502,57.4
E,0,9,LineaE:1125,13,1440.60,106.58,9.20,895,895,502,57.4
E,0,9,LineaE:1125,14,1549.40,91.47,10.80,895,895,502,57.4
E,0,9,LineaE:1125,15,2021.80,103.88,11.10,895,895,502,57.4
E,0,9,LineaE:1125,16,2844.70,131.26,10.60,895,895,502,57.4
E,0,9,LineaE:1125,17,3924.30,401.46,10.20,895,895,502,57.4
E,0,9,LineaE:1125,18,3945.70,334.66,11.20,895,895,502,57.4
E,0,9,LineaE:1125,19,2189.70,119.81,10.80,895,895,502,57.4
E,0,9,LineaE:1125,20,1548.70,95.51,8.80,895,895,502,57.4
E,0,9,LineaE:1125,21,1351.60,123.49,8.20,895,895,502,57.4
E,0,9,LineaE:1125,22,889.00,85.30,7.90,895,895,502,57.4
E,0,9,LineaE:1125,23,71.20,22.58,1.70,895,895,502,57.4
E,0,10,LineaE:1126,5,36.20,8.16,4.50,895,850,20,0.0
E,0,10,LineaE:1126,6,280.30,19.04,8.70,895,850,20,0.0
E,0,10,LineaE:1126,7,777.70,40.06,10.30,895,850,20,0.0
E,0,10,LineaE:1126,8,798.80,50.50,10.90,895,850,20,0.0
E,0,10,LineaE:1126,9,744.90,39.46,11.00,895,850,20,0.0
E,0,10,LineaE:1126,10,704.50,36.17,10.00,895,850,20,0.0
E,0,10,LineaE:1126,11,1063.80,66.03,9.80,895,850,20,0.0
E,0,10,LineaE:1126,12,1423.50,97.57,9.30,895,850,20,0.0
E,0,10,LineaE:1126,13,1396.60,39.02,9.30,895,850,20,0.0
E,0,10,LineaE:1126,14,1440.10,81.95,10.80,895,850,20,0.0
E,0,10,LineaE:1126,15,1890.90,102.20,11.10,895,850,20,0.0
E,0,10,LineaE:1126,16,2670.50,72.64,10.60,895,850,20,0.0
E,0,10,LineaE:1126,17,3742.50,335.54,10.50,895,850,20,0.0
E,0,10,LineaE:1126,18,3655.70,334.25,11.00,895,850,20,0.0
E,0,10,LineaE:1126,19,2050.60,129.59,10.80,895,850,20,0.0
E,0,10,LineaE:1126,20,1492.20,121.89,8.80,895,850,20,0.0
E,0,10,LineaE:1126,21,1287.10,126.52,8.20,895,850,20,0.0
E,0,10,LineaE:1126,22,880.60,47.94,8.20,895,850,20,0.0
E,0,10,LineaE:1126,23,66.80,19.83,1.70,895,850,20,0.0
E,0,11,LineaE:1127,5,28.30,8.18,4.00,895,760,20,0.0
E,0,11,LineaE:1127,6,243.40,22.73,9.00,895,760,20,0.0
E,0,11,LineaE:1127,7,689.40,33.01,10.10,895,760,20,0.0
E,0,11,LineaE:1127,8,698.40,37.30,10.80,895,760,20,0.0
E,0,11,LineaE:1127,9,626.00,36.81,10.90,895,760,20,0.0
E,0,11,LineaE:1127,10,642.10,38.98,10.60,895,760,20,0.0
E,0,11,LineaE:1127,11,932.80,65.43,9.70,895,760,20,0.0
E,0,11,LineaE:1127,12,1312.70,87.64,9.40,895,760,20,0.0
E,0,11,LineaE:1127,13,1220.00,42.30,9.00,895,760,20,0.0
E,0,11,LineaE:1127,14,1266.80,32.76,10.80,895,760,20,0.0
E,0,11,LineaE:1127,15,1643.60,90.39,11.00,895,760,20,0.0
E,0,11,LineaE:1127,16,2361.70,74.71,10.80,895,760,20,0.0
E,0,11,LineaE:1127,17,3156.50,240.38,10.20,895,760,20,0.0
E,0,11,LineaE:1127,18,3353.10,291.94,11.20,895,760,20,0.0
E,0,11,LineaE:1127,19,1754.20,99.42,10.50,895,760,20,0.0
E,0,11,LineaE:1127,20,1430.40,88.22,9.20,895,760,20,0.0
E,0,11,LineaE:1127,21,1115.40,65.85,8.20,895,760,20,0.0
E,0,11,LineaE:1127,22,803.70,67.20,7.90,895,760,20,0.0
E,0,11,LineaE:1127,23,81.00,13.52,2.20,895,760,20,0.0
E,0,12,LineaE:1128,5,20.70,5.48,4.00,895,654,10,0.0
E,0,12,LineaE:1128,6,189.80,18.64,8.90,895,654,10,0.0
E,0,12,LineaE:1128,7,536.50,45.78,9.90,895,654,10,0.0
E,0,12,LineaE:1128,8,552.70,48.42,11.10,895,654,10,0.0
E,0,12,LineaE:1128,9,471.90,32.61,10.50,895,654,10,0.0
E,0,12,LineaE:1128,10,517.10,25.83,10.80,895,654,10,0.0
E,0,12,LineaE:1128,11,692.20,46.66,9.30,895,654,10,0.0
E,0,12,LineaE:1128,12,1104.30,53.95,9.60,895,654,10,0.0
E,0,12,LineaE:1128,13,1010.00,69.59,9.00,895,654,10,0.0
E,0,12,LineaE:1128,14,1021.80,92.32,10.60,895,654,10,0.0
E,0,12,LineaE:1128,15,1356.10,61.52,11.20,895,654,10,0.0
E,0,12,LineaE:1128,16,1863.70,104.14,10.50,895,654,10,0.0
E,0,12,LineaE:1128,17,2713.90,214.13,10.60,895,654,10,0.0
E,0,12,LineaE:1128,18,2750.40,182.91,11.00,895,654,10,0.0
E,0,12,LineaE:1128,19,1484.80,72.00,10.90,895,654,10,0.0
E,0,12,LineaE:1128,20,1138.10,72.43,8.90,895,654,10,0.0
E,0,12,LineaE:1128,21,936.50,69.59,8.30,895,654,10,0.0
E,0,12,LineaE:1128,22,683.80,45.12,8.00,895,654,10,0.0
E,0,12,LineaE:1128,23,76.70,15.68,2.40,895,654,10,0.0
E,0,13,LineaE:1129,5,14.20,5.75,3.80,895,518,10,0.0
E,0,13,LineaE:1129,6,134.70,23.47,8.60,895,518,10,0.0
E,0,13,LineaE:1129,7,413.90,35.84,9.80,895,518,10,0.0
E,0,13,LineaE:1129,8,471.20,42.63,11.10,895,518,10,0.0
E,0,13,LineaE:1129,9,403.60,22.03,10.80,895,518,10,0.0
E,0,13,LineaE:1129,10,418.80,15.94,10.90,895,518,10,0.0
E,0,13,LineaE:1129,11,510.40,30.59,9.20,895,518,10,0.0
E,0,13,LineaE:1129,12,857.20,51.74,9.50,895,518,10,0.0
E,0,13,LineaE:1129,13,811.30,58.72,9.00,895,518,10,0.0
E,0,13,LineaE:1129,14,860.30,55.06,10.90,895,518,10,0.0
E,0,13,LineaE:1129,15,1064.40,30.57,10.70,895,518,10,0.0
E,0,13,LineaE:1129,16,1541.60,98.10,10.90,895,518,10,0.0
E,0,13,LineaE:1129,17,2131.80,175.83,10.50,895,518,10,0.0
E,0,13,LineaE:1129,18,2231.10,150.65,11.10,895,518,10,0.0
E,0,13,LineaE:1129,19,1194.10,63.85,10.90,895,518,10,0.0
E,0,13,LineaE:1129,20,902.10,66.77,8.70,895,518,10,0.0
E,0,13,LineaE:1129,21,723.50,49.98,8.30,895,518,10,0.0
E,0,13,LineaE:1129,22,543.00,38.71,8.00,895,518,10,0.0
E,0,13,LineaE:1129,23,67.90,8.96,2.80,895,518,10,0.0
E,0,14,LineaE:1130,5,8.60,4.38,4.30,895,386,7,0.0
E,0,14,LineaE:1130,6,113.30,20.08,9.00,895,386,7,0.0
E,0,14,LineaE:1130,7,336.60,21.67,9.80,895,386,7,0.0
E,0,14,LineaE:1130,8,355.40,25.07,10.90,895,386,7,0.0
E,0,14,LineaE:1130,9,284.60,24.19,11.00,895,386,7,0.0
E,0,14,LineaE:1130,10,290.40,24.99,10.60,895,386,7,0.0
E,0,14,LineaE:1130,11,387.20,26.21,9.50,895,386,7,0.0
E,0,14,LineaE:1130,12,633.10,35.42,9.30,895,386,7,0.0
E,0,14,LineaE:1130,13,629.90,38.37,9.10,895,386,7,0.0
E,0,14,LineaE:1130,14,674.80,19.50,10.80,895,386,7,0.0
E,0,14,LineaE:1130,15,809.30,37.53,10.80,895,386,7,0.0
E,0,14,LineaE:1130,16,1153.80,28.68,10.90,895,386,7,0.0
E,0,14,LineaE:1130,17,1572.20,77.60,10.40,895,386,7,0.0
E,0,14,LineaE:1130,18,1613.10,57.77,11.00,895,386,7,0.0
E,0,14,LineaE:1130,19,896.80,55.51,11.00,895,386,7,0.0
E,0,14,LineaE:1130,20,636.30,32.99,8.80,895,386,7,0.0
E,0,14,LineaE:1130,21,527.80,35.72,8.20,895,386,7,0.0
E,0,14,LineaE:1130,22,413.70,20.84,8.20,895,386,7,0.0
E,0,14,LineaE:1130,23,53.50,8.42,2.90,895,386,7,0.0
E,0,15,LineaE:1131,5,5.60,3.27,4.00,895,316,6,0.0
E,0,15,LineaE:1131,6,89.20,9.91,9.00,895,316,6,0.0
E,0,15,LineaE:1131,7,271.80,15.35,10.00,895,316,6,0.0
E,0,15,LineaE:1131,8,282.40,16.85,10.90,895,316,6,0.0
E,0,15,LineaE:1131,9,226.90,19.36,11.00,895,316,6,0.0
E,0,15,LineaE:1131,10,230.10,12.94,10.10,895,316,6,0.0
E,0,15,LineaE:1131,11,334.60,30.13,10.00,895,316,6,0.0
E,0,15,LineaE:1131,12,520.30,36.19,9.30,895,316,6,0.0
E,0,15,LineaE:1131,13,513.40,29.19,9.00,895,316,6,0.0
E,0,15,LineaE:1131,14,569.20,38.13,10.80,895,316,6,0.0
E,0,15,LineaE:1131,15,676.40,31.64,10.80,895,316,6,0.0
E,0,15,LineaE:1131,16,958.60,47.88,10.90,895,316,6,0.0
E,0,15,LineaE:1131,17,1292.10,63.97,10.30,895,316,6,0.0
E,0,15,LineaE:1131,18,1348.50,48.69,10.90,895,316,6,0.0
E,0,15,LineaE:1131,19,775.70,39.77,11.10,895,316,6,0.0
E,0,15,LineaE:1131,20,536.50,31.48,9.00,895,316,6,0.0
E,0,15,LineaE:1131,21,422.00,30.35,8.10,895,316,6,0.0
E,0,15,LineaE:1131,22,343.50,21.40,8.30,895,316,6,0.0
E,0,15,LineaE:1131,23,45.60,6.40,3.00,895,316,6,0.0
E,0,16,LineaE:1132,5,4.30,2.87,4.00,895,240,0,0.0
E,0,16,LineaE:1132,6,66.90,6.57,8.90,895,240,0,0.0
E,0,16,LineaE:1132,7,173.20,16.81,9.60,895,240,0,0.0
E,0,16,LineaE:1132,8,197.10,17.26,11.10,895,240,0,0.0
E,0,16,LineaE:1132,9,162.70,20.49,10.70,895,240,0,0.0
E,0,16,LineaE:1132,10,184.90,11.57,10.60,895,240,0,0.0
E,0,16,LineaE:1132,11,250.30,17.65,9.50,895,240,0,0.0
E,0,16,LineaE:1132,12,422.10,25.57,9.50,895,240,0,0.0
E,0,16,LineaE:1132,13,411.80,18.37,9.10,895,240,0,0.0
E,0,16,LineaE:1132,14,442.40,40.11,10.60,895,240,0,0.0
E,0,16,LineaE:1132,15,528.20,33.64,10.80,895,240,0,0.0
E,0,16,LineaE:1132,16,754.90,70.21,10.90,895,240,0,0.0
E,0,16,LineaE:1132,17,1078.40,68.16,10.80,895,240,0,0.0
E,0,16,LineaE:1132,18,1034.30,42.53,10.70,895,240,0,0.0
E,0,16,LineaE:1132,19,578.70,37.48,10.70,895,240,0,0.0
E,0,16,LineaE:1132,20,437.60,24.22,9.20,895,240,0,0.0
E,0,16,LineaE:1132,21,346.70,15.07,8.30,895,240,0,0.0
E,0,16,LineaE:1132,22,269.90,14.02,8.00,895,240,0,0.0
E,0,16,LineaE:1132,23,50.20,12.11,3.50,895,240,0,0.0
E,1,0,LineaE:1133,5,122.70,12.61,4.00,895,502,502,0.0
E,1,0,LineaE:1133,6,716.10,58.23,7.70,895,502,502,0.0
E,1,0,LineaE:1133,7,1637.20,88.88,10.20,895,502,502,0.0
E,1,0,LineaE:1133,8,1345.20,98.06,10.70,895,502,502,0.0
E,1,0,LineaE:1133,9,899.40,69.14,10.60,895,502,502,0.0
E,1,0,LineaE:1133,10,503.10,42.99,10.90,895,502,502,0.0
E,1,0,LineaE:1133,11,414.80,36.32,9.70,895,502,502,0.0
E,1,0,LineaE:1133,12,494.60,34.49,9.60,895,502,502,0.0
E,1,0,LineaE:1133,13,536.00,31.34,9.40,895,502,502,0.0
E,1,0,LineaE:1133,14,264.80,30.96,9.90,895,502,502,0.0
E,1,0,LineaE:1133,15,253.70,23.87,10.70,895,502,502,0.0
E,1,0,LineaE:1133,16,300.40,23.26,10.90,895,502,502,0.0
E,1,0,LineaE:1133,17,447.60,33.20,10.40,895,502,502,0.0
E,1,0,LineaE:1133,18,269.70,17.43,10.40,895,502,502,0.0
E,1,0,LineaE:1133,19,111.50,13.72,10.90,895,502,502,0.0
E,1,0,LineaE:1133,20,70.40,10.33,10.20,895,502,502,0.0
E,1,0,LineaE:1133,21,59.90,9.47,7.70,895,502,502,0.0
E,1,0,LineaE:1133,22,23.80,4.89,7.80,895,502,502,0.0
E,1,0,LineaE:1133,23,0.10,0.32,4.20,895,502,502,0.0
E,1,1,LineaE:1132,5,137.30,13.81,4.00,895,590,101,0.0
E,1,1,LineaE:1132,6,755.70,90.66,7.50,895,590,101,0.0
E,1,1,LineaE:1132,7,1942.40,109.80,10.10,895,590,101,0.0
E,1,1,LineaE:1132,8,1652.20,94.97,10.60,895,590,101,0.0
E,1,1,LineaE:1132,9,1089.00,86.01,10.60,895,590,101,0.0
E,1,1,LineaE:1132,10,612.00,61.88,11.10,895,590,101,0.0
E,1,1,LineaE:1132,11,506.80,45.31,9.80,895,590,101,0.0
E,1,1,LineaE:1132,12,582.80,42.13,9.50,895,590,101,0.0
E,1,1,LineaE:1132,13,652.30,43.82,9.20,895,590,101,0.0
E,1,1,LineaE:1132,14,330.20,30.88,9.80,895,590,101,0.0
E,1,1,LineaE:1132,15,321.90,17.79,10.90,895,590,101,0.0
E,1,1,LineaE:1132,16,364.70,20.43,10.80,895,590,101,0.0
E,1,1,LineaE:1132,17,527.40,33.58,10.50,895,590,101,0.0
E,1,1,LineaE:1132,18,347.10,42.38,10.40,895,590,101,0.0
E,1,1,LineaE:1132,19,130.50,11.28,10.80,895,590,101,0.0
E,1,1,LineaE:1132,20,87.70,9.03,10.30,895,590,101,0.0
E,1,1,LineaE:1132,21,72.40,10.73,7.90,895,590,101,0.0
E,1,1,LineaE:1132,22,29.20,6.09,7.50,895,590,101,0.0
E,1,1,LineaE:1132,23,0.80,1.03,4.60,895,590,101,0.0
E,1,2,LineaE:1131,5,144.60,13.95,4.00,895,684,97,0.0
E,1,2,LineaE:1131,6,750.40,61.58,7.20,895,684,97,0.0
E,1,2,LineaE:1131,7,2209.10,137.13,10.00,895,684,97,0.0
E,1,2,LineaE:1131,8,1961.40,105.39,10.50,895,684,97,0.0
E,1,2,LineaE:1131,9,1330.20,92.16,10.80,895,684,97,0.0
E,1,2,LineaE:1131,10,680.50,63.41,10.80,895,684,97,0.0
E,1,2,LineaE:1131,11,565.00,45.32,9.90,895,684,97,0.0
E,1,2,LineaE:1131,12,685.90,23.18,9.70,895,684,97,0.0
E,1,2,LineaE:1131,13,761.00,28.93,9.40,895,684,97,0.0
E,1,2,LineaE:1131,14,410.10,31.32,9.90,895,684,97,0.0
E,1,2,LineaE:1131,15,383.30,29.26,10.70,895,684,97,0.0
E,1,2,LineaE:1131,16,410.20,29.29,10.60,895,684,97,0.0
E,1,2,LineaE:1131,17,626.60,29.95,10.50,895,684,97,0.0
E,1,2,LineaE:1131,18,469.60,37.87,10.50,895,684,97,0.0
E,1,2,LineaE:1131,19,176.10,14.41,10.80,895,684,97,0.0
E,1,2,LineaE:1131,20,109.10,10.52,10.30,895,684,97,0.0
E,1,2,LineaE:1131,21,101.50,11.23,7.90,895,684,97,0.0
E,1,2,LineaE:1131,22,37.20,5.45,7.70,895,684,97,0.0
E,1,2,LineaE:1131,23,1.20,1.40,4.70,895,684,97,0.0
E,1,3,LineaE:1130,5,131.10,22.15,4.60,895,860,211,0.0
E,1,3,LineaE:1130,6,920.40,84.59,7.60,895,860,211,0.0
E,1,3,LineaE:1130,7,2802.30,117.51,9.80,895,860,211,0.0
E,1,3,LineaE:1130,8,2653.20,151.00,10.70,895,860,211,0.0
E,1,3,LineaE:1130,9,1773.80,86.07,10.30,895,860,211,0.0
E,1,3,LineaE:1130,10,918.40,79.46,11.10,895,860,211,0.0
E,1,3,LineaE:1130,11,758.20,58.27,9.90,895,860,211,0.0
E,1,3,LineaE:1130,12,865.10,51.69,9.50,895,860,211,0.0
E,1,3,LineaE:1130,13,1043.80,45.38,9.50,895,860,211,0.0
E,1,3,LineaE:1130,14,598.00,43.91,9.70,895,860,211,0.0
E,1,3,LineaE:1130,15,535.40,43.45,10.80,895,860,211,0.0
E,1,3,LineaE:1130,16,585.40,40.36,10.80,895,860,211,0.0
E,1,3,LineaE:1130,17,899.40,41.76,10.50,895,860,211,0.0
E,1,3,LineaE:1130,18,687.70,42.51,10.20,895,860,211,0.0
E,1,3,LineaE:1130,19,307.90,35.71,10.90,895,860,211,0.0
E,1,3,LineaE:1130,20,235.90,18.08,10.40,895,860,211,0.0
E,1,3,LineaE:1130,21,158.70,11.14,7.90,895,860,211,0.0
E,1,3,LineaE:1130,22,71.90,11.63,7.70,895,860,211,0.0
E,1,3,LineaE:1130,23,2.80,2.15,5.00,895,860,211,0.0
E,1,4,LineaE:1129,5,116.50,15.62,4.20,895,895,210,31.9
E,1,4,LineaE:1129,6,1006.50,96.71,7.70,895,895,210,31.9
E,1,4,LineaE:1129,7,3335.40,181.32,9.90,895,895,210,31.9
E,1,4,LineaE:1129,8,3197.50,143.94,10.30,895,895,210,31.9
E,1,4,LineaE:1129,9,2309.10,106.42,10.80,895,895,210,31.9
E,1,4,LineaE:1129,10,1097.60,90.12,10.90,895,895,210,31.9
E,1,4,LineaE:1129,11,943.50,63.65,10.10,895,895,210,31.9
E,1,4,LineaE:1129,12,1030.10,65.59,9.30,895,895,210,31.9
E,1,4,LineaE:1129,13,1297.60,45.80,9.70,895,895,210,31.9
E,1,4,LineaE:1129,14,747.00,52.18,9.60,895,895,210,31.9
E,1,4,LineaE:1129,15,683.30,47.28,10.50,895,895,210,31.9
E,1,4,LineaE:1129,16,722.10,38.32,11.10,895,895,210,31.9
E,1,4,LineaE:1129,17,1127.50,36.63,10.60,895,895,210,31.9
E,1,4,LineaE:1129,18,895.10,49.33,10.00,895,895,210,31.9
E,1,4,LineaE:1129,19,417.90,27.69,10.90,895,895,210,31.9
E,1,4,LineaE:1129,20,312.70,20.33,10.50,895,895,210,31.9
E,1,4,LineaE:1129,21,216.40,14.86,8.00,895,895,210,31.9
E,1,4,LineaE:1129,22,97.60,12.44,7.70,895,895,210,31.9
E,1,4,LineaE:1129,23,4.60,2.84,5.10,895,895,210,31.9
E,1,5,LineaE:1128,5,118.70,10.79,4.00,895,895,288,96.3
E,1,5,LineaE:1128,6,1086.20,89.31,7.70,895,895,288,96.3
E,1,5,LineaE:1128,7,3817.20,180.47,9.50,895,895,288,96.3
E,1,5,LineaE:1128,8,3883.20,258.38,10.60,895,895,288,96.3
E,1,5,LineaE:1128,9,2898.70,196.49,10.90,895,895,288,96.3
E,1,5,LineaE:1128,10,1338.80,63.52,10.90,895,895,288,96.3
E,1,5,LineaE:1128,11,1106.90,75.66,9.70,895,895,288,96.3
E,1,5,LineaE:1128,12,1220.00,84.77,9.40,895,895,288,96.3
E,1,5,LineaE:1128,13,1594.40,72.92,9.70,895,895,288,96.3
E,1,5,LineaE:1128,14,940.80,47.61,9.70,895,895,288,96.3
E,1,5,LineaE:1128,15,849.60,52.79,10.70,895,895,288,96.3
E,1,5,LineaE:1128,16,909.00,46.45,11.00,895,895,288,96.3
E,1,5,LineaE:1128,17,1400.60,41.96,10.60,895,895,288,96.3
E,1,5,LineaE:1128,18,1132.90,71.07,9.90,895,895,288,96.3
E,1,5,LineaE:1128,19,545.10,39.62,11.00,895,895,288,96.3
E,1,5,LineaE:1128,20,400.70,28.21,10.60,895,895,288,96.3
E,1,5,LineaE:1128,21,265.30,19.11,8.00,895,895,288,96.3
E,1,5,LineaE:1128,22,117.30,11.60,7.60,895,895,288,96.3
E,1,5,LineaE:1128,23,4.40,2.17,5.40,895,895,288,96.3
E,1,6,LineaE:1127,5,140.20,13.89,5.00,895,895,193,99.1
E,1,6,LineaE:1127,6,1110.50,88.03,7.40,895,895,193,99.1
E,1,6,LineaE:1127,7,4056.60,324.10,9.50,895,895,193,99.1
E,1,6,LineaE:1127,8,4361.10,339.05,10.50,895,895,193,99.1
E,1,6,LineaE:1127,9,3353.70,202.36,10.90,895,895,193,99.1
E,1,6,LineaE:1127,10,1620.40,152.24,10.90,895,895,193,99.1
E,1,6,LineaE:1127,11,1318.60,78.03,9.90,895,895,193,99.1
E,1,6,LineaE:1127,12,1416.50,74.90,9.30,895,895,193,99.1
E,1,6,LineaE:1127,13,1924.70,106.48,9.90,895,895,193,99.1
E,1,6,LineaE:1127,14,1086.70,82.28,9.40,895,895,193,99.1
E,1,6,LineaE:1127,15,1030.20,34.21,10.70,895,895,193,99.1
E,1,6,LineaE:1127,16,1099.20,56.90,11.00,895,895,193,99.1
E,1,6,LineaE:1127,17,1694.90,56.44,10.50,895,895,193,99.1
E,1,6,LineaE:1127,18,1414.10,77.02,10.40,895,895,193,99.1
E,1,6,LineaE:1127,19,639.50,35.00,10.80,895,895,193,99.1
E,1,6,LineaE:1127,20,452.00,31.56,10.30,895,895,193,99.1
E,1,6,LineaE:1127,21,325.10,26.34,8.20,895,895,193,99.1
E,1,6,LineaE:1127,22,158.10,18.49,7.60,895,895,193,99.1
E,1,6,LineaE:1127,23,5.80,2.39,5.70,895,895,193,99.1
E,1,7,LineaE:1126,5,131.60,23.74,4.70,895,895,131,86.1
E,1,7,LineaE:1126,6,1165.30,92.75,7.60,895,895,131,86.1
E,1,7,LineaE:1126,7,4053.00,396.30,9.20,895,895,131,86.1
E,1,7,LineaE:1126,8,4703.50,596.13,10.50,895,895,131,86.1
E,1,7,LineaE:1126,9,3658.90,426.13,10.80,895,895,131,86.1
E,1,7,LineaE:1126,10,1804.40,137.85,11.00,895,895,131,86.1
E,1,7,LineaE:1126,11,1456.70,80.23,10.10,895,895,131,86.1
E,1,7,LineaE:1126,12,1562.10,78.31,9.20,895,895,131,86.1
E,1,7,LineaE:1126,13,2085.90,117.32,9.80,895,895,131,86.1
E,1,7,LineaE:1126,14,1194.80,67.54,9.40,895,895,131,86.1
E,1,7,LineaE:1126,15,1076.00,76.44,10.60,895,895,131,86.1
E,1,7,LineaE:1126,16,1199.90,81.94,10.80,895,895,131,86.1
E,1,7,LineaE:1126,17,1778.00,62.60,10.70,895,895,131,86.1
E,1,7,LineaE:1126,18,1496.60,145.21,10.20,895,895,131,86.1
E,1,7,LineaE:1126,19,792.50,111.10,11.20,895,895,131,86.1
E,1,7,LineaE:1126,20,490.90,38.67,10.30,895,895,131,86.1
E,1,7,LineaE:1126,21,352.70,24.88,8.10,895,895,131,86.1
E,1,7,LineaE:1126,22,166.60,23.55,7.60,895,895,131,86.1
E,1,7,LineaE:1126,23,10.70,6.02,6.10,895,895,131,86.1
E,1,8,LineaE:1125,5,89.70,22.09,4.20,895,894,243,0.0
E,1,8,LineaE:1125,6,802.00,54.24,7.50,895,894,243,0.0
E,1,8,LineaE:1125,7,3358.70,264.31,9.50,895,894,243,0.0
E,1,8,LineaE:1125,8,4263.50,442.39,10.50,895,894,243,0.0
E,1,8,LineaE:1125,9,3330.80,311.87,10.90,895,894,243,0.0
E,1,8,LineaE:1125,10,1591.60,106.23,11.10,895,894,243,0.0
E,1,8,LineaE:1125,11,1086.70,78.28,9.70,895,894,243,0.0
E,1,8,LineaE:1125,12,1267.40,85.17,9.40,895,894,243,0.0
E,1,8,LineaE:1125,13,1704.40,110.50,9.70,895,894,243,0.0
E,1,8,LineaE:1125,14,1031.50,80.87,9.50,895,894,243,0.0
E,1,8,LineaE:1125,15,846.50,47.21,10.40,895,894,243,0.0
E,1,8,LineaE:1125,16,1034.30,65.88,11.10,895,894,243,0.0
E,1,8,LineaE:1125,17,1525.00,67.77,10.60,895,894,243,0.0
E,1,8,LineaE:1125,18,1483.60,130.14,10.20,895,894,243,0.0
E,1,8,LineaE:1125,19,754.90,103.23,10.80,895,894,243,0.0
E,1,8,LineaE:1125,20,503.90,24.65,10.50,895,894,243,0.0
E,1,8,LineaE:1125,21,327.90,29.15,8.40,895,894,243,0.0
E,1,8,LineaE:1125,22,177.40,17.44,7.50,895,894,243,0.0
E,1,8,LineaE:1125,23,20.00,6.80,6.40,895,894,243,0.0
E,1,9,LineaE:1124,5,86.50,11.87,4.00,895,895,64,9.9
E,1,9,LineaE:1124,6,803.40,73.56,7.60,895,895,64,9.9
E,1,9,LineaE:1124,7,3421.90,258.12,9.40,895,895,64,9.9
E,1,9,LineaE:1124,8,4227.50,390.54,10.10,895,895,64,9.9
E,1,9,LineaE:1124,9,3555.30,329.97,11.10,895,895,64,9.9
E,1,9,LineaE:1124,10,1722.80,128.02,11.10,895,895,64,9.9
E,1,9,LineaE:1124,11,1140.00,36.14,9.80,895,895,64,9.9
E,1,9,LineaE:1124,12,1249.50,155.10,9.40,895,895,64,9.9
E,1,9,LineaE:1124,13,1720.00,144.00,9.60,895,895,64,9.9
E,1,9,LineaE:1124,14,1072.30,89.97,9.60,895,895,64,9.9
E,1,9,LineaE:1124,15,812.90,50.42,10.40,895,895,64,9.9
E,1,9,LineaE:1124,16,1021.90,70.98,11.20,895,895,64,9.9
E,1,9,LineaE:1124,17,1459.10,130.77,10.40,895,895,64,9.9
E,1,9,LineaE:1124,18,1513.10,70.07,10.40,895,895,64,9.9
E,1,9,LineaE:1124,19,748.10,102.02,10.90,895,895,64,9.9
E,1,9,LineaE:1124,20,465.10,10.82,10.30,895,895,64,9.9
E,1,9,LineaE:1124,21,310.70,23.49,8.50,895,895,64,9.9
E,1,9,LineaE:1124,22,161.80,16.16,7.50,895,895,64,9.9
E,1,9,LineaE:1124,23,21.40,7.34,6.60,895,895,64,9.9
E,1,10,LineaE:1123,5,87.20,10.83,5.00,895,895,56,3.3
E,1,10,LineaE:1123,6,746.00,89.73,7.30,895,895,56,3.3
E,1,10,LineaE:1123,7,3277.10,437.30,9.30,895,895,56,3.3
E,1,10,LineaE:1123,8,4337.90,494.44,10.20,895,895,56,3.3
E,1,10,LineaE:1123,9,3610.00,234.97,11.10,895,895,56,3.3
E,1,10,LineaE:1123,10,1780.80,132.96,11.20,895,895,56,3.3
E,1,10,LineaE:1123,11,1146.40,50.30,9.80,895,895,56,3.3
E,1,10,LineaE:1123,12,1207.30,115.61,9.30,895,895,56,3.3
E,1,10,LineaE:1123,13,1687.00,107.58,9.80,895,895,56,3.3
E,1,10,LineaE:1123,14,1060.40,62.59,9.50,895,895,56,3.3
E,1,10,LineaE:1123,15,772.60,45.07,10.30,895,895,56,3.3
E,1,10,LineaE:1123,16,966.60,33.96,11.00,895,895,56,3.3
E,1,10,LineaE:1123,17,1345.90,84.44,10.40,895,895,56,3.3
E,1,10,LineaE:1123,18,1443.70,76.53,10.50,895,895,56,3.3
E,1,10,LineaE:1123,19,662.10,81.44,11.00,895,895,56,3.3
E,1,10,LineaE:1123,20,385.80,21.66,10.20,895,895,56,3.3
E,1,10,LineaE:1123,21,256.00,20.44,8.60,895,895,56,3.3
E,1,10,LineaE:1123,22,129.90,18.01,7.70,895,895,56,3.3
E,1,10,LineaE:1123,23,16.30,4.62,6.70,895,895,56,3.3
E,1,11,LineaE:1122,5,87.70,15.28,4.90,895,895,41,7.9
E,1,11,LineaE:1122,6,704.10,94.49,7.00,895,895,41,7.9
E,1,11,LineaE:1122,7,3271.10,335.86,9.50,895,895,41,7.9
E,1,11,LineaE:1122,8,4421.00,422.25,10.30,895,895,41,7.9
E,1,11,LineaE:1122,9,3645.90,198.30,10.90,895,895,41,7.9
E,1,11,LineaE:1122,10,1780.20,139.91,11.10,895,895,41,7.9
E,1,11,LineaE:1122,11,1204.50,108.32,10.10,895,895,41,7.9
E,1,11,LineaE:1122,12,1234.40,115.06,9.30,895,895,41,7.9
E,1,11,LineaE:1122,13,1657.90,93.92,9.50,895,895,41,7.9
E,1,11,LineaE:1122,14,1102.70,92.46,9.70,895,895,41,7.9
E,1,11,LineaE:1122,15,772.50,47.45,10.40,895,895,41,7.9
E,1,11,LineaE:1122,16,944.90,48.35,10.90,895,895,41,7.9
E,1,11,LineaE:1122,17,1347.50,92.44,10.30,895,895,41,7.9
E,1,11,LineaE:1122,18,1474.80,92.14,10.60,895,895,41,7.9
E,1,11,LineaE:1122,19,692.10,71.39,10.70,895,895,41,7.9
E,1,11,LineaE:1122,20,433.50,27.54,10.40,895,895,41,7.9
E,1,11,LineaE:1122,21,265.50,26.16,8.60,895,895,41,7.9
E,1,11,LineaE:1122,22,133.20,16.67,7.60,895,895,41,7.9
E,1,11,LineaE:1122,23,21.50,13.44,7.10,895,895,41,7.9
E,1,12,LineaE:1121,5,97.20,18.95,4.80,895,895,343,77.6
E,1,12,LineaE:1121,6,731.80,74.84,6.90,895,895,343,77.6
E,1,12,LineaE:1121,7,2665.80,233.92,9.40,895,895,343,77.6
E,1,12,LineaE:1121,8,4484.60,358.36,10.40,895,895,343,77.6
E,1,12,LineaE:1121,9,4053.60,239.56,10.90,895,895,343,77.6
E,1,12,LineaE:1121,10,2018.50,143.52,10.90,895,895,343,77.6
E,1,12,LineaE:1121,11,2094.40,115.33,10.20,895,895,343,77.6
E,1,12,LineaE:1121,12,1728.60,185.32,9.40,895,895,343,77.6
E,1,12,LineaE:1121,13,1205.60,79.81,9.70,895,895,343,77.6
E,1,12,LineaE:1121,14,845.30,67.21,9.50,895,895,343,77.6
E,1,12,LineaE:1121,15,737.90,57.49,10.40,895,895,343,77.6
E,1,12,LineaE:1121,16,970.50,39.96,11.10,895,895,343,77.6
E,1,12,LineaE:1121,17,1203.40,57.19,10.20,895,895,343,77.6
E,1,12,LineaE:1121,18,1136.60,55.01,10.50,895,895,343,77.6
E,1,12,LineaE:1121,19,573.00,57.29,10.60,895,895,343,77.6
E,1,12,LineaE:1121,20,506.10,36.10,10.40,895,895,343,77.6
E,1,12,LineaE:1121,21,923.80,89.11,8.70,895,895,343,77.6
E,1,12,LineaE:1121,22,501.40,47.84,7.60,895,895,343,77.6
E,1,12,LineaE:1121,23,18.40,13.27,7.30,895,895,343,77.6
E,1,13,LineaE:1120,5,71.60,16.13,4.20,895,853,44,0.0
E,1,13,LineaE:1120,6,727.80,82.76,7.50,895,853,44,0.0
E,1,13,LineaE:1120,7,2305.90,242.91,9.00,895,853,44,0.0
E,1,13,LineaE:1120,8,4092.80,300.56,10.40,895,853,44,0.0
E,1,13,LineaE:1120,9,3834.70,130.65,10.90,895,853,44,0.0
E,1,13,LineaE:1120,10,2025.10,82.24,11.30,895,853,44,0.0
E,1,13,LineaE:1120,11,1956.50,179.55,9.90,895,853,44,0.0
E,1,13,LineaE:1120,12,1814.90,115.43,9.70,895,853,44,0.0
E,1,13,LineaE:1120,13,1186.40,77.02,9.60,895,853,44,0.0
E,1,13,LineaE:1120,14,862.00,54.26,9.30,895,853,44,0.0
E,1,13,LineaE:1120,15,845.90,62.03,10.40,895,853,44,0.0
E,1,13,LineaE:1120,16,1078.20,45.64,11.00,895,853,44,0.0
E,1,13,LineaE:1120,17,1386.80,64.07,10.60,895,853,44,0.0
E,1,13,LineaE:1120,18,1205.60,47.83,10.30,895,853,44,0.0
E,1,13,LineaE:1120,19,605.30,51.53,10.60,895,853,44,0.0
E,1,13,LineaE:1120,20,513.30,35.55,10.30,895,853,44,0.0
E,1,13,LineaE:1120,21,968.00,80.54,9.00,895,853,44,0.0
E,1,13,LineaE:1120,22,485.30,46.82,7.60,895,853,44,0.0
E,1,13,LineaE:1120,23,18.40,11.37,7.30,895,853,44,0.0
E,1,14,LineaE:1119,5,54.10,8.05,5.10,895,686,199,0.0
E,1,14,LineaE:1119,6,502.70,60.50,7.30,895,686,199,0.0
E,1,14,LineaE:1119,7,1623.60,167.14,9.20,895,686,199,0.0
E,1,14,LineaE:1119,8,3086.90,206.06,10.40,895,686,199,0.0
E,1,14,LineaE:1119,9,2636.50,111.33,10.90,895,686,199,0.0
E,1,14,LineaE:1119,10,1405.30,83.13,11.00,895,686,199,0.0
E,1,14,LineaE:1119,11,1539.80,142.29,10.10,895,686,199,0.0
E,1,14,LineaE:1119,12,1498.70,140.40,9.40,895,686,199,0.0
E,1,14,LineaE:1119,13,942.80,81.76,9.80,895,686,199,0.0
E,1,14,LineaE:1119,14,724.20,39.01,9.20,895,686,199,0.0
E,1,14,LineaE:1119,15,772.00,51.38,10.40,895,686,199,0.0
E,1,14,LineaE:1119,16,1071.50,54.13,11.00,895,686,199,0.0
E,1,14,LineaE:1119,17,1313.70,53.46,10.60,895,686,199,0.0
E,1,14,LineaE:1119,18,1093.80,48.57,10.20,895,686,199,0.0
E,1,14,LineaE:1119,19,578.00,40.53,10.40,895,686,199,0.0
E,1,14,LineaE:1119,20,535.10,39.75,10.80,895,686,199,0.0
E,1,14,LineaE:1119,21,939.60,63.32,9.10,895,686,199,0.0
E,1,14,LineaE:1119,22,489.90,38.21,7.50,895,686,199,0.0
E,1,14,LineaE:1119,23,20.90,10.16,7.50,895,686,199,0.0
E,1,15,LineaE:1166,5,33.80,4.76,5.00,895,563,187,0.0
E,1,15,LineaE:1166,6,323.10,29.96,7.20,895,563,187,0.0
E,1,15,LineaE:1166,7,1021.00,101.18,9.10,895,563,187,0.0
E,1,15,LineaE:1166,8,1995.40,90.33,10.40,895,563,187,0.0
E,1,15,LineaE:1166,9,1610.30,141.01,10.70,895,563,187,0.0
E,1,15,LineaE:1166,10,956.90,33.65,11.20,895,563,187,0.0
E,1,15,LineaE:1166,11,853.40,69.72,10.20,895,563,187,0.0
E,1,15,LineaE:1166,12,892.30,65.23,9.20,895,563,187,0.0
E,1,15,LineaE:1166,13,651.20,57.43,9.80,895,563,187,0.0
E,1,15,LineaE:1166,14,541.10,33.88,9.60,895,563,187,0.0
E,1,15,LineaE:1166,15,619.90,29.48,10.20,895,563,187,0.0
E,1,15,LineaE:1166,16,848.80,41.62,11.00,895,563,187,0.0
E,1,15,LineaE:1166,17,980.50,24.74,10.40,895,563,187,0.0
E,1,15,LineaE:1166,18,838.80,38.37,10.50,895,563,187,0.0
E,1,15,LineaE:1166,19,454.10,40.41,10.30,895,563,187,0.0
E,1,15,LineaE:1166,20,318.40,18.23,10.60,895,563,187,0.0
E,1,15,LineaE:1166,21,239.30,26.68,9.10,895,563,187,0.0
E,1,15,LineaE:1166,22,138.80,17.87,7.60,895,563,187,0.0
E,1,15,LineaE:1166,23,15.30,4.42,7.80,895,563,187,0.0
E,1,16,LineaE:1165,5,24.50,3.78,5.00,895,207,6,0.0
E,1,16,LineaE:1165,6,218.70,26.08,7.10,895,207,6,0.0
E,1,16,LineaE:1165,7,539.20,41.37,8.90,895,207,6,0.0
E,1,16,LineaE:1165,8,676.90,33.97,10.40,895,207,6,0.0
E,1,16,LineaE:1165,9,565.20,60.10,10.90,895,207,6,0.0
E,1,16,LineaE:1165,10,514.60,40.42,10.90,895,207,6,0.0
E,1,16,LineaE:1165,11,590.30,43.36,10.20,895,207,6,0.0
E,1,16,LineaE:1165,12,736.10,56.93,9.60,895,207,6,0.0
E,1,16,LineaE:1165,13,430.60,35.32,9.50,895,207,6,0.0
E,1,16,LineaE:1165,14,368.20,21.31,9.60,895,207,6,0.0
E,1,16,LineaE:1165,15,470.00,42.94,10.30,895,207,6,0.0
E,1,16,LineaE:1165,16,669.00,38.91,10.90,895,207,6,0.0
E,1,16,LineaE:1165,17,859.80,28.81,10.60,895,207,6,0.0
E,1,16,LineaE:1165,18,706.90,24.77,10.30,895,207,6,0.0
E,1,16,LineaE:1165,19,360.00,46.18,10.40,895,207,6,0.0
E,1,16,LineaE:1165,20,237.00,20.93,10.60,895,207,6,0.0
E,1,16,LineaE:1165,21,171.40,14.22,9.20,895,207,6,0.0
E,1,16,LineaE:1165,22,94.10,15.37,7.40,895,207,6,0.0
E,1,16,LineaE:1165,23,11.30,3.53,8.10,895,207,6,0.0
H,0,0,LineaH:1163,5,0.00,0.00,6.50,1074,132,132,0.0
H,0,0,LineaH:1163,6,4.90,1.85,14.60,1074,132,132,0.0
H,0,0,LineaH:1163,7,40.70,8.23,16.80,1074,132,132,0.0
H,0,0,LineaH:1163,8,93.10,5.15,16.10,1074,132,132,0.0
H,0,0,LineaH:1163,9,114.10,12.84,16.40,1074,132,132,0.0
H,0,0,LineaH:1163,10,138.60,12.44,15.70,1074,132,132,0.0
H,0,0,LineaH:1163,11,214.80,17.73,13.50,1074,132,132,0.0
H,0,0,LineaH:1163,12,189.90,20.90,14.20,1074,132,132,0.0
H,0,0,LineaH:1163,13,260.20,14.71,14.20,1074,132,132,0.0
H,0,0,LineaH:1163,14,154.80,10.78,14.50,1074,132,132,0.0
H,0,0,LineaH:1163,15,192.60,17.82,15.60,1074,132,132,0.0
H,0,0,LineaH:1163,16,476.80,24.33,16.50,1074,132,132,0.0
H,0,0,LineaH:1163,17,653.90,26.84,16.60,1074,132,132,0.0
H,0,0,LineaH:1163,18,721.40,39.42,16.70,1074,132,132,0.0
H,0,0,LineaH:1163,19,498.40,24.78,15.30,1074,132,132,0.0
H,0,0,LineaH:1163,20,605.70,25.57,12.10,1074,132,132,0.0
H,0,0,LineaH:1163,21,159.00,9.01,11.40,1074,132,132,0.0
H,0,0,LineaH:1163,22,68.80,9.94,11.60,1074,132,132,0.0
H,0,0,LineaH:1163,23,16.10,4.68,5.90,1074,132,132,0.0
H,0,1,LineaH:1162,5,3.90,2.88,6.10,1074,253,170,0.0
H,0,1,LineaH:1162,6,80.70,6.93,14.80,1074,253,170,0.0
H,0,1,LineaH:1162,7,364.00,20.24,16.50,1074,253,170,0.0
H,0,1,LineaH:1162,8,444.40,19.99,16.20,1074,253,170,0.0
H,0,1,LineaH:1162,9,488.30,23.55,16.30,1074,253,170,0.0
H,0,1,LineaH:1162,10,475.80,23.11,15.60,1074,253,170,0.0
H,0,1,LineaH:1162,11,566.00,33.45,13.70,1074,253,170,0.0
H,0,1,LineaH:1162,12,662.70,34.93,14.10,1074,253,170,0.0
H,0,1,LineaH:1162,13,795.10,37.32,14.40,1074,253,170,0.0
H,0,1,LineaH:1162,14,650.30,16.63,14.60,1074,253,170,0.0
H,0,1,LineaH:1162,15,996.90,23.34,15.50,1074,253,170,0.0
H,0,1,LineaH:1162,16,1499.90,41.90,16.40,1074,253,170,0.0
H,0,1,LineaH:1162,17,1710.90,68.68,16.70,1074,253,170,0.0
H,0,1,LineaH:1162,18,1675.40,75.20,16.50,1074,253,170,0.0
H,0,1,LineaH:1162,19,1217.70,38.83,15.30,1074,253,170,0.0
H,0,1,LineaH:1162,20,1169.60,61.55,12.20,1074,253,170,0.0
H,0,1,LineaH:1162,21,375.60,41.60,11.50,1074,253,170,0.0
H,0,1,LineaH:1162,22,221.90,14.26,11.70,1074,253,170,0.0
H,0,1,LineaH:1162,23,36.70,6.17,6.10,1074,253,170,0.0
H,0,2,LineaH:1161,5,32.40,4.62,5.70,1074,846,638,0.0
H,0,2,LineaH:1161,6,362.60,29.19,14.40,1074,846,638,0.0
H,0,2,LineaH:1161,7,1659.50,69.62,16.70,1074,846,638,0.0
H,0,2,LineaH:1161,8,2001.10,106.75,16.10,1074,846,638,0.0
H,0,2,LineaH:1161,9,1848.80,86.55,16.30,1074,846,638,0.0
H,0,2,LineaH:1161,10,1676.40,77.69,15.90,1074,846,638,0.0
H,0,2,LineaH:1161,11,1858.80,60.43,13.70,1074,846,638,0.0
H,0,2,LineaH:1161,12,2495.60,96.39,14.00,1074,846,638,0.0
H,0,2,LineaH:1161,13,2793.30,79.81,14.20,1074,846,638,0.0
H,0,2,LineaH:1161,14,2769.90,139.16,14.50,1074,846,638,0.0
H,0,2,LineaH:1161,15,3402.70,100.80,15.50,1074,846,638,0.0
H,0,2,LineaH:1161,16,4385.40,105.95,16.60,1074,846,638,0.0
H,0,2,LineaH:1161,17,5156.70,116.78,16.40,1074,846,638,0.0
H,0,2,LineaH:1161,18,5070.40,138.01,16.90,1074,846,638,0.0
H,0,2,LineaH:1161,19,3478.40,159.32,15.20,1074,846,638,0.0
H,0,2,LineaH:1161,20,2895.60,149.02,12.30,1074,846,638,0.0
H,0,2,LineaH:1161,21,1485.30,106.55,11.50,1074,846,638,0.0
H,0,2,LineaH:1161,22,759.20,54.21,11.80,1074,846,638,0.0
H,0,2,LineaH:1161,23,120.30,12.56,6.50,1074,846,638,0.0
H,0,3,LineaH:1160,5,38.50,4.53,5.50,1074,924,103,0.0
H,0,3,LineaH:1160,6,405.80,32.55,14.50,1074,924,103,0.0
H,0,3,LineaH:1160,7,1705.90,103.06,16.40,1074,924,103,0.0
H,0,3,LineaH:1160,8,2154.50,99.43,16.10,1074,924,103,0.0
H,0,3,LineaH:1160,9,1999.30,84.39,16.60,1074,924,103,0.0
H,0,3,LineaH:1160,10,1733.40,72.22,15.60,1074,924,103,0.0
H,0,3,LineaH:1160,11,2046.40,93.41,13.90,1074,924,103,0.0
H,0,3,LineaH:1160,12,2813.40,110.74,14.10,1074,924,103,0.0
H,0,3,LineaH:1160,13,3059.40,109.62,14.20,1074,924,103,0.0
H,0,3,LineaH:1160,14,3019.30,126.98,14.40,1074,924,103,0.0
H,0,3,LineaH:1160,15,3711.70,84.76,15.50,1074,924,103,0.0
H,0,3,LineaH:1160,16,4823.60,115.04,16.60,1074,924,103,0.0
H,0,3,LineaH:1160,17,5701.60,135.70,16.50,1074,924,103,0.0
H,0,3,LineaH:1160,18,5406.90,108.91,16.60,1074,924,103,0.0
H,0,3,LineaH:1160,19,3810.40,162.26,15.20,1074,924,103,0.0
H,0,3,LineaH:1160,20,3170.70,197.71,12.60,1074,924,103,0.0
H,0,3,LineaH:1160,21,1637.90,65.49,11.40,1074,924,103,0.0
H,0,3,LineaH:1160,22,827.20,51.51,11.60,1074,924,103,0.0
H,0,3,LineaH:1160,23,143.20,15.31,6.90,1074,924,103,0.0
H,0,4,LineaH:1141,5,76.10,12.76,6.10,1074,1074,511,4.5
H,0,4,LineaH:1141,6,645.00,36.65,14.40,1074,1074,511,4.5
H,0,4,LineaH:1141,7,2561.80,128.83,16.50,1074,1074,511,4.5
H,0,4,LineaH:1141,8,3182.20,143.22,16.20,1074,1074,511,4.5
H,0,4,LineaH:1141,9,2680.70,109.61,16.50,1074,1074,511,4.5
H,0,4,LineaH:1141,10,2232.20,52.91,15.60,1074,1074,511,4.5
H,0,4,LineaH:1141,11,2499.40,74.04,13.80,1074,1074,511,4.5
H,0,4,LineaH:1141,12,3493.30,150.95,14.10,1074,1074,511,4.5
H,0,4,LineaH:1141,13,3899.10,183.15,14.50,1074,1074,511,4.5
H,0,4,LineaH:1141,14,3714.80,134.92,14.20,1074,1074,511,4.5
H,0,4,LineaH:1141,15,4589.10,161.62,15.50,1074,1074,511,4.5
H,0,4,LineaH:1141,16,5894.50,178.73,16.60,1074,1074,511,4.5
H,0,4,LineaH:1141,17,7423.30,172.99,16.40,1074,1074,511,4.5
H,0,4,LineaH:1141,18,6937.20,157.46,16.70,1074,1074,511,4.5
H,0,4,LineaH:1141,19,4592.80,160.25,15.50,1074,1074,511,4.5
H,0,4,LineaH:1141,20,3511.80,153.10,12.50,1074,1074,511,4.5
H,0,4,LineaH:1141,21,2062.70,91.71,11.30,1074,1074,511,4.5
H,0,4,LineaH:1141,22,1224.10,57.86,11.70,1074,1074,511,4.5
H,0,4,LineaH:1141,23,241.80,23.88,7.10,1074,1074,511,4.5
H,0,5,LineaH:1140,5,75.80,10.20,5.90,1074,780,173,0.0
H,0,5,LineaH:1140,6,688.70,61.51,14.20,1074,780,173,0.0
H,0,5,LineaH:1140,7,2677.30,99.95,16.40,1074,780,173,0.0
H,0,5,LineaH:1140,8,3206.10,104.98,16.20,1074,780,173,0.0
H,0,5,LineaH:1140,9,2416.20,75.11,16.50,1074,780,173,0.0
H,0,5,LineaH:1140,10,1882.50,82.93,16.00,1074,780,173,0.0
H,0,5,LineaH:1140,11,1872.20,50.60,13.70,1074,780,173,0.0
H,0,5,LineaH:1140,12,2543.30,118.30,13.90,1074,780,173,0.0
H,0,5,LineaH:1140,13,2934.20,90.28,14.60,1074,780,173,0.0
H,0,5,LineaH:1140,14,2864.70,107.73,14.30,1074,780,173,0.0
H,0,5,LineaH:1140,15,3339.20,142.64,15.30,1074,780,173,0.0
H,0,5,LineaH:1140,16,4321.50,103.15,16.60,1074,780,173,0.0
H,0,5,LineaH:1140,17,5480.60,138.94,16.30,1074,780,173,0.0
H,0,5,LineaH:1140,18,5192.20,150.21,16.70,1074,780,173,0.0
H,0,5,LineaH:1140,19,3262.20,140.66,15.50,1074,780,173,0.0
H,0,5,LineaH:1140,20,2566.40,112.55,12.60,1074,780,173,0.0
H,0,5,LineaH:1140,21,1590.40,66.00,11.50,1074,780,173,0.0
H,0,5,LineaH:1140,22,1034.30,43.45,11.60,1074,780,173,0.0
H,0,5,LineaH:1140,23,206.30,16.57,7.40,1074,780,173,0.0
H,0,6,LineaH:1139,5,67.70,6.02,6.30,1074,726,19,0.0
H,0,6,LineaH:1139,6,640.80,36.60,14.30,1074,726,19,0.0
H,0,6,LineaH:1139,7,2539.00,95.76,16.60,1074,726,19,0.0
H,0,6,LineaH:1139,8,3041.80,119.89,16.20,1074,726,19,0.0
H,0,6,LineaH:1139,9,2274.00,88.27,16.40,1074,726,19,0.0
H,0,6,LineaH:1139,10,1745.70,73.97,15.70,1074,726,19,0.0
H,0,6,LineaH:1139,11,1740.20,76.14,14.00,1074,726,19,0.0
H,0,6,LineaH:1139,12,2369.60,106.55,14.00,1074,726,19,0.0
H,0,6,LineaH:1139,13,2694.50,146.20,14.30,1074,726,19,0.0
H,0,6,LineaH:1139,14,2680.40,101.71,14.50,1074,726,19,0.0
H,0,6,LineaH:1139,15,3097.80,77.02,15.20,1074,726,19,0.0
H,0,6,LineaH:1139,16,4031.50,84.30,16.60,1074,726,19,0.0
H,0,6,LineaH:1139,17,5105.20,135.75,16.30,1074,726,19,0.0
H,0,6,LineaH:1139,18,4856.70,125.36,16.80,1074,726,19,0.0
H,0,6,LineaH:1139,19,3035.10,88.34,15.50,1074,726,19,0.0
H,0,6,LineaH:1139,20,2418.90,85.37,12.70,1074,726,19,0.0
H,0,6,LineaH:1139,21,1481.50,53.21,11.50,1074,726,19,0.0
H,0,6,LineaH:1139,22,955.00,68.00,11.60,1074,726,19,0.0
H,0,6,LineaH:1139,23,192.10,20.09,7.70,1074,726,19,0.0
H,0,7,LineaH:1138,5,57.50,6.38,6.10,1074,537,91,0.0
H,0,7,LineaH:1138,6,541.70,24.47,14.20,1074,537,91,0.0
H,0,7,LineaH:1138,7,2090.10,65.59,16.30,1074,537,91,0.0
H,0,7,LineaH:1138,8,2617.70,134.83,16.20,1074,537,91,0.0
H,0,7,LineaH:1138,9,1942.30,95.93,16.40,1074,537,91,0.0
H,0,7,LineaH:1138,10,1359.40,61.70,15.70,1074,537,91,0.0
H,0,7,LineaH:1138,11,1237.60,58.13,14.10,1074,537,91,0.0
H,0,7,LineaH:1138,12,1672.50,70.11,14.00,1074,537,91,0.0
H,0,7,LineaH:1138,13,1838.60,59.90,14.30,1074,537,91,0.0
H,0,7,LineaH:1138,14,1787.20,83.14,14.40,1074,537,91,0.0
H,0,7,LineaH:1138,15,2114.70,79.57,15.20,1074,537,91,0.0
H,0,7,LineaH:1138,16,2867.10,113.58,16.50,1074,537,91,0.0
H,0,7,LineaH:1138,17,3508.80,106.67,16.40,1074,537,91,0.0
H,0,7,LineaH:1138,18,3264.80,142.59,16.70,1074,537,91,0.0
H,0,7,LineaH:1138,19,2026.60,79.26,15.90,1074,537,91,0.0
H,0,7,LineaH:1138,20,1447.90,58.11,12.80,1074,537,91,0.0
H,0,7,LineaH:1138,21,918.00,45.44,11.20,1074,537,91,0.0
H,0,7,LineaH:1138,22,648.20,42.40,11.90,1074,537,91,0.0
H,0,7,LineaH:1138,23,120.70,15.57,7.90,1074,537,91,0.0
H,0,8,LineaH:1137,5,48.80,11.18,5.80,1074,476,7,0.0
H,0,8,LineaH:1137,6,465.90,29.29,13.90,1074,476,7,0.0
H,0,8,LineaH:1137,7,1799.60,59.29,16.50,1074,476,7,0.0
H,0,8,LineaH:1137,8,2299.10,95.31,16.10,1074,476,7,0.0
H,0,8,LineaH:1137,9,1810.20,84.43,16.40,1074,476,7,0.0
H,0,8,LineaH:1137,10,1239.10,64.79,15.80,1074,476,7,0.0
H,0,8,LineaH:1137,11,1060.80,49.45,14.10,1074,476,7,0.0
H,0,8,LineaH:1137,12,1410.00,45.08,14.10,1074,476,7,0.0
H,0,8,LineaH:1137,13,1533.50,52.43,14.10,1074,476,7,0.0
H,0,8,LineaH:1137,14,1517.60,72.48,14.50,1074,476,7,0.0
H,0,8,LineaH:1137,15,1813.70,82.49,15.10,1074,476,7,0.0
H,0,8,LineaH:1137,16,2476.70,80.79,16.80,1074,476,7,0.0
H,0,8,LineaH:1137,17,2967.70,82.52,16.20,1074,476,7,0.0
H,0,8,LineaH:1137,18,2832.10,100.05,16.80,1074,476,7,0.0
H,0,8,LineaH:1137,19,1684.90,79.00,15.40,1074,476,7,0.0
H,0,8,LineaH:1137,20,1204.90,63.80,13.20,1074,476,7,0.0
H,0,8,LineaH:1137,21,759.10,62.85,11.40,1074,476,7,0.0
H,0,8,LineaH:1137,22,498.60,27.42,11.50,1074,476,7,0.0
H,0,8,LineaH:1137,23,101.30,7.29,8.50,1074,476,7,0.0
H,0,9,LineaH:1136,5,26.30,3.65,6.20,1074,352,5,0.0
H,0,9,LineaH:1136,6,351.60,12.36,14.00,1074,352,5,0.0
H,0,9,LineaH:1136,7,1258.80,49.12,16.40,1074,352,5,0.0
H,0,9,LineaH:1136,8,1631.10,59.17,16.40,1074,352,5,0.0
H,0,9,LineaH:1136,9,1348.40,55.13,16.10,1074,352,5,0.0
H,0,9,LineaH:1136,10,1015.70,50.05,15.80,1074,352,5,0.0
H,0,9,LineaH:1136,11,828.70,44.82,14.10,1074,352,5,0.0
H,0,9,LineaH:1136,12,1081.40,44.27,14.10,1074,352,5,0.0
H,0,9,LineaH:1136,13,1280.00,65.72,14.40,1074,352,5,0.0
H,0,9,LineaH:1136,14,1217.40,57.04,14.50,1074,352,5,0.0
H,0,9,LineaH:1136,15,1457.90,19.60,15.20,1074,352,5,0.0
H,0,9,LineaH:1136,16,1857.00,93.67,16.30,1074,352,5,0.0
H,0,9,LineaH:1136,17,2507.30,109.43,16.40,1074,352,5,0.0
H,0,9,LineaH:1136,18,2284.10,81.40,16.70,1074,352,5,0.0
H,0,9,LineaH:1136,19,1339.40,45.70,15.80,1074,352,5,0.0
H,0,9,LineaH:1136,20,902.60,39.96,13.00,1074,352,5,0.0
H,0,9,LineaH:1136,21,593.70,32.48,11.60,1074,352,5,0.0
H,0,9,LineaH:1136,22,386.10,17.69,11.50,1074,352,5,0.0
H,0,9,LineaH:1136,23,84.20,10.78,8.70,1074,352,5,0.0
H,0,10,LineaH:1135,5,17.40,3.92,6.00,1074,222,3,0.0
H,0,10,LineaH:1135,6,217.70,15.18,13.70,1074,222,3,0.0
H,0,10,LineaH:1135,7,588.00,25.73,16.40,1074,222,3,0.0
H,0,10,LineaH:1135,8,629.10,32.89,16.20,1074,222,3,0.0
H,0,10,LineaH:1135,9,486.40,20.59,16.30,1074,222,3,0.0
H,0,10,LineaH:1135,10,399.00,21.58,16.10,1074,222,3,0.0
H,0,10,LineaH:1135,11,410.20,26.39,14.00,1074,222,3,0.0
H,0,10,LineaH:1135,12,545.20,28.00,14.00,1074,222,3,0.0
H,0,10,LineaH:1135,13,641.90,33.39,14.20,1074,222,3,0.0
H,0,10,LineaH:1135,14,724.90,40.28,14.70,1074,222,3,0.0
H,0,10,LineaH:1135,15,880.40,18.86,14.90,1074,222,3,0.0
H,0,10,LineaH:1135,16,1201.00,43.72,16.60,1074,222,3,0.0
H,0,10,LineaH:1135,17,1544.20,58.29,16.30,1074,222,3,0.0
H,0,10,LineaH:1135,18,1405.80,50.09,16.70,1074,222,3,0.0
H,0,10,LineaH:1135,19,781.10,52.40,15.40,1074,222,3,0.0
H,0,10,LineaH:1135,20,514.90,27.01,13.60,1074,222,3,0.0
H,0,10,LineaH:1135,21,301.40,22.74,11.40,1074,222,3,0.0
H,0,10,LineaH:1135,22,190.50,13.56,11.50,1074,222,3,0.0
H,0,10,LineaH:1135,23,47.20,6.99,9.20,1074,222,3,0.0
H,1,0,LineaH:1134,5,83.00,13.19,5.80,1074,356,356,0.0
H,1,0,LineaH:1134,6,952.10,54.25,13.20,1074,356,356,0.0
H,1,0,LineaH:1134,7,2729.00,104.04,16.60,1074,356,356,0.0
H,1,0,LineaH:1134,8,2305.10,84.55,16.50,1074,356,356,0.0
H,1,0,LineaH:1134,9,1718.40,63.76,16.20,1074,356,356,0.0
H,1,0,LineaH:1134,10,845.80,33.87,17.00,1074,356,356,0.0
H,1,0,LineaH:1134,11,704.20,24.42,14.30,1074,356,356,0.0
H,1,0,LineaH:1134,12,731.80,46.48,14.00,1074,356,356,0.0
H,1,0,LineaH:1134,13,813.30,27.21,13.80,1074,356,356,0.0
H,1,0,LineaH:1134,14,503.40,32.47,14.00,1074,356,356,0.0
H,1,0,LineaH:1134,15,452.30,23.61,16.50,1074,356,356,0.0
H,1,0,LineaH:1134,16,642.70,31.02,16.70,1074,356,356,0.0
H,1,0,LineaH:1134,17,629.40,28.38,16.40,1074,356,356,0.0
H,1,0,LineaH:1134,18,502.60,18.00,16.50,1074,356,356,0.0
H,1,0,LineaH:1134,19,257.70,18.21,16.10,1074,356,356,0.0
H,1,0,LineaH:1134,20,163.90,15.27,11.60,1074,356,356,0.0
H,1,0,LineaH:1134,21,100.90,6.06,10.90,1074,356,356,0.0
H,1,0,LineaH:1134,22,49.90,6.56,11.30,1074,356,356,0.0
H,1,0,LineaH:1134,23,8.00,2.21,10.00,1074,356,356,0.0
H,1,1,LineaH:1135,5,147.20,15.02,5.50,1074,530,272,0.0
H,1,1,LineaH:1135,6,1376.10,101.26,13.10,1074,530,272,0.0
H,1,1,LineaH:1135,7,3991.00,111.87,16.40,1074,530,272,0.0
H,1,1,LineaH:1135,8,3488.40,101.99,16.60,1074,530,272,0.0
H,1,1,LineaH:1135,9,2553.10,61.59,16.40,1074,530,272,0.0
H,1,1,LineaH:1135,10,1357.30,51.85,16.50,1074,530,272,0.0
H,1,1,LineaH:1135,11,1167.80,29.65,14.60,1074,530,272,0.0
H,1,1,LineaH:1135,12,1286.30,52.04,14.10,1074,530,272,0.0
H,1,1,LineaH:1135,13,1440.20,40.30,13.70,1074,530,272,0.0
H,1,1,LineaH:1135,14,930.80,25.39,14.20,1074,530,272,0.0
H,1,1,LineaH:1135,15,1004.50,40.99,16.20,1074,530,272,0.0
H,1,1,LineaH:1135,16,1338.70,48.33,16.70,1074,530,272,0.0
H,1,1,LineaH:1135,17,1618.50,43.70,16.90,1074,530,272,0.0
H,1,1,LineaH:1135,18,1464.00,30.96,16.10,1074,530,272,0.0
H,1,1,LineaH:1135,19,701.10,47.37,16.10,1074,530,272,0.0
H,1,1,LineaH:1135,20,485.70,28.76,11.80,1074,530,272,0.0
H,1,1,LineaH:1135,21,257.10,25.32,10.90,1074,530,272,0.0
H,1,1,LineaH:1135,22,170.90,15.36,11.40,1074,530,272,0.0
H,1,1,LineaH:1135,23,39.50,6.31,10.20,1074,530,272,0.0
H,1,2,LineaH:1136,5,154.40,13.13,5.90,1074,607,160,0.0
H,1,2,LineaH:1136,6,1467.70,70.33,13.30,1074,607,160,0.0
H,1,2,LineaH:1136,7,4457.00,154.44,16.30,1074,607,160,0.0
H,1,2,LineaH:1136,8,4087.00,155.80,16.50,1074,607,160,0.0
H,1,2,LineaH:1136,9,2957.60,96.45,16.30,1074,607,160,0.0
H,1,2,LineaH:1136,10,1725.00,65.89,16.90,1074,607,160,0.0
H,1,2,LineaH:1136,11,1407.10,44.53,14.40,1074,607,160,0.0
H,1,2,LineaH:1136,12,1769.30,82.94,14.10,1074,607,160,0.0
H,1,2,LineaH:1136,13,1872.00,57.09,13.80,1074,607,160,0.0
H,1,2,LineaH:1136,14,1330.70,80.98,13.90,1074,607,160,0.0
H,1,2,LineaH:1136,15,1477.50,59.41,16.50,1074,607,160,0.0
H,1,2,LineaH:1136,16,1714.40,33.42,16.60,1074,607,160,0.0
H,1,2,LineaH:1136,17,2145.80,56.67,16.60,1074,607,160,0.0
H,1,2,LineaH:1136,18,2077.30,42.99,16.20,1074,607,160,0.0
H,1,2,LineaH:1136,19,1008.20,35.85,16.20,1074,607,160,0.0
H,1,2,LineaH:1136,20,673.50,35.65,11.90,1074,607,160,0.0
H,1,2,LineaH:1136,21,359.40,25.91,10.90,1074,607,160,0.0
H,1,2,LineaH:1136,22,264.70,17.70,11.60,1074,607,160,0.0
H,1,2,LineaH:1136,23,52.40,7.34,10.50,1074,607,160,0.0
H,1,3,LineaH:1137,5,195.20,10.90,5.80,1074,670,70,0.0
H,1,3,LineaH:1137,6,1536.50,109.22,13.10,1074,670,70,0.0
H,1,3,LineaH:1137,7,4790.10,161.01,16.10,1074,670,70,0.0
H,1,3,LineaH:1137,8,4614.80,164.46,16.40,1074,670,70,0.0
H,1,3,LineaH:1137,9,3380.40,97.05,16.50,1074,670,70,0.0
H,1,3,LineaH:1137,10,1922.20,56.88,16.60,1074,670,70,0.0
H,1,3,LineaH:1137,11,1592.10,55.84,14.60,1074,670,70,0.0
H,1,3,LineaH:1137,12,2007.10,69.53,14.10,1074,670,70,0.0
H,1,3,LineaH:1137,13,2146.00,74.92,13.90,1074,670,70,0.0
H,1,3,LineaH:1137,14,1589.20,57.36,14.10,1074,670,70,0.0
H,1,3,LineaH:1137,15,1702.30,68.75,15.90,1074,670,70,0.0
H,1,3,LineaH:1137,16,2153.90,79.14,17.00,1074,670,70,0.0
H,1,3,LineaH:1137,17,2522.40,45.88,16.80,1074,670,70,0.0
H,1,3,LineaH:1137,18,2317.60,52.15,16.10,1074,670,70,0.0
H,1,3,LineaH:1137,19,1151.10,46.54,16.20,1074,670,70,0.0
H,1,3,LineaH:1137,20,768.70,36.76,11.80,1074,670,70,0.0
H,1,3,LineaH:1137,21,432.00,31.50,11.10,1074,670,70,0.0
H,1,3,LineaH:1137,22,288.40,14.86,11.30,1074,670,70,0.0
H,1,3,LineaH:1137,23,66.40,8.06,11.00,1074,670,70,0.0
H,1,4,LineaH:1138,5,223.30,27.62,6.70,1074,835,395,0.0
H,1,4,LineaH:1138,6,1859.10,73.98,12.70,1074,835,395,0.0
H,1,4,LineaH:1138,7,6079.30,155.65,16.20,1074,835,395,0.0
H,1,4,LineaH:1138,8,5893.80,219.82,16.60,1074,835,395,0.0
H,1,4,LineaH:1138,9,4349.80,184.31,16.10,1074,835,395,0.0
H,1,4,LineaH:1138,10,2688.80,99.20,16.90,1074,835,395,0.0
H,1,4,LineaH:1138,11,2242.60,75.37,14.70,1074,835,395,0.0
H,1,4,LineaH:1138,12,2815.30,102.34,13.90,1074,835,395,0.0
H,1,4,LineaH:1138,13,3087.80,130.66,13.90,1074,835,395,0.0
H,1,4,LineaH:1138,14,2226.20,107.82,14.00,1074,835,395,0.0
H,1,4,LineaH:1138,15,2446.80,75.46,16.20,1074,835,395,0.0
H,1,4,LineaH:1138,16,2915.80,83.82,16.70,1074,835,395,0.0
H,1,4,LineaH:1138,17,3356.50,117.24,16.60,1074,835,395,0.0
H,1,4,LineaH:1138,18,3005.40,88.15,16.20,1074,835,395,0.0
H,1,4,LineaH:1138,19,1619.80,62.51,16.40,1074,835,395,0.0
H,1,4,LineaH:1138,20,1043.20,67.27,11.80,1074,835,395,0.0
H,1,4,LineaH:1138,21,696.00,44.90,11.30,1074,835,395,0.0
H,1,4,LineaH:1138,22,460.00,28.84,11.30,1074,835,395,0.0
H,1,4,LineaH:1138,23,100.40,10.62,11.20,1074,835,395,0.0
H,1,5,LineaH:1139,5,204.40,33.44,6.00,1074,882,70,0.0
H,1,5,LineaH:1139,6,1991.70,38.59,13.30,1074,882,70,0.0
H,1,5,LineaH:1139,7,6183.40,141.51,15.70,1074,882,70,0.0
H,1,5,LineaH:1139,8,6397.50,263.32,16.50,1074,882,70,0.0
H,1,5,LineaH:1139,9,4780.10,174.44,16.00,1074,882,70,0.0
H,1,5,LineaH:1139,10,3062.50,75.55,17.00,1074,882,70,0.0
H,1,5,LineaH:1139,11,2517.50,104.89,14.90,1074,882,70,0.0
H,1,5,LineaH:1139,12,3057.90,170.28,13.90,1074,882,70,0.0
H,1,5,LineaH:1139,13,3328.80,153.24,13.80,1074,882,70,0.0
H,1,5,LineaH:1139,14,2483.30,79.59,14.30,1074,882,70,0.0
H,1,5,LineaH:1139,15,2598.20,77.62,15.80,1074,882,70,0.0
H,1,5,LineaH:1139,16,3178.70,82.23,16.90,1074,882,70,0.0
H,1,5,LineaH:1139,17,3578.40,83.26,16.60,1074,882,70,0.0
H,1,5,LineaH:1139,18,3226.80,86.53,16.20,1074,882,70,0.0
H,1,5,LineaH:1139,19,1867.60,74.14,16.30,1074,882,70,0.0
H,1,5,LineaH:1139,20,1244.50,36.39,12.00,1074,882,70,0.0
H,1,5,LineaH:1139,21,751.00,20.25,11.30,1074,882,70,0.0
H,1,5,LineaH:1139,22,511.80,31.06,11.30,1074,882,70,0.0
H,1,5,LineaH:1139,23,101.80,14.44,11.10,1074,882,70,0.0
H,1,6,LineaH:1140,5,245.30,29.79,5.80,1074,1074,392,7.7
H,1,6,LineaH:1140,6,2313.60,136.45,13.10,1074,1074,392,7.7
H,1,6,LineaH:1140,7,7272.10,231.51,15.70,1074,1074,392,7.7
H,1,6,LineaH:1140,8,7986.70,262.66,16.30,1074,1074,392,7.7
H,1,6,LineaH:1140,9,6660.40,199.52,16.40,1074,1074,392,7.7
H,1,6,LineaH:1140,10,3974.30,80.56,16.80,1074,1074,392,7.7
H,1,6,LineaH:1140,11,3459.90,155.77,14.90,1074,1074,392,7.7
H,1,6,LineaH:1140,12,4102.30,182.07,13.90,1074,1074,392,7.7
H,1,6,LineaH:1140,13,4560.10,158.56,14.00,1074,1074,392,7.7
H,1,6,LineaH:1140,14,3233.40,161.89,13.90,1074,1074,392,7.7
H,1,6,LineaH:1140,15,3523.70,75.58,16.30,1074,1074,392,7.7
H,1,6,LineaH:1140,16,3886.90,103.46,16.40,1074,1074,392,7.7
H,1,6,LineaH:1140,17,4521.00,154.65,16.60,1074,1074,392,7.7
H,1,6,LineaH:1140,18,4056.00,100.83,16.50,1074,1074,392,7.7
H,1,6,LineaH:1140,19,2298.90,75.88,16.20,1074,1074,392,7.7
H,1,6,LineaH:1140,20,1557.40,47.13,12.10,1074,1074,392,7.7
H,1,6,LineaH:1140,21,994.80,47.81,11.40,1074,1074,392,7.7
H,1,6,LineaH:1140,22,657.80,35.09,10.90,1074,1074,392,7.7
H,1,6,LineaH:1140,23,150.50,18.97,11.60,1074,1074,392,7.7
H,1,7,LineaH:1141,5,173.10,20.27,5.70,1074,788,134,0.0
H,1,7,LineaH:1141,6,1669.50,83.70,12.90,1074,788,134,0.0
H,1,7,LineaH:1141,7,5242.20,148.11,15.50,1074,788,134,0.0
H,1,7,LineaH:1141,8,6031.40,238.40,16.50,1074,788,134,0.0
H,1,7,LineaH:1141,9,4861.40,202.40,16.20,1074,788,134,0.0
H,1,7,LineaH:1141,10,3079.20,150.86,16.80,1074,788,134,0.0
H,1,7,LineaH:1141,11,2673.50,61.05,15.00,1074,788,134,0.0
H,1,7,LineaH:1141,12,3213.80,90.48,14.00,1074,788,134,0.0
H,1,7,LineaH:1141,13,3570.60,195.69,13.90,1074,788,134,0.0
H,1,7,LineaH:1141,14,2596.80,174.66,14.00,1074,788,134,0.0
H,1,7,LineaH:1141,15,2647.80,112.05,15.70,1074,788,134,0.0
H,1,7,LineaH:1141,16,3197.60,98.28,16.70,1074,788,134,0.0
H,1,7,LineaH:1141,17,3592.60,123.38,17.00,1074,788,134,0.0
H,1,7,LineaH:1141,18,2997.00,109.90,16.00,1074,788,134,0.0
H,1,7,LineaH:1141,19,1783.60,51.12,16.50,1074,788,134,0.0
H,1,7,LineaH:1141,20,1150.60,63.42,12.10,1074,788,134,0.0
H,1,7,LineaH:1141,21,840.00,63.61,11.50,1074,788,134,0.0
H,1,7,LineaH:1141,22,591.20,28.15,11.20,1074,788,134,0.0
H,1,7,LineaH:1141,23,120.00,12.29,11.40,1074,788,134,0.0
H,1,8,LineaH:1160,5,129.10,14.39,5.10,1074,719,16,0.0
H,1,8,LineaH:1160,6,1485.90,54.97,13.00,1074,719,16,0.0
H,1,8,LineaH:1160,7,4717.60,171.69,15.70,1074,719,16,0.0
H,1,8,LineaH:1160,8,5441.00,160.48,16.50,1074,719,16,0.0
H,1,8,LineaH:1160,9,4379.20,205.69,16.00,1074,719,16,0.0
H,1,8,LineaH:1160,10,2838.80,118.46,16.80,1074,719,16,0.0
H,1,8,LineaH:1160,11,2481.40,119.02,15.20,1074,719,16,0.0
H,1,8,LineaH:1160,12,2881.20,99.46,14.00,1074,719,16,0.0
H,1,8,LineaH:1160,13,3168.90,125.12,13.80,1074,719,16,0.0
H,1,8,LineaH:1160,14,2404.80,141.86,14.10,1074,719,16,0.0
H,1,8,LineaH:1160,15,2470.80,80.02,15.90,1074,719,16,0.0
H,1,8,LineaH:1160,16,2956.80,93.61,16.60,1074,719,16,0.0
H,1,8,LineaH:1160,17,3311.20,91.16,16.70,1074,719,16,0.0
H,1,8,LineaH:1160,18,2799.50,80.08,16.30,1074,719,16,0.0
H,1,8,LineaH:1160,19,1610.40,71.23,16.10,1074,719,16,0.0
H,1,8,LineaH:1160,20,1110.50,55.42,12.40,1074,719,16,0.0
H,1,8,LineaH:1160,21,783.50,51.58,11.70,1074,719,16,0.0
H,1,8,LineaH:1160,22,516.80,27.64,10.80,1074,719,16,0.0
H,1,8,LineaH:1160,23,111.90,13.73,11.50,1074,719,16,0.0
H,1,9,LineaH:1161,5,37.80,6.49,5.10,1074,197,42,0.0
H,1,9,LineaH:1161,6,416.60,20.94,13.00,1074,197,42,0.0
H,1,9,LineaH:1161,7,1313.50,59.70,15.40,1074,197,42,0.0
H,1,9,LineaH:1161,8,1718.60,65.93,16.20,1074,197,42,0.0
H,1,9,LineaH:1161,9,1511.90,79.16,16.30,1074,197,42,0.0
H,1,9,LineaH:1161,10,893.10,35.59,16.90,1074,197,42,0.0
H,1,9,LineaH:1161,11,716.30,34.87,15.20,1074,197,42,0.0
H,1,9,LineaH:1161,12,839.90,52.71,13.80,1074,197,42,0.0
H,1,9,LineaH:1161,13,1030.70,50.93,14.00,1074,197,42,0.0
H,1,9,LineaH:1161,14,799.70,35.15,14.20,1074,197,42,0.0
H,1,9,LineaH:1161,15,795.50,34.93,15.80,1074,197,42,0.0
H,1,9,LineaH:1161,16,927.00,35.80,16.30,1074,197,42,0.0
H,1,9,LineaH:1161,17,1005.10,49.36,16.90,1074,197,42,0.0
H,1,9,LineaH:1161,18,810.10,21.62,16.10,1074,197,42,0.0
H,1,9,LineaH:1161,19,489.00,29.55,16.50,1074,197,42,0.0
H,1,9,LineaH:1161,20,300.70,24.82,12.40,1074,197,42,0.0
H,1,9,LineaH:1161,21,209.50,27.99,11.30,1074,197,42,0.0
H,1,9,LineaH:1161,22,146.50,12.69,11.10,1074,197,42,0.0
H,1,9,LineaH:1161,23,31.90,6.12,11.40,1074,197,42,0.0
H,1,10,LineaH:1162,5,11.10,3.63,4.60,1074,80,5,0.0
H,1,10,LineaH:1162,6,123.00,15.28,12.70,1074,80,5,0.0
H,1,10,LineaH:1162,7,420.70,17.02,15.60,1074,80,5,0.0
H,1,10,LineaH:1162,8,666.90,43.82,16.50,1074,80,5,0.0
H,1,10,LineaH:1162,9,597.60,32.18,16.10,1074,80,5,0.0
H,1,10,LineaH:1162,10,281.20,18.29,16.80,1074,80,5,0.0
H,1,10,LineaH:1162,11,241.50,11.94,15.20,1074,80,5,0.0
H,1,10,LineaH:1162,12,287.70,17.56,14.00,1074,80,5,0.0
H,1,10,LineaH:1162,13,411.60,23.26,13.90,1074,80,5,0.0
H,1,10,LineaH:1162,14,334.20,21.01,14.10,1074,80,5,0.0
H,1,10,LineaH:1162,15,342.10,12.18,15.70,1074,80,5,0.0
H,1,10,LineaH:1162,16,385.50,20.67,16.60,1074,80,5,0.0
H,1,10,LineaH:1162,17,363.90,28.27,16.60,1074,80,5,0.0
H,1,10,LineaH:1162,18,296.30,17.94,16.40,1074,80,5,0.0
H,1,10,LineaH:1162,19,148.10,12.23,16.40,1074,80,5,0.0
H,1,10,LineaH:1162,20,72.60,8.29,12.50,1074,80,5,0.0
H,1,10,LineaH:1162,21,41.30,4.95,11.30,1074,80,5,0.0
H,1,10,LineaH:1162,22,26.30,4.14,11.20,1074,80,5,0.0
H,1,10,LineaH:1162,23,4.40,2.07,11.50,1074,80,5,0.0
