comp_origen,comp_destino,paso5,sbase,nombre_origen,nombre_destino
LineaA:1059,LineaA:1060,99.82237196251799,118.0,San Pedrito,San Jose de Flores
LineaA:1059,LineaA:1061,93.6956509454557,271.0,San Pedrito,Carabobo
LineaA:1059,LineaA:1062,159.09707706903194,203.0,San Pedrito,Puan
LineaA:1059,LineaA:1063,273.6736713512349,417.0,San Pedrito,Primera Junta
LineaA:1059,LineaA:1064,441.3513540641203,573.0,San Pedrito,Acoyte
LineaA:1059,LineaA:1065,355.87530973256895,543.0,San Pedrito,Rio de Janeiro
LineaA:1059,LineaA:1066,334.0285060470601,670.0,San Pedrito,Castro Barros
LineaA:1059,LineaA:1067,228.5685266226913,456.0,San Pedrito,Loria
LineaA:1059,LineaA:1069,174.2805061779653,925.0,San Pedrito,Alberti
LineaA:1059,LineaA:1070,44.069971413498735,70.0,San Pedrito,Pasco
LineaA:1059,LineaA:1071,498.4608891294987,1668.0,San Pedrito,Congreso
LineaA:1059,LineaA:1072,278.2640221077977,1065.0,San Pedrito,Saenz Peña
LineaA:1059,LineaA:1074,252.79855517555933,937.0,San Pedrito,Piedras
LineaA:1059,LineaA:1076,790.4244728957121,2604.0,San Pedrito,Plaza de Mayo
LineaA:1059,LineaB:1077,14.14933399869917,43.0,San Pedrito,Juan Manuel de Rosas
LineaA:1059,LineaB:1078,6.403672048567783,14.0,San Pedrito,Echeverria
LineaA:1059,LineaB:1079,3.727730062448659,2.0,San Pedrito,De Los Incas - Parque Chas
LineaA:1059,LineaB:1080,3.637588788550251,7.0,San Pedrito,Tronador - Villa Ortuzar
LineaA:1059,LineaB:1081,16.541183451175282,31.0,San Pedrito,Federico Lacroze
LineaA:1059,LineaB:1082,15.95900864553285,25.0,San Pedrito,Dorrego
LineaA:1059,LineaB:1083,39.09104319011258,36.0,San Pedrito,angel Gallardo
LineaA:1059,LineaB:1084,30.26956186796234,43.0,San Pedrito,Malabia
LineaA:1059,LineaB:1085,37.81794174866137,82.0,San Pedrito,Medrano
LineaA:1059,LineaB:1086,38.63258032824,170.0,San Pedrito,Carlos Gardel
LineaA:1059,LineaB:1088,36.18652170675774,90.0,San Pedrito,Pasteur
LineaA:1059,LineaB:1089,58.51599265477399,121.0,San Pedrito,Callao [B]
LineaA:1059,LineaB:1090,60.94176607099458,127.0,San Pedrito,Uruguay
LineaA:1059,LineaB:1092,40.580482766697244,199.0,San Pedrito,Florida
LineaA:1059,LineaC:1094,425.7224472635579,2203.0,San Pedrito,Constitucion
LineaA:1059,LineaC:1095,27.464971826638305,95.0,San Pedrito,San Juan
LineaA:1059,LineaC:1097,28.29549044718617,44.0,San Pedrito,Moreno
LineaA:1059,LineaC:1098,336.59278502904436,1202.0,San Pedrito,Avenida de Mayo / Lima
LineaA:1059,LineaC:1100,97.91937457989158,252.0,San Pedrito,Lavalle
LineaA:1059,LineaC:1101,92.43007982390203,209.0,San Pedrito,General San Martin
LineaA:1059,LineaD:1103,33.94609871884729,124.0,San Pedrito,Congreso de Tucuman
LineaA:1059,LineaD:1104,62.09399574785542,52.0,San Pedrito,Juramento
LineaA:1059,LineaD:1105,12.43399672429371,50.0,San Pedrito,Jose Hernandez
LineaA:1059,LineaD:1106,27.415980384992146,32.0,San Pedrito,Olleros
LineaA:1059,LineaD:1107,26.013230621478392,62.0,San Pedrito,Ministro Carranza
LineaA:1059,LineaD:1108,48.63245775768335,104.0,San Pedrito,Palermo
LineaA:1059,LineaD:1109,77.52384487372241,73.0,San Pedrito,Plaza Italia
LineaA:1059,LineaD:1110,38.76266963573396,78.0,San Pedrito,Scalabrini Ortiz
LineaA:1059,LineaD:1111,60.335619615406806,170.0,San Pedrito,Bulnes
LineaA:1059,LineaD:1112,18.64406455772695,71.0,San Pedrito,Agüero
LineaA:1059,LineaD:1114,74.56355111131046,118.0,San Pedrito,Facultad de Medicina
LineaA:1059,LineaD:1115,112.06575074781463,206.0,San Pedrito,Callao [D]
LineaA:1059,LineaD:1116,115.3145053603216,273.0,San Pedrito,Tribunales
LineaA:1059,LineaD:1117,78.9077892718077,299.0,San Pedrito,9 de Julio / Carlos Pellegrini / Diagonal Norte
LineaA:1059,LineaE:1119,670.8608455763699,1979.0,San Pedrito,Bolivar / Catedral / Peru
LineaA:1059,LineaE:1120,48.29228920467659,73.0,San Pedrito,Belgrano
LineaA:1059,LineaE:1121,131.84669715736212,474.0,San Pedrito,Independencia
LineaA:1059,LineaE:1122,28.718496792756127,20.0,San Pedrito,San Jose
LineaA:1059,LineaE:1123,25.63247498959428,50.0,San Pedrito,Entre Rios
LineaA:1059,LineaE:1124,3.7207875016877896,19.0,San Pedrito,Pichincha
LineaA:1059,LineaE:1126,12.530992978839798,24.0,San Pedrito,General Urquiza
LineaA:1059,LineaE:1127,29.38478722822129,11.0,San Pedrito,Boedo
LineaA:1059,LineaE:1128,15.183570567584091,20.0,San Pedrito,La Plata
LineaA:1059,LineaE:1129,17.54412131107786,26.0,San Pedrito,Jose Maria Moreno
LineaA:1059,LineaE:1130,17.478053286280712,9.0,San Pedrito,Emilio Mitre
LineaA:1059,LineaE:1131,10.056545336164294,2.0,San Pedrito,Medalla Milagrosa
LineaA:1059,LineaE:1132,26.33628045448194,2.0,San Pedrito,Varela
LineaA:1059,LineaE:1133,3.7763592674166757,4.0,San Pedrito,Plaza de los Virreyes
LineaA:1059,LineaE:1164,205.49543187775063,533.0,San Pedrito,Retiro
LineaA:1059,LineaE:1165,136.76152906652544,273.0,San Pedrito,Catalinas
LineaA:1059,LineaE:1166,122.24548651238032,267.0,San Pedrito,Correo Central / Leandro N. Alem
LineaA:1059,LineaH:1134,45.34628387129777,134.0,San Pedrito,Hospitales
LineaA:1059,LineaH:1135,34.9967328223629,183.0,San Pedrito,Parque Patricios
LineaA:1059,LineaH:1136,38.99523617630873,128.0,San Pedrito,Caseros
LineaA:1059,LineaH:1137,27.633123152253773,118.0,San Pedrito,Inclan
LineaA:1059,LineaH:1138,28.96527949017067,139.0,San Pedrito,Humberto 1 / Jujuy
LineaA:1059,LineaH:1139,46.20479563170761,111.0,San Pedrito,Venezuela
LineaA:1059,LineaH:1140,509.98282423985535,1389.0,San Pedrito,Once / Plaza Miserere
LineaA:1059,LineaH:1141,73.97360225292185,307.0,San Pedrito,Corrientes / Pueyrredon
LineaA:1059,LineaH:1160,114.22988688951112,297.0,San Pedrito,Cordoba
LineaA:1059,LineaH:1161,117.3885667280892,510.0,San Pedrito,Pueyrredon / Santa Fe
LineaA:1059,LineaH:1162,142.38160081917803,461.0,San Pedrito,Las Heras
LineaA:1059,LineaH:1163,37.38866986402139,181.0,San Pedrito,Facultad de Derecho
LineaA:1060,LineaA:1059,321.5349451954785,131.0,San Jose de Flores,San Pedrito
LineaA:1060,LineaA:1061,254.61502653345607,119.0,San Jose de Flores,Carabobo
LineaA:1060,LineaA:1062,167.55985518360345,160.0,San Jose de Flores,Puan
LineaA:1060,LineaA:1063,423.2989461356859,390.0,San Jose de Flores,Primera Junta
LineaA:1060,LineaA:1064,627.106648972648,464.0,San Jose de Flores,Acoyte
LineaA:1060,LineaA:1065,537.7959905926053,379.0,San Jose de Flores,Rio de Janeiro
LineaA:1060,LineaA:1066,653.7875091163938,374.0,San Jose de Flores,Castro Barros
LineaA:1060,LineaA:1067,467.69442592941334,246.0,San Jose de Flores,Loria
LineaA:1060,LineaA:1069,605.8819676559973,376.0,San Jose de Flores,Alberti
LineaA:1060,LineaA:1070,190.70123515932153,23.0,San Jose de Flores,Pasco
LineaA:1060,LineaA:1071,1476.1464018269826,679.0,San Jose de Flores,Congreso
LineaA:1060,LineaA:1072,805.38351415857,403.0,San Jose de Flores,Saenz Peña
LineaA:1060,LineaA:1074,663.9809686514366,388.0,San Jose de Flores,Piedras
LineaA:1060,LineaA:1076,1889.155591698192,1109.0,San Jose de Flores,Plaza de Mayo
LineaA:1060,LineaB:1077,27.598478434787705,29.0,San Jose de Flores,Juan Manuel de Rosas
LineaA:1060,LineaB:1078,4.986801159613934,9.0,San Jose de Flores,Echeverria
LineaA:1060,LineaB:1079,11.20928443489015,1.0,San Jose de Flores,De Los Incas - Parque Chas
LineaA:1060,LineaB:1080,11.39478451941592,5.0,San Jose de Flores,Tronador - Villa Ortuzar
LineaA:1060,LineaB:1081,42.49416044311404,13.0,San Jose de Flores,Federico Lacroze
LineaA:1060,LineaB:1082,33.71202640790614,29.0,San Jose de Flores,Dorrego
LineaA:1060,LineaB:1083,63.45548803587844,26.0,San Jose de Flores,angel Gallardo
LineaA:1060,LineaB:1084,54.759178263764966,10.0,San Jose de Flores,Malabia
LineaA:1060,LineaB:1085,152.39203126808655,44.0,San Jose de Flores,Medrano
LineaA:1060,LineaB:1086,125.08622539592581,57.0,San Jose de Flores,Carlos Gardel
LineaA:1060,LineaB:1088,121.81032837062023,15.0,San Jose de Flores,Pasteur
LineaA:1060,LineaB:1089,181.3767766067432,40.0,San Jose de Flores,Callao [B]
LineaA:1060,LineaB:1090,148.1671441400051,41.0,San Jose de Flores,Uruguay
LineaA:1060,LineaB:1092,145.52592334298404,69.0,San Jose de Flores,Florida
LineaA:1060,LineaC:1094,1793.1622763144744,706.0,San Jose de Flores,Constitucion
LineaA:1060,LineaC:1095,107.96913791878768,58.0,San Jose de Flores,San Juan
LineaA:1060,LineaC:1097,84.00198853524505,32.0,San Jose de Flores,Moreno
LineaA:1060,LineaC:1098,807.0943183603239,517.0,San Jose de Flores,Avenida de Mayo / Lima
LineaA:1060,LineaC:1100,239.95252459104222,91.0,San Jose de Flores,Lavalle
LineaA:1060,LineaC:1101,213.48153284383903,97.0,San Jose de Flores,General San Martin
LineaA:1060,LineaD:1103,83.4414823997436,78.0,San Jose de Flores,Congreso de Tucuman
LineaA:1060,LineaD:1104,94.25332145904186,34.0,San Jose de Flores,Juramento
LineaA:1060,LineaD:1105,49.481526074544625,21.0,San Jose de Flores,Jose Hernandez
LineaA:1060,LineaD:1106,60.648064711101576,48.0,San Jose de Flores,Olleros
LineaA:1060,LineaD:1107,41.253403857803214,29.0,San Jose de Flores,Ministro Carranza
LineaA:1060,LineaD:1108,111.79666005074876,60.0,San Jose de Flores,Palermo
LineaA:1060,LineaD:1109,129.33108323071102,42.0,San Jose de Flores,Plaza Italia
LineaA:1060,LineaD:1110,102.25440787314494,30.0,San Jose de Flores,Scalabrini Ortiz
LineaA:1060,LineaD:1111,161.36646481719308,60.0,San Jose de Flores,Bulnes
LineaA:1060,LineaD:1112,63.612027855099,29.0,San Jose de Flores,Agüero
LineaA:1060,LineaD:1114,263.6305151437515,30.0,San Jose de Flores,Facultad de Medicina
LineaA:1060,LineaD:1115,309.97502169098374,64.0,San Jose de Flores,Callao [D]
LineaA:1060,LineaD:1116,330.6680784906441,88.0,San Jose de Flores,Tribunales
LineaA:1060,LineaD:1117,219.84805459084586,110.0,San Jose de Flores,9 de Julio / Carlos Pellegrini / Diagonal Norte
LineaA:1060,LineaE:1119,1696.037079779532,866.0,San Jose de Flores,Bolivar / Catedral / Peru
LineaA:1060,LineaE:1120,146.2378273473856,39.0,San Jose de Flores,Belgrano
LineaA:1060,LineaE:1121,326.6184478913343,221.0,San Jose de Flores,Independencia
LineaA:1060,LineaE:1122,88.30996546697554,12.0,San Jose de Flores,San Jose
LineaA:1060,LineaE:1123,75.24370700376251,27.0,San Jose de Flores,Entre Rios
LineaA:1060,LineaE:1124,28.910822694515886,2.0,San Jose de Flores,Pichincha
LineaA:1060,LineaE:1126,26.178156327519357,9.0,San Jose de Flores,General Urquiza
LineaA:1060,LineaE:1127,36.31448677782235,9.0,San Jose de Flores,Boedo
LineaA:1060,LineaE:1128,37.766003516412724,15.0,San Jose de Flores,La Plata
LineaA:1060,LineaE:1129,62.22759122427062,7.0,San Jose de Flores,Jose Maria Moreno
LineaA:1060,LineaE:1130,22.785257287647912,10.0,San Jose de Flores,Emilio Mitre
LineaA:1060,LineaE:1131,7.578905297654813,3.0,San Jose de Flores,Medalla Milagrosa
LineaA:1060,LineaE:1132,16.16376641220096,9.0,San Jose de Flores,Varela
LineaA:1060,LineaE:1133,22.69790269150672,0.0,San Jose de Flores,Plaza de los Virreyes
LineaA:1060,LineaE:1164,622.3084080939557,193.0,San Jose de Flores,Retiro
LineaA:1060,LineaE:1165,384.10208520179106,105.0,San Jose de Flores,Catalinas
LineaA:1060,LineaE:1166,385.37667454772054,100.0,San Jose de Flores,Correo Central / Leandro N. Alem
LineaA:1060,LineaH:1134,126.57527377240557,50.0,San Jose de Flores,Hospitales
LineaA:1060,LineaH:1135,144.11298261067205,61.0,San Jose de Flores,Parque Patricios
LineaA:1060,LineaH:1136,167.2498466552443,58.0,San Jose de Flores,Caseros
LineaA:1060,LineaH:1137,73.5039031823578,35.0,San Jose de Flores,Inclan
LineaA:1060,LineaH:1138,68.01105162656577,36.0,San Jose de Flores,Humberto 1 / Jujuy
LineaA:1060,LineaH:1139,121.48387278153103,30.0,San Jose de Flores,Venezuela
LineaA:1060,LineaH:1140,1514.0106456739406,311.0,San Jose de Flores,Once / Plaza Miserere
LineaA:1060,LineaH:1141,302.0579442328969,56.0,San Jose de Flores,Corrientes / Pueyrredon
LineaA:1060,LineaH:1160,388.46797438761814,100.0,San Jose de Flores,Cordoba
LineaA:1060,LineaH:1161,434.28119169357603,210.0,San Jose de Flores,Pueyrredon / Santa Fe
LineaA:1060,LineaH:1162,417.9239884672626,171.0,San Jose de Flores,Las Heras
LineaA:1060,LineaH:1163,130.65178175158044,86.0,San Jose de Flores,Facultad de Derecho
LineaA:1061,LineaA:1059,123.62315421056215,253.0,Carabobo,San Pedrito
LineaA:1061,LineaA:1060,157.63642954112825,102.0,Carabobo,San Jose de Flores
LineaA:1061,LineaA:1062,80.74529232428962,35.0,Carabobo,Puan
LineaA:1061,LineaA:1063,236.51226883264107,285.0,Carabobo,Primera Junta
LineaA:1061,LineaA:1064,386.53764633896776,319.0,Carabobo,Acoyte
LineaA:1061,LineaA:1065,322.6096828694851,304.0,Carabobo,Rio de Janeiro
LineaA:1061,LineaA:1066,282.55576336747436,292.0,Carabobo,Castro Barros
LineaA:1061,LineaA:1067,198.65022186679954,193.0,Carabobo,Loria
LineaA:1061,LineaA:1069,191.37674425619417,290.0,Carabobo,Alberti
LineaA:1061,LineaA:1070,59.965289095114194,16.0,Carabobo,Pasco
LineaA:1061,LineaA:1071,512.0076577560047,582.0,Carabobo,Congreso
LineaA:1061,LineaA:1072,286.2492605330983,352.0,Carabobo,Saenz Peña
LineaA:1061,LineaA:1074,274.48831972854646,313.0,Carabobo,Piedras
LineaA:1061,LineaA:1076,779.6809276794937,1023.0,Carabobo,Plaza de Mayo
LineaA:1061,LineaB:1077,24.067967763397434,10.0,Carabobo,Juan Manuel de Rosas
LineaA:1061,LineaB:1078,6.4367065217668635,0.0,Carabobo,Echeverria
LineaA:1061,LineaB:1079,1.252369627408403,2.0,Carabobo,De Los Incas - Parque Chas
LineaA:1061,LineaB:1080,5.106696947807365,2.0,Carabobo,Tronador - Villa Ortuzar
LineaA:1061,LineaB:1081,12.503492263937721,6.0,Carabobo,Federico Lacroze
LineaA:1061,LineaB:1082,9.928290090956999,16.0,Carabobo,Dorrego
LineaA:1061,LineaB:1083,36.34500177539441,22.0,Carabobo,angel Gallardo
LineaA:1061,LineaB:1084,9.939342945496499,1.0,Carabobo,Malabia
LineaA:1061,LineaB:1085,51.96440276877614,42.0,Carabobo,Medrano
LineaA:1061,LineaB:1086,30.32694871101451,41.0,Carabobo,Carlos Gardel
LineaA:1061,LineaB:1088,19.955238568297382,29.0,Carabobo,Pasteur
LineaA:1061,LineaB:1089,43.52976808060352,45.0,Carabobo,Callao [B]
LineaA:1061,LineaB:1090,50.89634337904359,54.0,Carabobo,Uruguay
LineaA:1061,LineaB:1092,41.96452872184639,36.0,Carabobo,Florida
LineaA:1061,LineaC:1094,321.687911810712,444.0,Carabobo,Constitucion
LineaA:1061,LineaC:1095,25.206441995976455,40.0,Carabobo,San Juan
LineaA:1061,LineaC:1097,27.570964969697318,29.0,Carabobo,Moreno
LineaA:1061,LineaC:1098,261.8005470267539,398.0,Carabobo,Avenida de Mayo / Lima
LineaA:1061,LineaC:1100,70.70079050508916,53.0,Carabobo,Lavalle
LineaA:1061,LineaC:1101,76.60249889899332,66.0,Carabobo,General San Martin
LineaA:1061,LineaD:1103,37.74385901277519,56.0,Carabobo,Congreso de Tucuman
LineaA:1061,LineaD:1104,39.894888007983006,24.0,Carabobo,Juramento
LineaA:1061,LineaD:1105,18.56283368175613,14.0,Carabobo,Jose Hernandez
LineaA:1061,LineaD:1106,25.278863598121617,51.0,Carabobo,Olleros
LineaA:1061,LineaD:1107,27.083732533033963,26.0,Carabobo,Ministro Carranza
LineaA:1061,LineaD:1108,37.65953655702164,42.0,Carabobo,Palermo
LineaA:1061,LineaD:1109,56.270646475886466,23.0,Carabobo,Plaza Italia
LineaA:1061,LineaD:1110,30.32501892438852,30.0,Carabobo,Scalabrini Ortiz
LineaA:1061,LineaD:1111,60.62587891314234,72.0,Carabobo,Bulnes
LineaA:1061,LineaD:1112,20.00945788695282,15.0,Carabobo,Agüero
LineaA:1061,LineaD:1114,73.58367443561109,22.0,Carabobo,Facultad de Medicina
LineaA:1061,LineaD:1115,97.20384714618616,45.0,Carabobo,Callao [D]
LineaA:1061,LineaD:1116,121.31658353041914,76.0,Carabobo,Tribunales
LineaA:1061,LineaD:1117,55.0610466030358,66.0,Carabobo,9 de Julio / Carlos Pellegrini / Diagonal Norte
LineaA:1061,LineaE:1119,690.9860674451388,784.0,Carabobo,Bolivar / Catedral / Peru
LineaA:1061,LineaE:1120,30.951370581252647,33.0,Carabobo,Belgrano
LineaA:1061,LineaE:1121,134.4482421505276,196.0,Carabobo,Independencia
LineaA:1061,LineaE:1122,27.300846621016962,4.0,Carabobo,San Jose
LineaA:1061,LineaE:1123,20.48529572695563,1.0,Carabobo,Entre Rios
LineaA:1061,LineaE:1124,10.306327157040577,3.0,Carabobo,Pichincha
LineaA:1061,LineaE:1126,5.0333135814572785,0.0,Carabobo,General Urquiza
LineaA:1061,LineaE:1127,11.597234587484516,8.0,Carabobo,Boedo
LineaA:1061,LineaE:1128,21.53177958961666,4.0,Carabobo,La Plata
LineaA:1061,LineaE:1129,15.319169094422744,0.0,Carabobo,Jose Maria Moreno
LineaA:1061,LineaE:1130,5.291431212630684,2.0,Carabobo,Emilio Mitre
LineaA:1061,LineaE:1131,20.355347712207937,9.0,Carabobo,Medalla Milagrosa
LineaA:1061,LineaE:1132,19.37513453585098,0.0,Carabobo,Varela
LineaA:1061,LineaE:1133,7.607184036002741,6.0,Carabobo,Plaza de los Virreyes
LineaA:1061,LineaE:1164,184.2683554998283,119.0,Carabobo,Retiro
LineaA:1061,LineaE:1165,134.34619523179734,110.0,Carabobo,Catalinas
LineaA:1061,LineaE:1166,107.24021183700488,73.0,Carabobo,Correo Central / Leandro N. Alem
LineaA:1061,LineaH:1134,33.943015433440564,47.0,Carabobo,Hospitales
LineaA:1061,LineaH:1135,38.48893578217446,49.0,Carabobo,Parque Patricios
LineaA:1061,LineaH:1136,46.24568917060161,42.0,Carabobo,Caseros
LineaA:1061,LineaH:1137,22.705419946745657,47.0,Carabobo,Inclan
LineaA:1061,LineaH:1138,25.26437570093103,28.0,Carabobo,Humberto 1 / Jujuy
LineaA:1061,LineaH:1139,38.00950547529207,33.0,Carabobo,Venezuela
LineaA:1061,LineaH:1140,300.17754342157065,283.0,Carabobo,Once / Plaza Miserere
LineaA:1061,LineaH:1141,77.49539831177374,55.0,Carabobo,Corrientes / Pueyrredon
LineaA:1061,LineaH:1160,111.16781258254005,83.0,Carabobo,Cordoba
LineaA:1061,LineaH:1161,152.19359638755978,188.0,Carabobo,Pueyrredon / Santa Fe
LineaA:1061,LineaH:1162,147.22415775232,155.0,Carabobo,Las Heras
LineaA:1061,LineaH:1163,43.56342603782619,74.0,Carabobo,Facultad de Derecho
LineaA:1062,LineaA:1059,155.89141931899343,175.0,Puan,San Pedrito
LineaA:1062,LineaA:1060,130.05013007188933,171.0,Puan,San Jose de Flores
LineaA:1062,LineaA:1061,56.999382920163356,60.0,Puan,Carabobo
LineaA:1062,LineaA:1063,66.87702813761341,93.0,Puan,Primera Junta
LineaA:1062,LineaA:1064,212.5190750741646,246.0,Puan,Acoyte
LineaA:1062,LineaA:1065,210.95537240499212,207.0,Puan,Rio de Janeiro
LineaA:1062,LineaA:1066,205.80581106239327,200.0,Puan,Castro Barros
LineaA:1062,LineaA:1067,132.32939054647787,90.0,Puan,Loria
LineaA:1062,LineaA:1069,114.88052074678707,203.0,Puan,Alberti
LineaA:1062,LineaA:1070,28.964157131225296,2.0,Puan,Pasco
LineaA:1062,LineaA:1071,285.8534855981212,341.0,Puan,Congreso
LineaA:1062,LineaA:1072,167.27824130100194,281.0,Puan,Saenz Peña
LineaA:1062,LineaA:1074,132.24455571073116,202.0,Puan,Piedras
LineaA:1062,LineaA:1076,377.4033626174223,604.0,Puan,Plaza de Mayo
LineaA:1062,LineaB:1077,29.436680248435437,21.0,Puan,Juan Manuel de Rosas
LineaA:1062,LineaB:1078,2.55546561518094,3.0,Puan,Echeverria
LineaA:1062,LineaB:1079,3.6960779605792182,7.0,Puan,De Los Incas - Parque Chas
LineaA:1062,LineaB:1080,3.7287095881585275,0.0,Puan,Tronador - Villa Ortuzar
LineaA:1062,LineaB:1081,10.311659506589242,12.0,Puan,Federico Lacroze
LineaA:1062,LineaB:1082,7.903061295381237,0.0,Puan,Dorrego
LineaA:1062,LineaB:1083,19.93208486489285,7.0,Puan,angel Gallardo
LineaA:1062,LineaB:1084,16.173389828113457,7.0,Puan,Malabia
LineaA:1062,LineaB:1085,21.37103268223262,29.0,Puan,Medrano
LineaA:1062,LineaB:1086,19.0001496080359,16.0,Puan,Carlos Gardel
LineaA:1062,LineaB:1088,17.64606373149116,11.0,Puan,Pasteur
LineaA:1062,LineaB:1089,40.279110349453745,17.0,Puan,Callao [B]
LineaA:1062,LineaB:1090,22.20685297079837,28.0,Puan,Uruguay
LineaA:1062,LineaB:1092,23.396101568140754,17.0,Puan,Florida
LineaA:1062,LineaC:1094,178.94880390939198,333.0,Puan,Constitucion
LineaA:1062,LineaC:1095,17.578949720940123,21.0,Puan,San Juan
LineaA:1062,LineaC:1097,22.294104637394184,5.0,Puan,Moreno
LineaA:1062,LineaC:1098,167.2397216865709,238.0,Puan,Avenida de Mayo / Lima
LineaA:1062,LineaC:1100,33.46977182302245,21.0,Puan,Lavalle
LineaA:1062,LineaC:1101,41.913870561487236,22.0,Puan,General San Martin
LineaA:1062,LineaD:1103,56.57028404435836,61.0,Puan,Congreso de Tucuman
LineaA:1062,LineaD:1104,50.23234499810317,26.0,Puan,Juramento
LineaA:1062,LineaD:1105,18.653458504334026,23.0,Puan,Jose Hernandez
LineaA:1062,LineaD:1106,22.572785523153033,32.0,Puan,Olleros
LineaA:1062,LineaD:1107,20.229097789479955,26.0,Puan,Ministro Carranza
LineaA:1062,LineaD:1108,36.5395874571576,21.0,Puan,Palermo
LineaA:1062,LineaD:1109,38.899863429019334,4.0,Puan,Plaza Italia
LineaA:1062,LineaD:1110,30.54971036613059,15.0,Puan,Scalabrini Ortiz
LineaA:1062,LineaD:1111,47.97301680806241,64.0,Puan,Bulnes
LineaA:1062,LineaD:1112,15.154210475860609,27.0,Puan,Agüero
LineaA:1062,LineaD:1114,50.22698639021311,27.0,Puan,Facultad de Medicina
LineaA:1062,LineaD:1115,72.50208113443556,37.0,Puan,Callao [D]
LineaA:1062,LineaD:1116,90.92185491433551,63.0,Puan,Tribunales
LineaA:1062,LineaD:1117,33.944301043482795,43.0,Puan,9 de Julio / Carlos Pellegrini / Diagonal Norte
LineaA:1062,LineaE:1119,376.0940376134764,387.0,Puan,Bolivar / Catedral / Peru
LineaA:1062,LineaE:1120,16.41439542558283,10.0,Puan,Belgrano
LineaA:1062,LineaE:1121,64.7543675174035,123.0,Puan,Independencia
LineaA:1062,LineaE:1122,6.443087081302359,11.0,Puan,San Jose
LineaA:1062,LineaE:1123,8.964193991048095,6.0,Puan,Entre Rios
LineaA:1062,LineaE:1124,2.519479380786837,6.0,Puan,Pichincha
LineaA:1062,LineaE:1126,7.59554561260655,8.0,Puan,General Urquiza
LineaA:1062,LineaE:1127,8.86668064305841,4.0,Puan,Boedo
LineaA:1062,LineaE:1128,8.95612275001423,0.0,Puan,La Plata
LineaA:1062,LineaE:1129,12.725191634983169,4.0,Puan,Jose Maria Moreno
LineaA:1062,LineaE:1130,11.216240480638557,20.0,Puan,Emilio Mitre
LineaA:1062,LineaE:1131,2.774721723230635,2.0,Puan,Medalla Milagrosa
LineaA:1062,LineaE:1132,5.002128772936642,0.0,Puan,Varela
LineaA:1062,LineaE:1133,7.5598612345859415,4.0,Puan,Plaza de los Virreyes
LineaA:1062,LineaE:1164,115.51464116235456,118.0,Puan,Retiro
LineaA:1062,LineaE:1165,73.19423492807192,74.0,Puan,Catalinas
LineaA:1062,LineaE:1166,62.077907890518546,80.0,Puan,Correo Central / Leandro N. Alem
LineaA:1062,LineaH:1134,13.884968063566111,20.0,Puan,Hospitales
LineaA:1062,LineaH:1135,22.879864831123268,36.0,Puan,Parque Patricios
LineaA:1062,LineaH:1136,22.659075398084585,34.0,Puan,Caseros
LineaA:1062,LineaH:1137,17.75084482634707,46.0,Puan,Inclan
LineaA:1062,LineaH:1138,19.910668234844117,39.0,Puan,Humberto 1 / Jujuy
LineaA:1062,LineaH:1139,19.327329586560026,24.0,Puan,Venezuela
LineaA:1062,LineaH:1140,114.61238797068609,145.0,Puan,Once / Plaza Miserere
LineaA:1062,LineaH:1141,48.74199664351997,30.0,Puan,Corrientes / Pueyrredon
LineaA:1062,LineaH:1160,63.51750604827325,79.0,Puan,Cordoba
LineaA:1062,LineaH:1161,105.47372982009085,147.0,Puan,Pueyrredon / Santa Fe
LineaA:1062,LineaH:1162,85.48820470924683,123.0,Puan,Las Heras
LineaA:1062,LineaH:1163,21.018826972689006,51.0,Puan,Facultad de Derecho
LineaA:1063,LineaA:1059,245.8710490237158,470.0,Primera Junta,San Pedrito
LineaA:1063,LineaA:1060,296.55880644473814,384.0,Primera Junta,San Jose de Flores
LineaA:1063,LineaA:1061,241.88206433177908,314.0,Primera Junta,Carabobo
LineaA:1063,LineaA:1062,90.59230542865583,109.0,Primera Junta,Puan
LineaA:1063,LineaA:1064,128.20052009458973,156.0,Primera Junta,Acoyte
LineaA:1063,LineaA:1065,397.3671648305022,455.0,Primera Junta,Rio de Janeiro
LineaA:1063,LineaA:1066,426.999558112183,421.0,Primera Junta,Castro Barros
LineaA:1063,LineaA:1067,276.26718686713417,266.0,Primera Junta,Loria
LineaA:1063,LineaA:1069,210.4977664132412,414.0,Primera Junta,Alberti
LineaA:1063,LineaA:1070,74.36873295038268,34.0,Primera Junta,Pasco
LineaA:1063,LineaA:1071,596.1493310450151,735.0,Primera Junta,Congreso
LineaA:1063,LineaA:1072,328.4834741002866,452.0,Primera Junta,Saenz Peña
LineaA:1063,LineaA:1074,270.0160191015575,399.0,Primera Junta,Piedras
LineaA:1063,LineaA:1076,856.0506310748145,1185.0,Primera Junta,Plaza de Mayo
LineaA:1063,LineaB:1077,41.033345998271315,78.0,Primera Junta,Juan Manuel de Rosas
LineaA:1063,LineaB:1078,6.209641704127285,11.0,Primera Junta,Echeverria
LineaA:1063,LineaB:1079,11.173030979850946,29.0,Primera Junta,De Los Incas - Parque Chas
LineaA:1063,LineaB:1080,7.618605197575948,22.0,Primera Junta,Tronador - Villa Ortuzar
LineaA:1063,LineaB:1081,17.51223666905691,35.0,Primera Junta,Federico Lacroze
LineaA:1063,LineaB:1082,11.174502128969538,14.0,Primera Junta,Dorrego
LineaA:1063,LineaB:1083,24.860132321582828,9.0,Primera Junta,angel Gallardo
LineaA:1063,LineaB:1084,18.758883974149693,23.0,Primera Junta,Malabia
LineaA:1063,LineaB:1085,75.47757978718272,41.0,Primera Junta,Medrano
LineaA:1063,LineaB:1086,41.24897526900955,45.0,Primera Junta,Carlos Gardel
LineaA:1063,LineaB:1088,43.05285983111768,35.0,Primera Junta,Pasteur
LineaA:1063,LineaB:1089,61.19543123345033,87.0,Primera Junta,Callao [B]
LineaA:1063,LineaB:1090,69.27655875948922,73.0,Primera Junta,Uruguay
LineaA:1063,LineaB:1092,37.194994357461795,64.0,Primera Junta,Florida
LineaA:1063,LineaC:1094,422.37824521823256,624.0,Primera Junta,Constitucion
LineaA:1063,LineaC:1095,44.589487282880654,83.0,Primera Junta,San Juan
LineaA:1063,LineaC:1097,18.71919956696152,21.0,Primera Junta,Moreno
LineaA:1063,LineaC:1098,323.66192090890695,510.0,Primera Junta,Avenida de Mayo / Lima
LineaA:1063,LineaC:1100,81.78932053714125,88.0,Primera Junta,Lavalle
LineaA:1063,LineaC:1101,99.77918805187902,115.0,Primera Junta,General San Martin
LineaA:1063,LineaD:1103,85.59607811037638,111.0,Primera Junta,Congreso de Tucuman
LineaA:1063,LineaD:1104,75.82324365636019,84.0,Primera Junta,Juramento
LineaA:1063,LineaD:1105,31.958700686416535,29.0,Primera Junta,Jose Hernandez
LineaA:1063,LineaD:1106,42.443645543784534,48.0,Primera Junta,Olleros
LineaA:1063,LineaD:1107,29.907078851042154,50.0,Primera Junta,Ministro Carranza
LineaA:1063,LineaD:1108,63.71923343264736,79.0,Primera Junta,Palermo
LineaA:1063,LineaD:1109,66.84862674075157,47.0,Primera Junta,Plaza Italia
LineaA:1063,LineaD:1110,45.912940553525374,33.0,Primera Junta,Scalabrini Ortiz
LineaA:1063,LineaD:1111,83.11221763382999,70.0,Primera Junta,Bulnes
LineaA:1063,LineaD:1112,29.030828069309774,35.0,Primera Junta,Agüero
LineaA:1063,LineaD:1114,67.50360179394809,34.0,Primera Junta,Facultad de Medicina
LineaA:1063,LineaD:1115,94.86510420104112,73.0,Primera Junta,Callao [D]
LineaA:1063,LineaD:1116,141.6478906037906,108.0,Primera Junta,Tribunales
LineaA:1063,LineaD:1117,84.43404322043314,109.0,Primera Junta,9 de Julio / Carlos Pellegrini / Diagonal Norte
LineaA:1063,LineaE:1119,742.1834761040379,951.0,Primera Junta,Bolivar / Catedral / Peru
LineaA:1063,LineaE:1120,49.394194004535265,22.0,Primera Junta,Belgrano
LineaA:1063,LineaE:1121,136.01469758475776,253.0,Primera Junta,Independencia
LineaA:1063,LineaE:1122,27.93395817706376,11.0,Primera Junta,San Jose
LineaA:1063,LineaE:1123,26.712798266145107,21.0,Primera Junta,Entre Rios
LineaA:1063,LineaE:1124,7.499053447459353,5.0,Primera Junta,Pichincha
LineaA:1063,LineaE:1126,16.941579059958887,9.0,Primera Junta,General Urquiza
LineaA:1063,LineaE:1127,26.389654687827203,17.0,Primera Junta,Boedo
LineaA:1063,LineaE:1128,19.053336108633466,10.0,Primera Junta,La Plata
LineaA:1063,LineaE:1129,16.461405840827602,20.0,Primera Junta,Jose Maria Moreno
LineaA:1063,LineaE:1130,24.151677553727243,6.0,Primera Junta,Emilio Mitre
LineaA:1063,LineaE:1131,16.45174493005935,6.0,Primera Junta,Medalla Milagrosa
LineaA:1063,LineaE:1132,11.510227233518915,8.0,Primera Junta,Varela
LineaA:1063,LineaE:1133,6.560952547699612,12.0,Primera Junta,Plaza de los Virreyes
LineaA:1063,LineaE:1164,257.8508826920401,189.0,Primera Junta,Retiro
LineaA:1063,LineaE:1165,185.9531134902956,138.0,Primera Junta,Catalinas
LineaA:1063,LineaE:1166,137.6653931192066,114.0,Primera Junta,Correo Central / Leandro N. Alem
LineaA:1063,LineaH:1134,47.85095050029234,71.0,Primera Junta,Hospitales
LineaA:1063,LineaH:1135,59.76705672071359,96.0,Primera Junta,Parque Patricios
LineaA:1063,LineaH:1136,72.34653497423142,53.0,Primera Junta,Caseros
LineaA:1063,LineaH:1137,33.08440038232137,53.0,Primera Junta,Inclan
LineaA:1063,LineaH:1138,51.88153307086797,73.0,Primera Junta,Humberto 1 / Jujuy
LineaA:1063,LineaH:1139,34.76588014814226,41.0,Primera Junta,Venezuela
LineaA:1063,LineaH:1140,443.14966176022597,315.0,Primera Junta,Once / Plaza Miserere
LineaA:1063,LineaH:1141,85.27878201212692,56.0,Primera Junta,Corrientes / Pueyrredon
LineaA:1063,LineaH:1160,130.28407642978004,141.0,Primera Junta,Cordoba
LineaA:1063,LineaH:1161,183.04088466335529,274.0,Primera Junta,Pueyrredon / Santa Fe
LineaA:1063,LineaH:1162,148.96288509120882,283.0,Primera Junta,Las Heras
LineaA:1063,LineaH:1163,68.5193435803291,110.0,Primera Junta,Facultad de Derecho
LineaA:1064,LineaA:1059,431.10067101549714,517.0,Acoyte,San Pedrito
LineaA:1064,LineaA:1060,439.2374257251224,415.0,Acoyte,San Jose de Flores
LineaA:1064,LineaA:1061,353.40531594434515,317.0,Acoyte,Carabobo
LineaA:1064,LineaA:1062,205.81012727885303,209.0,Acoyte,Puan
LineaA:1064,LineaA:1063,102.44690521511293,127.0,Acoyte,Primera Junta
LineaA:1064,LineaA:1065,139.7346080693371,133.0,Acoyte,Rio de Janeiro
LineaA:1064,LineaA:1066,358.0116113859222,299.0,Acoyte,Castro Barros
LineaA:1064,LineaA:1067,341.9179105669636,280.0,Acoyte,Loria
LineaA:1064,LineaA:1069,248.71347058587375,397.0,Acoyte,Alberti
LineaA:1064,LineaA:1070,76.32660873943014,24.0,Acoyte,Pasco
LineaA:1064,LineaA:1071,702.2254850525424,681.0,Acoyte,Congreso
LineaA:1064,LineaA:1072,358.72238099084035,416.0,Acoyte,Saenz Peña
LineaA:1064,LineaA:1074,301.9431796805448,385.0,Acoyte,Piedras
LineaA:1064,LineaA:1076,834.9279944467527,1037.0,Acoyte,Plaza de Mayo
LineaA:1064,LineaB:1077,44.80520442138102,77.0,Acoyte,Juan Manuel de Rosas
LineaA:1064,LineaB:1078,9.03299069203874,10.0,Acoyte,Echeverria
LineaA:1064,LineaB:1079,12.82280208251941,7.0,Acoyte,De Los Incas - Parque Chas
LineaA:1064,LineaB:1080,7.76259630637747,6.0,Acoyte,Tronador - Villa Ortuzar
LineaA:1064,LineaB:1081,13.79581857551753,11.0,Acoyte,Federico Lacroze
LineaA:1064,LineaB:1082,16.405373258495057,4.0,Acoyte,Dorrego
LineaA:1064,LineaB:1083,21.920242166570205,12.0,Acoyte,angel Gallardo
LineaA:1064,LineaB:1084,20.271789700545806,18.0,Acoyte,Malabia
LineaA:1064,LineaB:1085,55.75925803198109,17.0,Acoyte,Medrano
LineaA:1064,LineaB:1086,45.27092508718159,21.0,Acoyte,Carlos Gardel
LineaA:1064,LineaB:1088,41.049759553241856,37.0,Acoyte,Pasteur
LineaA:1064,LineaB:1089,75.56737387618276,56.0,Acoyte,Callao [B]
LineaA:1064,LineaB:1090,68.4421289988355,66.0,Acoyte,Uruguay
LineaA:1064,LineaB:1092,53.38734387993221,97.0,Acoyte,Florida
LineaA:1064,LineaC:1094,574.8444521418112,762.0,Acoyte,Constitucion
LineaA:1064,LineaC:1095,59.06789437932009,54.0,Acoyte,San Juan
LineaA:1064,LineaC:1097,31.159839965417063,29.0,Acoyte,Moreno
LineaA:1064,LineaC:1098,385.11019741973115,437.0,Acoyte,Avenida de Mayo / Lima
LineaA:1064,LineaC:1100,94.36231464580008,79.0,Acoyte,Lavalle
LineaA:1064,LineaC:1101,65.55362257277855,73.0,Acoyte,General San Martin
LineaA:1064,LineaD:1103,84.48419440688409,102.0,Acoyte,Congreso de Tucuman
LineaA:1064,LineaD:1104,79.99490818516834,49.0,Acoyte,Juramento
LineaA:1064,LineaD:1105,33.92697086499344,25.0,Acoyte,Jose Hernandez
LineaA:1064,LineaD:1106,17.77134030473401,2.0,Acoyte,Olleros
LineaA:1064,LineaD:1107,24.503443383175185,22.0,Acoyte,Ministro Carranza
LineaA:1064,LineaD:1108,45.508438714907356,25.0,Acoyte,Palermo
LineaA:1064,LineaD:1109,43.86442792439406,31.0,Acoyte,Plaza Italia
LineaA:1064,LineaD:1110,41.869214928760464,13.0,Acoyte,Scalabrini Ortiz
LineaA:1064,LineaD:1111,73.10876981639514,71.0,Acoyte,Bulnes
LineaA:1064,LineaD:1112,31.553812093924584,40.0,Acoyte,Agüero
LineaA:1064,LineaD:1114,63.840437956842656,17.0,Acoyte,Facultad de Medicina
LineaA:1064,LineaD:1115,106.09938366654383,56.0,Acoyte,Callao [D]
LineaA:1064,LineaD:1116,119.2364341390347,91.0,Acoyte,Tribunales
LineaA:1064,LineaD:1117,116.0415258516995,95.0,Acoyte,9 de Julio / Carlos Pellegrini / Diagonal Norte
LineaA:1064,LineaE:1119,749.3789452048225,792.0,Acoyte,Bolivar / Catedral / Peru
LineaA:1064,LineaE:1120,53.564686905364994,40.0,Acoyte,Belgrano
LineaA:1064,LineaE:1121,163.84550848095947,261.0,Acoyte,Independencia
LineaA:1064,LineaE:1122,28.21895670270544,7.0,Acoyte,San Jose
LineaA:1064,LineaE:1123,33.047442498803974,21.0,Acoyte,Entre Rios
LineaA:1064,LineaE:1124,19.148979678811834,13.0,Acoyte,Pichincha
LineaA:1064,LineaE:1126,22.914127124165834,6.0,Acoyte,General Urquiza
LineaA:1064,LineaE:1127,7.617975577583809,7.0,Acoyte,Boedo
LineaA:1064,LineaE:1128,14.028322062908167,4.0,Acoyte,La Plata
LineaA:1064,LineaE:1129,21.910099950352215,6.0,Acoyte,Jose Maria Moreno
LineaA:1064,LineaE:1130,27.950874544139715,1.0,Acoyte,Emilio Mitre
LineaA:1064,LineaE:1131,13.711485714085969,5.0,Acoyte,Medalla Milagrosa
LineaA:1064,LineaE:1132,30.139814488547238,3.0,Acoyte,Varela
LineaA:1064,LineaE:1133,16.54592182145386,15.0,Acoyte,Plaza de los Virreyes
LineaA:1064,LineaE:1164,187.3792581087862,212.0,Acoyte,Retiro
LineaA:1064,LineaE:1165,147.46800890280477,110.0,Acoyte,Catalinas
LineaA:1064,LineaE:1166,156.3080065870219,105.0,Acoyte,Correo Central / Leandro N. Alem
LineaA:1064,LineaH:1134,70.30511099103384,82.0,Acoyte,Hospitales
LineaA:1064,LineaH:1135,70.13584835560592,115.0,Acoyte,Parque Patricios
LineaA:1064,LineaH:1136,101.15475996180407,79.0,Acoyte,Caseros
LineaA:1064,LineaH:1137,105.19424648265974,136.0,Acoyte,Inclan
LineaA:1064,LineaH:1138,66.03240075988836,83.0,Acoyte,Humberto 1 / Jujuy
LineaA:1064,LineaH:1139,55.79109894217303,38.0,Acoyte,Venezuela
LineaA:1064,LineaH:1140,417.1023998858551,313.0,Acoyte,Once / Plaza Miserere
LineaA:1064,LineaH:1141,97.85010311709738,91.0,Acoyte,Corrientes / Pueyrredon
LineaA:1064,LineaH:1160,112.5686687067234,115.0,Acoyte,Cordoba
LineaA:1064,LineaH:1161,186.82860612473402,185.0,Acoyte,Pueyrredon / Santa Fe
LineaA:1064,LineaH:1162,186.08564011865974,171.0,Acoyte,Las Heras
LineaA:1064,LineaH:1163,58.635214331766775,82.0,Acoyte,Facultad de Derecho
LineaA:1065,LineaA:1059,405.0045805305943,542.0,Rio de Janeiro,San Pedrito
LineaA:1065,LineaA:1060,396.30427764126216,393.0,Rio de Janeiro,San Jose de Flores
LineaA:1065,LineaA:1061,301.2473675696596,304.0,Rio de Janeiro,Carabobo
LineaA:1065,LineaA:1062,203.34673317237778,201.0,Rio de Janeiro,Puan
LineaA:1065,LineaA:1063,312.8858928430378,423.0,Rio de Janeiro,Primera Junta
LineaA:1065,LineaA:1064,125.010265242379,160.0,Rio de Janeiro,Acoyte
LineaA:1065,LineaA:1066,113.40032037941148,101.0,Rio de Janeiro,Castro Barros
LineaA:1065,LineaA:1067,168.35146274647306,186.0,Rio de Janeiro,Loria
LineaA:1065,LineaA:1069,162.29965339893408,259.0,Rio de Janeiro,Alberti
LineaA:1065,LineaA:1070,44.53454816377722,13.0,Rio de Janeiro,Pasco
LineaA:1065,LineaA:1071,442.56439868215637,543.0,Rio de Janeiro,Congreso
LineaA:1065,LineaA:1072,192.5817149033633,289.0,Rio de Janeiro,Saenz Peña
LineaA:1065,LineaA:1074,196.5114183145267,284.0,Rio de Janeiro,Piedras
LineaA:1065,LineaA:1076,560.9297145849226,739.0,Rio de Janeiro,Plaza de Mayo
LineaA:1065,LineaB:1077,27.078730674355953,45.0,Rio de Janeiro,Juan Manuel de Rosas
LineaA:1065,LineaB:1078,12.658075608447195,7.0,Rio de Janeiro,Echeverria
LineaA:1065,LineaB:1079,9.18403200149584,9.0,Rio de Janeiro,De Los Incas - Parque Chas
LineaA:1065,LineaB:1080,2.520902473012267,0.0,Rio de Janeiro,Tronador - Villa Ortuzar
LineaA:1065,LineaB:1081,12.544911234378773,13.0,Rio de Janeiro,Federico Lacroze
LineaA:1065,LineaB:1082,7.691151289241506,16.0,Rio de Janeiro,Dorrego
LineaA:1065,LineaB:1083,18.077054819800367,10.0,Rio de Janeiro,angel Gallardo
LineaA:1065,LineaB:1084,17.782603782397516,11.0,Rio de Janeiro,Malabia
LineaA:1065,LineaB:1085,29.467055589069947,15.0,Rio de Janeiro,Medrano
LineaA:1065,LineaB:1086,31.512800993929943,26.0,Rio de Janeiro,Carlos Gardel
LineaA:1065,LineaB:1088,27.804321644339804,21.0,Rio de Janeiro,Pasteur
LineaA:1065,LineaB:1089,68.73332087175517,41.0,Rio de Janeiro,Callao [B]
LineaA:1065,LineaB:1090,53.69335138724927,43.0,Rio de Janeiro,Uruguay
LineaA:1065,LineaB:1092,36.13024677350633,54.0,Rio de Janeiro,Florida
LineaA:1065,LineaC:1094,315.69007812136454,433.0,Rio de Janeiro,Constitucion
LineaA:1065,LineaC:1095,37.65679375203108,44.0,Rio de Janeiro,San Juan
LineaA:1065,LineaC:1097,28.64591509790167,9.0,Rio de Janeiro,Moreno
LineaA:1065,LineaC:1098,245.8282649060348,335.0,Rio de Janeiro,Avenida de Mayo / Lima
LineaA:1065,LineaC:1100,63.33002029559594,46.0,Rio de Janeiro,Lavalle
LineaA:1065,LineaC:1101,62.1221414838293,49.0,Rio de Janeiro,General San Martin
LineaA:1065,LineaD:1103,68.79879478183783,81.0,Rio de Janeiro,Congreso de Tucuman
LineaA:1065,LineaD:1104,57.453580430636876,37.0,Rio de Janeiro,Juramento
LineaA:1065,LineaD:1105,21.48022548131933,11.0,Rio de Janeiro,Jose Hernandez
LineaA:1065,LineaD:1106,21.279044265091116,18.0,Rio de Janeiro,Olleros
LineaA:1065,LineaD:1107,17.686243646595052,20.0,Rio de Janeiro,Ministro Carranza
LineaA:1065,LineaD:1108,30.227520485274948,34.0,Rio de Janeiro,Palermo
LineaA:1065,LineaD:1109,23.558825246696276,14.0,Rio de Janeiro,Plaza Italia
LineaA:1065,LineaD:1110,43.01364128469128,27.0,Rio de Janeiro,Scalabrini Ortiz
LineaA:1065,LineaD:1111,66.63628745074242,54.0,Rio de Janeiro,Bulnes
LineaA:1065,LineaD:1112,24.005831838909153,22.0,Rio de Janeiro,Agüero
LineaA:1065,LineaD:1114,55.1532490601563,20.0,Rio de Janeiro,Facultad de Medicina
LineaA:1065,LineaD:1115,72.0265649856778,47.0,Rio de Janeiro,Callao [D]
LineaA:1065,LineaD:1116,96.92312317348473,51.0,Rio de Janeiro,Tribunales
LineaA:1065,LineaD:1117,76.37451840148434,107.0,Rio de Janeiro,9 de Julio / Carlos Pellegrini / Diagonal Norte
LineaA:1065,LineaE:1119,491.0952948018849,623.0,Rio de Janeiro,Bolivar / Catedral / Peru
LineaA:1065,LineaE:1120,29.901826739023385,11.0,Rio de Janeiro,Belgrano
LineaA:1065,LineaE:1121,127.45629302929875,199.0,Rio de Janeiro,Independencia
LineaA:1065,LineaE:1122,25.714474107505605,13.0,Rio de Janeiro,San Jose
LineaA:1065,LineaE:1123,27.938341563674637,15.0,Rio de Janeiro,Entre Rios
LineaA:1065,LineaE:1124,10.089590770250151,3.0,Rio de Janeiro,Pichincha
LineaA:1065,LineaE:1126,11.505283573554397,7.0,Rio de Janeiro,General Urquiza
LineaA:1065,LineaE:1127,3.9100948080691005,5.0,Rio de Janeiro,Boedo
LineaA:1065,LineaE:1128,20.09123300802521,13.0,Rio de Janeiro,La Plata
LineaA:1065,LineaE:1129,12.82471537649064,2.0,Rio de Janeiro,Jose Maria Moreno
LineaA:1065,LineaE:1130,20.40281599211058,7.0,Rio de Janeiro,Emilio Mitre
LineaA:1065,LineaE:1131,2.6129536465372585,6.0,Rio de Janeiro,Medalla Milagrosa
LineaA:1065,LineaE:1132,11.197414319489635,5.0,Rio de Janeiro,Varela
LineaA:1065,LineaE:1133,16.467034296626494,7.0,Rio de Janeiro,Plaza de los Virreyes
LineaA:1065,LineaE:1164,187.03058328637044,146.0,Rio de Janeiro,Retiro
LineaA:1065,LineaE:1165,112.28122896779868,85.0,Rio de Janeiro,Catalinas
LineaA:1065,LineaE:1166,106.01072955417526,73.0,Rio de Janeiro,Correo Central / Leandro N. Alem
LineaA:1065,LineaH:1134,33.779452704960136,40.0,Rio de Janeiro,Hospitales
LineaA:1065,LineaH:1135,26.299067762291823,29.0,Rio de Janeiro,Parque Patricios
LineaA:1065,LineaH:1136,49.946895044202364,55.0,Rio de Janeiro,Caseros
LineaA:1065,LineaH:1137,38.40627900482231,63.0,Rio de Janeiro,Inclan
LineaA:1065,LineaH:1138,48.77627044352785,84.0,Rio de Janeiro,Humberto 1 / Jujuy
LineaA:1065,LineaH:1139,36.69315795832942,48.0,Rio de Janeiro,Venezuela
LineaA:1065,LineaH:1140,340.0931197187361,203.0,Rio de Janeiro,Once / Plaza Miserere
LineaA:1065,LineaH:1141,55.51819508614528,55.0,Rio de Janeiro,Corrientes / Pueyrredon
LineaA:1065,LineaH:1160,98.5168638933374,76.0,Rio de Janeiro,Cordoba
LineaA:1065,LineaH:1161,151.9576434971313,209.0,Rio de Janeiro,Pueyrredon / Santa Fe
LineaA:1065,LineaH:1162,147.67315902126512,198.0,Rio de Janeiro,Las Heras
LineaA:1065,LineaH:1163,35.79803349689668,86.0,Rio de Janeiro,Facultad de Derecho
LineaA:1066,LineaA:1059,372.83016443890114,691.0,Castro Barros,San Pedrito
LineaA:1066,LineaA:1060,436.92929453307255,390.0,Castro Barros,San Jose de Flores
LineaA:1066,LineaA:1061,263.2926403532183,326.0,Castro Barros,Carabobo
LineaA:1066,LineaA:1062,189.0349378958712,209.0,Castro Barros,Puan
LineaA:1066,LineaA:1063,291.29511619085565,413.0,Castro Barros,Primera Junta
LineaA:1066,LineaA:1064,313.5079949434471,322.0,Castro Barros,Acoyte
LineaA:1066,LineaA:1065,112.07222729835085,126.0,Castro Barros,Rio de Janeiro
LineaA:1066,LineaA:1067,36.66887537395065,54.0,Castro Barros,Loria
LineaA:1066,LineaA:1069,114.39911030851015,175.0,Castro Barros,Alberti
LineaA:1066,LineaA:1070,45.463686822395864,16.0,Castro Barros,Pasco
LineaA:1066,LineaA:1071,270.4146126648018,348.0,Castro Barros,Congreso
LineaA:1066,LineaA:1072,133.6393878847502,183.0,Castro Barros,Saenz Peña
LineaA:1066,LineaA:1074,117.66409006577997,165.0,Castro Barros,Piedras
LineaA:1066,LineaA:1076,435.2808855643837,465.0,Castro Barros,Plaza de Mayo
LineaA:1066,LineaB:1077,22.046844632146808,16.0,Castro Barros,Juan Manuel de Rosas
LineaA:1066,LineaB:1078,3.717821897294887,5.0,Castro Barros,Echeverria
LineaA:1066,LineaB:1079,5.114606114997903,14.0,Castro Barros,De Los Incas - Parque Chas
LineaA:1066,LineaB:1080,2.459436141883862,2.0,Castro Barros,Tronador - Villa Ortuzar
LineaA:1066,LineaB:1081,15.321006941892813,23.0,Castro Barros,Federico Lacroze
LineaA:1066,LineaB:1082,7.884744229923397,7.0,Castro Barros,Dorrego
LineaA:1066,LineaB:1083,9.011615591448495,13.0,Castro Barros,angel Gallardo
LineaA:1066,LineaB:1084,21.514010684656412,12.0,Castro Barros,Malabia
LineaA:1066,LineaB:1085,32.38827089097803,41.0,Castro Barros,Medrano
LineaA:1066,LineaB:1086,15.266680471277231,16.0,Castro Barros,Carlos Gardel
LineaA:1066,LineaB:1088,26.402715931558017,18.0,Castro Barros,Pasteur
LineaA:1066,LineaB:1089,51.53446066873502,36.0,Castro Barros,Callao [B]
LineaA:1066,LineaB:1090,45.90466744365836,45.0,Castro Barros,Uruguay
LineaA:1066,LineaB:1092,27.696154675060043,59.0,Castro Barros,Florida
LineaA:1066,LineaC:1094,363.6302657522146,404.0,Castro Barros,Constitucion
LineaA:1066,LineaC:1095,34.10892835121453,36.0,Castro Barros,San Juan
LineaA:1066,LineaC:1097,21.540014384307177,12.0,Castro Barros,Moreno
LineaA:1066,LineaC:1098,189.1923396496847,293.0,Castro Barros,Avenida de Mayo / Lima
LineaA:1066,LineaC:1100,28.91652265201956,31.0,Castro Barros,Lavalle
LineaA:1066,LineaC:1101,37.39751697446855,43.0,Castro Barros,General San Martin
LineaA:1066,LineaD:1103,56.33733607981839,76.0,Castro Barros,Congreso de Tucuman
LineaA:1066,LineaD:1104,32.946352001382415,49.0,Castro Barros,Juramento
LineaA:1066,LineaD:1105,28.085158430687837,13.0,Castro Barros,Jose Hernandez
LineaA:1066,LineaD:1106,30.192634645305112,15.0,Castro Barros,Olleros
LineaA:1066,LineaD:1107,17.6062050925515,12.0,Castro Barros,Ministro Carranza
LineaA:1066,LineaD:1108,38.84126226781494,33.0,Castro Barros,Palermo
LineaA:1066,LineaD:1109,29.89976686835442,18.0,Castro Barros,Plaza Italia
LineaA:1066,LineaD:1110,27.54559210097558,15.0,Castro Barros,Scalabrini Ortiz
LineaA:1066,LineaD:1111,30.295854654443968,11.0,Castro Barros,Bulnes
LineaA:1066,LineaD:1112,7.7890356097716715,10.0,Castro Barros,Agüero
LineaA:1066,LineaD:1114,30.325334212125675,5.0,Castro Barros,Facultad de Medicina
LineaA:1066,LineaD:1115,33.842728473012365,30.0,Castro Barros,Callao [D]
LineaA:1066,LineaD:1116,54.62804798145123,43.0,Castro Barros,Tribunales
LineaA:1066,LineaD:1117,70.83451190984653,70.0,Castro Barros,9 de Julio / Carlos Pellegrini / Diagonal Norte
LineaA:1066,LineaE:1119,350.58997249492324,407.0,Castro Barros,Bolivar / Catedral / Peru
LineaA:1066,LineaE:1120,29.82886290430078,8.0,Castro Barros,Belgrano
LineaA:1066,LineaE:1121,111.78130624221812,147.0,Castro Barros,Independencia
LineaA:1066,LineaE:1122,17.858512295957016,22.0,Castro Barros,San Jose
LineaA:1066,LineaE:1123,24.600581371060443,15.0,Castro Barros,Entre Rios
LineaA:1066,LineaE:1124,7.614365521802678,14.0,Castro Barros,Pichincha
LineaA:1066,LineaE:1126,5.029629349528246,7.0,Castro Barros,General Urquiza
LineaA:1066,LineaE:1127,12.810354900951847,7.0,Castro Barros,Boedo
LineaA:1066,LineaE:1128,15.024347128592803,5.0,Castro Barros,La Plata
LineaA:1066,LineaE:1129,21.841485242311094,16.0,Castro Barros,Jose Maria Moreno
LineaA:1066,LineaE:1130,21.79289201526003,9.0,Castro Barros,Emilio Mitre
LineaA:1066,LineaE:1131,7.485435106537787,1.0,Castro Barros,Medalla Milagrosa
LineaA:1066,LineaE:1132,8.873721480996487,6.0,Castro Barros,Varela
LineaA:1066,LineaE:1133,16.56048901135239,12.0,Castro Barros,Plaza de los Virreyes
LineaA:1066,LineaE:1164,138.3280140887501,143.0,Castro Barros,Retiro
LineaA:1066,LineaE:1165,55.76958839364649,52.0,Castro Barros,Catalinas
LineaA:1066,LineaE:1166,90.19594308064613,71.0,Castro Barros,Correo Central / Leandro N. Alem
LineaA:1066,LineaH:1134,25.5082502518093,42.0,Castro Barros,Hospitales
LineaA:1066,LineaH:1135,41.29941401871536,97.0,Castro Barros,Parque Patricios
LineaA:1066,LineaH:1136,92.18622527253466,84.0,Castro Barros,Caseros
LineaA:1066,LineaH:1137,55.20463682339799,63.0,Castro Barros,Inclan
LineaA:1066,LineaH:1138,63.13179263458553,64.0,Castro Barros,Humberto 1 / Jujuy
LineaA:1066,LineaH:1139,29.484187627623992,31.0,Castro Barros,Venezuela
LineaA:1066,LineaH:1140,219.43548839586367,214.0,Castro Barros,Once / Plaza Miserere
LineaA:1066,LineaH:1141,42.665116836157125,35.0,Castro Barros,Corrientes / Pueyrredon
LineaA:1066,LineaH:1160,44.0954572427089,55.0,Castro Barros,Cordoba
LineaA:1066,LineaH:1161,95.37937256594208,130.0,Castro Barros,Pueyrredon / Santa Fe
LineaA:1066,LineaH:1162,118.09781796145035,98.0,Castro Barros,Las Heras
LineaA:1066,LineaH:1163,25.99655382227703,53.0,Castro Barros,Facultad de Derecho
LineaA:1067,LineaA:1059,266.3105291854754,444.0,Loria,San Pedrito
LineaA:1067,LineaA:1060,324.1122669501589,234.0,Loria,San Jose de Flores
LineaA:1067,LineaA:1061,184.62975152224027,204.0,Loria,Carabobo
LineaA:1067,LineaA:1062,161.67486009983176,92.0,Loria,Puan
LineaA:1067,LineaA:1063,221.2988340182598,249.0,Loria,Primera Junta
LineaA:1067,LineaA:1064,342.6938006585207,298.0,Loria,Acoyte
LineaA:1067,LineaA:1065,171.5127742229431,177.0,Loria,Rio de Janeiro
LineaA:1067,LineaA:1066,57.24507628457603,49.0,Loria,Castro Barros
LineaA:1067,LineaA:1069,106.55660412169286,178.0,Loria,Alberti
LineaA:1067,LineaA:1070,37.984369156711146,15.0,Loria,Pasco
LineaA:1067,LineaA:1071,281.8397809045114,303.0,Loria,Congreso
LineaA:1067,LineaA:1072,104.39921792974994,146.0,Loria,Saenz Peña
LineaA:1067,LineaA:1074,99.90435609577749,141.0,Loria,Piedras
LineaA:1067,LineaA:1076,335.6641406217562,431.0,Loria,Plaza de Mayo
LineaA:1067,LineaB:1077,26.412280313894634,29.0,Loria,Juan Manuel de Rosas
LineaA:1067,LineaB:1078,1.348399100705481,6.0,Loria,Echeverria
LineaA:1067,LineaB:1079,6.546148493526323,3.0,Loria,De Los Incas - Parque Chas
LineaA:1067,LineaB:1080,4.947293784896841,3.0,Loria,Tronador - Villa Ortuzar
LineaA:1067,LineaB:1081,21.790411701609152,22.0,Loria,Federico Lacroze
LineaA:1067,LineaB:1082,14.089097569318437,17.0,Loria,Dorrego
LineaA:1067,LineaB:1083,15.388021764000264,6.0,Loria,angel Gallardo
LineaA:1067,LineaB:1084,21.30103540041798,14.0,Loria,Malabia
LineaA:1067,LineaB:1085,18.918306526634886,22.0,Loria,Medrano
LineaA:1067,LineaB:1086,15.32134465269724,20.0,Loria,Carlos Gardel
LineaA:1067,LineaB:1088,11.220591910353253,15.0,Loria,Pasteur
LineaA:1067,LineaB:1089,40.11149403749227,37.0,Loria,Callao [B]
LineaA:1067,LineaB:1090,36.27287753701693,42.0,Loria,Uruguay
LineaA:1067,LineaB:1092,21.04380501673737,32.0,Loria,Florida
LineaA:1067,LineaC:1094,426.7505153826958,430.0,Loria,Constitucion
LineaA:1067,LineaC:1095,32.70936275863144,33.0,Loria,San Juan
LineaA:1067,LineaC:1097,16.160831796455476,3.0,Loria,Moreno
LineaA:1067,LineaC:1098,179.75975594460778,214.0,Loria,Avenida de Mayo / Lima
LineaA:1067,LineaC:1100,47.6353937945463,26.0,Loria,Lavalle
LineaA:1067,LineaC:1101,27.456959755602373,34.0,Loria,General San Martin
LineaA:1067,LineaD:1103,45.445991912454815,91.0,Loria,Congreso de Tucuman
LineaA:1067,LineaD:1104,50.02527246924175,56.0,Loria,Juramento
LineaA:1067,LineaD:1105,29.097031822330663,32.0,Loria,Jose Hernandez
LineaA:1067,LineaD:1106,27.683569662919425,25.0,Loria,Olleros
LineaA:1067,LineaD:1107,24.154917646618813,32.0,Loria,Ministro Carranza
LineaA:1067,LineaD:1108,53.974379099201414,31.0,Loria,Palermo
LineaA:1067,LineaD:1109,53.285904552224586,28.0,Loria,Plaza Italia
LineaA:1067,LineaD:1110,32.830625169448346,11.0,Loria,Scalabrini Ortiz
LineaA:1067,LineaD:1111,34.37062031448679,38.0,Loria,Bulnes
LineaA:1067,LineaD:1112,13.844777623738704,8.0,Loria,Agüero
LineaA:1067,LineaD:1114,35.44794827124701,10.0,Loria,Facultad de Medicina
LineaA:1067,LineaD:1115,28.840683501984937,17.0,Loria,Callao [D]
LineaA:1067,LineaD:1116,65.41754239312145,20.0,Loria,Tribunales
LineaA:1067,LineaD:1117,62.91573404183818,40.0,Loria,9 de Julio / Carlos Pellegrini / Diagonal Norte
LineaA:1067,LineaE:1119,280.6963196993098,329.0,Loria,Bolivar / Catedral / Peru
LineaA:1067,LineaE:1120,32.90673473713663,10.0,Loria,Belgrano
LineaA:1067,LineaE:1121,66.33673432785304,82.0,Loria,Independencia
LineaA:1067,LineaE:1122,17.898497510722184,12.0,Loria,San Jose
LineaA:1067,LineaE:1123,14.088575985798013,9.0,Loria,Entre Rios
LineaA:1067,LineaE:1124,6.277895336205632,4.0,Loria,Pichincha
LineaA:1067,LineaE:1126,7.507951376677813,0.0,Loria,General Urquiza
LineaA:1067,LineaE:1127,16.68975547656883,2.0,Loria,Boedo
LineaA:1067,LineaE:1128,16.695603571085687,7.0,Loria,La Plata
LineaA:1067,LineaE:1129,34.18225912959447,15.0,Loria,Jose Maria Moreno
LineaA:1067,LineaE:1130,16.719282874305897,5.0,Loria,Emilio Mitre
LineaA:1067,LineaE:1131,10.686695250144199,3.0,Loria,Medalla Milagrosa
LineaA:1067,LineaE:1132,13.99703241630531,0.0,Loria,Varela
LineaA:1067,LineaE:1133,11.762354319483352,13.0,Loria,Plaza de los Virreyes
LineaA:1067,LineaE:1164,171.84039286724024,146.0,Loria,Retiro
LineaA:1067,LineaE:1165,52.128485109727215,35.0,Loria,Catalinas
LineaA:1067,LineaE:1166,77.43486403221934,58.0,Loria,Correo Central / Leandro N. Alem
LineaA:1067,LineaH:1134,43.41589200223788,38.0,Loria,Hospitales
LineaA:1067,LineaH:1135,40.163034737672625,49.0,Loria,Parque Patricios
LineaA:1067,LineaH:1136,41.66557381680726,70.0,Loria,Caseros
LineaA:1067,LineaH:1137,31.304293696615872,53.0,Loria,Inclan
LineaA:1067,LineaH:1138,46.68450158409224,60.0,Loria,Humberto 1 / Jujuy
LineaA:1067,LineaH:1139,25.189443110236773,24.0,Loria,Venezuela
LineaA:1067,LineaH:1140,172.1981702897873,129.0,Loria,Once / Plaza Miserere
LineaA:1067,LineaH:1141,31.6723533042887,26.0,Loria,Corrientes / Pueyrredon
LineaA:1067,LineaH:1160,55.360929448748976,43.0,Loria,Cordoba
LineaA:1067,LineaH:1161,72.5559361881064,103.0,Loria,Pueyrredon / Santa Fe
LineaA:1067,LineaH:1162,83.12779879828224,77.0,Loria,Las Heras
LineaA:1067,LineaH:1163,19.772451599238916,31.0,Loria,Facultad de Derecho
LineaA:1069,LineaA:1059,404.53592742619446,1057.0,Alberti,San Pedrito
LineaA:1069,LineaA:1060,551.4383429764697,416.0,Alberti,San Jose de Flores
LineaA:1069,LineaA:1061,280.11314206728713,358.0,Alberti,Carabobo
LineaA:1069,LineaA:1062,181.04433417831117,234.0,Alberti,Puan
LineaA:1069,LineaA:1063,302.50756643136907,458.0,Alberti,Primera Junta
LineaA:1069,LineaA:1064,362.74772199165545,476.0,Alberti,Acoyte
LineaA:1069,LineaA:1065,240.21461799289582,318.0,Alberti,Rio de Janeiro
LineaA:1069,LineaA:1066,164.13495300554837,229.0,Alberti,Castro Barros
LineaA:1069,LineaA:1067,131.47854641198737,205.0,Alberti,Loria
LineaA:1069,LineaA:1070,11.557274587337393,34.0,Alberti,Pasco
LineaA:1069,LineaA:1071,17.725338933905608,25.0,Alberti,Congreso
LineaA:1069,LineaA:1072,2.6786922499335573,18.0,Alberti,Saenz Peña
LineaA:1069,LineaA:1074,0.0,7.0,Alberti,Piedras
LineaA:1069,LineaA:1076,6.273479095953919,14.0,Alberti,Plaza de Mayo
LineaA:1069,LineaB:1077,5.130648066677532,29.0,Alberti,Juan Manuel de Rosas
LineaA:1069,LineaB:1078,1.3922966401414678,9.0,Alberti,Echeverria
LineaA:1069,LineaB:1079,1.3922966401414678,5.0,Alberti,De Los Incas - Parque Chas
LineaA:1069,LineaB:1080,1.2563479271804898,13.0,Alberti,Tronador - Villa Ortuzar
LineaA:1069,LineaB:1081,7.603663292867678,42.0,Alberti,Federico Lacroze
LineaA:1069,LineaB:1082,7.512593657932744,27.0,Alberti,Dorrego
LineaA:1069,LineaB:1083,29.071247563706,14.0,Alberti,angel Gallardo
LineaA:1069,LineaB:1084,20.207742182581576,35.0,Alberti,Malabia
LineaA:1069,LineaB:1085,21.490373033198953,24.0,Alberti,Medrano
LineaA:1069,LineaB:1086,15.541621018735222,15.0,Alberti,Carlos Gardel
LineaA:1069,LineaB:1088,10.269340340902186,23.0,Alberti,Pasteur
LineaA:1069,LineaB:1089,0.0,3.0,Alberti,Callao [B]
LineaA:1069,LineaB:1090,1.2288473505888862,5.0,Alberti,Uruguay
LineaA:1069,LineaB:1092,3.736399547380464,12.0,Alberti,Florida
LineaA:1069,LineaC:1094,13.772021313505057,43.0,Alberti,Constitucion
LineaA:1069,LineaC:1095,2.510755382819428,2.0,Alberti,San Juan
LineaA:1069,LineaC:1097,0.0,2.0,Alberti,Moreno
LineaA:1069,LineaC:1098,2.4983328827611064,21.0,Alberti,Avenida de Mayo / Lima
LineaA:1069,LineaC:1100,0.0,4.0,Alberti,Lavalle
LineaA:1069,LineaC:1101,1.25492483495506,5.0,Alberti,General San Martin
LineaA:1069,LineaD:1103,30.413337115676153,51.0,Alberti,Congreso de Tucuman
LineaA:1069,LineaD:1104,16.51075141789639,19.0,Alberti,Juramento
LineaA:1069,LineaD:1105,10.336975577508026,18.0,Alberti,Jose Hernandez
LineaA:1069,LineaD:1106,11.748324891673317,9.0,Alberti,Olleros
LineaA:1069,LineaD:1107,8.752938265576027,12.0,Alberti,Ministro Carranza
LineaA:1069,LineaD:1108,9.861359178085669,18.0,Alberti,Palermo
LineaA:1069,LineaD:1109,11.416248544213564,11.0,Alberti,Plaza Italia
LineaA:1069,LineaD:1110,11.192222965493684,11.0,Alberti,Scalabrini Ortiz
LineaA:1069,LineaD:1111,10.11003133249071,15.0,Alberti,Bulnes
LineaA:1069,LineaD:1112,10.129105480708699,3.0,Alberti,Agüero
LineaA:1069,LineaD:1114,2.679515340813343,0.0,Alberti,Facultad de Medicina
LineaA:1069,LineaD:1115,3.7690437815414697,11.0,Alberti,Callao [D]
LineaA:1069,LineaD:1116,3.7632686360839935,6.0,Alberti,Tribunales
LineaA:1069,LineaD:1117,2.500682242209908,8.0,Alberti,9 de Julio / Carlos Pellegrini / Diagonal Norte
LineaA:1069,LineaE:1119,2.6472214750965275,23.0,Alberti,Bolivar / Catedral / Peru
LineaA:1069,LineaE:1120,1.427680478428022,3.0,Alberti,Belgrano
LineaA:1069,LineaE:1121,2.681099444601896,2.0,Alberti,Independencia
LineaA:1069,LineaE:1122,1.2234557595993325,1.0,Alberti,San Jose
LineaA:1069,LineaE:1123,2.682605313383082,5.0,Alberti,Entre Rios
LineaA:1069,LineaE:1124,3.833594378474857,0.0,Alberti,Pichincha
LineaA:1069,LineaE:1126,8.775843000816707,16.0,Alberti,General Urquiza
LineaA:1069,LineaE:1127,10.14505129609977,18.0,Alberti,Boedo
LineaA:1069,LineaE:1128,15.466027623206193,23.0,Alberti,La Plata
LineaA:1069,LineaE:1129,41.53089079012719,43.0,Alberti,Jose Maria Moreno
LineaA:1069,LineaE:1130,28.21720137243574,19.0,Alberti,Emilio Mitre
LineaA:1069,LineaE:1131,8.752327249202573,21.0,Alberti,Medalla Milagrosa
LineaA:1069,LineaE:1132,10.194047349153776,6.0,Alberti,Varela
LineaA:1069,LineaE:1133,13.899876371258264,29.0,Alberti,Plaza de los Virreyes
LineaA:1069,LineaE:1164,7.469316011801752,27.0,Alberti,Retiro
LineaA:1069,LineaE:1166,1.252369627408403,4.0,Alberti,Correo Central / Leandro N. Alem
LineaA:1069,LineaH:1134,49.91866313063904,92.0,Alberti,Hospitales
LineaA:1069,LineaH:1135,41.796948398405526,62.0,Alberti,Parque Patricios
LineaA:1069,LineaH:1136,21.525964740939102,28.0,Alberti,Caseros
LineaA:1069,LineaH:1137,16.69527590489235,14.0,Alberti,Inclan
LineaA:1069,LineaH:1138,15.041172332978665,48.0,Alberti,Humberto 1 / Jujuy
LineaA:1069,LineaH:1139,11.93031758117508,12.0,Alberti,Venezuela
LineaA:1069,LineaH:1140,0.0,145.0,Alberti,Once / Plaza Miserere
LineaA:1069,LineaH:1141,8.882290008622196,18.0,Alberti,Corrientes / Pueyrredon
LineaA:1069,LineaH:1160,11.422809618123196,28.0,Alberti,Cordoba
LineaA:1069,LineaH:1161,31.516119581695154,43.0,Alberti,Pueyrredon / Santa Fe
LineaA:1069,LineaH:1162,23.929149781266155,45.0,Alberti,Las Heras
LineaA:1069,LineaH:1163,16.151131893587653,27.0,Alberti,Facultad de Derecho
LineaA:1070,LineaA:1059,1.2645545458317773,38.0,Pasco,San Pedrito
LineaA:1070,LineaA:1060,6.434357162318062,12.0,Pasco,San Jose de Flores
LineaA:1070,LineaA:1061,3.8775081923690355,12.0,Pasco,Carabobo
LineaA:1070,LineaA:1062,1.427680478428022,0.0,Pasco,Puan
LineaA:1070,LineaA:1063,5.010262945304935,11.0,Pasco,Primera Junta
LineaA:1070,LineaA:1064,6.267855365265428,8.0,Pasco,Acoyte
LineaA:1070,LineaA:1065,6.615840068333741,8.0,Pasco,Rio de Janeiro
LineaA:1070,LineaA:1066,5.011507438084938,10.0,Pasco,Castro Barros
LineaA:1070,LineaA:1067,1.253418966173874,13.0,Pasco,Loria
LineaA:1070,LineaA:1069,17.703081565217644,45.0,Pasco,Alberti
LineaA:1070,LineaA:1071,0.0,47.0,Pasco,Congreso
LineaA:1070,LineaA:1072,55.092153571873695,113.0,Pasco,Saenz Peña
LineaA:1070,LineaA:1074,62.33513191850057,139.0,Pasco,Piedras
LineaA:1070,LineaA:1076,199.95718327767096,289.0,Pasco,Plaza de Mayo
LineaA:1070,LineaB:1077,1.252369627408403,13.0,Pasco,Juan Manuel de Rosas
LineaA:1070,LineaB:1078,1.25492483495506,4.0,Pasco,Echeverria
LineaA:1070,LineaB:1081,1.2563479271804898,19.0,Pasco,Federico Lacroze
LineaA:1070,LineaB:1082,0.0,4.0,Pasco,Dorrego
LineaA:1070,LineaB:1083,0.0,4.0,Pasco,angel Gallardo
LineaA:1070,LineaB:1084,2.500682242209908,3.0,Pasco,Malabia
LineaA:1070,LineaB:1085,2.606784856116506,7.0,Pasco,Medrano
LineaA:1070,LineaB:1086,1.252369627408403,8.0,Pasco,Carlos Gardel
LineaA:1070,LineaB:1088,6.330991066774772,26.0,Pasco,Pasteur
LineaA:1070,LineaB:1089,6.2342688476156,3.0,Pasco,Callao [B]
LineaA:1070,LineaB:1090,19.893445544972842,21.0,Pasco,Uruguay
LineaA:1070,LineaB:1092,22.457881726345335,23.0,Pasco,Florida
LineaA:1070,LineaC:1094,405.4412360764872,520.0,Pasco,Constitucion
LineaA:1070,LineaC:1095,29.270374584262257,50.0,Pasco,San Juan
LineaA:1070,LineaC:1097,15.223011418284026,9.0,Pasco,Moreno
LineaA:1070,LineaC:1098,103.02738227143044,145.0,Pasco,Avenida de Mayo / Lima
LineaA:1070,LineaC:1100,28.998819956315195,36.0,Pasco,Lavalle
LineaA:1070,LineaC:1101,19.118535360685293,14.0,Pasco,General San Martin
LineaA:1070,LineaD:1103,24.420406118925843,24.0,Pasco,Congreso de Tucuman
LineaA:1070,LineaD:1104,18.06420793390535,20.0,Pasco,Juramento
LineaA:1070,LineaD:1105,8.939353144958655,16.0,Pasco,Jose Hernandez
LineaA:1070,LineaD:1106,7.902343816036846,16.0,Pasco,Olleros
LineaA:1070,LineaD:1107,1.2491664413805532,1.0,Pasco,Ministro Carranza
LineaA:1070,LineaD:1108,6.2816857146052065,6.0,Pasco,Palermo
LineaA:1070,LineaD:1109,5.158046670971558,9.0,Pasco,Plaza Italia
LineaA:1070,LineaD:1110,4.960280108732199,3.0,Pasco,Scalabrini Ortiz
LineaA:1070,LineaD:1111,6.210988032422106,7.0,Pasco,Bulnes
LineaA:1070,LineaD:1112,1.250341121104954,4.0,Pasco,Agüero
LineaA:1070,LineaD:1114,1.250341121104954,0.0,Pasco,Facultad de Medicina
LineaA:1070,LineaD:1115,9.999995509784338,8.0,Pasco,Callao [D]
LineaA:1070,LineaD:1116,26.194134855582572,17.0,Pasco,Tribunales
LineaA:1070,LineaD:1117,40.66140947996395,52.0,Pasco,9 de Julio / Carlos Pellegrini / Diagonal Norte
LineaA:1070,LineaE:1119,224.28140522956804,289.0,Pasco,Bolivar / Catedral / Peru
LineaA:1070,LineaE:1120,20.064887239030135,23.0,Pasco,Belgrano
LineaA:1070,LineaE:1121,32.91226642226527,59.0,Pasco,Independencia
LineaA:1070,LineaE:1122,15.104224348665317,13.0,Pasco,San Jose
LineaA:1070,LineaE:1123,1.25492483495506,0.0,Pasco,Entre Rios
LineaA:1070,LineaE:1124,2.5148956669367313,0.0,Pasco,Pichincha
LineaA:1070,LineaE:1126,1.2563479271804898,0.0,Pasco,General Urquiza
LineaA:1070,LineaE:1127,2.520902473012267,4.0,Pasco,Boedo
LineaA:1070,LineaE:1128,0.0,7.0,Pasco,La Plata
LineaA:1070,LineaE:1129,3.9414014656403524,0.0,Pasco,Jose Maria Moreno
LineaA:1070,LineaE:1130,1.2524394404640051,0.0,Pasco,Emilio Mitre
LineaA:1070,LineaE:1131,1.2234557595993325,0.0,Pasco,Medalla Milagrosa
LineaA:1070,LineaE:1132,2.519479380786837,4.0,Pasco,Varela
LineaA:1070,LineaE:1133,2.505788593582277,6.0,Pasco,Plaza de los Virreyes
LineaA:1070,LineaE:1164,140.53073121352816,132.0,Pasco,Retiro
LineaA:1070,LineaE:1165,30.179359169439405,28.0,Pasco,Catalinas
LineaA:1070,LineaE:1166,54.11942064442128,35.0,Pasco,Correo Central / Leandro N. Alem
LineaA:1070,LineaH:1134,2.504809067872408,17.0,Pasco,Hospitales
LineaA:1070,LineaH:1135,0.0,6.0,Pasco,Parque Patricios
LineaA:1070,LineaH:1136,0.0,6.0,Pasco,Caseros
LineaA:1070,LineaH:1137,1.2583857554110247,0.0,Pasco,Inclan
LineaA:1070,LineaH:1138,2.6768469198085754,6.0,Pasco,Humberto 1 / Jujuy
LineaA:1070,LineaH:1139,0.0,4.0,Pasco,Venezuela
LineaA:1070,LineaH:1140,12.672193319039746,22.0,Pasco,Once / Plaza Miserere
LineaA:1070,LineaH:1141,1.2583857554110247,7.0,Pasco,Corrientes / Pueyrredon
LineaA:1070,LineaH:1160,3.763651711471039,0.0,Pasco,Cordoba
LineaA:1070,LineaH:1161,4.962673591640427,10.0,Pasco,Pueyrredon / Santa Fe
LineaA:1070,LineaH:1162,1.2288473505888862,11.0,Pasco,Las Heras
LineaA:1070,LineaH:1163,3.704742550652224,3.0,Pasco,Facultad de Derecho
LineaA:1071,LineaA:1059,832.4115190274612,1586.0,Congreso,San Pedrito
LineaA:1071,LineaA:1060,981.1985256243519,657.0,Congreso,San Jose de Flores
LineaA:1071,LineaA:1061,591.8811805577545,574.0,Congreso,Carabobo
LineaA:1071,LineaA:1062,370.1367019725872,359.0,Congreso,Puan
LineaA:1071,LineaA:1063,672.9098196163275,686.0,Congreso,Primera Junta
LineaA:1071,LineaA:1064,848.5544878648071,735.0,Congreso,Acoyte
LineaA:1071,LineaA:1065,499.48122726182197,529.0,Congreso,Rio de Janeiro
LineaA:1071,LineaA:1066,306.206679011492,350.0,Congreso,Castro Barros
LineaA:1071,LineaA:1067,257.14169925529086,290.0,Congreso,Loria
LineaA:1071,LineaA:1069,19.26404985631973,23.0,Congreso,Alberti
LineaA:1071,LineaA:1070,0.0,21.0,Congreso,Pasco
LineaA:1071,LineaA:1072,35.370046014267416,35.0,Congreso,Saenz Peña
LineaA:1071,LineaA:1074,61.285946754526435,120.0,Congreso,Piedras
LineaA:1071,LineaA:1076,220.4032566119356,353.0,Congreso,Plaza de Mayo
LineaA:1071,LineaB:1077,21.29442089097091,46.0,Congreso,Juan Manuel de Rosas
LineaA:1071,LineaB:1078,2.5025854075544274,2.0,Congreso,Echeverria
LineaA:1071,LineaB:1079,5.010395882716446,18.0,Congreso,De Los Incas - Parque Chas
LineaA:1071,LineaB:1080,3.9384358612474495,4.0,Congreso,Tronador - Villa Ortuzar
LineaA:1071,LineaB:1081,10.135973704177193,54.0,Congreso,Federico Lacroze
LineaA:1071,LineaB:1082,10.66303172085943,25.0,Congreso,Dorrego
LineaA:1071,LineaB:1083,27.91174878296199,47.0,Congreso,angel Gallardo
LineaA:1071,LineaB:1084,58.7214987163114,44.0,Congreso,Malabia
LineaA:1071,LineaB:1085,48.046392924031665,53.0,Congreso,Medrano
LineaA:1071,LineaB:1086,32.09843658728946,34.0,Congreso,Carlos Gardel
LineaA:1071,LineaB:1088,7.85955224625503,8.0,Congreso,Pasteur
LineaA:1071,LineaB:1089,15.036688860184574,30.0,Congreso,Callao [B]
LineaA:1071,LineaB:1090,5.251451123666376,0.0,Congreso,Uruguay
LineaA:1071,LineaB:1092,21.094968285121496,38.0,Congreso,Florida
LineaA:1071,LineaC:1094,354.6014187075327,389.0,Congreso,Constitucion
LineaA:1071,LineaC:1095,24.652076505763535,41.0,Congreso,San Juan
LineaA:1071,LineaC:1097,16.559182010415796,19.0,Congreso,Moreno
LineaA:1071,LineaC:1098,91.11669175708857,116.0,Congreso,Avenida de Mayo / Lima
LineaA:1071,LineaC:1100,26.32625321920972,17.0,Congreso,Lavalle
LineaA:1071,LineaC:1101,26.74487707029155,24.0,Congreso,General San Martin
LineaA:1071,LineaD:1103,87.74095629007572,141.0,Congreso,Congreso de Tucuman
LineaA:1071,LineaD:1104,70.53220032818447,58.0,Congreso,Juramento
LineaA:1071,LineaD:1105,42.258202618152794,47.0,Congreso,Jose Hernandez
LineaA:1071,LineaD:1106,25.36879405013687,30.0,Congreso,Olleros
LineaA:1071,LineaD:1107,19.50912488886716,34.0,Congreso,Ministro Carranza
LineaA:1071,LineaD:1108,33.19337963639893,35.0,Congreso,Palermo
LineaA:1071,LineaD:1109,29.155112204046766,10.0,Congreso,Plaza Italia
LineaA:1071,LineaD:1110,18.951943376233377,19.0,Congreso,Scalabrini Ortiz
LineaA:1071,LineaD:1111,16.74907676119918,25.0,Congreso,Bulnes
LineaA:1071,LineaD:1112,6.370049492455541,8.0,Congreso,Agüero
LineaA:1071,LineaD:1114,5.081629471379687,2.0,Congreso,Facultad de Medicina
LineaA:1071,LineaD:1115,18.846420890130837,12.0,Congreso,Callao [D]
LineaA:1071,LineaD:1116,17.702965007134353,6.0,Congreso,Tribunales
LineaA:1071,LineaD:1117,32.903927413385816,42.0,Congreso,9 de Julio / Carlos Pellegrini / Diagonal Norte
LineaA:1071,LineaE:1119,290.06404936042964,378.0,Congreso,Bolivar / Catedral / Peru
LineaA:1071,LineaE:1120,21.58701891590328,6.0,Congreso,Belgrano
LineaA:1071,LineaE:1121,33.04289117820038,62.0,Congreso,Independencia
LineaA:1071,LineaE:1122,12.466748627051624,2.0,Congreso,San Jose
LineaA:1071,LineaE:1123,16.79554550997699,6.0,Congreso,Entre Rios
LineaA:1071,LineaE:1124,3.756004373728301,2.0,Congreso,Pichincha
LineaA:1071,LineaE:1126,18.779218711885985,10.0,Congreso,General Urquiza
LineaA:1071,LineaE:1127,37.838336945359785,18.0,Congreso,Boedo
LineaA:1071,LineaE:1128,38.02004871353594,32.0,Congreso,La Plata
LineaA:1071,LineaE:1129,77.60275895338086,47.0,Congreso,Jose Maria Moreno
LineaA:1071,LineaE:1130,53.40713851588532,30.0,Congreso,Emilio Mitre
LineaA:1071,LineaE:1131,28.376877661338924,8.0,Congreso,Medalla Milagrosa
LineaA:1071,LineaE:1132,19.331326320829643,21.0,Congreso,Varela
LineaA:1071,LineaE:1133,24.413053758310877,65.0,Congreso,Plaza de los Virreyes
LineaA:1071,LineaE:1164,302.7978731802609,291.0,Congreso,Retiro
LineaA:1071,LineaE:1165,27.588830638053196,19.0,Congreso,Catalinas
LineaA:1071,LineaE:1166,88.07661645191858,36.0,Congreso,Correo Central / Leandro N. Alem
LineaA:1071,LineaH:1134,50.94525756921053,78.0,Congreso,Hospitales
LineaA:1071,LineaH:1135,46.65771616130766,23.0,Congreso,Parque Patricios
LineaA:1071,LineaH:1136,25.63166587923798,14.0,Congreso,Caseros
LineaA:1071,LineaH:1137,40.05468375868776,40.0,Congreso,Inclan
LineaA:1071,LineaH:1138,43.72099187594749,61.0,Congreso,Humberto 1 / Jujuy
LineaA:1071,LineaH:1139,25.67479814831846,18.0,Congreso,Venezuela
LineaA:1071,LineaH:1140,980.1952728548455,738.0,Congreso,Once / Plaza Miserere
LineaA:1071,LineaH:1141,41.41609138119591,38.0,Congreso,Corrientes / Pueyrredon
LineaA:1071,LineaH:1160,32.74220662585599,36.0,Congreso,Cordoba
LineaA:1071,LineaH:1161,38.58437479340856,13.0,Congreso,Pueyrredon / Santa Fe
LineaA:1071,LineaH:1162,26.354966712405126,15.0,Congreso,Las Heras
LineaA:1071,LineaH:1163,13.700941851036562,38.0,Congreso,Facultad de Derecho
LineaA:1072,LineaA:1059,499.1025471455716,1002.0,Saenz Peña,San Pedrito
LineaA:1072,LineaA:1060,574.2413983711232,389.0,Saenz Peña,San Jose de Flores
LineaA:1072,LineaA:1061,369.31702528081047,341.0,Saenz Peña,Carabobo
LineaA:1072,LineaA:1062,242.20964679788455,275.0,Saenz Peña,Puan
LineaA:1072,LineaA:1063,401.0059235954104,417.0,Saenz Peña,Primera Junta
LineaA:1072,LineaA:1064,453.3983401869249,453.0,Saenz Peña,Acoyte
LineaA:1072,LineaA:1065,276.21185799920283,286.0,Saenz Peña,Rio de Janeiro
LineaA:1072,LineaA:1066,180.8053183803525,169.0,Saenz Peña,Castro Barros
LineaA:1072,LineaA:1067,122.94713834106723,148.0,Saenz Peña,Loria
LineaA:1072,LineaA:1069,16.51398395936568,21.0,Saenz Peña,Alberti
LineaA:1072,LineaA:1070,45.39830277951682,69.0,Saenz Peña,Pasco
LineaA:1072,LineaA:1071,22.91163652319312,33.0,Saenz Peña,Congreso
LineaA:1072,LineaA:1074,31.32571794168637,39.0,Saenz Peña,Piedras
LineaA:1072,LineaA:1076,150.1165804499597,208.0,Saenz Peña,Plaza de Mayo
LineaA:1072,LineaB:1077,10.052633856447468,16.0,Saenz Peña,Juan Manuel de Rosas
LineaA:1072,LineaB:1079,1.2645545458317773,3.0,Saenz Peña,De Los Incas - Parque Chas
LineaA:1072,LineaB:1080,3.893132748314506,0.0,Saenz Peña,Tronador - Villa Ortuzar
LineaA:1072,LineaB:1081,11.687618241810572,30.0,Saenz Peña,Federico Lacroze
LineaA:1072,LineaB:1082,7.708545496915347,20.0,Saenz Peña,Dorrego
LineaA:1072,LineaB:1083,17.507143802522773,19.0,Saenz Peña,angel Gallardo
LineaA:1072,LineaB:1084,22.651035533055087,44.0,Saenz Peña,Malabia
LineaA:1072,LineaB:1085,31.034545401318212,30.0,Saenz Peña,Medrano
LineaA:1072,LineaB:1086,11.289014561696241,17.0,Saenz Peña,Carlos Gardel
LineaA:1072,LineaB:1088,9.946159864661078,8.0,Saenz Peña,Pasteur
LineaA:1072,LineaB:1089,3.7458413368846686,1.0,Saenz Peña,Callao [B]
LineaA:1072,LineaB:1090,4.964702097943876,13.0,Saenz Peña,Uruguay
LineaA:1072,LineaB:1092,11.265914149458057,20.0,Saenz Peña,Florida
LineaA:1072,LineaC:1094,133.90022008268735,193.0,Saenz Peña,Constitucion
LineaA:1072,LineaC:1095,17.394341589603048,16.0,Saenz Peña,San Juan
LineaA:1072,LineaC:1097,1.207066514475459,6.0,Saenz Peña,Moreno
LineaA:1072,LineaC:1098,4.97831010859268,27.0,Saenz Peña,Avenida de Mayo / Lima
LineaA:1072,LineaC:1100,11.311159500524298,17.0,Saenz Peña,Lavalle
LineaA:1072,LineaC:1101,8.722792754007006,15.0,Saenz Peña,General San Martin
LineaA:1072,LineaD:1103,66.37128584891954,101.0,Saenz Peña,Congreso de Tucuman
LineaA:1072,LineaD:1104,49.306392844082005,35.0,Saenz Peña,Juramento
LineaA:1072,LineaD:1105,20.16833513937762,46.0,Saenz Peña,Jose Hernandez
LineaA:1072,LineaD:1106,29.420578325869073,26.0,Saenz Peña,Olleros
LineaA:1072,LineaD:1107,25.12758774152423,15.0,Saenz Peña,Ministro Carranza
LineaA:1072,LineaD:1108,35.319578090824415,20.0,Saenz Peña,Palermo
LineaA:1072,LineaD:1109,24.417381998314728,28.0,Saenz Peña,Plaza Italia
LineaA:1072,LineaD:1110,31.870823496930907,11.0,Saenz Peña,Scalabrini Ortiz
LineaA:1072,LineaD:1111,20.197778170615724,22.0,Saenz Peña,Bulnes
LineaA:1072,LineaD:1112,11.443000875718946,9.0,Saenz Peña,Agüero
LineaA:1072,LineaD:1114,12.605295584614426,5.0,Saenz Peña,Facultad de Medicina
LineaA:1072,LineaD:1115,8.707707051385647,0.0,Saenz Peña,Callao [D]
LineaA:1072,LineaD:1116,13.980239390066505,5.0,Saenz Peña,Tribunales
LineaA:1072,LineaD:1117,16.47762748226828,17.0,Saenz Peña,9 de Julio / Carlos Pellegrini / Diagonal Norte
LineaA:1072,LineaE:1119,140.50710191292143,171.0,Saenz Peña,Bolivar / Catedral / Peru
LineaA:1072,LineaE:1120,7.478890857585888,0.0,Saenz Peña,Belgrano
LineaA:1072,LineaE:1121,12.799795787238232,19.0,Saenz Peña,Independencia
LineaA:1072,LineaE:1122,7.666849059769399,0.0,Saenz Peña,San Jose
LineaA:1072,LineaE:1123,3.7686458221673904,3.0,Saenz Peña,Entre Rios
LineaA:1072,LineaE:1124,6.395003891425103,0.0,Saenz Peña,Pichincha
LineaA:1072,LineaE:1126,13.013871069063946,5.0,Saenz Peña,General Urquiza
LineaA:1072,LineaE:1127,25.350441517429104,7.0,Saenz Peña,Boedo
LineaA:1072,LineaE:1128,20.409405665454848,38.0,Saenz Peña,La Plata
LineaA:1072,LineaE:1129,38.31999110658446,20.0,Saenz Peña,Jose Maria Moreno
LineaA:1072,LineaE:1130,25.57494305839638,16.0,Saenz Peña,Emilio Mitre
LineaA:1072,LineaE:1131,17.863687498623477,19.0,Saenz Peña,Medalla Milagrosa
LineaA:1072,LineaE:1132,24.29908575512121,16.0,Saenz Peña,Varela
LineaA:1072,LineaE:1133,19.114011950679224,35.0,Saenz Peña,Plaza de los Virreyes
LineaA:1072,LineaE:1164,130.01547999672317,156.0,Saenz Peña,Retiro
LineaA:1072,LineaE:1165,22.477106399106628,14.0,Saenz Peña,Catalinas
LineaA:1072,LineaE:1166,23.9053306033132,25.0,Saenz Peña,Correo Central / Leandro N. Alem
LineaA:1072,LineaH:1134,55.34585808773108,75.0,Saenz Peña,Hospitales
LineaA:1072,LineaH:1135,31.64721775204104,23.0,Saenz Peña,Parque Patricios
LineaA:1072,LineaH:1136,18.191414704098158,20.0,Saenz Peña,Caseros
LineaA:1072,LineaH:1137,16.566707018306037,21.0,Saenz Peña,Inclan
LineaA:1072,LineaH:1138,21.73600608217492,27.0,Saenz Peña,Humberto 1 / Jujuy
LineaA:1072,LineaH:1139,22.74486637955855,13.0,Saenz Peña,Venezuela
LineaA:1072,LineaH:1140,730.9564196304584,585.0,Saenz Peña,Once / Plaza Miserere
LineaA:1072,LineaH:1141,37.86038933301882,21.0,Saenz Peña,Corrientes / Pueyrredon
LineaA:1072,LineaH:1160,44.123864909321156,38.0,Saenz Peña,Cordoba
LineaA:1072,LineaH:1161,35.428224621822444,15.0,Saenz Peña,Pueyrredon / Santa Fe
LineaA:1072,LineaH:1162,19.203377672547816,4.0,Saenz Peña,Las Heras
LineaA:1072,LineaH:1163,15.168715477237294,15.0,Saenz Peña,Facultad de Derecho
LineaA:1074,LineaA:1059,360.6376785005843,986.0,Piedras,San Pedrito
LineaA:1074,LineaA:1060,411.42540939795396,421.0,Piedras,San Jose de Flores
LineaA:1074,LineaA:1061,334.67891487815706,373.0,Piedras,Carabobo
LineaA:1074,LineaA:1062,170.75821814010547,242.0,Piedras,Puan
LineaA:1074,LineaA:1063,314.7907369035033,437.0,Piedras,Primera Junta
LineaA:1074,LineaA:1064,433.12344020872007,479.0,Piedras,Acoyte
LineaA:1074,LineaA:1065,225.04536783927347,314.0,Piedras,Rio de Janeiro
LineaA:1074,LineaA:1066,138.351939497735,181.0,Piedras,Castro Barros
LineaA:1074,LineaA:1067,106.64377764700842,156.0,Piedras,Loria
LineaA:1074,LineaA:1069,20.165799545586502,21.0,Piedras,Alberti
LineaA:1074,LineaA:1070,59.127842584157655,122.0,Piedras,Pasco
LineaA:1074,LineaA:1071,79.21848464701725,181.0,Piedras,Congreso
LineaA:1074,LineaA:1072,28.82698059330406,60.0,Piedras,Saenz Peña
LineaA:1074,LineaA:1076,11.35983027938948,41.0,Piedras,Plaza de Mayo
LineaA:1074,LineaB:1077,6.537609151823519,20.0,Piedras,Juan Manuel de Rosas
LineaA:1074,LineaB:1078,3.991036861951903,2.0,Piedras,Echeverria
LineaA:1074,LineaB:1079,0.0,5.0,Piedras,De Los Incas - Parque Chas
LineaA:1074,LineaB:1080,0.0,2.0,Piedras,Tronador - Villa Ortuzar
LineaA:1074,LineaB:1081,5.029629349528246,20.0,Piedras,Federico Lacroze
LineaA:1074,LineaB:1082,0.0,12.0,Piedras,Dorrego
LineaA:1074,LineaB:1083,23.866509507611024,15.0,Piedras,angel Gallardo
LineaA:1074,LineaB:1084,21.48838161621459,11.0,Piedras,Malabia
LineaA:1074,LineaB:1085,32.188665587257205,22.0,Piedras,Medrano
LineaA:1074,LineaB:1086,7.468090583894218,17.0,Piedras,Carlos Gardel
LineaA:1074,LineaB:1088,22.688577085092163,25.0,Piedras,Pasteur
LineaA:1074,LineaB:1089,2.505788593582277,11.0,Piedras,Callao [B]
LineaA:1074,LineaB:1090,2.680119918892027,0.0,Piedras,Uruguay
LineaA:1074,LineaB:1092,1.2491664413805532,3.0,Piedras,Florida
LineaA:1074,LineaC:1094,21.658040649768726,93.0,Piedras,Constitucion
LineaA:1074,LineaC:1095,3.8592242965805106,7.0,Piedras,San Juan
LineaA:1074,LineaC:1097,6.338860334534871,8.0,Piedras,Moreno
LineaA:1074,LineaC:1098,3.947225095537421,31.0,Piedras,Avenida de Mayo / Lima
LineaA:1074,LineaC:1101,1.2288473505888862,1.0,Piedras,General San Martin
LineaA:1074,LineaD:1103,9.025519018951783,27.0,Piedras,Congreso de Tucuman
LineaA:1074,LineaD:1104,7.912280609411709,7.0,Piedras,Juramento
LineaA:1074,LineaD:1105,2.5291090916635546,6.0,Piedras,Jose Hernandez
LineaA:1074,LineaD:1106,2.5179735120056512,9.0,Piedras,Olleros
LineaA:1074,LineaD:1107,3.7652236877587724,3.0,Piedras,Ministro Carranza
LineaA:1074,LineaD:1108,7.688950808216337,10.0,Piedras,Palermo
LineaA:1074,LineaD:1109,8.88377447941283,8.0,Piedras,Plaza Italia
LineaA:1074,LineaD:1110,10.22767563928971,16.0,Piedras,Scalabrini Ortiz
LineaA:1074,LineaD:1111,3.7642441620489038,7.0,Piedras,Bulnes
LineaA:1074,LineaD:1112,8.045644913974503,8.0,Piedras,Agüero
LineaA:1074,LineaD:1114,8.907745352927565,5.0,Piedras,Facultad de Medicina
LineaA:1074,LineaD:1115,12.900705776358874,9.0,Piedras,Callao [D]
LineaA:1074,LineaD:1116,2.508787367644495,3.0,Piedras,Tribunales
LineaA:1074,LineaD:1117,8.901941806972982,11.0,Piedras,9 de Julio / Carlos Pellegrini / Diagonal Norte
LineaA:1074,LineaE:1119,2.4812867910528915,18.0,Piedras,Bolivar / Catedral / Peru
LineaA:1074,LineaE:1120,0.0,13.0,Piedras,Belgrano
LineaA:1074,LineaE:1121,5.014585283153858,7.0,Piedras,Independencia
LineaA:1074,LineaE:1122,2.505858406637879,2.0,Piedras,San Jose
LineaA:1074,LineaE:1123,3.757510242509487,4.0,Piedras,Entre Rios
LineaA:1074,LineaE:1124,2.6472214750965275,4.0,Piedras,Pichincha
LineaA:1074,LineaE:1126,5.021733599284479,9.0,Piedras,General Urquiza
LineaA:1074,LineaE:1127,10.138168971551615,19.0,Piedras,Boedo
LineaA:1074,LineaE:1128,17.89542396729307,14.0,Piedras,La Plata
LineaA:1074,LineaE:1129,20.489773698705623,20.0,Piedras,Jose Maria Moreno
LineaA:1074,LineaE:1130,18.929442159006957,13.0,Piedras,Emilio Mitre
LineaA:1074,LineaE:1131,14.115955851053009,7.0,Piedras,Medalla Milagrosa
LineaA:1074,LineaE:1132,7.688135288344981,4.0,Piedras,Varela
LineaA:1074,LineaE:1133,9.0951984891167,52.0,Piedras,Plaza de los Virreyes
LineaA:1074,LineaE:1164,12.750193225293431,42.0,Piedras,Retiro
LineaA:1074,LineaE:1165,1.2583857554110247,1.0,Piedras,Catalinas
LineaA:1074,LineaE:1166,11.254915095306812,6.0,Piedras,Correo Central / Leandro N. Alem
LineaA:1074,LineaH:1134,32.98635850330993,47.0,Piedras,Hospitales
LineaA:1074,LineaH:1135,12.780440884245298,23.0,Piedras,Parque Patricios
LineaA:1074,LineaH:1136,6.6070683535580805,7.0,Piedras,Caseros
LineaA:1074,LineaH:1137,18.355812962911326,35.0,Piedras,Inclan
LineaA:1074,LineaH:1138,14.096811663401773,16.0,Piedras,Humberto 1 / Jujuy
LineaA:1074,LineaH:1139,21.61091219053233,19.0,Piedras,Venezuela
LineaA:1074,LineaH:1140,712.0425886172663,664.0,Piedras,Once / Plaza Miserere
LineaA:1074,LineaH:1141,17.47325481191658,28.0,Piedras,Corrientes / Pueyrredon
LineaA:1074,LineaH:1160,20.203007031535055,17.0,Piedras,Cordoba
LineaA:1074,LineaH:1161,6.4589645807997575,23.0,Piedras,Pueyrredon / Santa Fe
LineaA:1074,LineaH:1162,11.390161671324778,8.0,Piedras,Las Heras
LineaA:1074,LineaH:1163,3.774404215741897,5.0,Piedras,Facultad de Derecho
LineaA:1076,LineaA:1059,1265.2323914452516,2453.0,Plaza de Mayo,San Pedrito
LineaA:1076,LineaA:1060,1575.4020983946637,1062.0,Plaza de Mayo,San Jose de Flores
LineaA:1076,LineaA:1061,1073.8480378631562,1043.0,Plaza de Mayo,Carabobo
LineaA:1076,LineaA:1062,619.3086907831703,616.0,Plaza de Mayo,Puan
LineaA:1076,LineaA:1063,1111.650827794119,1100.0,Plaza de Mayo,Primera Junta
LineaA:1076,LineaA:1064,1242.141313287032,1091.0,Plaza de Mayo,Acoyte
LineaA:1076,LineaA:1065,731.626736042234,777.0,Plaza de Mayo,Rio de Janeiro
LineaA:1076,LineaA:1066,613.831309376607,483.0,Plaza de Mayo,Castro Barros
LineaA:1076,LineaA:1067,358.63474324824676,440.0,Plaza de Mayo,Loria
LineaA:1076,LineaA:1069,75.14376873065906,54.0,Plaza de Mayo,Alberti
LineaA:1076,LineaA:1070,212.95356331982833,241.0,Plaza de Mayo,Pasco
LineaA:1076,LineaA:1071,353.20704606528665,396.0,Plaza de Mayo,Congreso
LineaA:1076,LineaA:1072,181.39983100118462,231.0,Plaza de Mayo,Saenz Peña
LineaA:1076,LineaA:1074,23.704689337904526,34.0,Plaza de Mayo,Piedras
LineaA:1076,LineaB:1077,18.764748652953543,59.0,Plaza de Mayo,Juan Manuel de Rosas
LineaA:1076,LineaB:1078,0.0,11.0,Plaza de Mayo,Echeverria
LineaA:1076,LineaB:1079,11.432638999093683,4.0,Plaza de Mayo,De Los Incas - Parque Chas
LineaA:1076,LineaB:1080,6.681395214780145,0.0,Plaza de Mayo,Tronador - Villa Ortuzar
LineaA:1076,LineaB:1081,22.170623457619634,61.0,Plaza de Mayo,Federico Lacroze
LineaA:1076,LineaB:1082,22.833393019764337,31.0,Plaza de Mayo,Dorrego
LineaA:1076,LineaB:1083,78.0662578024904,67.0,Plaza de Mayo,angel Gallardo
LineaA:1076,LineaB:1084,84.2434366403846,64.0,Plaza de Mayo,Malabia
LineaA:1076,LineaB:1085,88.52578143572414,68.0,Plaza de Mayo,Medrano
LineaA:1076,LineaB:1086,34.025087405603976,35.0,Plaza de Mayo,Carlos Gardel
LineaA:1076,LineaB:1088,45.247088915725634,46.0,Plaza de Mayo,Pasteur
LineaA:1076,LineaB:1089,72.7694370502671,72.0,Plaza de Mayo,Callao [B]
LineaA:1076,LineaB:1090,24.873642588023714,44.0,Plaza de Mayo,Uruguay
LineaA:1076,LineaB:1092,3.8981550467793467,4.0,Plaza de Mayo,Florida
LineaA:1076,LineaC:1094,358.42810055830984,405.0,Plaza de Mayo,Constitucion
LineaA:1076,LineaC:1095,21.4438268670056,16.0,Plaza de Mayo,San Juan
LineaA:1076,LineaC:1097,19.85467428747456,9.0,Plaza de Mayo,Moreno
LineaA:1076,LineaC:1098,98.7203086919747,116.0,Plaza de Mayo,Avenida de Mayo / Lima
LineaA:1076,LineaC:1100,8.760268635438269,0.0,Plaza de Mayo,Lavalle
LineaA:1076,LineaC:1101,17.688717776750707,18.0,Plaza de Mayo,General San Martin
LineaA:1076,LineaD:1103,52.640769845199166,74.0,Plaza de Mayo,Congreso de Tucuman
LineaA:1076,LineaD:1104,46.481242314063614,55.0,Plaza de Mayo,Juramento
LineaA:1076,LineaD:1105,33.85208141372724,31.0,Plaza de Mayo,Jose Hernandez
LineaA:1076,LineaD:1106,41.66927719959613,27.0,Plaza de Mayo,Olleros
LineaA:1076,LineaD:1107,36.359491638550644,27.0,Plaza de Mayo,Ministro Carranza
LineaA:1076,LineaD:1108,46.7257704727625,54.0,Plaza de Mayo,Palermo
LineaA:1076,LineaD:1109,53.31560468091938,46.0,Plaza de Mayo,Plaza Italia
LineaA:1076,LineaD:1110,30.445594668500984,26.0,Plaza de Mayo,Scalabrini Ortiz
LineaA:1076,LineaD:1111,49.09696583183942,41.0,Plaza de Mayo,Bulnes
LineaA:1076,LineaD:1112,25.157404534151752,34.0,Plaza de Mayo,Agüero
LineaA:1076,LineaD:1114,40.096976382585254,40.0,Plaza de Mayo,Facultad de Medicina
LineaA:1076,LineaD:1115,55.97712966909906,41.0,Plaza de Mayo,Callao [D]
LineaA:1076,LineaD:1116,36.24039308853352,21.0,Plaza de Mayo,Tribunales
LineaA:1076,LineaD:1117,46.320917597678736,23.0,Plaza de Mayo,9 de Julio / Carlos Pellegrini / Diagonal Norte
LineaA:1076,LineaE:1119,40.608657942617384,50.0,Plaza de Mayo,Bolivar / Catedral / Peru
LineaA:1076,LineaE:1120,9.023148467669731,1.0,Plaza de Mayo,Belgrano
LineaA:1076,LineaE:1121,16.24114974667922,8.0,Plaza de Mayo,Independencia
LineaA:1076,LineaE:1122,7.511956157419522,2.0,Plaza de Mayo,San Jose
LineaA:1076,LineaE:1123,21.496299773053355,12.0,Plaza de Mayo,Entre Rios
LineaA:1076,LineaE:1124,11.444550058919528,5.0,Plaza de Mayo,Pichincha
LineaA:1076,LineaE:1126,27.817180348972702,17.0,Plaza de Mayo,General Urquiza
LineaA:1076,LineaE:1127,35.68595308678711,35.0,Plaza de Mayo,Boedo
LineaA:1076,LineaE:1128,48.19008235804975,41.0,Plaza de Mayo,La Plata
LineaA:1076,LineaE:1129,84.95666486598442,83.0,Plaza de Mayo,Jose Maria Moreno
LineaA:1076,LineaE:1130,74.15736420694763,66.0,Plaza de Mayo,Emilio Mitre
LineaA:1076,LineaE:1131,29.023329874895346,25.0,Plaza de Mayo,Medalla Milagrosa
LineaA:1076,LineaE:1132,44.64680893299323,34.0,Plaza de Mayo,Varela
LineaA:1076,LineaE:1133,35.56697487747878,84.0,Plaza de Mayo,Plaza de los Virreyes
LineaA:1076,LineaE:1164,71.09643605339488,29.0,Plaza de Mayo,Retiro
LineaA:1076,LineaE:1165,36.13891189012454,4.0,Plaza de Mayo,Catalinas
LineaA:1076,LineaE:1166,67.82911574099334,6.0,Plaza de Mayo,Correo Central / Leandro N. Alem
LineaA:1076,LineaH:1134,94.00837844882787,101.0,Plaza de Mayo,Hospitales
LineaA:1076,LineaH:1135,75.03475173584859,61.0,Plaza de Mayo,Parque Patricios
LineaA:1076,LineaH:1136,54.73462781309521,31.0,Plaza de Mayo,Caseros
LineaA:1076,LineaH:1137,33.41703885064307,16.0,Plaza de Mayo,Inclan
LineaA:1076,LineaH:1138,10.162654827430206,17.0,Plaza de Mayo,Humberto 1 / Jujuy
LineaA:1076,LineaH:1139,80.0006064872477,37.0,Plaza de Mayo,Venezuela
LineaA:1076,LineaH:1140,2440.7074973283056,1479.0,Plaza de Mayo,Once / Plaza Miserere
LineaA:1076,LineaH:1141,79.9154706599275,114.0,Plaza de Mayo,Corrientes / Pueyrredon
LineaA:1076,LineaH:1160,41.65106387257503,17.0,Plaza de Mayo,Cordoba
LineaA:1076,LineaH:1161,48.92451551749454,50.0,Plaza de Mayo,Pueyrredon / Santa Fe
LineaA:1076,LineaH:1162,36.650870937148056,24.0,Plaza de Mayo,Las Heras
LineaA:1076,LineaH:1163,9.948867644507477,10.0,Plaza de Mayo,Facultad de Derecho
LineaB:1077,LineaA:1059,33.17196082429908,35.0,Juan Manuel de Rosas,San Pedrito
LineaB:1077,LineaA:1060,16.807974575147167,20.0,Juan Manuel de Rosas,San Jose de Flores
LineaB:1077,LineaA:1061,46.89280450105799,15.0,Juan Manuel de Rosas,Carabobo
LineaB:1077,LineaA:1062,46.541853933982466,18.0,Juan Manuel de Rosas,Puan
LineaB:1077,LineaA:1063,49.549745551970695,74.0,Juan Manuel de Rosas,Primera Junta
LineaB:1077,LineaA:1064,68.1529821706097,81.0,Juan Manuel de Rosas,Acoyte
LineaB:1077,LineaA:1065,52.376864040123124,63.0,Juan Manuel de Rosas,Rio de Janeiro
LineaB:1077,LineaA:1066,94.9268540718737,12.0,Juan Manuel de Rosas,Castro Barros
LineaB:1077,LineaA:1067,58.95369154488895,49.0,Juan Manuel de Rosas,Loria
LineaB:1077,LineaA:1069,38.53251696795569,33.0,Juan Manuel de Rosas,Alberti
LineaB:1077,LineaA:1070,57.93051817606553,22.0,Juan Manuel de Rosas,Pasco
LineaB:1077,LineaA:1071,215.06818811266126,65.0,Juan Manuel de Rosas,Congreso
LineaB:1077,LineaA:1072,69.71735819706198,35.0,Juan Manuel de Rosas,Saenz Peña
LineaB:1077,LineaA:1074,20.071337847775197,23.0,Juan Manuel de Rosas,Piedras
LineaB:1077,LineaA:1076,153.53706041377785,82.0,Juan Manuel de Rosas,Plaza de Mayo
LineaB:1077,LineaB:1078,65.5221710821582,26.0,Juan Manuel de Rosas,Echeverria
LineaB:1077,LineaB:1079,231.24581233423712,222.0,Juan Manuel de Rosas,De Los Incas - Parque Chas
LineaB:1077,LineaB:1080,207.87856526106256,179.0,Juan Manuel de Rosas,Tronador - Villa Ortuzar
LineaB:1077,LineaB:1081,540.207244892133,332.0,Juan Manuel de Rosas,Federico Lacroze
LineaB:1077,LineaB:1082,399.07933907605826,280.0,Juan Manuel de Rosas,Dorrego
LineaB:1077,LineaB:1083,632.1104767431316,657.0,Juan Manuel de Rosas,angel Gallardo
LineaB:1077,LineaB:1084,834.9681452727789,721.0,Juan Manuel de Rosas,Malabia
LineaB:1077,LineaB:1085,960.9803702930161,1001.0,Juan Manuel de Rosas,Medrano
LineaB:1077,LineaB:1086,612.3902045667548,811.0,Juan Manuel de Rosas,Carlos Gardel
LineaB:1077,LineaB:1088,870.377626292628,891.0,Juan Manuel de Rosas,Pasteur
LineaB:1077,LineaB:1089,1290.8227251321168,1748.0,Juan Manuel de Rosas,Callao [B]
LineaB:1077,LineaB:1090,1111.8001314238943,1566.0,Juan Manuel de Rosas,Uruguay
LineaB:1077,LineaB:1092,1291.9670513526787,1689.0,Juan Manuel de Rosas,Florida
LineaB:1077,LineaC:1094,851.632070857981,1187.0,Juan Manuel de Rosas,Constitucion
LineaB:1077,LineaC:1095,108.59131221673611,138.0,Juan Manuel de Rosas,San Juan
LineaB:1077,LineaC:1097,142.72599568638634,147.0,Juan Manuel de Rosas,Moreno
LineaB:1077,LineaC:1098,100.47411809583478,65.0,Juan Manuel de Rosas,Avenida de Mayo / Lima
LineaB:1077,LineaC:1100,104.50144717729808,38.0,Juan Manuel de Rosas,Lavalle
LineaB:1077,LineaC:1101,117.63951558712964,29.0,Juan Manuel de Rosas,General San Martin
LineaB:1077,LineaD:1103,95.98917127894192,5.0,Juan Manuel de Rosas,Congreso de Tucuman
LineaB:1077,LineaD:1104,25.22657830235335,7.0,Juan Manuel de Rosas,Juramento
LineaB:1077,LineaD:1105,8.78407004467645,2.0,Juan Manuel de Rosas,Jose Hernandez
LineaB:1077,LineaD:1106,22.86747281978529,5.0,Juan Manuel de Rosas,Olleros
LineaB:1077,LineaD:1107,47.04980726311899,6.0,Juan Manuel de Rosas,Ministro Carranza
LineaB:1077,LineaD:1108,27.824702253445412,19.0,Juan Manuel de Rosas,Palermo
LineaB:1077,LineaD:1109,37.88306776159514,20.0,Juan Manuel de Rosas,Plaza Italia
LineaB:1077,LineaD:1110,23.838106396211344,29.0,Juan Manuel de Rosas,Scalabrini Ortiz
LineaB:1077,LineaD:1111,62.60987798668631,72.0,Juan Manuel de Rosas,Bulnes
LineaB:1077,LineaD:1112,50.21460732306707,31.0,Juan Manuel de Rosas,Agüero
LineaB:1077,LineaD:1114,206.5906474616361,136.0,Juan Manuel de Rosas,Facultad de Medicina
LineaB:1077,LineaD:1115,372.0427396391139,145.0,Juan Manuel de Rosas,Callao [D]
LineaB:1077,LineaD:1116,281.27880983055326,108.0,Juan Manuel de Rosas,Tribunales
LineaB:1077,LineaD:1117,1034.606143200718,1602.0,Juan Manuel de Rosas,9 de Julio / Carlos Pellegrini / Diagonal Norte
LineaB:1077,LineaE:1119,596.830111791507,663.0,Juan Manuel de Rosas,Bolivar / Catedral / Peru
LineaB:1077,LineaE:1120,147.2088160552306,154.0,Juan Manuel de Rosas,Belgrano
LineaB:1077,LineaE:1121,448.1150170390015,696.0,Juan Manuel de Rosas,Independencia
LineaB:1077,LineaE:1122,91.38832755651559,28.0,Juan Manuel de Rosas,San Jose
LineaB:1077,LineaE:1123,104.76787524857595,69.0,Juan Manuel de Rosas,Entre Rios
LineaB:1077,LineaE:1124,30.320281620382048,20.0,Juan Manuel de Rosas,Pichincha
LineaB:1077,LineaE:1126,44.113859629891884,23.0,Juan Manuel de Rosas,General Urquiza
LineaB:1077,LineaE:1127,59.62207346109717,27.0,Juan Manuel de Rosas,Boedo
LineaB:1077,LineaE:1128,37.81974386698841,45.0,Juan Manuel de Rosas,La Plata
LineaB:1077,LineaE:1129,31.802910391685423,13.0,Juan Manuel de Rosas,Jose Maria Moreno
LineaB:1077,LineaE:1130,31.94671952379098,23.0,Juan Manuel de Rosas,Emilio Mitre
LineaB:1077,LineaE:1131,21.44569236019274,7.0,Juan Manuel de Rosas,Medalla Milagrosa
LineaB:1077,LineaE:1132,9.971582233556086,8.0,Juan Manuel de Rosas,Varela
LineaB:1077,LineaE:1133,15.161995608566304,46.0,Juan Manuel de Rosas,Plaza de los Virreyes
LineaB:1077,LineaE:1164,435.1454811136269,52.0,Juan Manuel de Rosas,Retiro
LineaB:1077,LineaE:1165,470.4368944255769,126.0,Juan Manuel de Rosas,Catalinas
LineaB:1077,LineaE:1166,1548.6764013339236,2475.0,Juan Manuel de Rosas,Correo Central / Leandro N. Alem
LineaB:1077,LineaH:1134,293.2244813615802,391.0,Juan Manuel de Rosas,Hospitales
LineaB:1077,LineaH:1135,298.3193106385776,431.0,Juan Manuel de Rosas,Parque Patricios
LineaB:1077,LineaH:1136,254.17029558867904,258.0,Juan Manuel de Rosas,Caseros
LineaB:1077,LineaH:1137,123.11045683290965,128.0,Juan Manuel de Rosas,Inclan
LineaB:1077,LineaH:1138,160.08379415908217,192.0,Juan Manuel de Rosas,Humberto 1 / Jujuy
LineaB:1077,LineaH:1139,183.844406565022,250.0,Juan Manuel de Rosas,Venezuela
LineaB:1077,LineaH:1140,469.0941895577607,203.0,Juan Manuel de Rosas,Once / Plaza Miserere
LineaB:1077,LineaH:1141,792.82145878513,1141.0,Juan Manuel de Rosas,Corrientes / Pueyrredon
LineaB:1077,LineaH:1160,272.37199553011584,152.0,Juan Manuel de Rosas,Cordoba
LineaB:1077,LineaH:1161,287.2293184834541,312.0,Juan Manuel de Rosas,Pueyrredon / Santa Fe
LineaB:1077,LineaH:1162,259.81824410946155,205.0,Juan Manuel de Rosas,Las Heras
LineaB:1077,LineaH:1163,81.7248142523496,118.0,Juan Manuel de Rosas,Facultad de Derecho
LineaB:1078,LineaA:1059,2.6047470278859706,17.0,Echeverria,San Pedrito
LineaB:1078,LineaA:1060,2.4758253870077356,9.0,Echeverria,San Jose de Flores
LineaB:1078,LineaA:1061,13.806191994865731,2.0,Echeverria,Carabobo
LineaB:1078,LineaA:1062,4.113746712267068,4.0,Echeverria,Puan
LineaB:1078,LineaA:1063,11.540676061889696,11.0,Echeverria,Primera Junta
LineaB:1078,LineaA:1064,15.335175182607685,11.0,Echeverria,Acoyte
LineaB:1078,LineaA:1065,17.85621995289304,7.0,Echeverria,Rio de Janeiro
LineaB:1078,LineaA:1066,15.563410101090549,9.0,Echeverria,Castro Barros
LineaB:1078,LineaA:1067,5.022629917459929,10.0,Echeverria,Loria
LineaB:1078,LineaA:1069,12.425732247741298,4.0,Echeverria,Alberti
LineaB:1078,LineaA:1070,6.243694009743927,3.0,Echeverria,Pasco
LineaB:1078,LineaA:1071,30.282054288913812,11.0,Echeverria,Congreso
LineaB:1078,LineaA:1072,6.1830871253376785,10.0,Echeverria,Saenz Peña
LineaB:1078,LineaA:1074,4.947446447314972,0.0,Echeverria,Piedras
LineaB:1078,LineaA:1076,26.018695300386717,10.0,Echeverria,Plaza de Mayo
LineaB:1078,LineaB:1077,57.327970667155704,35.0,Echeverria,Juan Manuel de Rosas
LineaB:1078,LineaB:1079,54.85538644504324,25.0,Echeverria,De Los Incas - Parque Chas
LineaB:1078,LineaB:1080,55.23387355095134,49.0,Echeverria,Tronador - Villa Ortuzar
LineaB:1078,LineaB:1081,153.66320812700556,123.0,Echeverria,Federico Lacroze
LineaB:1078,LineaB:1082,90.2882778532224,94.0,Echeverria,Dorrego
LineaB:1078,LineaB:1083,154.1054720765586,173.0,Echeverria,angel Gallardo
LineaB:1078,LineaB:1084,172.28561587615062,211.0,Echeverria,Malabia
LineaB:1078,LineaB:1085,205.43584567592535,224.0,Echeverria,Medrano
LineaB:1078,LineaB:1086,104.44617620985541,163.0,Echeverria,Carlos Gardel
LineaB:1078,LineaB:1088,174.11871129300857,169.0,Echeverria,Pasteur
LineaB:1078,LineaB:1089,250.9881987245948,419.0,Echeverria,Callao [B]
LineaB:1078,LineaB:1090,233.1245008902028,376.0,Echeverria,Uruguay
LineaB:1078,LineaB:1092,367.65329382572406,453.0,Echeverria,Florida
LineaB:1078,LineaC:1094,210.40569476113086,267.0,Echeverria,Constitucion
LineaB:1078,LineaC:1095,17.34758510672424,9.0,Echeverria,San Juan
LineaB:1078,LineaC:1097,45.357100152846165,47.0,Echeverria,Moreno
LineaB:1078,LineaC:1098,20.54175294764026,11.0,Echeverria,Avenida de Mayo / Lima
LineaB:1078,LineaC:1100,27.248231116095056,5.0,Echeverria,Lavalle
LineaB:1078,LineaC:1101,27.292488827193004,30.0,Echeverria,General San Martin
LineaB:1078,LineaD:1103,15.068706236090774,1.0,Echeverria,Congreso de Tucuman
LineaB:1078,LineaD:1104,3.713904446823207,4.0,Echeverria,Juramento
LineaB:1078,LineaD:1105,3.708035822282726,4.0,Echeverria,Jose Hernandez
LineaB:1078,LineaD:1106,7.412296153323059,8.0,Echeverria,Olleros
LineaB:1078,LineaD:1107,6.273804891791949,1.0,Echeverria,Ministro Carranza
LineaB:1078,LineaD:1108,10.276540112384403,0.0,Echeverria,Palermo
LineaB:1078,LineaD:1109,1.252369627408403,4.0,Echeverria,Plaza Italia
LineaB:1078,LineaD:1110,6.443339972140121,10.0,Echeverria,Scalabrini Ortiz
LineaB:1078,LineaD:1111,18.83402392284013,23.0,Echeverria,Bulnes
LineaB:1078,LineaD:1112,13.693891662968515,1.0,Echeverria,Agüero
LineaB:1078,LineaD:1114,42.54774657537856,14.0,Echeverria,Facultad de Medicina
LineaB:1078,LineaD:1115,65.85878335937271,43.0,Echeverria,Callao [D]
LineaB:1078,LineaD:1116,56.98653757299038,7.0,Echeverria,Tribunales
LineaB:1078,LineaD:1117,262.6738143045163,383.0,Echeverria,9 de Julio / Carlos Pellegrini / Diagonal Norte
LineaB:1078,LineaE:1119,118.36595023262791,121.0,Echeverria,Bolivar / Catedral / Peru
LineaB:1078,LineaE:1120,33.23085713139468,49.0,Echeverria,Belgrano
LineaB:1078,LineaE:1121,137.23199844226576,212.0,Echeverria,Independencia
LineaB:1078,LineaE:1122,27.235089251315248,6.0,Echeverria,San Jose
LineaB:1078,LineaE:1123,19.233549834854827,20.0,Echeverria,Entre Rios
LineaB:1078,LineaE:1124,7.431614103442077,4.0,Echeverria,Pichincha
LineaB:1078,LineaE:1126,6.375722422033602,1.0,Echeverria,General Urquiza
LineaB:1078,LineaE:1127,7.6854776487690675,7.0,Echeverria,Boedo
LineaB:1078,LineaE:1128,3.760783241592939,12.0,Echeverria,La Plata
LineaB:1078,LineaE:1129,2.504091276335613,8.0,Echeverria,Jose Maria Moreno
LineaB:1078,LineaE:1130,6.315573629640258,3.0,Echeverria,Emilio Mitre
LineaB:1078,LineaE:1131,3.7612268081085,4.0,Echeverria,Medalla Milagrosa
LineaB:1078,LineaE:1132,1.2583857554110247,0.0,Echeverria,Varela
LineaB:1078,LineaE:1133,1.250341121104954,7.0,Echeverria,Plaza de los Virreyes
LineaB:1078,LineaE:1164,85.13219506536008,25.0,Echeverria,Retiro
LineaB:1078,LineaE:1165,141.9390854174777,47.0,Echeverria,Catalinas
LineaB:1078,LineaE:1166,353.55753428007426,650.0,Echeverria,Correo Central / Leandro N. Alem
LineaB:1078,LineaH:1134,60.9222179228457,97.0,Echeverria,Hospitales
LineaB:1078,LineaH:1135,74.33667747829278,93.0,Echeverria,Parque Patricios
LineaB:1078,LineaH:1136,44.98170951712329,63.0,Echeverria,Caseros
LineaB:1078,LineaH:1137,30.42455566939074,28.0,Echeverria,Inclan
LineaB:1078,LineaH:1138,27.55987008152149,27.0,Echeverria,Humberto 1 / Jujuy
LineaB:1078,LineaH:1139,31.406921953627773,39.0,Echeverria,Venezuela
LineaB:1078,LineaH:1140,105.05725408743392,36.0,Echeverria,Once / Plaza Miserere
LineaB:1078,LineaH:1141,91.99947582927611,219.0,Echeverria,Corrientes / Pueyrredon
LineaB:1078,LineaH:1160,40.27065556290903,25.0,Echeverria,Cordoba
LineaB:1078,LineaH:1161,88.37188019404138,109.0,Echeverria,Pueyrredon / Santa Fe
LineaB:1078,LineaH:1162,54.93845138920799,52.0,Echeverria,Las Heras
LineaB:1078,LineaH:1163,36.45596322931351,44.0,Echeverria,Facultad de Derecho
LineaB:1079,LineaA:1059,2.5087268765159787,12.0,De Los Incas - Parque Chas,San Pedrito
LineaB:1079,LineaA:1060,7.6464457582861325,1.0,De Los Incas - Parque Chas,San Jose de Flores
LineaB:1079,LineaA:1061,5.151425128890917,0.0,De Los Incas - Parque Chas,Carabobo
LineaB:1079,LineaA:1062,8.763970796131124,9.0,De Los Incas - Parque Chas,Puan
LineaB:1079,LineaA:1063,10.259362978409333,26.0,De Los Incas - Parque Chas,Primera Junta
LineaB:1079,LineaA:1064,20.003217528838483,16.0,De Los Incas - Parque Chas,Acoyte
LineaB:1079,LineaA:1065,17.479820299624553,4.0,De Los Incas - Parque Chas,Rio de Janeiro
LineaB:1079,LineaA:1066,20.17939488098042,6.0,De Los Incas - Parque Chas,Castro Barros
LineaB:1079,LineaA:1067,20.134550997933516,4.0,De Los Incas - Parque Chas,Loria
LineaB:1079,LineaA:1069,13.749250817848718,3.0,De Los Incas - Parque Chas,Alberti
LineaB:1079,LineaA:1070,12.441551391219456,3.0,De Los Incas - Parque Chas,Pasco
LineaB:1079,LineaA:1071,49.32615800495009,17.0,De Los Incas - Parque Chas,Congreso
LineaB:1079,LineaA:1072,9.969915615766377,14.0,De Los Incas - Parque Chas,Saenz Peña
LineaB:1079,LineaA:1074,7.595232892657511,0.0,De Los Incas - Parque Chas,Piedras
LineaB:1079,LineaA:1076,49.68662231117448,7.0,De Los Incas - Parque Chas,Plaza de Mayo
LineaB:1079,LineaB:1077,254.48961579873006,283.0,De Los Incas - Parque Chas,Juan Manuel de Rosas
LineaB:1079,LineaB:1078,46.40883964800911,35.0,De Los Incas - Parque Chas,Echeverria
LineaB:1079,LineaB:1080,48.54918409713892,32.0,De Los Incas - Parque Chas,Tronador - Villa Ortuzar
LineaB:1079,LineaB:1081,161.23296058969453,156.0,De Los Incas - Parque Chas,Federico Lacroze
LineaB:1079,LineaB:1082,112.99051348261158,98.0,De Los Incas - Parque Chas,Dorrego
LineaB:1079,LineaB:1083,167.81219956505024,252.0,De Los Incas - Parque Chas,angel Gallardo
LineaB:1079,LineaB:1084,238.53530843561697,248.0,De Los Incas - Parque Chas,Malabia
LineaB:1079,LineaB:1085,253.63402330331934,313.0,De Los Incas - Parque Chas,Medrano
LineaB:1079,LineaB:1086,146.8467058056696,263.0,De Los Incas - Parque Chas,Carlos Gardel
LineaB:1079,LineaB:1088,218.01504083452224,255.0,De Los Incas - Parque Chas,Pasteur
LineaB:1079,LineaB:1089,350.13591886946057,483.0,De Los Incas - Parque Chas,Callao [B]
LineaB:1079,LineaB:1090,309.97615676497094,485.0,De Los Incas - Parque Chas,Uruguay
LineaB:1079,LineaB:1092,408.5538175059013,483.0,De Los Incas - Parque Chas,Florida
LineaB:1079,LineaC:1094,322.37297592062305,543.0,De Los Incas - Parque Chas,Constitucion
LineaB:1079,LineaC:1095,33.69405878216024,37.0,De Los Incas - Parque Chas,San Juan
LineaB:1079,LineaC:1097,29.48760677572878,41.0,De Los Incas - Parque Chas,Moreno
LineaB:1079,LineaC:1098,26.461147433363944,16.0,De Los Incas - Parque Chas,Avenida de Mayo / Lima
LineaB:1079,LineaC:1100,26.660042262354935,6.0,De Los Incas - Parque Chas,Lavalle
LineaB:1079,LineaC:1101,45.88851800199095,24.0,De Los Incas - Parque Chas,General San Martin
LineaB:1079,LineaD:1103,7.622279626774253,4.0,De Los Incas - Parque Chas,Congreso de Tucuman
LineaB:1079,LineaD:1104,15.249966466419295,6.0,De Los Incas - Parque Chas,Juramento
LineaB:1079,LineaD:1105,11.30343040433417,7.0,De Los Incas - Parque Chas,Jose Hernandez
LineaB:1079,LineaD:1106,3.931771754763635,6.0,De Los Incas - Parque Chas,Olleros
LineaB:1079,LineaD:1107,9.028872830131437,0.0,De Los Incas - Parque Chas,Ministro Carranza
LineaB:1079,LineaD:1108,8.738301745848263,4.0,De Los Incas - Parque Chas,Palermo
LineaB:1079,LineaD:1109,11.519798996286248,2.0,De Los Incas - Parque Chas,Plaza Italia
LineaB:1079,LineaD:1110,16.33151436257509,12.0,De Los Incas - Parque Chas,Scalabrini Ortiz
LineaB:1079,LineaD:1111,21.562962946753323,30.0,De Los Incas - Parque Chas,Bulnes
LineaB:1079,LineaD:1112,15.473716736509905,7.0,De Los Incas - Parque Chas,Agüero
LineaB:1079,LineaD:1114,56.36574945232885,16.0,De Los Incas - Parque Chas,Facultad de Medicina
LineaB:1079,LineaD:1115,120.21578829965976,39.0,De Los Incas - Parque Chas,Callao [D]
LineaB:1079,LineaD:1116,101.42334329315986,34.0,De Los Incas - Parque Chas,Tribunales
LineaB:1079,LineaD:1117,324.44019180842344,519.0,De Los Incas - Parque Chas,9 de Julio / Carlos Pellegrini / Diagonal Norte
LineaB:1079,LineaE:1119,141.81296513605452,165.0,De Los Incas - Parque Chas,Bolivar / Catedral / Peru
LineaB:1079,LineaE:1120,43.43962422000093,56.0,De Los Incas - Parque Chas,Belgrano
LineaB:1079,LineaE:1121,148.4764154021391,243.0,De Los Incas - Parque Chas,Independencia
LineaB:1079,LineaE:1122,23.828928403823056,3.0,De Los Incas - Parque Chas,San Jose
LineaB:1079,LineaE:1123,29.25581232858844,20.0,De Los Incas - Parque Chas,Entre Rios
LineaB:1079,LineaE:1124,3.9045552042012286,5.0,De Los Incas - Parque Chas,Pichincha
LineaB:1079,LineaE:1126,4.976507629217643,0.0,De Los Incas - Parque Chas,General Urquiza
LineaB:1079,LineaE:1127,7.711824363639693,5.0,De Los Incas - Parque Chas,Boedo
LineaB:1079,LineaE:1128,8.987235260381071,23.0,De Los Incas - Parque Chas,La Plata
LineaB:1079,LineaE:1129,2.506837932347748,5.0,De Los Incas - Parque Chas,Jose Maria Moreno
LineaB:1079,LineaE:1130,9.027657728664922,5.0,De Los Incas - Parque Chas,Emilio Mitre
LineaB:1079,LineaE:1131,3.7300068157182613,3.0,De Los Incas - Parque Chas,Medalla Milagrosa
LineaB:1079,LineaE:1132,7.438521050674778,4.0,De Los Incas - Parque Chas,Varela
LineaB:1079,LineaE:1133,1.253418966173874,11.0,De Los Incas - Parque Chas,Plaza de los Virreyes
LineaB:1079,LineaE:1164,112.08810967428401,70.0,De Los Incas - Parque Chas,Retiro
LineaB:1079,LineaE:1165,175.56842634905846,42.0,De Los Incas - Parque Chas,Catalinas
LineaB:1079,LineaE:1166,472.03950415600553,745.0,De Los Incas - Parque Chas,Correo Central / Leandro N. Alem
LineaB:1079,LineaH:1134,63.05611160703817,97.0,De Los Incas - Parque Chas,Hospitales
LineaB:1079,LineaH:1135,67.0191326106658,119.0,De Los Incas - Parque Chas,Parque Patricios
LineaB:1079,LineaH:1136,69.34508060133334,85.0,De Los Incas - Parque Chas,Caseros
LineaB:1079,LineaH:1137,33.069277512890835,29.0,De Los Incas - Parque Chas,Inclan
LineaB:1079,LineaH:1138,44.713878046536955,46.0,De Los Incas - Parque Chas,Humberto 1 / Jujuy
LineaB:1079,LineaH:1139,37.85173464792896,78.0,De Los Incas - Parque Chas,Venezuela
LineaB:1079,LineaH:1140,133.76396684802444,45.0,De Los Incas - Parque Chas,Once / Plaza Miserere
LineaB:1079,LineaH:1141,156.61263496336787,271.0,De Los Incas - Parque Chas,Corrientes / Pueyrredon
LineaB:1079,LineaH:1160,75.21645029527777,47.0,De Los Incas - Parque Chas,Cordoba
LineaB:1079,LineaH:1161,93.7666688108479,119.0,De Los Incas - Parque Chas,Pueyrredon / Santa Fe
LineaB:1079,LineaH:1162,91.29700034068526,80.0,De Los Incas - Parque Chas,Las Heras
LineaB:1079,LineaH:1163,21.120687930657912,42.0,De Los Incas - Parque Chas,Facultad de Derecho
LineaB:1080,LineaA:1059,8.856054752455961,6.0,Tronador - Villa Ortuzar,San Pedrito
LineaB:1080,LineaA:1060,5.028616654149062,7.0,Tronador - Villa Ortuzar,San Jose de Flores
LineaB:1080,LineaA:1061,9.125383877548044,0.0,Tronador - Villa Ortuzar,Carabobo
LineaB:1080,LineaA:1062,6.4483874108664185,0.0,Tronador - Villa Ortuzar,Puan
LineaB:1080,LineaA:1063,17.059014134166958,22.0,Tronador - Villa Ortuzar,Primera Junta
LineaB:1080,LineaA:1064,22.96141248177022,4.0,Tronador - Villa Ortuzar,Acoyte
LineaB:1080,LineaA:1065,8.77088683578005,3.0,Tronador - Villa Ortuzar,Rio de Janeiro
LineaB:1080,LineaA:1066,25.513895500994295,5.0,Tronador - Villa Ortuzar,Castro Barros
LineaB:1080,LineaA:1067,9.960336690627503,2.0,Tronador - Villa Ortuzar,Loria
LineaB:1080,LineaA:1069,3.7682354253211443,6.0,Tronador - Villa Ortuzar,Alberti
LineaB:1080,LineaA:1070,8.793840341907835,0.0,Tronador - Villa Ortuzar,Pasco
LineaB:1080,LineaA:1071,26.37537985496863,12.0,Tronador - Villa Ortuzar,Congreso
LineaB:1080,LineaA:1072,15.162744448136829,9.0,Tronador - Villa Ortuzar,Saenz Peña
LineaB:1080,LineaA:1074,7.57723622891986,3.0,Tronador - Villa Ortuzar,Piedras
LineaB:1080,LineaA:1076,16.262674333214008,13.0,Tronador - Villa Ortuzar,Plaza de Mayo
LineaB:1080,LineaB:1077,176.61454029572008,178.0,Tronador - Villa Ortuzar,Juan Manuel de Rosas
LineaB:1080,LineaB:1078,49.77251575958967,43.0,Tronador - Villa Ortuzar,Echeverria
LineaB:1080,LineaB:1079,51.577182742270615,41.0,Tronador - Villa Ortuzar,De Los Incas - Parque Chas
LineaB:1080,LineaB:1081,149.3277156224866,81.0,Tronador - Villa Ortuzar,Federico Lacroze
LineaB:1080,LineaB:1082,96.14254821621923,81.0,Tronador - Villa Ortuzar,Dorrego
LineaB:1080,LineaB:1083,148.84326566635698,137.0,Tronador - Villa Ortuzar,angel Gallardo
LineaB:1080,LineaB:1084,131.87234915810956,145.0,Tronador - Villa Ortuzar,Malabia
LineaB:1080,LineaB:1085,161.95449391444313,191.0,Tronador - Villa Ortuzar,Medrano
LineaB:1080,LineaB:1086,101.00017657805488,116.0,Tronador - Villa Ortuzar,Carlos Gardel
LineaB:1080,LineaB:1088,134.33135513208276,139.0,Tronador - Villa Ortuzar,Pasteur
LineaB:1080,LineaB:1089,183.91143210856836,228.0,Tronador - Villa Ortuzar,Callao [B]
LineaB:1080,LineaB:1090,181.68484521072986,243.0,Tronador - Villa Ortuzar,Uruguay
LineaB:1080,LineaB:1092,186.42096089598863,222.0,Tronador - Villa Ortuzar,Florida
LineaB:1080,LineaC:1094,299.0304472180505,481.0,Tronador - Villa Ortuzar,Constitucion
LineaB:1080,LineaC:1095,26.234390474933445,18.0,Tronador - Villa Ortuzar,San Juan
LineaB:1080,LineaC:1097,12.55845179373959,20.0,Tronador - Villa Ortuzar,Moreno
LineaB:1080,LineaC:1098,16.096029027813657,3.0,Tronador - Villa Ortuzar,Avenida de Mayo / Lima
LineaB:1080,LineaC:1100,21.625231998104354,2.0,Tronador - Villa Ortuzar,Lavalle
LineaB:1080,LineaC:1101,38.73866208242109,17.0,Tronador - Villa Ortuzar,General San Martin
LineaB:1080,LineaD:1103,2.680050105836425,3.0,Tronador - Villa Ortuzar,Congreso de Tucuman
LineaB:1080,LineaD:1104,2.478013791969439,0.0,Tronador - Villa Ortuzar,Juramento
LineaB:1080,LineaD:1105,9.14058579173993,2.0,Tronador - Villa Ortuzar,Jose Hernandez
LineaB:1080,LineaD:1106,6.267277135863851,0.0,Tronador - Villa Ortuzar,Olleros
LineaB:1080,LineaD:1107,5.293073565429285,3.0,Tronador - Villa Ortuzar,Ministro Carranza
LineaB:1080,LineaD:1108,2.522940301242802,0.0,Tronador - Villa Ortuzar,Palermo
LineaB:1080,LineaD:1109,11.188850574754268,0.0,Tronador - Villa Ortuzar,Plaza Italia
LineaB:1080,LineaD:1110,9.083084033543782,7.0,Tronador - Villa Ortuzar,Scalabrini Ortiz
LineaB:1080,LineaD:1111,14.860848547574122,12.0,Tronador - Villa Ortuzar,Bulnes
LineaB:1080,LineaD:1112,8.898886664517855,5.0,Tronador - Villa Ortuzar,Agüero
LineaB:1080,LineaD:1114,16.272265607129324,6.0,Tronador - Villa Ortuzar,Facultad de Medicina
LineaB:1080,LineaD:1115,34.461534309973025,7.0,Tronador - Villa Ortuzar,Callao [D]
LineaB:1080,LineaD:1116,49.38300810069495,8.0,Tronador - Villa Ortuzar,Tribunales
LineaB:1080,LineaD:1117,143.28732356874505,301.0,Tronador - Villa Ortuzar,9 de Julio / Carlos Pellegrini / Diagonal Norte
LineaB:1080,LineaE:1119,78.9593965923317,52.0,Tronador - Villa Ortuzar,Bolivar / Catedral / Peru
LineaB:1080,LineaE:1120,30.936212796248917,45.0,Tronador - Villa Ortuzar,Belgrano
LineaB:1080,LineaE:1121,47.39568272687773,91.0,Tronador - Villa Ortuzar,Independencia
LineaB:1080,LineaE:1122,15.16157008994385,15.0,Tronador - Villa Ortuzar,San Jose
LineaB:1080,LineaE:1123,10.456235469494976,14.0,Tronador - Villa Ortuzar,Entre Rios
LineaB:1080,LineaE:1124,3.760439203516103,2.0,Tronador - Villa Ortuzar,Pichincha
LineaB:1080,LineaE:1126,10.368817737874295,0.0,Tronador - Villa Ortuzar,General Urquiza
LineaB:1080,LineaE:1127,12.86665595954807,6.0,Tronador - Villa Ortuzar,Boedo
LineaB:1080,LineaE:1128,7.573655086475035,9.0,Tronador - Villa Ortuzar,La Plata
LineaB:1080,LineaE:1129,9.201763386199804,0.0,Tronador - Villa Ortuzar,Jose Maria Moreno
LineaB:1080,LineaE:1130,11.478453624895423,10.0,Tronador - Villa Ortuzar,Emilio Mitre
LineaB:1080,LineaE:1131,3.767265294345134,0.0,Tronador - Villa Ortuzar,Medalla Milagrosa
LineaB:1080,LineaE:1132,1.2645545458317773,0.0,Tronador - Villa Ortuzar,Varela
LineaB:1080,LineaE:1133,11.744280675286698,12.0,Tronador - Villa Ortuzar,Plaza de los Virreyes
LineaB:1080,LineaE:1164,66.17882868762322,54.0,Tronador - Villa Ortuzar,Retiro
LineaB:1080,LineaE:1165,99.39689106954907,16.0,Tronador - Villa Ortuzar,Catalinas
LineaB:1080,LineaE:1166,235.03009212232624,469.0,Tronador - Villa Ortuzar,Correo Central / Leandro N. Alem
LineaB:1080,LineaH:1134,60.536847280072415,97.0,Tronador - Villa Ortuzar,Hospitales
LineaB:1080,LineaH:1135,41.10871585525783,72.0,Tronador - Villa Ortuzar,Parque Patricios
LineaB:1080,LineaH:1136,44.25237440034637,70.0,Tronador - Villa Ortuzar,Caseros
LineaB:1080,LineaH:1137,24.569255447192447,38.0,Tronador - Villa Ortuzar,Inclan
LineaB:1080,LineaH:1138,10.184030967437694,26.0,Tronador - Villa Ortuzar,Humberto 1 / Jujuy
LineaB:1080,LineaH:1139,38.70210383111605,44.0,Tronador - Villa Ortuzar,Venezuela
LineaB:1080,LineaH:1140,157.35054907352412,34.0,Tronador - Villa Ortuzar,Once / Plaza Miserere
LineaB:1080,LineaH:1141,105.97807444886352,187.0,Tronador - Villa Ortuzar,Corrientes / Pueyrredon
LineaB:1080,LineaH:1160,43.962507981103144,14.0,Tronador - Villa Ortuzar,Cordoba
LineaB:1080,LineaH:1161,53.24524328463629,49.0,Tronador - Villa Ortuzar,Pueyrredon / Santa Fe
LineaB:1080,LineaH:1162,36.39985820569596,18.0,Tronador - Villa Ortuzar,Las Heras
LineaB:1080,LineaH:1163,12.530096037146999,14.0,Tronador - Villa Ortuzar,Facultad de Derecho
LineaB:1081,LineaA:1059,29.119642715327867,21.0,Federico Lacroze,San Pedrito
LineaB:1081,LineaA:1060,16.477112155449014,16.0,Federico Lacroze,San Jose de Flores
LineaB:1081,LineaA:1061,24.122723049087654,8.0,Federico Lacroze,Carabobo
LineaB:1081,LineaA:1062,16.060271256018282,4.0,Federico Lacroze,Puan
LineaB:1081,LineaA:1063,22.461175329940744,24.0,Federico Lacroze,Primera Junta
LineaB:1081,LineaA:1064,35.52857745324096,16.0,Federico Lacroze,Acoyte
LineaB:1081,LineaA:1065,27.55668885938946,21.0,Federico Lacroze,Rio de Janeiro
LineaB:1081,LineaA:1066,59.45586663694464,24.0,Federico Lacroze,Castro Barros
LineaB:1081,LineaA:1067,39.15033260013945,24.0,Federico Lacroze,Loria
LineaB:1081,LineaA:1069,44.948201584729986,45.0,Federico Lacroze,Alberti
LineaB:1081,LineaA:1070,61.188365092027645,12.0,Federico Lacroze,Pasco
LineaB:1081,LineaA:1071,176.72406936340252,80.0,Federico Lacroze,Congreso
LineaB:1081,LineaA:1072,92.33297965847794,37.0,Federico Lacroze,Saenz Peña
LineaB:1081,LineaA:1074,34.901714988366415,28.0,Federico Lacroze,Piedras
LineaB:1081,LineaA:1076,176.5224980237048,81.0,Federico Lacroze,Plaza de Mayo
LineaB:1081,LineaB:1077,368.2691359609376,326.0,Federico Lacroze,Juan Manuel de Rosas
LineaB:1081,LineaB:1078,139.14718522727955,119.0,Federico Lacroze,Echeverria
LineaB:1081,LineaB:1079,140.889983278376,153.0,Federico Lacroze,De Los Incas - Parque Chas
LineaB:1081,LineaB:1080,150.1440605407283,85.0,Federico Lacroze,Tronador - Villa Ortuzar
LineaB:1081,LineaB:1082,213.56281087273476,79.0,Federico Lacroze,Dorrego
LineaB:1081,LineaB:1083,469.4927862203657,517.0,Federico Lacroze,angel Gallardo
LineaB:1081,LineaB:1084,478.23358116452783,455.0,Federico Lacroze,Malabia
LineaB:1081,LineaB:1085,880.6702866416855,938.0,Federico Lacroze,Medrano
LineaB:1081,LineaB:1086,587.2909727151003,835.0,Federico Lacroze,Carlos Gardel
LineaB:1081,LineaB:1088,1098.9692822021043,943.0,Federico Lacroze,Pasteur
LineaB:1081,LineaB:1089,1147.482907281402,1606.0,Federico Lacroze,Callao [B]
LineaB:1081,LineaB:1090,952.8172110836864,1435.0,Federico Lacroze,Uruguay
LineaB:1081,LineaB:1092,1194.7313640326574,1680.0,Federico Lacroze,Florida
LineaB:1081,LineaC:1094,1096.224121844517,1314.0,Federico Lacroze,Constitucion
LineaB:1081,LineaC:1095,125.32412312754762,110.0,Federico Lacroze,San Juan
LineaB:1081,LineaC:1097,137.70884740825989,151.0,Federico Lacroze,Moreno
LineaB:1081,LineaC:1098,146.7459624501539,101.0,Federico Lacroze,Avenida de Mayo / Lima
LineaB:1081,LineaC:1100,127.02715786724731,54.0,Federico Lacroze,Lavalle
LineaB:1081,LineaC:1101,137.2317389555154,50.0,Federico Lacroze,General San Martin
LineaB:1081,LineaD:1103,30.740343634712772,0.0,Federico Lacroze,Congreso de Tucuman
LineaB:1081,LineaD:1104,21.685694670342627,12.0,Federico Lacroze,Juramento
LineaB:1081,LineaD:1105,40.74109190628606,8.0,Federico Lacroze,Jose Hernandez
LineaB:1081,LineaD:1106,31.844799173153742,12.0,Federico Lacroze,Olleros
LineaB:1081,LineaD:1107,16.260079170657907,13.0,Federico Lacroze,Ministro Carranza
LineaB:1081,LineaD:1108,51.18795446724592,31.0,Federico Lacroze,Palermo
LineaB:1081,LineaD:1109,25.106672174675282,5.0,Federico Lacroze,Plaza Italia
LineaB:1081,LineaD:1110,27.678353551010588,9.0,Federico Lacroze,Scalabrini Ortiz
LineaB:1081,LineaD:1111,31.461888295742582,34.0,Federico Lacroze,Bulnes
LineaB:1081,LineaD:1112,42.745336308298846,23.0,Federico Lacroze,Agüero
LineaB:1081,LineaD:1114,229.3162840389641,101.0,Federico Lacroze,Facultad de Medicina
LineaB:1081,LineaD:1115,382.76204491027585,107.0,Federico Lacroze,Callao [D]
LineaB:1081,LineaD:1116,310.55970217787603,110.0,Federico Lacroze,Tribunales
LineaB:1081,LineaD:1117,1053.9251355919384,1656.0,Federico Lacroze,9 de Julio / Carlos Pellegrini / Diagonal Norte
LineaB:1081,LineaE:1119,521.3778364023751,661.0,Federico Lacroze,Bolivar / Catedral / Peru
LineaB:1081,LineaE:1120,153.47349982491713,129.0,Federico Lacroze,Belgrano
LineaB:1081,LineaE:1121,460.30239370377757,721.0,Federico Lacroze,Independencia
LineaB:1081,LineaE:1122,92.58538274578383,26.0,Federico Lacroze,San Jose
LineaB:1081,LineaE:1123,71.70813966481569,49.0,Federico Lacroze,Entre Rios
LineaB:1081,LineaE:1124,30.01598618519207,20.0,Federico Lacroze,Pichincha
LineaB:1081,LineaE:1126,38.903250195267105,24.0,Federico Lacroze,General Urquiza
LineaB:1081,LineaE:1127,36.92456422853706,24.0,Federico Lacroze,Boedo
LineaB:1081,LineaE:1128,3.736175606139014,8.0,Federico Lacroze,La Plata
LineaB:1081,LineaE:1129,21.440885712604054,2.0,Federico Lacroze,Jose Maria Moreno
LineaB:1081,LineaE:1130,17.58492302295536,9.0,Federico Lacroze,Emilio Mitre
LineaB:1081,LineaE:1131,11.361358032967637,0.0,Federico Lacroze,Medalla Milagrosa
LineaB:1081,LineaE:1132,19.984435920643122,14.0,Federico Lacroze,Varela
LineaB:1081,LineaE:1133,16.969180052267326,32.0,Federico Lacroze,Plaza de los Virreyes
LineaB:1081,LineaE:1164,403.6593358236459,130.0,Federico Lacroze,Retiro
LineaB:1081,LineaE:1165,503.94743105419076,124.0,Federico Lacroze,Catalinas
LineaB:1081,LineaE:1166,1424.608727319641,2147.0,Federico Lacroze,Correo Central / Leandro N. Alem
LineaB:1081,LineaH:1134,217.87575988548014,284.0,Federico Lacroze,Hospitales
LineaB:1081,LineaH:1135,187.60808165606693,275.0,Federico Lacroze,Parque Patricios
LineaB:1081,LineaH:1136,238.17517687274892,237.0,Federico Lacroze,Caseros
LineaB:1081,LineaH:1137,93.54794759416686,122.0,Federico Lacroze,Inclan
LineaB:1081,LineaH:1138,152.47649727371655,232.0,Federico Lacroze,Humberto 1 / Jujuy
LineaB:1081,LineaH:1139,155.33040898628656,183.0,Federico Lacroze,Venezuela
LineaB:1081,LineaH:1140,480.91375980423487,180.0,Federico Lacroze,Once / Plaza Miserere
LineaB:1081,LineaH:1141,889.6397792412496,1224.0,Federico Lacroze,Corrientes / Pueyrredon
LineaB:1081,LineaH:1160,231.72547905193292,187.0,Federico Lacroze,Cordoba
LineaB:1081,LineaH:1161,279.48415058339117,261.0,Federico Lacroze,Pueyrredon / Santa Fe
LineaB:1081,LineaH:1162,221.05373996089594,142.0,Federico Lacroze,Las Heras
LineaB:1081,LineaH:1163,116.84873382216328,157.0,Federico Lacroze,Facultad de Derecho
LineaB:1082,LineaA:1059,24.166151467462715,31.0,Dorrego,San Pedrito
LineaB:1082,LineaA:1060,13.69599808119602,18.0,Dorrego,San Jose de Flores
LineaB:1082,LineaA:1061,8.771159758527876,17.0,Dorrego,Carabobo
LineaB:1082,LineaA:1062,7.6047905413447605,5.0,Dorrego,Puan
LineaB:1082,LineaA:1063,17.913870374699773,8.0,Dorrego,Primera Junta
LineaB:1082,LineaA:1064,20.56576243724813,20.0,Dorrego,Acoyte
LineaB:1082,LineaA:1065,21.794000068792407,20.0,Dorrego,Rio de Janeiro
LineaB:1082,LineaA:1066,26.906250975573435,8.0,Dorrego,Castro Barros
LineaB:1082,LineaA:1067,22.86079440198988,20.0,Dorrego,Loria
LineaB:1082,LineaA:1069,25.168758530945162,33.0,Dorrego,Alberti
LineaB:1082,LineaA:1070,39.53683862861405,3.0,Dorrego,Pasco
LineaB:1082,LineaA:1071,86.90052684424383,48.0,Dorrego,Congreso
LineaB:1082,LineaA:1072,39.068666731158174,33.0,Dorrego,Saenz Peña
LineaB:1082,LineaA:1074,8.882463764646175,7.0,Dorrego,Piedras
LineaB:1082,LineaA:1076,60.92304647134512,36.0,Dorrego,Plaza de Mayo
LineaB:1082,LineaB:1077,343.6524396099858,322.0,Dorrego,Juan Manuel de Rosas
LineaB:1082,LineaB:1078,101.40181324128724,94.0,Dorrego,Echeverria
LineaB:1082,LineaB:1079,113.62280247845561,106.0,Dorrego,De Los Incas - Parque Chas
LineaB:1082,LineaB:1080,72.41078323782956,97.0,Dorrego,Tronador - Villa Ortuzar
LineaB:1082,LineaB:1081,172.4112794761418,92.0,Dorrego,Federico Lacroze
LineaB:1082,LineaB:1083,246.5273543560096,323.0,Dorrego,angel Gallardo
LineaB:1082,LineaB:1084,185.52189792880927,205.0,Dorrego,Malabia
LineaB:1082,LineaB:1085,358.8899770638182,448.0,Dorrego,Medrano
LineaB:1082,LineaB:1086,290.39486648344547,452.0,Dorrego,Carlos Gardel
LineaB:1082,LineaB:1088,335.2923166915551,389.0,Dorrego,Pasteur
LineaB:1082,LineaB:1089,401.6320852604331,615.0,Dorrego,Callao [B]
LineaB:1082,LineaB:1090,313.2654623620177,501.0,Dorrego,Uruguay
LineaB:1082,LineaB:1092,394.79498873722304,587.0,Dorrego,Florida
LineaB:1082,LineaC:1094,756.7023133605412,1047.0,Dorrego,Constitucion
LineaB:1082,LineaC:1095,42.09837379920172,46.0,Dorrego,San Juan
LineaB:1082,LineaC:1097,43.61795837542259,43.0,Dorrego,Moreno
LineaB:1082,LineaC:1098,28.774598397039902,32.0,Dorrego,Avenida de Mayo / Lima
LineaB:1082,LineaC:1100,68.41559937447437,30.0,Dorrego,Lavalle
LineaB:1082,LineaC:1101,57.0963860982754,18.0,Dorrego,General San Martin
LineaB:1082,LineaD:1103,13.61321604963495,16.0,Dorrego,Congreso de Tucuman
LineaB:1082,LineaD:1104,10.170010503274549,10.0,Dorrego,Juramento
LineaB:1082,LineaD:1105,6.356058543202451,6.0,Dorrego,Jose Hernandez
LineaB:1082,LineaD:1106,10.427421300518148,10.0,Dorrego,Olleros
LineaB:1082,LineaD:1107,8.983876245579753,6.0,Dorrego,Ministro Carranza
LineaB:1082,LineaD:1108,38.86046153510328,10.0,Dorrego,Palermo
LineaB:1082,LineaD:1109,24.518391442892526,10.0,Dorrego,Plaza Italia
LineaB:1082,LineaD:1110,19.013900438354618,5.0,Dorrego,Scalabrini Ortiz
LineaB:1082,LineaD:1111,25.905344136120366,22.0,Dorrego,Bulnes
LineaB:1082,LineaD:1112,7.955967432913003,17.0,Dorrego,Agüero
LineaB:1082,LineaD:1114,58.02041660477945,29.0,Dorrego,Facultad de Medicina
LineaB:1082,LineaD:1115,138.70433504051732,55.0,Dorrego,Callao [D]
LineaB:1082,LineaD:1116,114.03860454340276,46.0,Dorrego,Tribunales
LineaB:1082,LineaD:1117,294.5854039863273,656.0,Dorrego,9 de Julio / Carlos Pellegrini / Diagonal Norte
LineaB:1082,LineaE:1119,153.34982266404052,265.0,Dorrego,Bolivar / Catedral / Peru
LineaB:1082,LineaE:1120,30.19689300926128,46.0,Dorrego,Belgrano
LineaB:1082,LineaE:1121,103.4561808061048,191.0,Dorrego,Independencia
LineaB:1082,LineaE:1122,38.527149486320596,28.0,Dorrego,San Jose
LineaB:1082,LineaE:1123,47.557299939582826,31.0,Dorrego,Entre Rios
LineaB:1082,LineaE:1124,9.165881902284042,7.0,Dorrego,Pichincha
LineaB:1082,LineaE:1126,20.278254264240978,18.0,Dorrego,General Urquiza
LineaB:1082,LineaE:1127,33.060648009138966,11.0,Dorrego,Boedo
LineaB:1082,LineaE:1128,10.259412867314389,10.0,Dorrego,La Plata
LineaB:1082,LineaE:1129,6.529006107792884,8.0,Dorrego,Jose Maria Moreno
LineaB:1082,LineaE:1130,20.31247906337584,15.0,Dorrego,Emilio Mitre
LineaB:1082,LineaE:1131,5.208070963546511,2.0,Dorrego,Medalla Milagrosa
LineaB:1082,LineaE:1132,7.70530158961242,8.0,Dorrego,Varela
LineaB:1082,LineaE:1133,15.392017312824937,43.0,Dorrego,Plaza de los Virreyes
LineaB:1082,LineaE:1164,151.37206895515567,29.0,Dorrego,Retiro
LineaB:1082,LineaE:1165,280.2068118391574,41.0,Dorrego,Catalinas
LineaB:1082,LineaE:1166,456.4737407944664,929.0,Dorrego,Correo Central / Leandro N. Alem
LineaB:1082,LineaH:1134,138.0009566608254,207.0,Dorrego,Hospitales
LineaB:1082,LineaH:1135,109.78275234165523,177.0,Dorrego,Parque Patricios
LineaB:1082,LineaH:1136,115.63785362441048,106.0,Dorrego,Caseros
LineaB:1082,LineaH:1137,63.826724761066934,103.0,Dorrego,Inclan
LineaB:1082,LineaH:1138,63.74904756016334,110.0,Dorrego,Humberto 1 / Jujuy
LineaB:1082,LineaH:1139,82.46978208685063,105.0,Dorrego,Venezuela
LineaB:1082,LineaH:1140,280.46590189629893,116.0,Dorrego,Once / Plaza Miserere
LineaB:1082,LineaH:1141,358.74572844775565,563.0,Dorrego,Corrientes / Pueyrredon
LineaB:1082,LineaH:1160,98.63451034394673,51.0,Dorrego,Cordoba
LineaB:1082,LineaH:1161,79.90997467467618,56.0,Dorrego,Pueyrredon / Santa Fe
LineaB:1082,LineaH:1162,64.6988238941285,89.0,Dorrego,Las Heras
LineaB:1082,LineaH:1163,17.631519912657613,43.0,Dorrego,Facultad de Derecho
LineaB:1083,LineaA:1059,14.139744069915114,22.0,angel Gallardo,San Pedrito
LineaB:1083,LineaA:1060,17.981709308527638,21.0,angel Gallardo,San Jose de Flores
LineaB:1083,LineaA:1061,15.248567522804072,21.0,angel Gallardo,Carabobo
LineaB:1083,LineaA:1062,19.091566935482245,0.0,angel Gallardo,Puan
LineaB:1083,LineaA:1063,13.97695376428269,11.0,angel Gallardo,Primera Junta
LineaB:1083,LineaA:1064,4.983927726510646,12.0,angel Gallardo,Acoyte
LineaB:1083,LineaA:1065,16.803584199818864,9.0,angel Gallardo,Rio de Janeiro
LineaB:1083,LineaA:1066,18.255923260959737,10.0,angel Gallardo,Castro Barros
LineaB:1083,LineaA:1067,10.116235412875811,11.0,angel Gallardo,Loria
LineaB:1083,LineaA:1069,28.675998349891444,10.0,angel Gallardo,Alberti
LineaB:1083,LineaA:1070,25.235769392597724,6.0,angel Gallardo,Pasco
LineaB:1083,LineaA:1071,76.54149302623755,50.0,angel Gallardo,Congreso
LineaB:1083,LineaA:1072,34.46620772169091,39.0,angel Gallardo,Saenz Peña
LineaB:1083,LineaA:1074,12.507982214103237,7.0,angel Gallardo,Piedras
LineaB:1083,LineaA:1076,111.76164190743805,72.0,angel Gallardo,Plaza de Mayo
LineaB:1083,LineaB:1077,628.3210414335505,668.0,angel Gallardo,Juan Manuel de Rosas
LineaB:1083,LineaB:1078,154.08651855245583,189.0,angel Gallardo,Echeverria
LineaB:1083,LineaB:1079,168.7310312672097,249.0,angel Gallardo,De Los Incas - Parque Chas
LineaB:1083,LineaB:1080,154.8271128717821,133.0,angel Gallardo,Tronador - Villa Ortuzar
LineaB:1083,LineaB:1081,528.202032870512,532.0,angel Gallardo,Federico Lacroze
LineaB:1083,LineaB:1082,271.3542156606767,306.0,angel Gallardo,Dorrego
LineaB:1083,LineaB:1084,149.41385047203053,147.0,angel Gallardo,Malabia
LineaB:1083,LineaB:1085,158.1608097341275,138.0,angel Gallardo,Medrano
LineaB:1083,LineaB:1086,344.3416677804588,391.0,angel Gallardo,Carlos Gardel
LineaB:1083,LineaB:1088,266.01340102922256,324.0,angel Gallardo,Pasteur
LineaB:1083,LineaB:1089,390.99662821307214,568.0,angel Gallardo,Callao [B]
LineaB:1083,LineaB:1090,384.9781095476571,558.0,angel Gallardo,Uruguay
LineaB:1083,LineaB:1092,467.905138268487,709.0,angel Gallardo,Florida
LineaB:1083,LineaC:1094,655.9585312660736,883.0,angel Gallardo,Constitucion
LineaB:1083,LineaC:1095,59.348899325753585,61.0,angel Gallardo,San Juan
LineaB:1083,LineaC:1097,67.02312404785762,48.0,angel Gallardo,Moreno
LineaB:1083,LineaC:1098,51.44226986516469,35.0,angel Gallardo,Avenida de Mayo / Lima
LineaB:1083,LineaC:1100,72.80613029905334,26.0,angel Gallardo,Lavalle
LineaB:1083,LineaC:1101,82.95083723599126,35.0,angel Gallardo,General San Martin
LineaB:1083,LineaD:1103,39.46273114161945,31.0,angel Gallardo,Congreso de Tucuman
LineaB:1083,LineaD:1104,27.961564403060656,23.0,angel Gallardo,Juramento
LineaB:1083,LineaD:1105,21.66116673033469,14.0,angel Gallardo,Jose Hernandez
LineaB:1083,LineaD:1106,30.015217695792998,22.0,angel Gallardo,Olleros
LineaB:1083,LineaD:1107,17.60714020874886,14.0,angel Gallardo,Ministro Carranza
LineaB:1083,LineaD:1108,36.083376399463916,17.0,angel Gallardo,Palermo
LineaB:1083,LineaD:1109,24.556475879781757,9.0,angel Gallardo,Plaza Italia
LineaB:1083,LineaD:1110,25.53911220608141,22.0,angel Gallardo,Scalabrini Ortiz
LineaB:1083,LineaD:1111,41.76281351556368,12.0,angel Gallardo,Bulnes
LineaB:1083,LineaD:1112,8.652505260760893,13.0,angel Gallardo,Agüero
LineaB:1083,LineaD:1114,58.03007885254515,18.0,angel Gallardo,Facultad de Medicina
LineaB:1083,LineaD:1115,143.59721263578922,32.0,angel Gallardo,Callao [D]
LineaB:1083,LineaD:1116,143.50296297190457,47.0,angel Gallardo,Tribunales
LineaB:1083,LineaD:1117,410.11791971753615,672.0,angel Gallardo,9 de Julio / Carlos Pellegrini / Diagonal Norte
LineaB:1083,LineaE:1119,225.6196996568128,265.0,angel Gallardo,Bolivar / Catedral / Peru
LineaB:1083,LineaE:1120,61.86897518482544,48.0,angel Gallardo,Belgrano
LineaB:1083,LineaE:1121,183.7796750784693,335.0,angel Gallardo,Independencia
LineaB:1083,LineaE:1122,53.89269123452257,35.0,angel Gallardo,San Jose
LineaB:1083,LineaE:1123,45.53096718851771,31.0,angel Gallardo,Entre Rios
LineaB:1083,LineaE:1124,8.978108264732702,15.0,angel Gallardo,Pichincha
LineaB:1083,LineaE:1126,16.394302151388167,5.0,angel Gallardo,General Urquiza
LineaB:1083,LineaE:1127,10.27693063912375,7.0,angel Gallardo,Boedo
LineaB:1083,LineaE:1128,3.758933334734917,8.0,angel Gallardo,La Plata
LineaB:1083,LineaE:1129,13.80360071907691,12.0,angel Gallardo,Jose Maria Moreno
LineaB:1083,LineaE:1130,19.068114060368966,6.0,angel Gallardo,Emilio Mitre
LineaB:1083,LineaE:1131,6.238819798070495,5.0,angel Gallardo,Medalla Milagrosa
LineaB:1083,LineaE:1132,16.60319254604021,9.0,angel Gallardo,Varela
LineaB:1083,LineaE:1133,12.473246988458245,33.0,angel Gallardo,Plaza de los Virreyes
LineaB:1083,LineaE:1164,237.7392723297457,191.0,angel Gallardo,Retiro
LineaB:1083,LineaE:1165,363.2367629349031,83.0,angel Gallardo,Catalinas
LineaB:1083,LineaE:1166,605.9869021894883,1071.0,angel Gallardo,Correo Central / Leandro N. Alem
LineaB:1083,LineaH:1134,95.87341349684246,146.0,angel Gallardo,Hospitales
LineaB:1083,LineaH:1135,99.10498315028941,147.0,angel Gallardo,Parque Patricios
LineaB:1083,LineaH:1136,107.25399069276902,112.0,angel Gallardo,Caseros
LineaB:1083,LineaH:1137,71.32591900096129,103.0,angel Gallardo,Inclan
LineaB:1083,LineaH:1138,82.14160310658187,137.0,angel Gallardo,Humberto 1 / Jujuy
LineaB:1083,LineaH:1139,80.26681739234797,94.0,angel Gallardo,Venezuela
LineaB:1083,LineaH:1140,214.22822945468204,96.0,angel Gallardo,Once / Plaza Miserere
LineaB:1083,LineaH:1141,252.20938650557585,386.0,angel Gallardo,Corrientes / Pueyrredon
LineaB:1083,LineaH:1160,84.63503620709987,32.0,angel Gallardo,Cordoba
LineaB:1083,LineaH:1161,121.64315396964099,175.0,angel Gallardo,Pueyrredon / Santa Fe
LineaB:1083,LineaH:1162,133.054159476688,144.0,angel Gallardo,Las Heras
LineaB:1083,LineaH:1163,41.33265103046421,56.0,angel Gallardo,Facultad de Derecho
LineaB:1084,LineaA:1059,28.42778058782377,47.0,Malabia,San Pedrito
LineaB:1084,LineaA:1060,22.190593213722053,9.0,Malabia,San Jose de Flores
LineaB:1084,LineaA:1061,9.533504069485378,11.0,Malabia,Carabobo
LineaB:1084,LineaA:1062,28.310946164824337,5.0,Malabia,Puan
LineaB:1084,LineaA:1063,19.27853115388549,19.0,Malabia,Primera Junta
LineaB:1084,LineaA:1064,17.806085653089916,19.0,Malabia,Acoyte
LineaB:1084,LineaA:1065,20.048320645123585,4.0,Malabia,Rio de Janeiro
LineaB:1084,LineaA:1066,21.675585603361554,14.0,Malabia,Castro Barros
LineaB:1084,LineaA:1067,26.56653029178753,23.0,Malabia,Loria
LineaB:1084,LineaA:1069,32.63193275328976,20.0,Malabia,Alberti
LineaB:1084,LineaA:1070,44.40391010925468,12.0,Malabia,Pasco
LineaB:1084,LineaA:1071,133.14852966284636,60.0,Malabia,Congreso
LineaB:1084,LineaA:1072,59.26486168554181,54.0,Malabia,Saenz Peña
LineaB:1084,LineaA:1074,28.857420838903032,16.0,Malabia,Piedras
LineaB:1084,LineaA:1076,140.395433207968,87.0,Malabia,Plaza de Mayo
LineaB:1084,LineaB:1077,739.7404674894552,752.0,Malabia,Juan Manuel de Rosas
LineaB:1084,LineaB:1078,188.86840229188746,234.0,Malabia,Echeverria
LineaB:1084,LineaB:1079,222.10790455292408,259.0,Malabia,De Los Incas - Parque Chas
LineaB:1084,LineaB:1080,128.8037029037891,137.0,Malabia,Tronador - Villa Ortuzar
LineaB:1084,LineaB:1081,449.4974119146094,485.0,Malabia,Federico Lacroze
LineaB:1084,LineaB:1082,190.7901524994326,187.0,Malabia,Dorrego
LineaB:1084,LineaB:1083,99.47224886314329,134.0,Malabia,angel Gallardo
LineaB:1084,LineaB:1085,270.68751447517405,293.0,Malabia,Medrano
LineaB:1084,LineaB:1086,360.7288493640476,520.0,Malabia,Carlos Gardel
LineaB:1084,LineaB:1088,309.54323344090744,459.0,Malabia,Pasteur
LineaB:1084,LineaB:1089,557.3511638427323,816.0,Malabia,Callao [B]
LineaB:1084,LineaB:1090,579.9367166750739,802.0,Malabia,Uruguay
LineaB:1084,LineaB:1092,611.8055030685676,856.0,Malabia,Florida
LineaB:1084,LineaC:1094,940.6633493372395,1373.0,Malabia,Constitucion
LineaB:1084,LineaC:1095,90.09004977437853,61.0,Malabia,San Juan
LineaB:1084,LineaC:1097,79.84127531003,83.0,Malabia,Moreno
LineaB:1084,LineaC:1098,83.0652318982399,54.0,Malabia,Avenida de Mayo / Lima
LineaB:1084,LineaC:1100,98.58879484662431,26.0,Malabia,Lavalle
LineaB:1084,LineaC:1101,138.69773024002026,29.0,Malabia,General San Martin
LineaB:1084,LineaD:1103,35.529430478416344,38.0,Malabia,Congreso de Tucuman
LineaB:1084,LineaD:1104,25.763832787705116,9.0,Malabia,Juramento
LineaB:1084,LineaD:1105,14.110843366079266,13.0,Malabia,Jose Hernandez
LineaB:1084,LineaD:1106,18.09093510089641,6.0,Malabia,Olleros
LineaB:1084,LineaD:1107,15.227880636996609,10.0,Malabia,Ministro Carranza
LineaB:1084,LineaD:1108,18.55904402641347,8.0,Malabia,Palermo
LineaB:1084,LineaD:1109,23.833936540299767,13.0,Malabia,Plaza Italia
LineaB:1084,LineaD:1110,41.28549189700427,7.0,Malabia,Scalabrini Ortiz
LineaB:1084,LineaD:1111,16.528495018164694,22.0,Malabia,Bulnes
LineaB:1084,LineaD:1112,17.784396858189357,1.0,Malabia,Agüero
LineaB:1084,LineaD:1114,94.77887696812864,39.0,Malabia,Facultad de Medicina
LineaB:1084,LineaD:1115,178.03689750026405,36.0,Malabia,Callao [D]
LineaB:1084,LineaD:1116,191.98542284193158,58.0,Malabia,Tribunales
LineaB:1084,LineaD:1117,502.88572761470147,897.0,Malabia,9 de Julio / Carlos Pellegrini / Diagonal Norte
LineaB:1084,LineaE:1119,270.26649037783284,367.0,Malabia,Bolivar / Catedral / Peru
LineaB:1084,LineaE:1120,63.271589662489816,100.0,Malabia,Belgrano
LineaB:1084,LineaE:1121,231.11399608262022,424.0,Malabia,Independencia
LineaB:1084,LineaE:1122,54.086800373742626,14.0,Malabia,San Jose
LineaB:1084,LineaE:1123,60.1594918679963,38.0,Malabia,Entre Rios
LineaB:1084,LineaE:1124,15.342532111756872,14.0,Malabia,Pichincha
LineaB:1084,LineaE:1126,28.987600366708868,30.0,Malabia,General Urquiza
LineaB:1084,LineaE:1127,32.2624380535844,18.0,Malabia,Boedo
LineaB:1084,LineaE:1128,7.644516788060206,4.0,Malabia,La Plata
LineaB:1084,LineaE:1129,10.072752324921069,7.0,Malabia,Jose Maria Moreno
LineaB:1084,LineaE:1130,12.60095743478849,11.0,Malabia,Emilio Mitre
LineaB:1084,LineaE:1131,10.51821211896697,6.0,Malabia,Medalla Milagrosa
LineaB:1084,LineaE:1132,12.700259497402008,7.0,Malabia,Varela
LineaB:1084,LineaE:1133,11.444014659722743,37.0,Malabia,Plaza de los Virreyes
LineaB:1084,LineaE:1164,221.06489459188597,142.0,Malabia,Retiro
LineaB:1084,LineaE:1165,550.2433084101473,107.0,Malabia,Catalinas
LineaB:1084,LineaE:1166,845.4406735105008,1387.0,Malabia,Correo Central / Leandro N. Alem
LineaB:1084,LineaH:1134,110.4470160879617,189.0,Malabia,Hospitales
LineaB:1084,LineaH:1135,106.88090044780512,238.0,Malabia,Parque Patricios
LineaB:1084,LineaH:1136,140.52895717075003,140.0,Malabia,Caseros
LineaB:1084,LineaH:1137,93.11359227636163,112.0,Malabia,Inclan
LineaB:1084,LineaH:1138,106.93323233753668,129.0,Malabia,Humberto 1 / Jujuy
LineaB:1084,LineaH:1139,92.98847609880912,140.0,Malabia,Venezuela
LineaB:1084,LineaH:1140,260.1380243699045,110.0,Malabia,Once / Plaza Miserere
LineaB:1084,LineaH:1141,342.36728974848404,596.0,Malabia,Corrientes / Pueyrredon
LineaB:1084,LineaH:1160,103.27726866388068,50.0,Malabia,Cordoba
LineaB:1084,LineaH:1161,107.32444848231759,154.0,Malabia,Pueyrredon / Santa Fe
LineaB:1084,LineaH:1162,103.73274926872027,102.0,Malabia,Las Heras
LineaB:1084,LineaH:1163,36.52135815105058,62.0,Malabia,Facultad de Derecho
LineaB:1085,LineaA:1059,24.33192945878342,66.0,Medrano,San Pedrito
LineaB:1085,LineaA:1060,27.74927156058692,36.0,Medrano,San Jose de Flores
LineaB:1085,LineaA:1061,28.205442720313126,16.0,Medrano,Carabobo
LineaB:1085,LineaA:1062,2.48801030543111,4.0,Medrano,Puan
LineaB:1085,LineaA:1063,15.490771043945577,24.0,Medrano,Primera Junta
LineaB:1085,LineaA:1064,18.2259484453554,23.0,Medrano,Acoyte
LineaB:1085,LineaA:1065,8.893535495270415,15.0,Medrano,Rio de Janeiro
LineaB:1085,LineaA:1066,53.51950647107542,53.0,Medrano,Castro Barros
LineaB:1085,LineaA:1067,21.764376732201868,8.0,Medrano,Loria
LineaB:1085,LineaA:1069,24.091318056191373,20.0,Medrano,Alberti
LineaB:1085,LineaA:1070,25.111259526500927,6.0,Medrano,Pasco
LineaB:1085,LineaA:1071,79.65757698229729,53.0,Medrano,Congreso
LineaB:1085,LineaA:1072,46.764733651241414,31.0,Medrano,Saenz Peña
LineaB:1085,LineaA:1074,29.261115536573527,21.0,Medrano,Piedras
LineaB:1085,LineaA:1076,97.66837860998002,83.0,Medrano,Plaza de Mayo
LineaB:1085,LineaB:1077,1029.2958492035525,1095.0,Medrano,Juan Manuel de Rosas
LineaB:1085,LineaB:1078,229.81804833240497,241.0,Medrano,Echeverria
LineaB:1085,LineaB:1079,297.5882258702969,329.0,Medrano,De Los Incas - Parque Chas
LineaB:1085,LineaB:1080,177.1675437234277,204.0,Medrano,Tronador - Villa Ortuzar
LineaB:1085,LineaB:1081,1007.473693389511,1022.0,Medrano,Federico Lacroze
LineaB:1085,LineaB:1082,414.74669096833736,444.0,Medrano,Dorrego
LineaB:1085,LineaB:1083,140.39474874395162,159.0,Medrano,angel Gallardo
LineaB:1085,LineaB:1084,322.2666048841833,380.0,Medrano,Malabia
LineaB:1085,LineaB:1086,183.42119550387244,243.0,Medrano,Carlos Gardel
LineaB:1085,LineaB:1088,232.5754464495543,285.0,Medrano,Pasteur
LineaB:1085,LineaB:1089,348.79450263836634,510.0,Medrano,Callao [B]
LineaB:1085,LineaB:1090,380.4271840470639,500.0,Medrano,Uruguay
LineaB:1085,LineaB:1092,373.9818926759896,604.0,Medrano,Florida
LineaB:1085,LineaC:1094,822.0343842562047,1004.0,Medrano,Constitucion
LineaB:1085,LineaC:1095,63.888612465342256,92.0,Medrano,San Juan
LineaB:1085,LineaC:1097,38.55028330629075,93.0,Medrano,Moreno
LineaB:1085,LineaC:1098,64.88409060372338,52.0,Medrano,Avenida de Mayo / Lima
LineaB:1085,LineaC:1100,81.96217156984724,29.0,Medrano,Lavalle
LineaB:1085,LineaC:1101,79.85353123131917,40.0,Medrano,General San Martin
LineaB:1085,LineaD:1103,75.15558457098027,78.0,Medrano,Congreso de Tucuman
LineaB:1085,LineaD:1104,64.80726356069226,41.0,Medrano,Juramento
LineaB:1085,LineaD:1105,22.431701020819432,22.0,Medrano,Jose Hernandez
LineaB:1085,LineaD:1106,43.15902170840922,39.0,Medrano,Olleros
LineaB:1085,LineaD:1107,21.70884575937338,32.0,Medrano,Ministro Carranza
LineaB:1085,LineaD:1108,34.104464297344954,45.0,Medrano,Palermo
LineaB:1085,LineaD:1109,42.10539747526045,28.0,Medrano,Plaza Italia
LineaB:1085,LineaD:1110,22.951202812014774,15.0,Medrano,Scalabrini Ortiz
LineaB:1085,LineaD:1111,44.14695079839425,31.0,Medrano,Bulnes
LineaB:1085,LineaD:1112,20.577678699835225,14.0,Medrano,Agüero
LineaB:1085,LineaD:1114,53.34128239472247,62.0,Medrano,Facultad de Medicina
LineaB:1085,LineaD:1115,119.01210062066278,29.0,Medrano,Callao [D]
LineaB:1085,LineaD:1116,145.04374992781243,38.0,Medrano,Tribunales
LineaB:1085,LineaD:1117,328.58223484476844,685.0,Medrano,9 de Julio / Carlos Pellegrini / Diagonal Norte
LineaB:1085,LineaE:1119,200.11085556719058,271.0,Medrano,Bolivar / Catedral / Peru
LineaB:1085,LineaE:1120,53.20004884581484,50.0,Medrano,Belgrano
LineaB:1085,LineaE:1121,180.05219768249185,347.0,Medrano,Independencia
LineaB:1085,LineaE:1122,42.73667511398617,22.0,Medrano,San Jose
LineaB:1085,LineaE:1123,28.153544785668828,22.0,Medrano,Entre Rios
LineaB:1085,LineaE:1124,20.250340411661057,24.0,Medrano,Pichincha
LineaB:1085,LineaE:1126,10.14980774175441,10.0,Medrano,General Urquiza
LineaB:1085,LineaE:1127,33.53883360877675,9.0,Medrano,Boedo
LineaB:1085,LineaE:1128,11.680248060505333,15.0,Medrano,La Plata
LineaB:1085,LineaE:1129,16.831318252521257,10.0,Medrano,Jose Maria Moreno
LineaB:1085,LineaE:1130,7.895188643435683,6.0,Medrano,Emilio Mitre
LineaB:1085,LineaE:1131,5.083659581889712,9.0,Medrano,Medalla Milagrosa
LineaB:1085,LineaE:1132,26.831684193276416,8.0,Medrano,Varela
LineaB:1085,LineaE:1133,28.57777472842305,85.0,Medrano,Plaza de los Virreyes
LineaB:1085,LineaE:1164,227.68034842110856,167.0,Medrano,Retiro
LineaB:1085,LineaE:1165,276.60041938676454,64.0,Medrano,Catalinas
LineaB:1085,LineaE:1166,496.91934938043937,955.0,Medrano,Correo Central / Leandro N. Alem
LineaB:1085,LineaH:1134,124.23759977107387,173.0,Medrano,Hospitales
LineaB:1085,LineaH:1135,109.20615688522736,210.0,Medrano,Parque Patricios
LineaB:1085,LineaH:1136,168.20011655213855,158.0,Medrano,Caseros
LineaB:1085,LineaH:1137,77.43034050566577,126.0,Medrano,Inclan
LineaB:1085,LineaH:1138,137.5799529967304,164.0,Medrano,Humberto 1 / Jujuy
LineaB:1085,LineaH:1139,82.6507241200791,140.0,Medrano,Venezuela
LineaB:1085,LineaH:1140,254.67762938075023,133.0,Medrano,Once / Plaza Miserere
LineaB:1085,LineaH:1141,247.14683574989746,346.0,Medrano,Corrientes / Pueyrredon
LineaB:1085,LineaH:1160,96.65435208915653,82.0,Medrano,Cordoba
LineaB:1085,LineaH:1161,155.90592641576805,238.0,Medrano,Pueyrredon / Santa Fe
LineaB:1085,LineaH:1162,152.20234013128018,144.0,Medrano,Las Heras
LineaB:1085,LineaH:1163,49.065224801369965,74.0,Medrano,Facultad de Derecho
LineaB:1086,LineaA:1059,44.91167103018511,133.0,Carlos Gardel,San Pedrito
LineaB:1086,LineaA:1060,47.318439295861964,56.0,Carlos Gardel,San Jose de Flores
LineaB:1086,LineaA:1061,29.825378245760668,36.0,Carlos Gardel,Carabobo
LineaB:1086,LineaA:1062,13.89127250685372,12.0,Carlos Gardel,Puan
LineaB:1086,LineaA:1063,32.77025210308379,30.0,Carlos Gardel,Primera Junta
LineaB:1086,LineaA:1064,34.45573068869555,23.0,Carlos Gardel,Acoyte
LineaB:1086,LineaA:1065,52.31473755076508,30.0,Carlos Gardel,Rio de Janeiro
LineaB:1086,LineaA:1066,34.83617642879697,23.0,Carlos Gardel,Castro Barros
LineaB:1086,LineaA:1067,11.729436049119313,14.0,Carlos Gardel,Loria
LineaB:1086,LineaA:1069,27.828957952893685,18.0,Carlos Gardel,Alberti
LineaB:1086,LineaA:1070,26.31635595376982,1.0,Carlos Gardel,Pasco
LineaB:1086,LineaA:1071,88.34484503209845,54.0,Carlos Gardel,Congreso
LineaB:1086,LineaA:1072,33.053198625243574,40.0,Carlos Gardel,Saenz Peña
LineaB:1086,LineaA:1074,12.643272212949984,16.0,Carlos Gardel,Piedras
LineaB:1086,LineaA:1076,51.38803076815419,59.0,Carlos Gardel,Plaza de Mayo
LineaB:1086,LineaB:1077,683.5231070238752,905.0,Carlos Gardel,Juan Manuel de Rosas
LineaB:1086,LineaB:1078,150.66158475814015,209.0,Carlos Gardel,Echeverria
LineaB:1086,LineaB:1079,209.2850584110807,265.0,Carlos Gardel,De Los Incas - Parque Chas
LineaB:1086,LineaB:1080,137.97077807465914,132.0,Carlos Gardel,Tronador - Villa Ortuzar
LineaB:1086,LineaB:1081,850.4650926979417,903.0,Carlos Gardel,Federico Lacroze
LineaB:1086,LineaB:1082,448.31817695687414,447.0,Carlos Gardel,Dorrego
LineaB:1086,LineaB:1083,451.9222491310056,386.0,Carlos Gardel,angel Gallardo
LineaB:1086,LineaB:1084,531.7581894949532,548.0,Carlos Gardel,Malabia
LineaB:1086,LineaB:1085,288.2051769615472,223.0,Carlos Gardel,Medrano
LineaB:1086,LineaB:1088,158.97719814857265,228.0,Carlos Gardel,Pasteur
LineaB:1086,LineaB:1089,266.0833155832252,448.0,Carlos Gardel,Callao [B]
LineaB:1086,LineaB:1090,258.29302351912116,414.0,Carlos Gardel,Uruguay
LineaB:1086,LineaB:1092,246.26293572140256,418.0,Carlos Gardel,Florida
LineaB:1086,LineaC:1094,662.7384340725288,944.0,Carlos Gardel,Constitucion
LineaB:1086,LineaC:1095,35.21302966541901,73.0,Carlos Gardel,San Juan
LineaB:1086,LineaC:1097,40.367486730805815,49.0,Carlos Gardel,Moreno
LineaB:1086,LineaC:1098,42.420427058877934,56.0,Carlos Gardel,Avenida de Mayo / Lima
LineaB:1086,LineaC:1100,81.93046221406122,13.0,Carlos Gardel,Lavalle
LineaB:1086,LineaC:1101,49.84038722307643,22.0,Carlos Gardel,General San Martin
LineaB:1086,LineaD:1103,69.70044551258908,82.0,Carlos Gardel,Congreso de Tucuman
LineaB:1086,LineaD:1104,49.949811159437026,75.0,Carlos Gardel,Juramento
LineaB:1086,LineaD:1105,36.88778342570736,27.0,Carlos Gardel,Jose Hernandez
LineaB:1086,LineaD:1106,36.757206932382694,28.0,Carlos Gardel,Olleros
LineaB:1086,LineaD:1107,23.399025129114708,21.0,Carlos Gardel,Ministro Carranza
LineaB:1086,LineaD:1108,56.96669374831035,55.0,Carlos Gardel,Palermo
LineaB:1086,LineaD:1109,75.55169660796635,51.0,Carlos Gardel,Plaza Italia
LineaB:1086,LineaD:1110,48.4514050829493,23.0,Carlos Gardel,Scalabrini Ortiz
LineaB:1086,LineaD:1111,52.87516404877111,39.0,Carlos Gardel,Bulnes
LineaB:1086,LineaD:1112,20.575333804296104,12.0,Carlos Gardel,Agüero
LineaB:1086,LineaD:1114,45.20005326928252,26.0,Carlos Gardel,Facultad de Medicina
LineaB:1086,LineaD:1115,89.56635986580935,35.0,Carlos Gardel,Callao [D]
LineaB:1086,LineaD:1116,107.82379935480179,51.0,Carlos Gardel,Tribunales
LineaB:1086,LineaD:1117,242.51461355874457,552.0,Carlos Gardel,9 de Julio / Carlos Pellegrini / Diagonal Norte
LineaB:1086,LineaE:1119,136.66792676440716,122.0,Carlos Gardel,Bolivar / Catedral / Peru
LineaB:1086,LineaE:1120,44.80742651387469,34.0,Carlos Gardel,Belgrano
LineaB:1086,LineaE:1121,118.7974647829437,225.0,Carlos Gardel,Independencia
LineaB:1086,LineaE:1122,42.135895405820996,16.0,Carlos Gardel,San Jose
LineaB:1086,LineaE:1123,34.94542626019952,26.0,Carlos Gardel,Entre Rios
LineaB:1086,LineaE:1124,30.51599868629025,22.0,Carlos Gardel,Pichincha
LineaB:1086,LineaE:1126,27.567761657202176,20.0,Carlos Gardel,General Urquiza
LineaB:1086,LineaE:1127,39.7339319317209,23.0,Carlos Gardel,Boedo
LineaB:1086,LineaE:1128,28.92089594567379,35.0,Carlos Gardel,La Plata
LineaB:1086,LineaE:1129,25.024884149766034,23.0,Carlos Gardel,Jose Maria Moreno
LineaB:1086,LineaE:1130,32.74493037602086,22.0,Carlos Gardel,Emilio Mitre
LineaB:1086,LineaE:1131,14.182471822295142,11.0,Carlos Gardel,Medalla Milagrosa
LineaB:1086,LineaE:1132,17.542972093064954,14.0,Carlos Gardel,Varela
LineaB:1086,LineaE:1133,38.11580002080285,98.0,Carlos Gardel,Plaza de los Virreyes
LineaB:1086,LineaE:1164,160.16806016916254,144.0,Carlos Gardel,Retiro
LineaB:1086,LineaE:1165,159.02634409339493,30.0,Carlos Gardel,Catalinas
LineaB:1086,LineaE:1166,290.0524982283058,643.0,Carlos Gardel,Correo Central / Leandro N. Alem
LineaB:1086,LineaH:1134,110.28276725042349,175.0,Carlos Gardel,Hospitales
LineaB:1086,LineaH:1135,105.87723707312237,241.0,Carlos Gardel,Parque Patricios
LineaB:1086,LineaH:1136,134.4668838187248,115.0,Carlos Gardel,Caseros
LineaB:1086,LineaH:1137,94.1748151695355,114.0,Carlos Gardel,Inclan
LineaB:1086,LineaH:1138,83.79101789331536,154.0,Carlos Gardel,Humberto 1 / Jujuy
LineaB:1086,LineaH:1139,75.2617913943964,123.0,Carlos Gardel,Venezuela
LineaB:1086,LineaH:1140,148.06502702017326,114.0,Carlos Gardel,Once / Plaza Miserere
LineaB:1086,LineaH:1141,87.18006765987582,196.0,Carlos Gardel,Corrientes / Pueyrredon
LineaB:1086,LineaH:1160,67.67201515090714,38.0,Carlos Gardel,Cordoba
LineaB:1086,LineaH:1161,70.10095142300273,111.0,Carlos Gardel,Pueyrredon / Santa Fe
LineaB:1086,LineaH:1162,80.89957504988988,81.0,Carlos Gardel,Las Heras
LineaB:1086,LineaH:1163,21.16807938082205,50.0,Carlos Gardel,Facultad de Derecho
LineaB:1088,LineaA:1059,21.360400845914413,76.0,Pasteur,San Pedrito
LineaB:1088,LineaA:1060,27.782265586701662,16.0,Pasteur,San Jose de Flores
LineaB:1088,LineaA:1061,7.531422257631476,16.0,Pasteur,Carabobo
LineaB:1088,LineaA:1062,15.08501606847178,2.0,Pasteur,Puan
LineaB:1088,LineaA:1063,8.755684921588163,20.0,Pasteur,Primera Junta
LineaB:1088,LineaA:1064,16.673184033669102,39.0,Pasteur,Acoyte
LineaB:1088,LineaA:1065,26.622400795470558,18.0,Pasteur,Rio de Janeiro
LineaB:1088,LineaA:1066,28.885225437441637,17.0,Pasteur,Castro Barros
LineaB:1088,LineaA:1067,25.677181769620976,12.0,Pasteur,Loria
LineaB:1088,LineaA:1069,18.726602225477748,16.0,Pasteur,Alberti
LineaB:1088,LineaA:1070,17.956367384686935,12.0,Pasteur,Pasco
LineaB:1088,LineaA:1071,22.988749275483332,8.0,Pasteur,Congreso
LineaB:1088,LineaA:1072,9.972323626920431,14.0,Pasteur,Saenz Peña
LineaB:1088,LineaA:1074,8.879750709282021,6.0,Pasteur,Piedras
LineaB:1088,LineaA:1076,33.96378470907637,57.0,Pasteur,Plaza de Mayo
LineaB:1088,LineaB:1077,1025.148338424594,961.0,Pasteur,Juan Manuel de Rosas
LineaB:1088,LineaB:1078,192.8532386021849,198.0,Pasteur,Echeverria
LineaB:1088,LineaB:1079,280.83366335162236,270.0,Pasteur,De Los Incas - Parque Chas
LineaB:1088,LineaB:1080,178.4557668052888,169.0,Pasteur,Tronador - Villa Ortuzar
LineaB:1088,LineaB:1081,1370.376475439132,1034.0,Pasteur,Federico Lacroze
LineaB:1088,LineaB:1082,483.2502571931591,421.0,Pasteur,Dorrego
LineaB:1088,LineaB:1083,376.8348842165257,358.0,Pasteur,angel Gallardo
LineaB:1088,LineaB:1084,503.8224832676518,491.0,Pasteur,Malabia
LineaB:1088,LineaB:1085,334.62912138311907,323.0,Pasteur,Medrano
LineaB:1088,LineaB:1086,266.6476427563349,260.0,Pasteur,Carlos Gardel
LineaB:1088,LineaB:1089,68.01443687913955,66.0,Pasteur,Callao [B]
LineaB:1088,LineaB:1090,101.71376288258473,185.0,Pasteur,Uruguay
LineaB:1088,LineaB:1092,160.06966280473748,315.0,Pasteur,Florida
LineaB:1088,LineaC:1094,437.8611725208279,540.0,Pasteur,Constitucion
LineaB:1088,LineaC:1095,21.809254712756434,25.0,Pasteur,San Juan
LineaB:1088,LineaC:1097,13.663811749997178,14.0,Pasteur,Moreno
LineaB:1088,LineaC:1098,26.232425453050574,20.0,Pasteur,Avenida de Mayo / Lima
LineaB:1088,LineaC:1100,38.81189053549972,24.0,Pasteur,Lavalle
LineaB:1088,LineaC:1101,25.1583927957988,19.0,Pasteur,General San Martin
LineaB:1088,LineaD:1103,39.140107966115465,107.0,Pasteur,Congreso de Tucuman
LineaB:1088,LineaD:1104,15.253224641566172,31.0,Pasteur,Juramento
LineaB:1088,LineaD:1105,12.826938832113903,22.0,Pasteur,Jose Hernandez
LineaB:1088,LineaD:1106,20.322652667411198,16.0,Pasteur,Olleros
LineaB:1088,LineaD:1107,9.998597899245826,17.0,Pasteur,Ministro Carranza
LineaB:1088,LineaD:1108,31.719872599419293,50.0,Pasteur,Palermo
LineaB:1088,LineaD:1109,19.022923639485057,8.0,Pasteur,Plaza Italia
LineaB:1088,LineaD:1110,17.71760626796409,24.0,Pasteur,Scalabrini Ortiz
LineaB:1088,LineaD:1111,17.705962934770955,15.0,Pasteur,Bulnes
LineaB:1088,LineaD:1112,12.632394816795523,6.0,Pasteur,Agüero
LineaB:1088,LineaD:1114,28.05349903210017,41.0,Pasteur,Facultad de Medicina
LineaB:1088,LineaD:1115,22.786811388170793,1.0,Pasteur,Callao [D]
LineaB:1088,LineaD:1116,55.274445191457666,25.0,Pasteur,Tribunales
LineaB:1088,LineaD:1117,123.71935369937813,256.0,Pasteur,9 de Julio / Carlos Pellegrini / Diagonal Norte
LineaB:1088,LineaE:1119,66.18432864298711,67.0,Pasteur,Bolivar / Catedral / Peru
LineaB:1088,LineaE:1120,11.262598176460516,8.0,Pasteur,Belgrano
LineaB:1088,LineaE:1121,39.06132739508187,66.0,Pasteur,Independencia
LineaB:1088,LineaE:1122,23.980006085714866,5.0,Pasteur,San Jose
LineaB:1088,LineaE:1123,8.975319625176315,5.0,Pasteur,Entre Rios
LineaB:1088,LineaE:1124,9.110447385572147,8.0,Pasteur,Pichincha
LineaB:1088,LineaE:1126,15.36190812403333,9.0,Pasteur,General Urquiza
LineaB:1088,LineaE:1127,11.482209994650148,13.0,Pasteur,Boedo
LineaB:1088,LineaE:1128,10.049208743378456,11.0,Pasteur,La Plata
LineaB:1088,LineaE:1129,12.99188095235768,14.0,Pasteur,Jose Maria Moreno
LineaB:1088,LineaE:1130,12.869618076908889,2.0,Pasteur,Emilio Mitre
LineaB:1088,LineaE:1131,6.392536468909879,4.0,Pasteur,Medalla Milagrosa
LineaB:1088,LineaE:1132,16.799263826557883,3.0,Pasteur,Varela
LineaB:1088,LineaE:1133,11.446039965434926,27.0,Pasteur,Plaza de los Virreyes
LineaB:1088,LineaE:1164,157.13604007551854,120.0,Pasteur,Retiro
LineaB:1088,LineaE:1165,128.49363163854105,5.0,Pasteur,Catalinas
LineaB:1088,LineaE:1166,201.03767025271677,345.0,Pasteur,Correo Central / Leandro N. Alem
LineaB:1088,LineaH:1134,45.62676648595144,77.0,Pasteur,Hospitales
LineaB:1088,LineaH:1135,39.398767900843595,62.0,Pasteur,Parque Patricios
LineaB:1088,LineaH:1136,43.23352419322152,26.0,Pasteur,Caseros
LineaB:1088,LineaH:1137,27.67487242756019,48.0,Pasteur,Inclan
LineaB:1088,LineaH:1138,34.25662302591598,24.0,Pasteur,Humberto 1 / Jujuy
LineaB:1088,LineaH:1139,22.686836687123456,30.0,Pasteur,Venezuela
LineaB:1088,LineaH:1140,94.90588115592132,63.0,Pasteur,Once / Plaza Miserere
LineaB:1088,LineaH:1141,0.0,74.0,Pasteur,Corrientes / Pueyrredon
LineaB:1088,LineaH:1160,24.084183176984528,16.0,Pasteur,Cordoba
LineaB:1088,LineaH:1161,24.049322229715777,46.0,Pasteur,Pueyrredon / Santa Fe
LineaB:1088,LineaH:1162,34.087952910698256,27.0,Pasteur,Las Heras
LineaB:1088,LineaH:1163,7.545500405647129,10.0,Pasteur,Facultad de Derecho
LineaB:1089,LineaA:1059,27.860285002960655,102.0,Callao [B],San Pedrito
LineaB:1089,LineaA:1060,19.65875709341358,28.0,Callao [B],San Jose de Flores
LineaB:1089,LineaA:1061,11.469894650774727,35.0,Callao [B],Carabobo
LineaB:1089,LineaA:1062,15.21646810921391,9.0,Callao [B],Puan
LineaB:1089,LineaA:1063,11.77383588040326,56.0,Callao [B],Primera Junta
LineaB:1089,LineaA:1064,28.92480389575613,67.0,Callao [B],Acoyte
LineaB:1089,LineaA:1065,42.72002592344651,38.0,Callao [B],Rio de Janeiro
LineaB:1089,LineaA:1066,59.088589809779194,27.0,Callao [B],Castro Barros
LineaB:1089,LineaA:1067,14.307283629652826,21.0,Callao [B],Loria
LineaB:1089,LineaA:1069,5.117692901354064,5.0,Callao [B],Alberti
LineaB:1089,LineaA:1070,15.155827456178454,0.0,Callao [B],Pasco
LineaB:1089,LineaA:1071,60.208046030095524,35.0,Callao [B],Congreso
LineaB:1089,LineaA:1072,6.618397932321978,3.0,Callao [B],Saenz Peña
LineaB:1089,LineaA:1074,3.8978110087025106,7.0,Callao [B],Piedras
LineaB:1089,LineaA:1076,66.43233374577473,86.0,Callao [B],Plaza de Mayo
LineaB:1089,LineaB:1077,1492.3830137322454,1936.0,Callao [B],Juan Manuel de Rosas
LineaB:1089,LineaB:1078,328.7625590599383,475.0,Callao [B],Echeverria
LineaB:1089,LineaB:1079,446.2781237629303,551.0,Callao [B],De Los Incas - Parque Chas
LineaB:1089,LineaB:1080,267.67176733898305,269.0,Callao [B],Tronador - Villa Ortuzar
LineaB:1089,LineaB:1081,1547.3154598043454,1761.0,Callao [B],Federico Lacroze
LineaB:1089,LineaB:1082,601.8881397658103,663.0,Callao [B],Dorrego
LineaB:1089,LineaB:1083,515.3747514318651,657.0,Callao [B],angel Gallardo
LineaB:1089,LineaB:1084,785.3891900895168,864.0,Callao [B],Malabia
LineaB:1089,LineaB:1085,434.5794535869271,546.0,Callao [B],Medrano
LineaB:1089,LineaB:1086,401.43381025158385,538.0,Callao [B],Carlos Gardel
LineaB:1089,LineaB:1088,66.7420718024021,91.0,Callao [B],Pasteur
LineaB:1089,LineaB:1090,35.22641424749692,43.0,Callao [B],Uruguay
LineaB:1089,LineaB:1092,192.0431440589045,376.0,Callao [B],Florida
LineaB:1089,LineaC:1094,426.5134167877228,531.0,Callao [B],Constitucion
LineaB:1089,LineaC:1095,30.605659049233964,65.0,Callao [B],San Juan
LineaB:1089,LineaC:1097,17.596504178461544,20.0,Callao [B],Moreno
LineaB:1089,LineaC:1098,23.97280495048791,15.0,Callao [B],Avenida de Mayo / Lima
LineaB:1089,LineaC:1100,46.88048136854645,16.0,Callao [B],Lavalle
LineaB:1089,LineaC:1101,28.94506249251731,16.0,Callao [B],General San Martin
LineaB:1089,LineaD:1103,35.42786796343102,153.0,Callao [B],Congreso de Tucuman
LineaB:1089,LineaD:1104,34.862679936810046,55.0,Callao [B],Juramento
LineaB:1089,LineaD:1105,31.151514048025057,26.0,Callao [B],Jose Hernandez
LineaB:1089,LineaD:1106,36.2109363076392,25.0,Callao [B],Olleros
LineaB:1089,LineaD:1107,17.565962126638816,81.0,Callao [B],Ministro Carranza
LineaB:1089,LineaD:1108,27.948469236299765,64.0,Callao [B],Palermo
LineaB:1089,LineaD:1109,42.09801985741657,19.0,Callao [B],Plaza Italia
LineaB:1089,LineaD:1110,14.212331985874213,50.0,Callao [B],Scalabrini Ortiz
LineaB:1089,LineaD:1111,36.98175764997432,14.0,Callao [B],Bulnes
LineaB:1089,LineaD:1112,9.072278057608907,22.0,Callao [B],Agüero
LineaB:1089,LineaD:1114,20.162293382584664,22.0,Callao [B],Facultad de Medicina
LineaB:1089,LineaD:1115,51.77968188864351,42.0,Callao [B],Callao [D]
LineaB:1089,LineaD:1116,31.919522896380215,3.0,Callao [B],Tribunales
LineaB:1089,LineaD:1117,117.50672356318631,242.0,Callao [B],9 de Julio / Carlos Pellegrini / Diagonal Norte
LineaB:1089,LineaE:1119,77.45403616456525,153.0,Callao [B],Bolivar / Catedral / Peru
LineaB:1089,LineaE:1120,24.523596195647663,20.0,Callao [B],Belgrano
LineaB:1089,LineaE:1121,43.580405949531546,126.0,Callao [B],Independencia
LineaB:1089,LineaE:1122,11.435383724494885,13.0,Callao [B],San Jose
LineaB:1089,LineaE:1123,29.53383694733769,4.0,Callao [B],Entre Rios
LineaB:1089,LineaE:1124,7.730290313159836,6.0,Callao [B],Pichincha
LineaB:1089,LineaE:1126,11.653764475915041,27.0,Callao [B],General Urquiza
LineaB:1089,LineaE:1127,34.02199935864516,23.0,Callao [B],Boedo
LineaB:1089,LineaE:1128,17.93272813178423,35.0,Callao [B],La Plata
LineaB:1089,LineaE:1129,29.55142005519785,28.0,Callao [B],Jose Maria Moreno
LineaB:1089,LineaE:1130,10.483879412257028,20.0,Callao [B],Emilio Mitre
LineaB:1089,LineaE:1131,14.12512339228219,26.0,Callao [B],Medalla Milagrosa
LineaB:1089,LineaE:1132,30.943158796372273,18.0,Callao [B],Varela
LineaB:1089,LineaE:1133,29.422907825684888,66.0,Callao [B],Plaza de los Virreyes
LineaB:1089,LineaE:1164,223.65202729472026,198.0,Callao [B],Retiro
LineaB:1089,LineaE:1165,180.70253808573273,27.0,Callao [B],Catalinas
LineaB:1089,LineaE:1166,305.543691586482,617.0,Callao [B],Correo Central / Leandro N. Alem
LineaB:1089,LineaH:1134,81.35390935034299,146.0,Callao [B],Hospitales
LineaB:1089,LineaH:1135,66.7036528072518,69.0,Callao [B],Parque Patricios
LineaB:1089,LineaH:1136,71.42495063879703,49.0,Callao [B],Caseros
LineaB:1089,LineaH:1137,49.97101426796077,64.0,Callao [B],Inclan
LineaB:1089,LineaH:1138,61.97996259059233,92.0,Callao [B],Humberto 1 / Jujuy
LineaB:1089,LineaH:1139,46.719915037501146,68.0,Callao [B],Venezuela
LineaB:1089,LineaH:1140,277.8911310219709,188.0,Callao [B],Once / Plaza Miserere
LineaB:1089,LineaH:1141,225.13081428702876,291.0,Callao [B],Corrientes / Pueyrredon
LineaB:1089,LineaH:1160,44.882874909321615,49.0,Callao [B],Cordoba
LineaB:1089,LineaH:1161,35.23565432004157,60.0,Callao [B],Pueyrredon / Santa Fe
LineaB:1089,LineaH:1162,39.10807391881231,21.0,Callao [B],Las Heras
LineaB:1089,LineaH:1163,23.98258158142991,23.0,Callao [B],Facultad de Derecho
LineaB:1090,LineaA:1059,22.939151813416515,99.0,Uruguay,San Pedrito
LineaB:1090,LineaA:1060,16.392543176066166,28.0,Uruguay,San Jose de Flores
LineaB:1090,LineaA:1061,12.750362782837438,44.0,Uruguay,Carabobo
LineaB:1090,LineaA:1062,15.69643284951066,20.0,Uruguay,Puan
LineaB:1090,LineaA:1063,29.63058951819908,45.0,Uruguay,Primera Junta
LineaB:1090,LineaA:1064,41.24800391925325,64.0,Uruguay,Acoyte
LineaB:1090,LineaA:1065,35.68868917924026,44.0,Uruguay,Rio de Janeiro
LineaB:1090,LineaA:1066,62.67991072768597,36.0,Uruguay,Castro Barros
LineaB:1090,LineaA:1067,35.82350143313743,31.0,Uruguay,Loria
LineaB:1090,LineaA:1069,8.772730655124487,5.0,Uruguay,Alberti
LineaB:1090,LineaA:1070,11.190769117787037,0.0,Uruguay,Pasco
LineaB:1090,LineaA:1071,10.042711975480419,2.0,Uruguay,Congreso
LineaB:1090,LineaA:1072,16.35370821096526,14.0,Uruguay,Saenz Peña
LineaB:1090,LineaA:1074,10.003235528567014,1.0,Uruguay,Piedras
LineaB:1090,LineaA:1076,34.005332543658014,45.0,Uruguay,Plaza de Mayo
LineaB:1090,LineaB:1077,1165.6107911492793,1550.0,Uruguay,Juan Manuel de Rosas
LineaB:1090,LineaB:1078,278.94295761518447,418.0,Uruguay,Echeverria
LineaB:1090,LineaB:1079,377.5345194425288,506.0,Uruguay,De Los Incas - Parque Chas
LineaB:1090,LineaB:1080,230.43049535647262,253.0,Uruguay,Tronador - Villa Ortuzar
LineaB:1090,LineaB:1081,1320.0477093769198,1450.0,Uruguay,Federico Lacroze
LineaB:1090,LineaB:1082,472.34875495254965,455.0,Uruguay,Dorrego
LineaB:1090,LineaB:1083,503.77767366473836,571.0,Uruguay,angel Gallardo
LineaB:1090,LineaB:1084,786.7322781101377,802.0,Uruguay,Malabia
LineaB:1090,LineaB:1085,529.5932438061332,516.0,Uruguay,Medrano
LineaB:1090,LineaB:1086,381.1795358046791,459.0,Uruguay,Carlos Gardel
LineaB:1090,LineaB:1088,119.01546727197949,174.0,Uruguay,Pasteur
LineaB:1090,LineaB:1089,26.708512171635853,47.0,Uruguay,Callao [B]
LineaB:1090,LineaB:1092,158.3591927032341,237.0,Uruguay,Florida
LineaB:1090,LineaC:1094,184.85062812773515,231.0,Uruguay,Constitucion
LineaB:1090,LineaC:1095,18.916123061068003,25.0,Uruguay,San Juan
LineaB:1090,LineaC:1097,10.182775590032064,4.0,Uruguay,Moreno
LineaB:1090,LineaC:1098,10.057835606831063,6.0,Uruguay,Avenida de Mayo / Lima
LineaB:1090,LineaC:1100,14.972034855658688,4.0,Uruguay,Lavalle
LineaB:1090,LineaC:1101,15.298814240042683,16.0,Uruguay,General San Martin
LineaB:1090,LineaD:1103,48.20868366557005,110.0,Uruguay,Congreso de Tucuman
LineaB:1090,LineaD:1104,35.800126114356644,34.0,Uruguay,Juramento
LineaB:1090,LineaD:1105,13.910276240202958,27.0,Uruguay,Jose Hernandez
LineaB:1090,LineaD:1106,16.54016306970746,43.0,Uruguay,Olleros
LineaB:1090,LineaD:1107,13.790013477970371,42.0,Uruguay,Ministro Carranza
LineaB:1090,LineaD:1108,26.89142582457623,71.0,Uruguay,Palermo
LineaB:1090,LineaD:1109,27.5664172397079,31.0,Uruguay,Plaza Italia
LineaB:1090,LineaD:1110,33.12866959822933,37.0,Uruguay,Scalabrini Ortiz
LineaB:1090,LineaD:1111,15.094817113262334,24.0,Uruguay,Bulnes
LineaB:1090,LineaD:1112,13.97511501624518,17.0,Uruguay,Agüero
LineaB:1090,LineaD:1114,16.407383046609848,18.0,Uruguay,Facultad de Medicina
LineaB:1090,LineaD:1115,13.96063140430284,8.0,Uruguay,Callao [D]
LineaB:1090,LineaD:1116,0.0,41.0,Uruguay,Tribunales
LineaB:1090,LineaD:1117,1.25492483495506,44.0,Uruguay,9 de Julio / Carlos Pellegrini / Diagonal Norte
LineaB:1090,LineaE:1119,67.71655397802532,83.0,Uruguay,Bolivar / Catedral / Peru
LineaB:1090,LineaE:1120,10.161530499362609,9.0,Uruguay,Belgrano
LineaB:1090,LineaE:1121,25.56464066924563,29.0,Uruguay,Independencia
LineaB:1090,LineaE:1122,8.655699483033548,0.0,Uruguay,San Jose
LineaB:1090,LineaE:1123,8.9617550878984,4.0,Uruguay,Entre Rios
LineaB:1090,LineaE:1124,5.305188670797057,11.0,Uruguay,Pichincha
LineaB:1090,LineaE:1126,26.86629440511614,15.0,Uruguay,General Urquiza
LineaB:1090,LineaE:1127,32.4577132720833,19.0,Uruguay,Boedo
LineaB:1090,LineaE:1128,32.10992749196227,56.0,Uruguay,La Plata
LineaB:1090,LineaE:1129,33.79191716583183,45.0,Uruguay,Jose Maria Moreno
LineaB:1090,LineaE:1130,26.772676419590297,33.0,Uruguay,Emilio Mitre
LineaB:1090,LineaE:1131,23.137098553673617,13.0,Uruguay,Medalla Milagrosa
LineaB:1090,LineaE:1132,30.260062832551856,27.0,Uruguay,Varela
LineaB:1090,LineaE:1133,38.294326980131125,66.0,Uruguay,Plaza de los Virreyes
LineaB:1090,LineaE:1164,105.92738983280947,90.0,Uruguay,Retiro
LineaB:1090,LineaE:1165,75.46229582914768,17.0,Uruguay,Catalinas
LineaB:1090,LineaE:1166,219.2058244248694,374.0,Uruguay,Correo Central / Leandro N. Alem
LineaB:1090,LineaH:1134,86.17367981872707,125.0,Uruguay,Hospitales
LineaB:1090,LineaH:1135,39.26179524658164,69.0,Uruguay,Parque Patricios
LineaB:1090,LineaH:1136,40.836925823931374,29.0,Uruguay,Caseros
LineaB:1090,LineaH:1137,37.31714259549069,48.0,Uruguay,Inclan
LineaB:1090,LineaH:1138,59.0567916118588,86.0,Uruguay,Humberto 1 / Jujuy
LineaB:1090,LineaH:1139,44.907998938465205,55.0,Uruguay,Venezuela
LineaB:1090,LineaH:1140,413.4769087747498,145.0,Uruguay,Once / Plaza Miserere
LineaB:1090,LineaH:1141,237.7560310838453,378.0,Uruguay,Corrientes / Pueyrredon
LineaB:1090,LineaH:1160,47.98102337560194,26.0,Uruguay,Cordoba
LineaB:1090,LineaH:1161,25.55623439758293,40.0,Uruguay,Pueyrredon / Santa Fe
LineaB:1090,LineaH:1162,37.01095256408652,27.0,Uruguay,Las Heras
LineaB:1090,LineaH:1163,22.839159977846876,37.0,Uruguay,Facultad de Derecho
LineaB:1092,LineaA:1059,19.115193619268606,127.0,Florida,San Pedrito
LineaB:1092,LineaA:1060,32.36229536793206,46.0,Florida,San Jose de Flores
LineaB:1092,LineaA:1061,14.20118304037617,25.0,Florida,Carabobo
LineaB:1092,LineaA:1062,13.977819757349776,14.0,Florida,Puan
LineaB:1092,LineaA:1063,34.30980920715206,58.0,Florida,Primera Junta
LineaB:1092,LineaA:1064,26.979291383273967,65.0,Florida,Acoyte
LineaB:1092,LineaA:1065,53.15461885003507,35.0,Florida,Rio de Janeiro
LineaB:1092,LineaA:1066,75.81339731214563,50.0,Florida,Castro Barros
LineaB:1092,LineaA:1067,33.12970589717805,18.0,Florida,Loria
LineaB:1092,LineaA:1069,30.236111673390983,17.0,Florida,Alberti
LineaB:1092,LineaA:1070,23.974884750023136,15.0,Florida,Pasco
LineaB:1092,LineaA:1071,86.08453524617792,63.0,Florida,Congreso
LineaB:1092,LineaA:1072,21.537091884578896,29.0,Florida,Saenz Peña
LineaB:1092,LineaA:1074,3.765236788041685,10.0,Florida,Piedras
LineaB:1092,LineaA:1076,16.67055599363379,4.0,Florida,Plaza de Mayo
LineaB:1092,LineaB:1077,1416.0853074394633,1597.0,Florida,Juan Manuel de Rosas
LineaB:1092,LineaB:1078,395.6870398693964,452.0,Florida,Echeverria
LineaB:1092,LineaB:1079,447.21769992949066,494.0,Florida,De Los Incas - Parque Chas
LineaB:1092,LineaB:1080,212.62402016456232,190.0,Florida,Tronador - Villa Ortuzar
LineaB:1092,LineaB:1081,1617.153199142496,1581.0,Florida,Federico Lacroze
LineaB:1092,LineaB:1082,527.5169615390787,520.0,Florida,Dorrego
LineaB:1092,LineaB:1083,575.7760137812422,692.0,Florida,angel Gallardo
LineaB:1092,LineaB:1084,946.9910542297417,828.0,Florida,Malabia
LineaB:1092,LineaB:1085,623.159584927,563.0,Florida,Medrano
LineaB:1092,LineaB:1086,376.4245974638534,437.0,Florida,Carlos Gardel
LineaB:1092,LineaB:1088,240.38128455589464,306.0,Florida,Pasteur
LineaB:1092,LineaB:1089,246.0865012576594,322.0,Florida,Callao [B]
LineaB:1092,LineaB:1090,201.0919985728868,229.0,Florida,Uruguay
LineaB:1092,LineaC:1094,98.00188571591053,161.0,Florida,Constitucion
LineaB:1092,LineaC:1095,3.8775081923690355,10.0,Florida,San Juan
LineaB:1092,LineaC:1097,10.229477302610904,0.0,Florida,Moreno
LineaB:1092,LineaC:1098,8.790059231117263,15.0,Florida,Avenida de Mayo / Lima
LineaB:1092,LineaC:1100,0.0,8.0,Florida,Lavalle
LineaB:1092,LineaC:1101,7.759189510717292,0.0,Florida,General San Martin
LineaB:1092,LineaD:1103,83.84921275307022,155.0,Florida,Congreso de Tucuman
LineaB:1092,LineaD:1104,52.41627606345116,67.0,Florida,Juramento
LineaB:1092,LineaD:1105,28.15067740550441,28.0,Florida,Jose Hernandez
LineaB:1092,LineaD:1106,40.82458555309975,53.0,Florida,Olleros
LineaB:1092,LineaD:1107,30.574359207969596,38.0,Florida,Ministro Carranza
LineaB:1092,LineaD:1108,55.69793650368983,94.0,Florida,Palermo
LineaB:1092,LineaD:1109,58.54043581667214,40.0,Florida,Plaza Italia
LineaB:1092,LineaD:1110,48.664595149135714,74.0,Florida,Scalabrini Ortiz
LineaB:1092,LineaD:1111,51.73297106002733,78.0,Florida,Bulnes
LineaB:1092,LineaD:1112,31.651604793771355,68.0,Florida,Agüero
LineaB:1092,LineaD:1114,56.90396176940599,53.0,Florida,Facultad de Medicina
LineaB:1092,LineaD:1115,83.70149550292776,62.0,Florida,Callao [D]
LineaB:1092,LineaD:1116,56.491167197368476,38.0,Florida,Tribunales
LineaB:1092,LineaD:1117,20.234062499976403,35.0,Florida,9 de Julio / Carlos Pellegrini / Diagonal Norte
LineaB:1092,LineaE:1119,13.826574988979903,33.0,Florida,Bolivar / Catedral / Peru
LineaB:1092,LineaE:1120,3.7218001970669734,10.0,Florida,Belgrano
LineaB:1092,LineaE:1121,21.57328735809921,49.0,Florida,Independencia
LineaB:1092,LineaE:1122,8.97619940639778,10.0,Florida,San Jose
LineaB:1092,LineaE:1123,13.89085885327765,13.0,Florida,Entre Rios
LineaB:1092,LineaE:1124,9.073471533728341,12.0,Florida,Pichincha
LineaB:1092,LineaE:1126,32.078215608753005,25.0,Florida,General Urquiza
LineaB:1092,LineaE:1127,29.22056437085278,24.0,Florida,Boedo
LineaB:1092,LineaE:1128,14.043244242609816,33.0,Florida,La Plata
LineaB:1092,LineaE:1129,11.493716388387716,25.0,Florida,Jose Maria Moreno
LineaB:1092,LineaE:1130,28.127616264072326,27.0,Florida,Emilio Mitre
LineaB:1092,LineaE:1131,12.559058413288575,4.0,Florida,Medalla Milagrosa
LineaB:1092,LineaE:1132,20.38524085512135,6.0,Florida,Varela
LineaB:1092,LineaE:1133,21.45163907711867,70.0,Florida,Plaza de los Virreyes
LineaB:1092,LineaE:1164,58.54099342777252,124.0,Florida,Retiro
LineaB:1092,LineaE:1165,17.899334698076967,0.0,Florida,Catalinas
LineaB:1092,LineaE:1166,30.275146208837157,43.0,Florida,Correo Central / Leandro N. Alem
LineaB:1092,LineaH:1134,95.55431189224574,148.0,Florida,Hospitales
LineaB:1092,LineaH:1135,78.37093495348081,93.0,Florida,Parque Patricios
LineaB:1092,LineaH:1136,54.20597220475586,54.0,Florida,Caseros
LineaB:1092,LineaH:1137,40.74160463216692,49.0,Florida,Inclan
LineaB:1092,LineaH:1138,30.644091147176773,42.0,Florida,Humberto 1 / Jujuy
LineaB:1092,LineaH:1139,66.74649381501904,83.0,Florida,Venezuela
LineaB:1092,LineaH:1140,520.8064077713196,231.0,Florida,Once / Plaza Miserere
LineaB:1092,LineaH:1141,287.6413438623218,488.0,Florida,Corrientes / Pueyrredon
LineaB:1092,LineaH:1160,74.35323145776134,32.0,Florida,Cordoba
LineaB:1092,LineaH:1161,63.39589067428234,72.0,Florida,Pueyrredon / Santa Fe
LineaB:1092,LineaH:1162,68.88732087548775,63.0,Florida,Las Heras
LineaB:1092,LineaH:1163,11.366086929345059,15.0,Florida,Facultad de Derecho
LineaC:1094,LineaA:1059,683.650245410671,2609.0,Constitucion,San Pedrito
LineaC:1094,LineaA:1060,1567.6517057813921,811.0,Constitucion,San Jose de Flores
LineaC:1094,LineaA:1061,356.4827864726413,528.0,Constitucion,Carabobo
LineaC:1094,LineaA:1062,260.4033057085568,362.0,Constitucion,Puan
LineaC:1094,LineaA:1063,433.36156044860553,693.0,Constitucion,Primera Junta
LineaC:1094,LineaA:1064,570.6737501121847,970.0,Constitucion,Acoyte
LineaC:1094,LineaA:1065,397.615658525044,527.0,Constitucion,Rio de Janeiro
LineaC:1094,LineaA:1066,406.79774932592863,479.0,Constitucion,Castro Barros
LineaC:1094,LineaA:1067,397.3698285126547,524.0,Constitucion,Loria
LineaC:1094,LineaA:1069,82.95032251683705,88.0,Constitucion,Alberti
LineaC:1094,LineaA:1070,338.07290647887106,496.0,Constitucion,Pasco
LineaC:1094,LineaA:1071,419.1278163705524,510.0,Constitucion,Congreso
LineaC:1094,LineaA:1072,180.80956600744094,266.0,Constitucion,Saenz Peña
LineaC:1094,LineaA:1074,100.61431455015699,137.0,Constitucion,Piedras
LineaC:1094,LineaA:1076,419.0020642792517,472.0,Constitucion,Plaza de Mayo
LineaC:1094,LineaB:1077,799.4598859764526,1415.0,Constitucion,Juan Manuel de Rosas
LineaC:1094,LineaB:1078,203.00739599610736,337.0,Constitucion,Echeverria
LineaC:1094,LineaB:1079,334.46405148566146,627.0,Constitucion,De Los Incas - Parque Chas
LineaC:1094,LineaB:1080,283.4099179741024,590.0,Constitucion,Tronador - Villa Ortuzar
LineaC:1094,LineaB:1081,1371.7724365024694,1661.0,Constitucion,Federico Lacroze
LineaC:1094,LineaB:1082,1005.0838605542749,1308.0,Constitucion,Dorrego
LineaC:1094,LineaB:1083,691.3431750018099,1127.0,Constitucion,angel Gallardo
LineaC:1094,LineaB:1084,971.9071792067685,1680.0,Constitucion,Malabia
LineaC:1094,LineaB:1085,807.433642072678,1212.0,Constitucion,Medrano
LineaC:1094,LineaB:1086,573.689913532959,1108.0,Constitucion,Carlos Gardel
LineaC:1094,LineaB:1088,398.36685150255084,631.0,Constitucion,Pasteur
LineaC:1094,LineaB:1089,349.92741354222113,625.0,Constitucion,Callao [B]
LineaC:1094,LineaB:1090,208.2678943367675,370.0,Constitucion,Uruguay
LineaC:1094,LineaB:1092,183.08165218203493,321.0,Constitucion,Florida
LineaC:1094,LineaC:1095,222.87702422318955,454.0,Constitucion,San Juan
LineaC:1094,LineaC:1097,1171.9737308772703,1286.0,Constitucion,Moreno
LineaC:1094,LineaC:1098,1196.5412626566801,1573.0,Constitucion,Avenida de Mayo / Lima
LineaC:1094,LineaC:1100,2155.4534088345063,3428.0,Constitucion,Lavalle
LineaC:1094,LineaC:1101,1384.0247603250991,1896.0,Constitucion,General San Martin
LineaC:1094,LineaD:1103,1227.7095536519018,1853.0,Constitucion,Congreso de Tucuman
LineaC:1094,LineaD:1104,1079.6495124451314,1067.0,Constitucion,Juramento
LineaC:1094,LineaD:1105,574.1677084430528,923.0,Constitucion,Jose Hernandez
LineaC:1094,LineaD:1106,707.44117780639,917.0,Constitucion,Olleros
LineaC:1094,LineaD:1107,652.327876450222,854.0,Constitucion,Ministro Carranza
LineaC:1094,LineaD:1108,1465.3384326897703,1867.0,Constitucion,Palermo
LineaC:1094,LineaD:1109,1282.0554940820602,1215.0,Constitucion,Plaza Italia
LineaC:1094,LineaD:1110,842.1459254511914,793.0,Constitucion,Scalabrini Ortiz
LineaC:1094,LineaD:1111,770.0876534872643,1150.0,Constitucion,Bulnes
LineaC:1094,LineaD:1112,510.1576097472812,769.0,Constitucion,Agüero
LineaC:1094,LineaD:1114,1892.6708873856355,1253.0,Constitucion,Facultad de Medicina
LineaC:1094,LineaD:1115,832.2239996991661,974.0,Constitucion,Callao [D]
LineaC:1094,LineaD:1116,629.2401436258544,452.0,Constitucion,Tribunales
LineaC:1094,LineaD:1117,1060.7772744336241,3337.0,Constitucion,9 de Julio / Carlos Pellegrini / Diagonal Norte
LineaC:1094,LineaE:1119,877.6395475559369,1415.0,Constitucion,Bolivar / Catedral / Peru
LineaC:1094,LineaE:1120,83.11165700938008,129.0,Constitucion,Belgrano
LineaC:1094,LineaE:1121,1063.9616310351562,2471.0,Constitucion,Independencia
LineaC:1094,LineaE:1122,90.51088005818279,17.0,Constitucion,San Jose
LineaC:1094,LineaE:1123,48.977179698771685,81.0,Constitucion,Entre Rios
LineaC:1094,LineaE:1124,47.94627694612481,101.0,Constitucion,Pichincha
LineaC:1094,LineaE:1126,150.4620658466161,148.0,Constitucion,General Urquiza
LineaC:1094,LineaE:1127,186.58732735864592,227.0,Constitucion,Boedo
LineaC:1094,LineaE:1128,176.16885494525124,271.0,Constitucion,La Plata
LineaC:1094,LineaE:1129,170.6076408506575,242.0,Constitucion,Jose Maria Moreno
LineaC:1094,LineaE:1130,157.22325652400482,221.0,Constitucion,Emilio Mitre
LineaC:1094,LineaE:1131,74.42635842578605,118.0,Constitucion,Medalla Milagrosa
LineaC:1094,LineaE:1132,196.83795657283412,165.0,Constitucion,Varela
LineaC:1094,LineaE:1133,135.55359733790178,365.0,Constitucion,Plaza de los Virreyes
LineaC:1094,LineaE:1164,10579.418010893685,9756.0,Constitucion,Retiro
LineaC:1094,LineaE:1165,749.8661890552424,357.0,Constitucion,Catalinas
LineaC:1094,LineaE:1166,736.8700164582973,788.0,Constitucion,Correo Central / Leandro N. Alem
LineaC:1094,LineaH:1134,96.37416651293998,38.0,Constitucion,Hospitales
LineaC:1094,LineaH:1135,47.46888911546966,41.0,Constitucion,Parque Patricios
LineaC:1094,LineaH:1136,25.22707810157487,36.0,Constitucion,Caseros
LineaC:1094,LineaH:1137,18.155566771495295,16.0,Constitucion,Inclan
LineaC:1094,LineaH:1138,129.50343028228602,222.0,Constitucion,Humberto 1 / Jujuy
LineaC:1094,LineaH:1139,86.24567631699152,57.0,Constitucion,Venezuela
LineaC:1094,LineaH:1140,2204.9117296356812,1899.0,Constitucion,Once / Plaza Miserere
LineaC:1094,LineaH:1141,538.2655470191565,846.0,Constitucion,Corrientes / Pueyrredon
LineaC:1094,LineaH:1160,244.19226276738047,167.0,Constitucion,Cordoba
LineaC:1094,LineaH:1161,842.3638100056792,883.0,Constitucion,Pueyrredon / Santa Fe
LineaC:1094,LineaH:1162,281.3377844404921,224.0,Constitucion,Las Heras
LineaC:1094,LineaH:1163,137.2861172201677,197.0,Constitucion,Facultad de Derecho
LineaC:1095,LineaA:1059,38.55362547460648,99.0,San Juan,San Pedrito
LineaC:1095,LineaA:1060,52.67482900122052,48.0,San Juan,San Jose de Flores
LineaC:1095,LineaA:1061,38.31618163747479,49.0,San Juan,Carabobo
LineaC:1095,LineaA:1062,21.535016924499804,21.0,San Juan,Puan
LineaC:1095,LineaA:1063,46.39442482999952,76.0,San Juan,Primera Junta
LineaC:1095,LineaA:1064,79.50365170947515,68.0,San Juan,Acoyte
LineaC:1095,LineaA:1065,27.262882501300414,44.0,San Juan,Rio de Janeiro
LineaC:1095,LineaA:1066,26.37451032056441,37.0,San Juan,Castro Barros
LineaC:1095,LineaA:1067,30.455773322441978,33.0,San Juan,Loria
LineaC:1095,LineaA:1069,3.737564905177779,1.0,San Juan,Alberti
LineaC:1095,LineaA:1070,25.292238647796104,43.0,San Juan,Pasco
LineaC:1095,LineaA:1071,34.43342833077149,41.0,San Juan,Congreso
LineaC:1095,LineaA:1072,19.853758578814443,31.0,San Juan,Saenz Peña
LineaC:1095,LineaA:1074,14.723468084517084,10.0,San Juan,Piedras
LineaC:1095,LineaA:1076,19.182772822413263,16.0,San Juan,Plaza de Mayo
LineaC:1095,LineaB:1077,103.01415090150813,146.0,San Juan,Juan Manuel de Rosas
LineaC:1095,LineaB:1078,10.130340651561616,18.0,San Juan,Echeverria
LineaC:1095,LineaB:1079,35.784103874185114,32.0,San Juan,De Los Incas - Parque Chas
LineaC:1095,LineaB:1080,17.35227995262202,19.0,San Juan,Tronador - Villa Ortuzar
LineaC:1095,LineaB:1081,110.89607042940983,115.0,San Juan,Federico Lacroze
LineaC:1095,LineaB:1082,43.74492033352503,46.0,San Juan,Dorrego
LineaC:1095,LineaB:1083,69.01521218550978,64.0,San Juan,angel Gallardo
LineaC:1095,LineaB:1084,80.99955626154109,62.0,San Juan,Malabia
LineaC:1095,LineaB:1085,67.53484902673311,87.0,San Juan,Medrano
LineaC:1095,LineaB:1086,50.4439961273807,63.0,San Juan,Carlos Gardel
LineaC:1095,LineaB:1088,37.78449005749498,28.0,San Juan,Pasteur
LineaC:1095,LineaB:1089,42.57083322495334,68.0,San Juan,Callao [B]
LineaC:1095,LineaB:1090,19.28155851316648,36.0,San Juan,Uruguay
LineaC:1095,LineaB:1092,8.918171912265182,25.0,San Juan,Florida
LineaC:1095,LineaC:1094,334.499346846692,349.0,San Juan,Constitucion
LineaC:1095,LineaC:1097,32.801573275877224,50.0,San Juan,Moreno
LineaC:1095,LineaC:1098,47.69748026624304,96.0,San Juan,Avenida de Mayo / Lima
LineaC:1095,LineaC:1100,74.80686972941905,163.0,San Juan,Lavalle
LineaC:1095,LineaC:1101,88.9638776643179,106.0,San Juan,General San Martin
LineaC:1095,LineaD:1103,105.08707278827522,139.0,San Juan,Congreso de Tucuman
LineaC:1095,LineaD:1104,77.5015402876977,63.0,San Juan,Juramento
LineaC:1095,LineaD:1105,37.15899243462676,64.0,San Juan,Jose Hernandez
LineaC:1095,LineaD:1106,23.273233380054712,39.0,San Juan,Olleros
LineaC:1095,LineaD:1107,37.158747940972965,38.0,San Juan,Ministro Carranza
LineaC:1095,LineaD:1108,50.816105084419846,57.0,San Juan,Palermo
LineaC:1095,LineaD:1109,61.30960987237809,48.0,San Juan,Plaza Italia
LineaC:1095,LineaD:1110,53.199335413540844,66.0,San Juan,Scalabrini Ortiz
LineaC:1095,LineaD:1111,58.67813065495743,47.0,San Juan,Bulnes
LineaC:1095,LineaD:1112,34.83005784772495,64.0,San Juan,Agüero
LineaC:1095,LineaD:1114,71.78690331780471,93.0,San Juan,Facultad de Medicina
LineaC:1095,LineaD:1115,48.94750579905832,68.0,San Juan,Callao [D]
LineaC:1095,LineaD:1116,34.03277976025521,40.0,San Juan,Tribunales
LineaC:1095,LineaD:1117,46.3580784412303,178.0,San Juan,9 de Julio / Carlos Pellegrini / Diagonal Norte
LineaC:1095,LineaE:1119,44.94124289286597,46.0,San Juan,Bolivar / Catedral / Peru
LineaC:1095,LineaE:1120,3.7304532324334447,2.0,San Juan,Belgrano
LineaC:1095,LineaE:1121,21.430495521235798,47.0,San Juan,Independencia
LineaC:1095,LineaE:1122,18.179957956095272,0.0,San Juan,San Jose
LineaC:1095,LineaE:1123,8.916198677328419,5.0,San Juan,Entre Rios
LineaC:1095,LineaE:1124,12.91542698711351,16.0,San Juan,Pichincha
LineaC:1095,LineaE:1126,11.65045756305374,15.0,San Juan,General Urquiza
LineaC:1095,LineaE:1127,19.291632362424984,10.0,San Juan,Boedo
LineaC:1095,LineaE:1128,14.335122273651711,12.0,San Juan,La Plata
LineaC:1095,LineaE:1129,27.330678931335505,14.0,San Juan,Jose Maria Moreno
LineaC:1095,LineaE:1130,14.076292269538428,10.0,San Juan,Emilio Mitre
LineaC:1095,LineaE:1131,7.62302867046968,5.0,San Juan,Medalla Milagrosa
LineaC:1095,LineaE:1132,15.554569391835626,7.0,San Juan,Varela
LineaC:1095,LineaE:1133,19.081640438435343,41.0,San Juan,Plaza de los Virreyes
LineaC:1095,LineaE:1164,403.79247203030394,478.0,San Juan,Retiro
LineaC:1095,LineaE:1165,26.47428652104264,10.0,San Juan,Catalinas
LineaC:1095,LineaE:1166,23.467717120942275,25.0,San Juan,Correo Central / Leandro N. Alem
LineaC:1095,LineaH:1134,6.561187600467838,5.0,San Juan,Hospitales
LineaC:1095,LineaH:1135,14.971083710834968,10.0,San Juan,Parque Patricios
LineaC:1095,LineaH:1136,6.385176788832301,11.0,San Juan,Caseros
LineaC:1095,LineaH:1137,1.252369627408403,2.0,San Juan,Inclan
LineaC:1095,LineaH:1138,16.244418910397485,7.0,San Juan,Humberto 1 / Jujuy
LineaC:1095,LineaH:1139,3.755594949664149,3.0,San Juan,Venezuela
LineaC:1095,LineaH:1140,177.23457894623283,187.0,San Juan,Once / Plaza Miserere
LineaC:1095,LineaH:1141,33.09742967709814,34.0,San Juan,Corrientes / Pueyrredon
LineaC:1095,LineaH:1160,38.25759489859939,26.0,San Juan,Cordoba
LineaC:1095,LineaH:1161,55.59401982776715,38.0,San Juan,Pueyrredon / Santa Fe
LineaC:1095,LineaH:1162,19.00970187233345,16.0,San Juan,Las Heras
LineaC:1095,LineaH:1163,6.216344945958452,5.0,San Juan,Facultad de Derecho
LineaC:1097,LineaA:1059,17.82184588700542,37.0,Moreno,San Pedrito
LineaC:1097,LineaA:1060,22.675676142479702,22.0,Moreno,San Jose de Flores
LineaC:1097,LineaA:1061,25.65343111060707,27.0,Moreno,Carabobo
LineaC:1097,LineaA:1062,10.159543812691972,8.0,Moreno,Puan
LineaC:1097,LineaA:1063,16.3365054847504,10.0,Moreno,Primera Junta
LineaC:1097,LineaA:1064,21.498395067188667,18.0,Moreno,Acoyte
LineaC:1097,LineaA:1065,11.61324885764169,7.0,Moreno,Rio de Janeiro
LineaC:1097,LineaA:1066,13.792528263774914,12.0,Moreno,Castro Barros
LineaC:1097,LineaA:1067,8.782555878187626,0.0,Moreno,Loria
LineaC:1097,LineaA:1070,2.516993986295782,0.0,Moreno,Pasco
LineaC:1097,LineaA:1071,11.568606238129192,12.0,Moreno,Congreso
LineaC:1097,LineaA:1072,7.894821819253038,8.0,Moreno,Saenz Peña
LineaC:1097,LineaA:1074,7.6366366811184845,8.0,Moreno,Piedras
LineaC:1097,LineaA:1076,6.174323819965992,0.0,Moreno,Plaza de Mayo
LineaC:1097,LineaB:1077,124.28987911823809,155.0,Moreno,Juan Manuel de Rosas
LineaC:1097,LineaB:1078,40.73130161065572,58.0,Moreno,Echeverria
LineaC:1097,LineaB:1079,37.999557271925894,53.0,Moreno,De Los Incas - Parque Chas
LineaC:1097,LineaB:1080,12.81624725232557,12.0,Moreno,Tronador - Villa Ortuzar
LineaC:1097,LineaB:1081,135.95402728908041,150.0,Moreno,Federico Lacroze
LineaC:1097,LineaB:1082,41.014088558914935,35.0,Moreno,Dorrego
LineaC:1097,LineaB:1083,65.8659336573293,46.0,Moreno,angel Gallardo
LineaC:1097,LineaB:1084,85.07179015849826,90.0,Moreno,Malabia
LineaC:1097,LineaB:1085,51.57279623813832,77.0,Moreno,Medrano
LineaC:1097,LineaB:1086,45.69730083259158,39.0,Moreno,Carlos Gardel
LineaC:1097,LineaB:1088,18.79029982956306,18.0,Moreno,Pasteur
LineaC:1097,LineaB:1089,18.815623883810236,9.0,Moreno,Callao [B]
LineaC:1097,LineaB:1090,8.904792848817575,0.0,Moreno,Uruguay
LineaC:1097,LineaB:1092,7.497830767454596,20.0,Moreno,Florida
LineaC:1097,LineaC:1094,983.6593099127384,1002.0,Moreno,Constitucion
LineaC:1097,LineaC:1095,29.047273930154287,44.0,Moreno,San Juan
LineaC:1097,LineaC:1098,3.72984865435476,17.0,Moreno,Avenida de Mayo / Lima
LineaC:1097,LineaC:1100,64.80738500451189,126.0,Moreno,Lavalle
LineaC:1097,LineaC:1101,58.50810873513608,68.0,Moreno,General San Martin
LineaC:1097,LineaD:1103,142.60334475885196,182.0,Moreno,Congreso de Tucuman
LineaC:1097,LineaD:1104,117.47441380196072,87.0,Moreno,Juramento
LineaC:1097,LineaD:1105,57.23923344472797,50.0,Moreno,Jose Hernandez
LineaC:1097,LineaD:1106,63.25718243811718,56.0,Moreno,Olleros
LineaC:1097,LineaD:1107,45.724693904783805,32.0,Moreno,Ministro Carranza
LineaC:1097,LineaD:1108,72.24982596363003,49.0,Moreno,Palermo
LineaC:1097,LineaD:1109,71.7137982271824,45.0,Moreno,Plaza Italia
LineaC:1097,LineaD:1110,78.95948238022069,69.0,Moreno,Scalabrini Ortiz
LineaC:1097,LineaD:1111,82.86582990605498,87.0,Moreno,Bulnes
LineaC:1097,LineaD:1112,39.74092993194249,75.0,Moreno,Agüero
LineaC:1097,LineaD:1114,67.84478996333917,53.0,Moreno,Facultad de Medicina
LineaC:1097,LineaD:1115,45.49575446515831,37.0,Moreno,Callao [D]
LineaC:1097,LineaD:1116,20.679907432809898,6.0,Moreno,Tribunales
LineaC:1097,LineaD:1117,38.01255632707412,56.0,Moreno,9 de Julio / Carlos Pellegrini / Diagonal Norte
LineaC:1097,LineaE:1119,13.744730017237274,0.0,Moreno,Bolivar / Catedral / Peru
LineaC:1097,LineaE:1120,6.724969613071938,4.0,Moreno,Belgrano
LineaC:1097,LineaE:1121,0.0,44.0,Moreno,Independencia
LineaC:1097,LineaE:1122,2.696798201410962,0.0,Moreno,San Jose
LineaC:1097,LineaE:1123,2.519479380786837,4.0,Moreno,Entre Rios
LineaC:1097,LineaE:1124,1.2563479271804898,0.0,Moreno,Pichincha
LineaC:1097,LineaE:1126,2.6047470278859706,4.0,Moreno,General Urquiza
LineaC:1097,LineaE:1127,5.249039541975883,8.0,Moreno,Boedo
LineaC:1097,LineaE:1128,3.7168334078298226,0.0,Moreno,La Plata
LineaC:1097,LineaE:1129,5.017319090145942,2.0,Moreno,Jose Maria Moreno
LineaC:1097,LineaE:1130,2.505514368561043,3.0,Moreno,Emilio Mitre
LineaC:1097,LineaE:1131,1.253418966173874,0.0,Moreno,Medalla Milagrosa
LineaC:1097,LineaE:1132,1.2583857554110247,0.0,Moreno,Varela
LineaC:1097,LineaE:1133,4.029498545307376,13.0,Moreno,Plaza de los Virreyes
LineaC:1097,LineaE:1164,1001.621095451349,927.0,Moreno,Retiro
LineaC:1097,LineaE:1165,21.58305823385316,5.0,Moreno,Catalinas
LineaC:1097,LineaE:1166,7.559760886587546,9.0,Moreno,Correo Central / Leandro N. Alem
LineaC:1097,LineaH:1134,2.606784856116506,4.0,Moreno,Hospitales
LineaC:1097,LineaH:1135,4.105702077960998,4.0,Moreno,Parque Patricios
LineaC:1097,LineaH:1136,4.978915522670699,0.0,Moreno,Caseros
LineaC:1097,LineaH:1137,0.0,2.0,Moreno,Inclan
LineaC:1097,LineaH:1138,2.459436141883862,4.0,Moreno,Humberto 1 / Jujuy
LineaC:1097,LineaH:1139,2.684708377936179,0.0,Moreno,Venezuela
LineaC:1097,LineaH:1140,42.287333796157704,44.0,Moreno,Once / Plaza Miserere
LineaC:1097,LineaH:1141,20.42623260235636,34.0,Moreno,Corrientes / Pueyrredon
LineaC:1097,LineaH:1160,20.236339704145998,0.0,Moreno,Cordoba
LineaC:1097,LineaH:1161,44.34612534701738,32.0,Moreno,Pueyrredon / Santa Fe
LineaC:1097,LineaH:1162,24.313642646592488,5.0,Moreno,Las Heras
LineaC:1097,LineaH:1163,5.122720539891622,0.0,Moreno,Facultad de Derecho
LineaC:1098,LineaA:1059,531.2074133609842,1167.0,Avenida de Mayo / Lima,San Pedrito
LineaC:1098,LineaA:1060,607.9962846579923,499.0,Avenida de Mayo / Lima,San Jose de Flores
LineaC:1098,LineaA:1061,346.04079526242725,407.0,Avenida de Mayo / Lima,Carabobo
LineaC:1098,LineaA:1062,231.26537481446536,235.0,Avenida de Mayo / Lima,Puan
LineaC:1098,LineaA:1063,400.33029794319253,494.0,Avenida de Mayo / Lima,Primera Junta
LineaC:1098,LineaA:1064,518.682673682159,507.0,Avenida de Mayo / Lima,Acoyte
LineaC:1098,LineaA:1065,328.2717201556541,352.0,Avenida de Mayo / Lima,Rio de Janeiro
LineaC:1098,LineaA:1066,259.14936727357434,292.0,Avenida de Mayo / Lima,Castro Barros
LineaC:1098,LineaA:1067,167.78797668510492,201.0,Avenida de Mayo / Lima,Loria
LineaC:1098,LineaA:1069,38.57837266959295,30.0,Avenida de Mayo / Lima,Alberti
LineaC:1098,LineaA:1070,81.15596868444638,112.0,Avenida de Mayo / Lima,Pasco
LineaC:1098,LineaA:1071,114.5953296594461,144.0,Avenida de Mayo / Lima,Congreso
LineaC:1098,LineaA:1072,3.7681526487653887,31.0,Avenida de Mayo / Lima,Saenz Peña
LineaC:1098,LineaA:1074,3.749848683590461,25.0,Avenida de Mayo / Lima,Piedras
LineaC:1098,LineaA:1076,73.18084333902046,114.0,Avenida de Mayo / Lima,Plaza de Mayo
LineaC:1098,LineaB:1077,29.281138375049245,70.0,Avenida de Mayo / Lima,Juan Manuel de Rosas
LineaC:1098,LineaB:1078,11.427939800491535,14.0,Avenida de Mayo / Lima,Echeverria
LineaC:1098,LineaB:1079,11.378179750799639,27.0,Avenida de Mayo / Lima,De Los Incas - Parque Chas
LineaC:1098,LineaB:1080,10.03547539177072,7.0,Avenida de Mayo / Lima,Tronador - Villa Ortuzar
LineaC:1098,LineaB:1081,45.92324050786499,101.0,Avenida de Mayo / Lima,Federico Lacroze
LineaC:1098,LineaB:1082,15.39627679853472,25.0,Avenida de Mayo / Lima,Dorrego
LineaC:1098,LineaB:1083,41.78712168435594,25.0,Avenida de Mayo / Lima,angel Gallardo
LineaC:1098,LineaB:1084,55.92900593599887,45.0,Avenida de Mayo / Lima,Malabia
LineaC:1098,LineaB:1085,66.25445295320753,63.0,Avenida de Mayo / Lima,Medrano
LineaC:1098,LineaB:1086,30.72197773661246,50.0,Avenida de Mayo / Lima,Carlos Gardel
LineaC:1098,LineaB:1088,18.755715038059503,25.0,Avenida de Mayo / Lima,Pasteur
LineaC:1098,LineaB:1089,21.49790901011873,15.0,Avenida de Mayo / Lima,Callao [B]
LineaC:1098,LineaB:1090,5.0179952900616565,4.0,Avenida de Mayo / Lima,Uruguay
LineaC:1098,LineaB:1092,12.50359773869037,11.0,Avenida de Mayo / Lima,Florida
LineaC:1098,LineaC:1094,1107.1453549593493,1280.0,Avenida de Mayo / Lima,Constitucion
LineaC:1098,LineaC:1095,61.88142816638273,90.0,Avenida de Mayo / Lima,San Juan
LineaC:1098,LineaC:1097,20.492444724533662,22.0,Avenida de Mayo / Lima,Moreno
LineaC:1098,LineaC:1100,32.68011542362544,46.0,Avenida de Mayo / Lima,Lavalle
LineaC:1098,LineaC:1101,57.089484710033716,81.0,Avenida de Mayo / Lima,General San Martin
LineaC:1098,LineaD:1103,57.16615392488461,134.0,Avenida de Mayo / Lima,Congreso de Tucuman
LineaC:1098,LineaD:1104,53.44059128690464,46.0,Avenida de Mayo / Lima,Juramento
LineaC:1098,LineaD:1105,33.21050520744285,44.0,Avenida de Mayo / Lima,Jose Hernandez
LineaC:1098,LineaD:1106,22.834993947594295,15.0,Avenida de Mayo / Lima,Olleros
LineaC:1098,LineaD:1107,19.41145349758923,27.0,Avenida de Mayo / Lima,Ministro Carranza
LineaC:1098,LineaD:1108,43.0362686078814,53.0,Avenida de Mayo / Lima,Palermo
LineaC:1098,LineaD:1109,49.591221988908295,36.0,Avenida de Mayo / Lima,Plaza Italia
LineaC:1098,LineaD:1110,33.1340469435531,19.0,Avenida de Mayo / Lima,Scalabrini Ortiz
LineaC:1098,LineaD:1111,35.518388492417905,30.0,Avenida de Mayo / Lima,Bulnes
LineaC:1098,LineaD:1112,16.620694719664158,37.0,Avenida de Mayo / Lima,Agüero
LineaC:1098,LineaD:1114,26.90161490761829,22.0,Avenida de Mayo / Lima,Facultad de Medicina
LineaC:1098,LineaD:1115,36.69792294449237,30.0,Avenida de Mayo / Lima,Callao [D]
LineaC:1098,LineaD:1116,14.008864391023504,8.0,Avenida de Mayo / Lima,Tribunales
LineaC:1098,LineaD:1117,36.36673543739083,32.0,Avenida de Mayo / Lima,9 de Julio / Carlos Pellegrini / Diagonal Norte
LineaC:1098,LineaE:1119,68.29103738384559,72.0,Avenida de Mayo / Lima,Bolivar / Catedral / Peru
LineaC:1098,LineaE:1120,6.450119020229245,7.0,Avenida de Mayo / Lima,Belgrano
LineaC:1098,LineaE:1121,35.42912689843104,77.0,Avenida de Mayo / Lima,Independencia
LineaC:1098,LineaE:1122,15.109173324869786,14.0,Avenida de Mayo / Lima,San Jose
LineaC:1098,LineaE:1123,15.238812626426819,9.0,Avenida de Mayo / Lima,Entre Rios
LineaC:1098,LineaE:1124,11.432201468481235,3.0,Avenida de Mayo / Lima,Pichincha
LineaC:1098,LineaE:1126,14.32598248340564,5.0,Avenida de Mayo / Lima,General Urquiza
LineaC:1098,LineaE:1127,40.893868173823144,34.0,Avenida de Mayo / Lima,Boedo
LineaC:1098,LineaE:1128,16.74190697469163,27.0,Avenida de Mayo / Lima,La Plata
LineaC:1098,LineaE:1129,52.20460454490387,57.0,Avenida de Mayo / Lima,Jose Maria Moreno
LineaC:1098,LineaE:1130,40.757177786866556,34.0,Avenida de Mayo / Lima,Emilio Mitre
LineaC:1098,LineaE:1131,24.72116733903044,7.0,Avenida de Mayo / Lima,Medalla Milagrosa
LineaC:1098,LineaE:1132,13.964769793275487,2.0,Avenida de Mayo / Lima,Varela
LineaC:1098,LineaE:1133,29.607526151209907,55.0,Avenida de Mayo / Lima,Plaza de los Virreyes
LineaC:1098,LineaE:1164,795.9666227198719,772.0,Avenida de Mayo / Lima,Retiro
LineaC:1098,LineaE:1165,20.440990718203665,6.0,Avenida de Mayo / Lima,Catalinas
LineaC:1098,LineaE:1166,38.04575847288037,30.0,Avenida de Mayo / Lima,Correo Central / Leandro N. Alem
LineaC:1098,LineaH:1134,44.23731165414656,57.0,Avenida de Mayo / Lima,Hospitales
LineaC:1098,LineaH:1135,16.321839529752822,32.0,Avenida de Mayo / Lima,Parque Patricios
LineaC:1098,LineaH:1136,23.436188287644256,20.0,Avenida de Mayo / Lima,Caseros
LineaC:1098,LineaH:1137,29.235241726653527,36.0,Avenida de Mayo / Lima,Inclan
LineaC:1098,LineaH:1138,21.568780532091107,21.0,Avenida de Mayo / Lima,Humberto 1 / Jujuy
LineaC:1098,LineaH:1139,26.471115862876765,8.0,Avenida de Mayo / Lima,Venezuela
LineaC:1098,LineaH:1140,1015.3462257039484,766.0,Avenida de Mayo / Lima,Once / Plaza Miserere
LineaC:1098,LineaH:1141,48.83778243288577,38.0,Avenida de Mayo / Lima,Corrientes / Pueyrredon
LineaC:1098,LineaH:1160,23.96649146290578,27.0,Avenida de Mayo / Lima,Cordoba
LineaC:1098,LineaH:1161,47.25011043585645,42.0,Avenida de Mayo / Lima,Pueyrredon / Santa Fe
LineaC:1098,LineaH:1162,25.405415566125342,18.0,Avenida de Mayo / Lima,Las Heras
LineaC:1098,LineaH:1163,12.78431571323778,25.0,Avenida de Mayo / Lima,Facultad de Derecho
LineaC:1100,LineaA:1059,102.76761802554951,259.0,Lavalle,San Pedrito
LineaC:1100,LineaA:1060,104.81195010975887,92.0,Lavalle,San Jose de Flores
LineaC:1100,LineaA:1061,53.40514721584312,53.0,Lavalle,Carabobo
LineaC:1100,LineaA:1062,40.28464099809932,23.0,Lavalle,Puan
LineaC:1100,LineaA:1063,73.62829566519734,81.0,Lavalle,Primera Junta
LineaC:1100,LineaA:1064,62.33132084335608,104.0,Lavalle,Acoyte
LineaC:1100,LineaA:1065,45.58636460447378,46.0,Lavalle,Rio de Janeiro
LineaC:1100,LineaA:1066,16.655471231021178,34.0,Lavalle,Castro Barros
LineaC:1100,LineaA:1067,21.419546756110833,29.0,Lavalle,Loria
LineaC:1100,LineaA:1069,3.7659379522026026,6.0,Lavalle,Alberti
LineaC:1100,LineaA:1070,15.573221915251867,34.0,Lavalle,Pasco
LineaC:1100,LineaA:1071,13.873611757730325,18.0,Lavalle,Congreso
LineaC:1100,LineaA:1072,10.216918389824805,24.0,Lavalle,Saenz Peña
LineaC:1100,LineaA:1074,3.9477622553224077,6.0,Lavalle,Piedras
LineaC:1100,LineaA:1076,5.019509580794607,9.0,Lavalle,Plaza de Mayo
LineaC:1100,LineaB:1077,10.291466007979942,44.0,Lavalle,Juan Manuel de Rosas
LineaC:1100,LineaB:1078,1.25492483495506,3.0,Lavalle,Echeverria
LineaC:1100,LineaB:1079,0.0,3.0,Lavalle,De Los Incas - Parque Chas
LineaC:1100,LineaB:1080,2.600838541169486,0.0,Lavalle,Tronador - Villa Ortuzar
LineaC:1100,LineaB:1081,5.023160260276205,60.0,Lavalle,Federico Lacroze
LineaC:1100,LineaB:1082,3.866372612711132,22.0,Lavalle,Dorrego
LineaC:1100,LineaB:1083,7.497479778502754,6.0,Lavalle,angel Gallardo
LineaC:1100,LineaB:1084,7.467183562529924,19.0,Lavalle,Malabia
LineaC:1100,LineaB:1085,10.436727057151147,14.0,Lavalle,Medrano
LineaC:1100,LineaB:1086,8.752741555675389,7.0,Lavalle,Carlos Gardel
LineaC:1100,LineaB:1088,7.63395282165486,14.0,Lavalle,Pasteur
LineaC:1100,LineaB:1089,1.250341121104954,19.0,Lavalle,Callao [B]
LineaC:1100,LineaB:1090,2.5179735120056512,0.0,Lavalle,Uruguay
LineaC:1100,LineaB:1092,0.0,24.0,Lavalle,Florida
LineaC:1100,LineaC:1094,2593.7955651818147,2875.0,Lavalle,Constitucion
LineaC:1100,LineaC:1095,69.97064642602741,179.0,Lavalle,San Juan
LineaC:1100,LineaC:1097,61.518854482802006,137.0,Lavalle,Moreno
LineaC:1100,LineaC:1098,35.304490415667004,64.0,Lavalle,Avenida de Mayo / Lima
LineaC:1100,LineaC:1101,16.370469001349726,30.0,Lavalle,General San Martin
LineaC:1100,LineaD:1103,20.234326109684204,53.0,Lavalle,Congreso de Tucuman
LineaC:1100,LineaD:1104,20.204402856360588,19.0,Lavalle,Juramento
LineaC:1100,LineaD:1105,2.505265956060014,16.0,Lavalle,Jose Hernandez
LineaC:1100,LineaD:1106,8.740525627555376,8.0,Lavalle,Olleros
LineaC:1100,LineaD:1107,6.28801510493927,21.0,Lavalle,Ministro Carranza
LineaC:1100,LineaD:1108,24.41430596662956,40.0,Lavalle,Palermo
LineaC:1100,LineaD:1109,17.541727244462898,6.0,Lavalle,Plaza Italia
LineaC:1100,LineaD:1110,19.034036933715722,20.0,Lavalle,Scalabrini Ortiz
LineaC:1100,LineaD:1111,12.781542827907701,26.0,Lavalle,Bulnes
LineaC:1100,LineaD:1112,9.991202344338902,12.0,Lavalle,Agüero
LineaC:1100,LineaD:1114,4.964175396700668,9.0,Lavalle,Facultad de Medicina
LineaC:1100,LineaD:1115,7.675104854523884,9.0,Lavalle,Callao [D]
LineaC:1100,LineaD:1116,1.2645545458317773,9.0,Lavalle,Tribunales
LineaC:1100,LineaD:1117,12.868493383735593,37.0,Lavalle,9 de Julio / Carlos Pellegrini / Diagonal Norte
LineaC:1100,LineaE:1119,9.036952612358485,17.0,Lavalle,Bolivar / Catedral / Peru
LineaC:1100,LineaE:1120,6.628979230573995,3.0,Lavalle,Belgrano
LineaC:1100,LineaE:1121,81.75221625209085,232.0,Lavalle,Independencia
LineaC:1100,LineaE:1122,24.2251139038213,5.0,Lavalle,San Jose
LineaC:1100,LineaE:1123,16.50344352540736,18.0,Lavalle,Entre Rios
LineaC:1100,LineaE:1124,15.298548447402867,27.0,Lavalle,Pichincha
LineaC:1100,LineaE:1126,25.583255286947303,39.0,Lavalle,General Urquiza
LineaC:1100,LineaE:1127,28.539183781170202,34.0,Lavalle,Boedo
LineaC:1100,LineaE:1128,29.19582044332863,43.0,Lavalle,La Plata
LineaC:1100,LineaE:1129,34.462687894377495,42.0,Lavalle,Jose Maria Moreno
LineaC:1100,LineaE:1130,26.35359988334694,27.0,Lavalle,Emilio Mitre
LineaC:1100,LineaE:1131,15.282211969834696,25.0,Lavalle,Medalla Milagrosa
LineaC:1100,LineaE:1132,30.332474521581453,21.0,Lavalle,Varela
LineaC:1100,LineaE:1133,27.827485327218525,81.0,Lavalle,Plaza de los Virreyes
LineaC:1100,LineaE:1164,782.4486645161535,796.0,Lavalle,Retiro
LineaC:1100,LineaE:1165,3.7123324705354728,3.0,Lavalle,Catalinas
LineaC:1100,LineaE:1166,2.5133105903660846,12.0,Lavalle,Correo Central / Leandro N. Alem
LineaC:1100,LineaH:1134,8.827876700873684,26.0,Lavalle,Hospitales
LineaC:1100,LineaH:1135,2.510755382819428,17.0,Lavalle,Parque Patricios
LineaC:1100,LineaH:1136,5.086033818938862,0.0,Lavalle,Caseros
LineaC:1100,LineaH:1137,5.062303547528687,2.0,Lavalle,Inclan
LineaC:1100,LineaH:1138,11.289393948845849,28.0,Lavalle,Humberto 1 / Jujuy
LineaC:1100,LineaH:1139,5.008374001136704,17.0,Lavalle,Venezuela
LineaC:1100,LineaH:1140,187.6617406914877,140.0,Lavalle,Once / Plaza Miserere
LineaC:1100,LineaH:1141,10.13382718672532,17.0,Lavalle,Corrientes / Pueyrredon
LineaC:1100,LineaH:1160,5.016431735725687,3.0,Lavalle,Cordoba
LineaC:1100,LineaH:1161,4.978458992654984,13.0,Lavalle,Pueyrredon / Santa Fe
LineaC:1100,LineaH:1162,3.756199527742833,7.0,Lavalle,Las Heras
LineaC:1100,LineaH:1163,1.253418966173874,4.0,Lavalle,Facultad de Derecho
LineaC:1101,LineaA:1059,99.92053992751289,208.0,General San Martin,San Pedrito
LineaC:1101,LineaA:1060,88.73649715892083,102.0,General San Martin,San Jose de Flores
LineaC:1101,LineaA:1061,71.7869041232945,66.0,General San Martin,Carabobo
LineaC:1101,LineaA:1062,34.64029668371014,24.0,General San Martin,Puan
LineaC:1101,LineaA:1063,93.67771949192773,113.0,General San Martin,Primera Junta
LineaC:1101,LineaA:1064,69.29580541341991,96.0,General San Martin,Acoyte
LineaC:1101,LineaA:1065,65.77818859931364,49.0,General San Martin,Rio de Janeiro
LineaC:1101,LineaA:1066,42.20914463618106,48.0,General San Martin,Castro Barros
LineaC:1101,LineaA:1067,23.11758239286027,34.0,General San Martin,Loria
LineaC:1101,LineaA:1069,2.5133105903660846,4.0,General San Martin,Alberti
LineaC:1101,LineaA:1070,15.22126718287039,18.0,General San Martin,Pasco
LineaC:1101,LineaA:1071,36.38864588582464,29.0,General San Martin,Congreso
LineaC:1101,LineaA:1072,8.76706886268903,12.0,General San Martin,Saenz Peña
LineaC:1101,LineaA:1074,3.853652929264676,8.0,General San Martin,Piedras
LineaC:1101,LineaA:1076,15.371914537186644,8.0,General San Martin,Plaza de Mayo
LineaC:1101,LineaB:1077,38.084893694765505,41.0,General San Martin,Juan Manuel de Rosas
LineaC:1101,LineaB:1078,10.230071261014302,25.0,General San Martin,Echeverria
LineaC:1101,LineaB:1079,11.636609941308684,26.0,General San Martin,De Los Incas - Parque Chas
LineaC:1101,LineaB:1080,16.569133082963667,17.0,General San Martin,Tronador - Villa Ortuzar
LineaC:1101,LineaB:1081,65.34470165334517,40.0,General San Martin,Federico Lacroze
LineaC:1101,LineaB:1082,19.18449184547594,18.0,General San Martin,Dorrego
LineaC:1101,LineaB:1083,39.54259822957763,47.0,General San Martin,angel Gallardo
LineaC:1101,LineaB:1084,31.875735547556545,29.0,General San Martin,Malabia
LineaC:1101,LineaB:1085,26.522299944425516,45.0,General San Martin,Medrano
LineaC:1101,LineaB:1086,20.333371157768003,29.0,General San Martin,Carlos Gardel
LineaC:1101,LineaB:1088,15.276448032688931,15.0,General San Martin,Pasteur
LineaC:1101,LineaB:1089,12.522513404133981,24.0,General San Martin,Callao [B]
LineaC:1101,LineaB:1090,3.8499351694944375,2.0,General San Martin,Uruguay
LineaC:1101,LineaB:1092,3.7304532324334447,9.0,General San Martin,Florida
LineaC:1101,LineaC:1094,1355.5242270599726,1564.0,General San Martin,Constitucion
LineaC:1101,LineaC:1095,75.04440781001267,97.0,General San Martin,San Juan
LineaC:1101,LineaC:1097,67.24587318244433,55.0,General San Martin,Moreno
LineaC:1101,LineaC:1098,55.51044660656496,90.0,General San Martin,Avenida de Mayo / Lima
LineaC:1101,LineaC:1100,23.74996400370774,15.0,General San Martin,Lavalle
LineaC:1101,LineaD:1103,63.87064868306416,70.0,General San Martin,Congreso de Tucuman
LineaC:1101,LineaD:1104,46.016565969828456,53.0,General San Martin,Juramento
LineaC:1101,LineaD:1105,35.830400612080545,49.0,General San Martin,Jose Hernandez
LineaC:1101,LineaD:1106,22.772820379714524,52.0,General San Martin,Olleros
LineaC:1101,LineaD:1107,16.678660169120963,15.0,General San Martin,Ministro Carranza
LineaC:1101,LineaD:1108,31.723131272863508,24.0,General San Martin,Palermo
LineaC:1101,LineaD:1109,73.27076217858689,13.0,General San Martin,Plaza Italia
LineaC:1101,LineaD:1110,35.759908321914644,34.0,General San Martin,Scalabrini Ortiz
LineaC:1101,LineaD:1111,25.23066941271677,24.0,General San Martin,Bulnes
LineaC:1101,LineaD:1112,12.737259498600547,23.0,General San Martin,Agüero
LineaC:1101,LineaD:1114,14.03895227250942,11.0,General San Martin,Facultad de Medicina
LineaC:1101,LineaD:1115,12.75163328545151,3.0,General San Martin,Callao [D]
LineaC:1101,LineaD:1116,7.481281441733774,1.0,General San Martin,Tribunales
LineaC:1101,LineaD:1117,17.930418814352144,76.0,General San Martin,9 de Julio / Carlos Pellegrini / Diagonal Norte
LineaC:1101,LineaE:1119,30.248285398577572,32.0,General San Martin,Bolivar / Catedral / Peru
LineaC:1101,LineaE:1120,10.146425859900088,9.0,General San Martin,Belgrano
LineaC:1101,LineaE:1121,65.41549933987007,146.0,General San Martin,Independencia
LineaC:1101,LineaE:1122,11.64617580816942,6.0,General San Martin,San Jose
LineaC:1101,LineaE:1123,10.214565342442071,9.0,General San Martin,Entre Rios
LineaC:1101,LineaE:1124,7.8073636815052385,12.0,General San Martin,Pichincha
LineaC:1101,LineaE:1126,3.8991345724892157,8.0,General San Martin,General Urquiza
LineaC:1101,LineaE:1127,16.659533966277035,16.0,General San Martin,Boedo
LineaC:1101,LineaE:1128,16.337011054983535,21.0,General San Martin,La Plata
LineaC:1101,LineaE:1129,11.339051802466443,15.0,General San Martin,Jose Maria Moreno
LineaC:1101,LineaE:1130,16.72258947873627,16.0,General San Martin,Emilio Mitre
LineaC:1101,LineaE:1131,6.438278498054598,9.0,General San Martin,Medalla Milagrosa
LineaC:1101,LineaE:1132,15.123630246474537,1.0,General San Martin,Varela
LineaC:1101,LineaE:1133,9.119108127911208,50.0,General San Martin,Plaza de los Virreyes
LineaC:1101,LineaE:1164,0.0,134.0,General San Martin,Retiro
LineaC:1101,LineaE:1165,10.218342105652834,5.0,General San Martin,Catalinas
LineaC:1101,LineaE:1166,6.35891888532469,12.0,General San Martin,Correo Central / Leandro N. Alem
LineaC:1101,LineaH:1134,11.546818371340828,4.0,General San Martin,Hospitales
LineaC:1101,LineaH:1135,8.903963520138088,9.0,General San Martin,Parque Patricios
LineaC:1101,LineaH:1136,1.207066514475459,0.0,General San Martin,Caseros
LineaC:1101,LineaH:1137,1.253418966173874,2.0,General San Martin,Inclan
LineaC:1101,LineaH:1138,11.270486975829277,7.0,General San Martin,Humberto 1 / Jujuy
LineaC:1101,LineaH:1139,11.53009563658895,18.0,General San Martin,Venezuela
LineaC:1101,LineaH:1140,219.53054831079078,202.0,General San Martin,Once / Plaza Miserere
LineaC:1101,LineaH:1141,10.285913211279853,26.0,General San Martin,Corrientes / Pueyrredon
LineaC:1101,LineaH:1160,13.787696204956774,5.0,General San Martin,Cordoba
LineaC:1101,LineaH:1161,11.436128197436526,14.0,General San Martin,Pueyrredon / Santa Fe
LineaC:1101,LineaH:1162,14.083243611690335,3.0,General San Martin,Las Heras
LineaC:1101,LineaH:1163,1.207066514475459,8.0,General San Martin,Facultad de Derecho
LineaD:1103,LineaA:1059,53.438045569847496,150.0,Congreso de Tucuman,San Pedrito
LineaD:1103,LineaA:1060,61.3354003833508,85.0,Congreso de Tucuman,San Jose de Flores
LineaD:1103,LineaA:1061,54.376673393338265,75.0,Congreso de Tucuman,Carabobo
LineaD:1103,LineaA:1062,69.99652435366204,64.0,Congreso de Tucuman,Puan
LineaD:1103,LineaA:1063,77.77464333324818,140.0,Congreso de Tucuman,Primera Junta
LineaD:1103,LineaA:1064,109.23521494333728,127.0,Congreso de Tucuman,Acoyte
LineaD:1103,LineaA:1065,91.83265586873402,101.0,Congreso de Tucuman,Rio de Janeiro
LineaD:1103,LineaA:1066,61.29546826426823,87.0,Congreso de Tucuman,Castro Barros
LineaD:1103,LineaA:1067,41.326225077349484,95.0,Congreso de Tucuman,Loria
LineaD:1103,LineaA:1069,31.303004537006675,50.0,Congreso de Tucuman,Alberti
LineaD:1103,LineaA:1070,47.92926483850812,19.0,Congreso de Tucuman,Pasco
LineaD:1103,LineaA:1071,201.048337244122,154.0,Congreso de Tucuman,Congreso
LineaD:1103,LineaA:1072,109.90829950274214,107.0,Congreso de Tucuman,Saenz Peña
LineaD:1103,LineaA:1074,48.398882640745285,50.0,Congreso de Tucuman,Piedras
LineaD:1103,LineaA:1076,197.26534322726297,117.0,Congreso de Tucuman,Plaza de Mayo
LineaD:1103,LineaB:1077,61.57878032216169,13.0,Congreso de Tucuman,Juan Manuel de Rosas
LineaD:1103,LineaB:1078,11.293716808051702,4.0,Congreso de Tucuman,Echeverria
LineaD:1103,LineaB:1079,7.744117256574414,6.0,Congreso de Tucuman,De Los Incas - Parque Chas
LineaD:1103,LineaB:1080,4.005250286678726,6.0,Congreso de Tucuman,Tronador - Villa Ortuzar
LineaD:1103,LineaB:1081,36.51420971464434,23.0,Congreso de Tucuman,Federico Lacroze
LineaD:1103,LineaB:1082,40.257137673455574,19.0,Congreso de Tucuman,Dorrego
LineaD:1103,LineaB:1083,53.327723008257756,39.0,Congreso de Tucuman,angel Gallardo
LineaD:1103,LineaB:1084,58.740044219171786,48.0,Congreso de Tucuman,Malabia
LineaD:1103,LineaB:1085,107.73934698696594,76.0,Congreso de Tucuman,Medrano
LineaD:1103,LineaB:1086,76.71116113152655,83.0,Congreso de Tucuman,Carlos Gardel
LineaD:1103,LineaB:1088,112.60028403851388,124.0,Congreso de Tucuman,Pasteur
LineaD:1103,LineaB:1089,151.80375306222066,182.0,Congreso de Tucuman,Callao [B]
LineaD:1103,LineaB:1090,148.40233004182193,152.0,Congreso de Tucuman,Uruguay
LineaD:1103,LineaB:1092,119.80632184923844,202.0,Congreso de Tucuman,Florida
LineaD:1103,LineaC:1094,1394.5265019679393,1648.0,Congreso de Tucuman,Constitucion
LineaD:1103,LineaC:1095,168.4972806283609,133.0,Congreso de Tucuman,San Juan
LineaD:1103,LineaC:1097,201.59475518355362,219.0,Congreso de Tucuman,Moreno
LineaD:1103,LineaC:1098,145.07122278696656,131.0,Congreso de Tucuman,Avenida de Mayo / Lima
LineaD:1103,LineaC:1100,97.91928376732685,59.0,Congreso de Tucuman,Lavalle
LineaD:1103,LineaC:1101,201.39530070024554,84.0,Congreso de Tucuman,General San Martin
LineaD:1103,LineaD:1104,342.3703075851217,206.0,Congreso de Tucuman,Juramento
LineaD:1103,LineaD:1105,271.1421412973846,322.0,Congreso de Tucuman,Jose Hernandez
LineaD:1103,LineaD:1106,348.4292175072599,354.0,Congreso de Tucuman,Olleros
LineaD:1103,LineaD:1107,308.44806597344274,378.0,Congreso de Tucuman,Ministro Carranza
LineaD:1103,LineaD:1108,685.5519100960868,706.0,Congreso de Tucuman,Palermo
LineaD:1103,LineaD:1109,573.7315829004715,416.0,Congreso de Tucuman,Plaza Italia
LineaD:1103,LineaD:1110,549.6608457295067,523.0,Congreso de Tucuman,Scalabrini Ortiz
LineaD:1103,LineaD:1111,733.7286711343132,826.0,Congreso de Tucuman,Bulnes
LineaD:1103,LineaD:1112,554.2245107040115,601.0,Congreso de Tucuman,Agüero
LineaD:1103,LineaD:1114,1938.117201177344,1322.0,Congreso de Tucuman,Facultad de Medicina
LineaD:1103,LineaD:1115,1631.3712307859848,1747.0,Congreso de Tucuman,Callao [D]
LineaD:1103,LineaD:1116,1249.6228831798874,1509.0,Congreso de Tucuman,Tribunales
LineaD:1103,LineaD:1117,672.8103455932156,1518.0,Congreso de Tucuman,9 de Julio / Carlos Pellegrini / Diagonal Norte
LineaD:1103,LineaE:1119,2664.9802639475715,3637.0,Congreso de Tucuman,Bolivar / Catedral / Peru
LineaD:1103,LineaE:1120,91.81491723609379,61.0,Congreso de Tucuman,Belgrano
LineaD:1103,LineaE:1121,585.8468607654137,945.0,Congreso de Tucuman,Independencia
LineaD:1103,LineaE:1122,104.67825210377842,40.0,Congreso de Tucuman,San Jose
LineaD:1103,LineaE:1123,84.24629849441008,76.0,Congreso de Tucuman,Entre Rios
LineaD:1103,LineaE:1124,23.75205035901499,40.0,Congreso de Tucuman,Pichincha
LineaD:1103,LineaE:1126,72.03364361612188,28.0,Congreso de Tucuman,General Urquiza
LineaD:1103,LineaE:1127,80.8569582182335,74.0,Congreso de Tucuman,Boedo
LineaD:1103,LineaE:1128,68.57153789868141,72.0,Congreso de Tucuman,La Plata
LineaD:1103,LineaE:1129,63.138232940727704,76.0,Congreso de Tucuman,Jose Maria Moreno
LineaD:1103,LineaE:1130,59.93681893415061,45.0,Congreso de Tucuman,Emilio Mitre
LineaD:1103,LineaE:1131,29.541903875903397,25.0,Congreso de Tucuman,Medalla Milagrosa
LineaD:1103,LineaE:1132,49.169813941030085,40.0,Congreso de Tucuman,Varela
LineaD:1103,LineaE:1133,31.768893981593354,85.0,Congreso de Tucuman,Plaza de los Virreyes
LineaD:1103,LineaE:1164,364.71208244257707,89.0,Congreso de Tucuman,Retiro
LineaD:1103,LineaE:1165,148.63112889739543,113.0,Congreso de Tucuman,Catalinas
LineaD:1103,LineaE:1166,300.65519432303904,398.0,Congreso de Tucuman,Correo Central / Leandro N. Alem
LineaD:1103,LineaH:1134,319.8146377820258,593.0,Congreso de Tucuman,Hospitales
LineaD:1103,LineaH:1135,372.85054283782586,597.0,Congreso de Tucuman,Parque Patricios
LineaD:1103,LineaH:1136,251.47620833840102,310.0,Congreso de Tucuman,Caseros
LineaD:1103,LineaH:1137,145.95858413260854,158.0,Congreso de Tucuman,Inclan
LineaD:1103,LineaH:1138,139.37744970723057,249.0,Congreso de Tucuman,Humberto 1 / Jujuy
LineaD:1103,LineaH:1139,171.08735526628178,223.0,Congreso de Tucuman,Venezuela
LineaD:1103,LineaH:1140,405.25374226456756,295.0,Congreso de Tucuman,Once / Plaza Miserere
LineaD:1103,LineaH:1141,230.15603169882036,221.0,Congreso de Tucuman,Corrientes / Pueyrredon
LineaD:1103,LineaH:1160,286.1711817267171,95.0,Congreso de Tucuman,Cordoba
LineaD:1103,LineaH:1161,805.5234847104707,899.0,Congreso de Tucuman,Pueyrredon / Santa Fe
LineaD:1103,LineaH:1162,216.70713555122623,88.0,Congreso de Tucuman,Las Heras
LineaD:1103,LineaH:1163,118.38767185928579,112.0,Congreso de Tucuman,Facultad de Derecho
LineaD:1104,LineaA:1059,30.888703778142606,62.0,Juramento,San Pedrito
LineaD:1104,LineaA:1060,46.8885973753166,43.0,Juramento,San Jose de Flores
LineaD:1104,LineaA:1061,31.128935050798933,27.0,Juramento,Carabobo
LineaD:1104,LineaA:1062,34.67814786835859,28.0,Juramento,Puan
LineaD:1104,LineaA:1063,56.349983410898965,80.0,Juramento,Primera Junta
LineaD:1104,LineaA:1064,58.38287158876971,70.0,Juramento,Acoyte
LineaD:1104,LineaA:1065,41.33686992607757,31.0,Juramento,Rio de Janeiro
LineaD:1104,LineaA:1066,36.009172614247134,53.0,Juramento,Castro Barros
LineaD:1104,LineaA:1067,36.11194901693432,51.0,Juramento,Loria
LineaD:1104,LineaA:1069,20.555825635038296,21.0,Juramento,Alberti
LineaD:1104,LineaA:1070,28.189870872790653,19.0,Juramento,Pasco
LineaD:1104,LineaA:1071,113.6277897196689,71.0,Juramento,Congreso
LineaD:1104,LineaA:1072,35.244604056307026,46.0,Juramento,Saenz Peña
LineaD:1104,LineaA:1074,15.084362647610087,4.0,Juramento,Piedras
LineaD:1104,LineaA:1076,99.94554189649148,67.0,Juramento,Plaza de Mayo
LineaD:1104,LineaB:1077,29.95339168739024,9.0,Juramento,Juan Manuel de Rosas
LineaD:1104,LineaB:1078,10.249300574389146,4.0,Juramento,Echeverria
LineaD:1104,LineaB:1079,10.492703765764304,7.0,Juramento,De Los Incas - Parque Chas
LineaD:1104,LineaB:1080,6.595783889837874,2.0,Juramento,Tronador - Villa Ortuzar
LineaD:1104,LineaB:1081,17.656970872000016,32.0,Juramento,Federico Lacroze
LineaD:1104,LineaB:1082,28.084631818625294,25.0,Juramento,Dorrego
LineaD:1104,LineaB:1083,42.308397743236945,24.0,Juramento,angel Gallardo
LineaD:1104,LineaB:1084,32.30442157755756,17.0,Juramento,Malabia
LineaD:1104,LineaB:1085,63.38297706316667,42.0,Juramento,Medrano
LineaD:1104,LineaB:1086,60.86027035761783,85.0,Juramento,Carlos Gardel
LineaD:1104,LineaB:1088,36.58662167126941,29.0,Juramento,Pasteur
LineaD:1104,LineaB:1089,84.55280992131551,70.0,Juramento,Callao [B]
LineaD:1104,LineaB:1090,52.73318559327561,62.0,Juramento,Uruguay
LineaD:1104,LineaB:1092,37.43054230740582,91.0,Juramento,Florida
LineaD:1104,LineaC:1094,666.4046125386506,899.0,Juramento,Constitucion
LineaD:1104,LineaC:1095,50.31481089210911,74.0,Juramento,San Juan
LineaD:1104,LineaC:1097,62.91520758854524,97.0,Juramento,Moreno
LineaD:1104,LineaC:1098,59.24455128045201,54.0,Juramento,Avenida de Mayo / Lima
LineaD:1104,LineaC:1100,64.74383717826397,22.0,Juramento,Lavalle
LineaD:1104,LineaC:1101,116.1617492512899,36.0,Juramento,General San Martin
LineaD:1104,LineaD:1103,189.62240499562697,175.0,Juramento,Congreso de Tucuman
LineaD:1104,LineaD:1105,82.82455447923928,65.0,Juramento,Jose Hernandez
LineaD:1104,LineaD:1106,267.70030605487267,252.0,Juramento,Olleros
LineaD:1104,LineaD:1107,274.85208638723475,360.0,Juramento,Ministro Carranza
LineaD:1104,LineaD:1108,534.5852347393264,563.0,Juramento,Palermo
LineaD:1104,LineaD:1109,376.8679012953817,347.0,Juramento,Plaza Italia
LineaD:1104,LineaD:1110,364.96004420679185,388.0,Juramento,Scalabrini Ortiz
LineaD:1104,LineaD:1111,473.9683712005521,596.0,Juramento,Bulnes
LineaD:1104,LineaD:1112,328.14982681117004,372.0,Juramento,Agüero
LineaD:1104,LineaD:1114,647.6399241349508,573.0,Juramento,Facultad de Medicina
LineaD:1104,LineaD:1115,657.2063765516107,780.0,Juramento,Callao [D]
LineaD:1104,LineaD:1116,584.6078948366459,639.0,Juramento,Tribunales
LineaD:1104,LineaD:1117,328.08570309358663,597.0,Juramento,9 de Julio / Carlos Pellegrini / Diagonal Norte
LineaD:1104,LineaE:1119,921.174394542531,1370.0,Juramento,Bolivar / Catedral / Peru
LineaD:1104,LineaE:1120,40.1401051965898,20.0,Juramento,Belgrano
LineaD:1104,LineaE:1121,173.27948255057115,273.0,Juramento,Independencia
LineaD:1104,LineaE:1122,63.1631098763756,21.0,Juramento,San Jose
LineaD:1104,LineaE:1123,50.423814324817144,64.0,Juramento,Entre Rios
LineaD:1104,LineaE:1124,11.71611169041298,9.0,Juramento,Pichincha
LineaD:1104,LineaE:1126,33.68587542915606,17.0,Juramento,General Urquiza
LineaD:1104,LineaE:1127,56.19152089925911,50.0,Juramento,Boedo
LineaD:1104,LineaE:1128,25.722850818744334,34.0,Juramento,La Plata
LineaD:1104,LineaE:1129,31.85072974394902,18.0,Juramento,Jose Maria Moreno
LineaD:1104,LineaE:1130,28.230368469195803,42.0,Juramento,Emilio Mitre
LineaD:1104,LineaE:1131,11.719204938756105,4.0,Juramento,Medalla Milagrosa
LineaD:1104,LineaE:1132,19.34523933824781,10.0,Juramento,Varela
LineaD:1104,LineaE:1133,30.83203239245106,84.0,Juramento,Plaza de los Virreyes
LineaD:1104,LineaE:1164,136.58647602975648,57.0,Juramento,Retiro
LineaD:1104,LineaE:1165,63.34649323848786,32.0,Juramento,Catalinas
LineaD:1104,LineaE:1166,126.46372056044126,155.0,Juramento,Correo Central / Leandro N. Alem
LineaD:1104,LineaH:1134,169.8607200832502,282.0,Juramento,Hospitales
LineaD:1104,LineaH:1135,191.21971891171998,255.0,Juramento,Parque Patricios
LineaD:1104,LineaH:1136,125.63504526511772,132.0,Juramento,Caseros
LineaD:1104,LineaH:1137,58.00865064042654,100.0,Juramento,Inclan
LineaD:1104,LineaH:1138,68.23300155063022,109.0,Juramento,Humberto 1 / Jujuy
LineaD:1104,LineaH:1139,84.36305205089091,101.0,Juramento,Venezuela
LineaD:1104,LineaH:1140,289.17386776127654,247.0,Juramento,Once / Plaza Miserere
LineaD:1104,LineaH:1141,96.16479184194854,138.0,Juramento,Corrientes / Pueyrredon
LineaD:1104,LineaH:1160,149.42241505883047,68.0,Juramento,Cordoba
LineaD:1104,LineaH:1161,470.8848172719896,505.0,Juramento,Pueyrredon / Santa Fe
LineaD:1104,LineaH:1162,117.08985745955681,50.0,Juramento,Las Heras
LineaD:1104,LineaH:1163,36.53011498955754,56.0,Juramento,Facultad de Derecho
LineaD:1105,LineaA:1059,12.678480144970635,38.0,Jose Hernandez,San Pedrito
LineaD:1105,LineaA:1060,31.669302554240346,21.0,Jose Hernandez,San Jose de Flores
LineaD:1105,LineaA:1061,14.554248071688885,10.0,Jose Hernandez,Carabobo
LineaD:1105,LineaA:1062,10.155148642623411,12.0,Jose Hernandez,Puan
LineaD:1105,LineaA:1063,26.937591874373936,17.0,Jose Hernandez,Primera Junta
LineaD:1105,LineaA:1064,33.32310063640498,25.0,Jose Hernandez,Acoyte
LineaD:1105,LineaA:1065,15.561017274121756,6.0,Jose Hernandez,Rio de Janeiro
LineaD:1105,LineaA:1066,26.91712253308432,9.0,Jose Hernandez,Castro Barros
LineaD:1105,LineaA:1067,32.4556805602215,13.0,Jose Hernandez,Loria
LineaD:1105,LineaA:1069,8.871580849073702,11.0,Jose Hernandez,Alberti
LineaD:1105,LineaA:1070,17.733001209740642,7.0,Jose Hernandez,Pasco
LineaD:1105,LineaA:1071,65.0369980863877,51.0,Jose Hernandez,Congreso
LineaD:1105,LineaA:1072,27.47663686322638,41.0,Jose Hernandez,Saenz Peña
LineaD:1105,LineaA:1074,12.325728881936172,4.0,Jose Hernandez,Piedras
LineaD:1105,LineaA:1076,82.64077520874545,35.0,Jose Hernandez,Plaza de Mayo
LineaD:1105,LineaB:1077,10.037557426015228,9.0,Jose Hernandez,Juan Manuel de Rosas
LineaD:1105,LineaB:1078,6.478124258064788,4.0,Jose Hernandez,Echeverria
LineaD:1105,LineaB:1079,6.259304045726559,4.0,Jose Hernandez,De Los Incas - Parque Chas
LineaD:1105,LineaB:1080,15.123498448647997,4.0,Jose Hernandez,Tronador - Villa Ortuzar
LineaD:1105,LineaB:1081,12.694301555197779,6.0,Jose Hernandez,Federico Lacroze
LineaD:1105,LineaB:1082,15.109829946870677,4.0,Jose Hernandez,Dorrego
LineaD:1105,LineaB:1083,21.656952892006682,24.0,Jose Hernandez,angel Gallardo
LineaD:1105,LineaB:1084,19.34323156236064,9.0,Jose Hernandez,Malabia
LineaD:1105,LineaB:1085,28.13372031827688,21.0,Jose Hernandez,Medrano
LineaD:1105,LineaB:1086,24.32119442893578,33.0,Jose Hernandez,Carlos Gardel
LineaD:1105,LineaB:1088,34.32221984808988,14.0,Jose Hernandez,Pasteur
LineaD:1105,LineaB:1089,47.921323478903766,42.0,Jose Hernandez,Callao [B]
LineaD:1105,LineaB:1090,34.76786861754977,30.0,Jose Hernandez,Uruguay
LineaD:1105,LineaB:1092,44.56614827759958,34.0,Jose Hernandez,Florida
LineaD:1105,LineaC:1094,555.9224586954529,736.0,Jose Hernandez,Constitucion
LineaD:1105,LineaC:1095,41.494336824998,45.0,Jose Hernandez,San Juan
LineaD:1105,LineaC:1097,57.12351899223018,52.0,Jose Hernandez,Moreno
LineaD:1105,LineaC:1098,61.725670865855385,25.0,Jose Hernandez,Avenida de Mayo / Lima
LineaD:1105,LineaC:1100,31.532295744317413,18.0,Jose Hernandez,Lavalle
LineaD:1105,LineaC:1101,84.55196644280558,42.0,Jose Hernandez,General San Martin
LineaD:1105,LineaD:1103,275.66924336393976,301.0,Jose Hernandez,Congreso de Tucuman
LineaD:1105,LineaD:1104,111.40402978657754,73.0,Jose Hernandez,Juramento
LineaD:1105,LineaD:1106,140.88115818130257,129.0,Jose Hernandez,Olleros
LineaD:1105,LineaD:1107,208.70386315271708,235.0,Jose Hernandez,Ministro Carranza
LineaD:1105,LineaD:1108,336.6632548210776,392.0,Jose Hernandez,Palermo
LineaD:1105,LineaD:1109,230.30856680961955,183.0,Jose Hernandez,Plaza Italia
LineaD:1105,LineaD:1110,232.47947365461692,254.0,Jose Hernandez,Scalabrini Ortiz
LineaD:1105,LineaD:1111,409.38256213931555,372.0,Jose Hernandez,Bulnes
LineaD:1105,LineaD:1112,194.87155099199174,268.0,Jose Hernandez,Agüero
LineaD:1105,LineaD:1114,479.4554575903888,373.0,Jose Hernandez,Facultad de Medicina
LineaD:1105,LineaD:1115,486.1189698909838,562.0,Jose Hernandez,Callao [D]
LineaD:1105,LineaD:1116,474.10345452977015,528.0,Jose Hernandez,Tribunales
LineaD:1105,LineaD:1117,223.50531505024622,373.0,Jose Hernandez,9 de Julio / Carlos Pellegrini / Diagonal Norte
LineaD:1105,LineaE:1119,836.3973854614408,1160.0,Jose Hernandez,Bolivar / Catedral / Peru
LineaD:1105,LineaE:1120,34.55754673818167,14.0,Jose Hernandez,Belgrano
LineaD:1105,LineaE:1121,159.26875742782414,243.0,Jose Hernandez,Independencia
LineaD:1105,LineaE:1122,35.309005278647035,18.0,Jose Hernandez,San Jose
LineaD:1105,LineaE:1123,18.565765397043577,28.0,Jose Hernandez,Entre Rios
LineaD:1105,LineaE:1124,9.061634789909519,4.0,Jose Hernandez,Pichincha
LineaD:1105,LineaE:1126,7.632539530437393,8.0,Jose Hernandez,General Urquiza
LineaD:1105,LineaE:1127,24.205336332066047,17.0,Jose Hernandez,Boedo
LineaD:1105,LineaE:1128,7.853177486568658,24.0,Jose Hernandez,La Plata
LineaD:1105,LineaE:1129,25.40318675774438,20.0,Jose Hernandez,Jose Maria Moreno
LineaD:1105,LineaE:1130,11.524648637449951,13.0,Jose Hernandez,Emilio Mitre
LineaD:1105,LineaE:1131,11.660439072708169,9.0,Jose Hernandez,Medalla Milagrosa
LineaD:1105,LineaE:1132,12.80706891759691,12.0,Jose Hernandez,Varela
LineaD:1105,LineaE:1133,19.0768883215461,50.0,Jose Hernandez,Plaza de los Virreyes
LineaD:1105,LineaE:1164,112.86089495838901,26.0,Jose Hernandez,Retiro
LineaD:1105,LineaE:1165,58.82832671072411,27.0,Jose Hernandez,Catalinas
LineaD:1105,LineaE:1166,117.04264129085661,138.0,Jose Hernandez,Correo Central / Leandro N. Alem
LineaD:1105,LineaH:1134,121.64166084110994,192.0,Jose Hernandez,Hospitales
LineaD:1105,LineaH:1135,115.698390602935,159.0,Jose Hernandez,Parque Patricios
LineaD:1105,LineaH:1136,98.20356474350851,47.0,Jose Hernandez,Caseros
LineaD:1105,LineaH:1137,43.67677958439317,71.0,Jose Hernandez,Inclan
LineaD:1105,LineaH:1138,44.4003394628923,52.0,Jose Hernandez,Humberto 1 / Jujuy
LineaD:1105,LineaH:1139,62.20031185273439,66.0,Jose Hernandez,Venezuela
LineaD:1105,LineaH:1140,196.91868454456576,108.0,Jose Hernandez,Once / Plaza Miserere
LineaD:1105,LineaH:1141,47.028618035038114,73.0,Jose Hernandez,Corrientes / Pueyrredon
LineaD:1105,LineaH:1160,63.36735581646377,18.0,Jose Hernandez,Cordoba
LineaD:1105,LineaH:1161,327.6336332774286,345.0,Jose Hernandez,Pueyrredon / Santa Fe
LineaD:1105,LineaH:1162,112.2384465918117,48.0,Jose Hernandez,Las Heras
LineaD:1105,LineaH:1163,42.35038629929061,33.0,Jose Hernandez,Facultad de Derecho
LineaD:1106,LineaA:1059,30.539951339876772,59.0,Olleros,San Pedrito
LineaD:1106,LineaA:1060,30.802270483086968,45.0,Olleros,San Jose de Flores
LineaD:1106,LineaA:1061,29.134018873843925,41.0,Olleros,Carabobo
LineaD:1106,LineaA:1062,16.602242619870943,21.0,Olleros,Puan
LineaD:1106,LineaA:1063,33.996050765455216,41.0,Olleros,Primera Junta
LineaD:1106,LineaA:1064,13.917891792708282,23.0,Olleros,Acoyte
LineaD:1106,LineaA:1065,31.93870905064911,18.0,Olleros,Rio de Janeiro
LineaD:1106,LineaA:1066,27.06406923179008,26.0,Olleros,Castro Barros
LineaD:1106,LineaA:1067,32.06082739727546,35.0,Olleros,Loria
LineaD:1106,LineaA:1069,11.392247818557122,10.0,Olleros,Alberti
LineaD:1106,LineaA:1070,23.854849430388317,4.0,Olleros,Pasco
LineaD:1106,LineaA:1071,50.67448320392682,40.0,Olleros,Congreso
LineaD:1106,LineaA:1072,32.80289810194473,35.0,Olleros,Saenz Peña
LineaD:1106,LineaA:1074,14.784552184314219,4.0,Olleros,Piedras
LineaD:1106,LineaA:1076,80.01636546016096,41.0,Olleros,Plaza de Mayo
LineaD:1106,LineaB:1077,12.821300700812786,14.0,Olleros,Juan Manuel de Rosas
LineaD:1106,LineaB:1078,2.520902473012267,0.0,Olleros,Echeverria
LineaD:1106,LineaB:1079,2.6129536465372585,7.0,Olleros,De Los Incas - Parque Chas
LineaD:1106,LineaB:1080,3.7239906877156397,0.0,Olleros,Tronador - Villa Ortuzar
LineaD:1106,LineaB:1081,18.784532240498834,16.0,Olleros,Federico Lacroze
LineaD:1106,LineaB:1082,9.139617082743731,6.0,Olleros,Dorrego
LineaD:1106,LineaB:1083,32.07738309311437,27.0,Olleros,angel Gallardo
LineaD:1106,LineaB:1084,14.409131415774809,17.0,Olleros,Malabia
LineaD:1106,LineaB:1085,48.70850061718363,58.0,Olleros,Medrano
LineaD:1106,LineaB:1086,26.75127035925219,32.0,Olleros,Carlos Gardel
LineaD:1106,LineaB:1088,22.704955433544328,20.0,Olleros,Pasteur
LineaD:1106,LineaB:1089,30.164339419641,25.0,Olleros,Callao [B]
LineaD:1106,LineaB:1090,45.25481448783374,59.0,Olleros,Uruguay
LineaD:1106,LineaB:1092,27.29866901180371,61.0,Olleros,Florida
LineaD:1106,LineaC:1094,622.4978078959027,709.0,Olleros,Constitucion
LineaD:1106,LineaC:1095,25.197377182424226,37.0,Olleros,San Juan
LineaD:1106,LineaC:1097,45.67128212836275,49.0,Olleros,Moreno
LineaD:1106,LineaC:1098,40.25582152412993,19.0,Olleros,Avenida de Mayo / Lima
LineaD:1106,LineaC:1100,34.10927368474169,21.0,Olleros,Lavalle
LineaD:1106,LineaC:1101,59.31160706227945,33.0,Olleros,General San Martin
LineaD:1106,LineaD:1103,320.46751112025197,320.0,Olleros,Congreso de Tucuman
LineaD:1106,LineaD:1104,252.062348299655,239.0,Olleros,Juramento
LineaD:1106,LineaD:1105,129.56244131495168,128.0,Olleros,Jose Hernandez
LineaD:1106,LineaD:1107,100.71972930507008,106.0,Olleros,Ministro Carranza
LineaD:1106,LineaD:1108,260.71899382906133,293.0,Olleros,Palermo
LineaD:1106,LineaD:1109,195.4126853158302,192.0,Olleros,Plaza Italia
LineaD:1106,LineaD:1110,228.90601108920234,224.0,Olleros,Scalabrini Ortiz
LineaD:1106,LineaD:1111,348.75328011481037,390.0,Olleros,Bulnes
LineaD:1106,LineaD:1112,232.48598013612929,271.0,Olleros,Agüero
LineaD:1106,LineaD:1114,430.66957968732703,337.0,Olleros,Facultad de Medicina
LineaD:1106,LineaD:1115,421.89433795115144,505.0,Olleros,Callao [D]
LineaD:1106,LineaD:1116,423.2773053164118,555.0,Olleros,Tribunales
LineaD:1106,LineaD:1117,220.61238620323147,410.0,Olleros,9 de Julio / Carlos Pellegrini / Diagonal Norte
LineaD:1106,LineaE:1119,818.7626047096928,1083.0,Olleros,Bolivar / Catedral / Peru
LineaD:1106,LineaE:1120,34.95150881759845,19.0,Olleros,Belgrano
LineaD:1106,LineaE:1121,131.37989202553075,218.0,Olleros,Independencia
LineaD:1106,LineaE:1122,17.48832593440471,8.0,Olleros,San Jose
LineaD:1106,LineaE:1123,35.89629367690111,34.0,Olleros,Entre Rios
LineaD:1106,LineaE:1124,10.227942101146429,0.0,Olleros,Pichincha
LineaD:1106,LineaE:1126,27.36979344534758,16.0,Olleros,General Urquiza
LineaD:1106,LineaE:1127,36.24473033402676,46.0,Olleros,Boedo
LineaD:1106,LineaE:1128,14.3711653283811,22.0,Olleros,La Plata
LineaD:1106,LineaE:1129,19.08710573352583,5.0,Olleros,Jose Maria Moreno
LineaD:1106,LineaE:1130,12.55559749283261,10.0,Olleros,Emilio Mitre
LineaD:1106,LineaE:1131,15.250451382479184,19.0,Olleros,Medalla Milagrosa
LineaD:1106,LineaE:1132,24.061754993531974,10.0,Olleros,Varela
LineaD:1106,LineaE:1133,30.816728119288427,41.0,Olleros,Plaza de los Virreyes
LineaD:1106,LineaE:1164,117.80514861067647,18.0,Olleros,Retiro
LineaD:1106,LineaE:1165,44.95331474355298,32.0,Olleros,Catalinas
LineaD:1106,LineaE:1166,103.25253675854056,146.0,Olleros,Correo Central / Leandro N. Alem
LineaD:1106,LineaH:1134,142.75486922959007,229.0,Olleros,Hospitales
LineaD:1106,LineaH:1135,135.63431632614598,202.0,Olleros,Parque Patricios
LineaD:1106,LineaH:1136,107.26112397192055,84.0,Olleros,Caseros
LineaD:1106,LineaH:1137,43.30941894582158,47.0,Olleros,Inclan
LineaD:1106,LineaH:1138,53.64977727753436,81.0,Olleros,Humberto 1 / Jujuy
LineaD:1106,LineaH:1139,45.85560637829208,61.0,Olleros,Venezuela
LineaD:1106,LineaH:1140,201.87419911704941,135.0,Olleros,Once / Plaza Miserere
LineaD:1106,LineaH:1141,46.418425883690105,61.0,Olleros,Corrientes / Pueyrredon
LineaD:1106,LineaH:1160,73.85458675477113,45.0,Olleros,Cordoba
LineaD:1106,LineaH:1161,314.52641537328793,302.0,Olleros,Pueyrredon / Santa Fe
LineaD:1106,LineaH:1162,81.24088241159296,34.0,Olleros,Las Heras
LineaD:1106,LineaH:1163,36.305899711746044,30.0,Olleros,Facultad de Derecho
LineaD:1107,LineaA:1059,37.274524191261996,58.0,Ministro Carranza,San Pedrito
LineaD:1107,LineaA:1060,30.168209009594282,36.0,Ministro Carranza,San Jose de Flores
LineaD:1107,LineaA:1061,31.205760344935346,26.0,Ministro Carranza,Carabobo
LineaD:1107,LineaA:1062,22.820999402692497,22.0,Ministro Carranza,Puan
LineaD:1107,LineaA:1063,30.739585922618872,41.0,Ministro Carranza,Primera Junta
LineaD:1107,LineaA:1064,33.52266743313441,22.0,Ministro Carranza,Acoyte
LineaD:1107,LineaA:1065,28.05577627451584,32.0,Ministro Carranza,Rio de Janeiro
LineaD:1107,LineaA:1066,22.937821311181303,1.0,Ministro Carranza,Castro Barros
LineaD:1107,LineaA:1067,26.69176325673026,26.0,Ministro Carranza,Loria
LineaD:1107,LineaA:1069,8.727954606782092,4.0,Ministro Carranza,Alberti
LineaD:1107,LineaA:1070,11.43326559519932,3.0,Ministro Carranza,Pasco
LineaD:1107,LineaA:1071,52.3684619938775,44.0,Ministro Carranza,Congreso
LineaD:1107,LineaA:1072,22.53310125344263,17.0,Ministro Carranza,Saenz Peña
LineaD:1107,LineaA:1074,9.732872278278274,4.0,Ministro Carranza,Piedras
LineaD:1107,LineaA:1076,65.29486849087436,36.0,Ministro Carranza,Plaza de Mayo
LineaD:1107,LineaB:1077,43.91609985530742,19.0,Ministro Carranza,Juan Manuel de Rosas
LineaD:1107,LineaB:1078,9.072542238407346,1.0,Ministro Carranza,Echeverria
LineaD:1107,LineaB:1079,1.2645545458317773,4.0,Ministro Carranza,De Los Incas - Parque Chas
LineaD:1107,LineaB:1080,2.5137209872123307,5.0,Ministro Carranza,Tronador - Villa Ortuzar
LineaD:1107,LineaB:1081,17.688152102852417,8.0,Ministro Carranza,Federico Lacroze
LineaD:1107,LineaB:1082,8.917328585478813,10.0,Ministro Carranza,Dorrego
LineaD:1107,LineaB:1083,21.666314203705713,16.0,Ministro Carranza,angel Gallardo
LineaD:1107,LineaB:1084,11.286180871601776,6.0,Ministro Carranza,Malabia
LineaD:1107,LineaB:1085,46.187053113400836,20.0,Ministro Carranza,Medrano
LineaD:1107,LineaB:1086,40.34040233789486,28.0,Ministro Carranza,Carlos Gardel
LineaD:1107,LineaB:1088,48.82294868110458,23.0,Ministro Carranza,Pasteur
LineaD:1107,LineaB:1089,51.84125791536225,71.0,Ministro Carranza,Callao [B]
LineaD:1107,LineaB:1090,50.42609176217245,34.0,Ministro Carranza,Uruguay
LineaD:1107,LineaB:1092,39.426238530300864,54.0,Ministro Carranza,Florida
LineaD:1107,LineaC:1094,568.6223205714192,723.0,Ministro Carranza,Constitucion
LineaD:1107,LineaC:1095,48.42158852075182,47.0,Ministro Carranza,San Juan
LineaD:1107,LineaC:1097,36.01628144034778,40.0,Ministro Carranza,Moreno
LineaD:1107,LineaC:1098,37.800052651888244,24.0,Ministro Carranza,Avenida de Mayo / Lima
LineaD:1107,LineaC:1100,20.1010876056112,24.0,Ministro Carranza,Lavalle
LineaD:1107,LineaC:1101,53.426627232519984,13.0,Ministro Carranza,General San Martin
LineaD:1107,LineaD:1103,350.92664188619676,342.0,Ministro Carranza,Congreso de Tucuman
LineaD:1107,LineaD:1104,382.3341933470869,346.0,Ministro Carranza,Juramento
LineaD:1107,LineaD:1105,194.93106744455363,226.0,Ministro Carranza,Jose Hernandez
LineaD:1107,LineaD:1106,129.82500484025758,108.0,Ministro Carranza,Olleros
LineaD:1107,LineaD:1108,268.86989153676507,170.0,Ministro Carranza,Palermo
LineaD:1107,LineaD:1109,274.1495778526578,196.0,Ministro Carranza,Plaza Italia
LineaD:1107,LineaD:1110,285.0758802190114,299.0,Ministro Carranza,Scalabrini Ortiz
LineaD:1107,LineaD:1111,441.47068480036455,550.0,Ministro Carranza,Bulnes
LineaD:1107,LineaD:1112,238.33373734227854,295.0,Ministro Carranza,Agüero
LineaD:1107,LineaD:1114,613.0746876087326,353.0,Ministro Carranza,Facultad de Medicina
LineaD:1107,LineaD:1115,455.99675252011536,474.0,Ministro Carranza,Callao [D]
LineaD:1107,LineaD:1116,369.5111391140333,413.0,Ministro Carranza,Tribunales
LineaD:1107,LineaD:1117,182.4764566316152,387.0,Ministro Carranza,9 de Julio / Carlos Pellegrini / Diagonal Norte
LineaD:1107,LineaE:1119,698.941670031087,944.0,Ministro Carranza,Bolivar / Catedral / Peru
LineaD:1107,LineaE:1120,28.906165415248953,9.0,Ministro Carranza,Belgrano
LineaD:1107,LineaE:1121,110.47725507254196,161.0,Ministro Carranza,Independencia
LineaD:1107,LineaE:1122,25.577532414412403,7.0,Ministro Carranza,San Jose
LineaD:1107,LineaE:1123,17.81588326165158,10.0,Ministro Carranza,Entre Rios
LineaD:1107,LineaE:1124,8.75744128855734,5.0,Ministro Carranza,Pichincha
LineaD:1107,LineaE:1126,15.111356718145146,9.0,Ministro Carranza,General Urquiza
LineaD:1107,LineaE:1127,37.99386350966262,29.0,Ministro Carranza,Boedo
LineaD:1107,LineaE:1128,22.57223023188404,15.0,Ministro Carranza,La Plata
LineaD:1107,LineaE:1129,18.66388934681788,28.0,Ministro Carranza,Jose Maria Moreno
LineaD:1107,LineaE:1130,15.075126885379992,24.0,Ministro Carranza,Emilio Mitre
LineaD:1107,LineaE:1131,20.003563531964716,13.0,Ministro Carranza,Medalla Milagrosa
LineaD:1107,LineaE:1132,31.469956508766877,13.0,Ministro Carranza,Varela
LineaD:1107,LineaE:1133,26.889443269817512,73.0,Ministro Carranza,Plaza de los Virreyes
LineaD:1107,LineaE:1164,94.81150432333935,22.0,Ministro Carranza,Retiro
LineaD:1107,LineaE:1165,50.520974354587196,15.0,Ministro Carranza,Catalinas
LineaD:1107,LineaE:1166,147.08813499316747,96.0,Ministro Carranza,Correo Central / Leandro N. Alem
LineaD:1107,LineaH:1134,165.131217806366,230.0,Ministro Carranza,Hospitales
LineaD:1107,LineaH:1135,115.38083297434756,192.0,Ministro Carranza,Parque Patricios
LineaD:1107,LineaH:1136,91.82390585681043,78.0,Ministro Carranza,Caseros
LineaD:1107,LineaH:1137,52.4298458972336,41.0,Ministro Carranza,Inclan
LineaD:1107,LineaH:1138,40.87929468735794,42.0,Ministro Carranza,Humberto 1 / Jujuy
LineaD:1107,LineaH:1139,40.7394593202517,72.0,Ministro Carranza,Venezuela
LineaD:1107,LineaH:1140,181.8982895843263,157.0,Ministro Carranza,Once / Plaza Miserere
LineaD:1107,LineaH:1141,72.74903355333026,73.0,Ministro Carranza,Corrientes / Pueyrredon
LineaD:1107,LineaH:1160,68.07098931966547,25.0,Ministro Carranza,Cordoba
LineaD:1107,LineaH:1161,390.83097234586387,407.0,Ministro Carranza,Pueyrredon / Santa Fe
LineaD:1107,LineaH:1162,98.22167080844994,63.0,Ministro Carranza,Las Heras
LineaD:1107,LineaH:1163,32.532635300412174,76.0,Ministro Carranza,Facultad de Derecho
LineaD:1108,LineaA:1059,68.82289610412411,100.0,Palermo,San Pedrito
LineaD:1108,LineaA:1060,67.09003277678677,72.0,Palermo,San Jose de Flores
LineaD:1108,LineaA:1061,41.19122323269009,45.0,Palermo,Carabobo
LineaD:1108,LineaA:1062,38.17146531474036,16.0,Palermo,Puan
LineaD:1108,LineaA:1063,48.220638029654076,89.0,Palermo,Primera Junta
LineaD:1108,LineaA:1064,39.664511171479774,32.0,Palermo,Acoyte
LineaD:1108,LineaA:1065,51.03462042190206,39.0,Palermo,Rio de Janeiro
LineaD:1108,LineaA:1066,39.32082487118129,31.0,Palermo,Castro Barros
LineaD:1108,LineaA:1067,39.479237225713376,39.0,Palermo,Loria
LineaD:1108,LineaA:1069,25.208857453631165,8.0,Palermo,Alberti
LineaD:1108,LineaA:1070,27.730089557023252,3.0,Palermo,Pasco
LineaD:1108,LineaA:1071,68.50314301079389,41.0,Palermo,Congreso
LineaD:1108,LineaA:1072,32.807893797051676,41.0,Palermo,Saenz Peña
LineaD:1108,LineaA:1074,31.49619501924208,10.0,Palermo,Piedras
LineaD:1108,LineaA:1076,117.06603307615714,49.0,Palermo,Plaza de Mayo
LineaD:1108,LineaB:1077,34.70073438460375,26.0,Palermo,Juan Manuel de Rosas
LineaD:1108,LineaB:1078,7.821870828997405,4.0,Palermo,Echeverria
LineaD:1108,LineaB:1079,6.381997428078728,11.0,Palermo,De Los Incas - Parque Chas
LineaD:1108,LineaB:1080,10.175942001762941,0.0,Palermo,Tronador - Villa Ortuzar
LineaD:1108,LineaB:1081,59.41772239274528,33.0,Palermo,Federico Lacroze
LineaD:1108,LineaB:1082,53.880858463069195,6.0,Palermo,Dorrego
LineaD:1108,LineaB:1083,20.644942943228564,9.0,Palermo,angel Gallardo
LineaD:1108,LineaB:1084,22.87882921248626,15.0,Palermo,Malabia
LineaD:1108,LineaB:1085,56.41162989687657,29.0,Palermo,Medrano
LineaD:1108,LineaB:1086,38.22582567136969,84.0,Palermo,Carlos Gardel
LineaD:1108,LineaB:1088,70.90756977986834,51.0,Palermo,Pasteur
LineaD:1108,LineaB:1089,78.91424936968762,68.0,Palermo,Callao [B]
LineaD:1108,LineaB:1090,69.91698343753775,93.0,Palermo,Uruguay
LineaD:1108,LineaB:1092,60.110168084335875,121.0,Palermo,Florida
LineaD:1108,LineaC:1094,1237.1515632763092,1517.0,Palermo,Constitucion
LineaD:1108,LineaC:1095,49.05392235191416,52.0,Palermo,San Juan
LineaD:1108,LineaC:1097,69.90313175236439,68.0,Palermo,Moreno
LineaD:1108,LineaC:1098,85.06611617242397,61.0,Palermo,Avenida de Mayo / Lima
LineaD:1108,LineaC:1100,64.64364908939609,35.0,Palermo,Lavalle
LineaD:1108,LineaC:1101,95.97367977175603,12.0,Palermo,General San Martin
LineaD:1108,LineaD:1103,648.7904352375261,720.0,Palermo,Congreso de Tucuman
LineaD:1108,LineaD:1104,598.2801336467854,578.0,Palermo,Juramento
LineaD:1108,LineaD:1105,366.58162835280126,390.0,Palermo,Jose Hernandez
LineaD:1108,LineaD:1106,255.01800217194452,305.0,Palermo,Olleros
LineaD:1108,LineaD:1107,173.6248776551731,175.0,Palermo,Ministro Carranza
LineaD:1108,LineaD:1109,0.0,61.0,Palermo,Plaza Italia
LineaD:1108,LineaD:1110,254.7565983855454,186.0,Palermo,Scalabrini Ortiz
LineaD:1108,LineaD:1111,550.9055023081683,656.0,Palermo,Bulnes
LineaD:1108,LineaD:1112,340.8385443016307,397.0,Palermo,Agüero
LineaD:1108,LineaD:1114,778.8414869438645,485.0,Palermo,Facultad de Medicina
LineaD:1108,LineaD:1115,563.6453322341922,497.0,Palermo,Callao [D]
LineaD:1108,LineaD:1116,451.8297767826599,501.0,Palermo,Tribunales
LineaD:1108,LineaD:1117,309.406991605265,628.0,Palermo,9 de Julio / Carlos Pellegrini / Diagonal Norte
LineaD:1108,LineaE:1119,685.0127911559359,1126.0,Palermo,Bolivar / Catedral / Peru
LineaD:1108,LineaE:1120,26.590671959252266,15.0,Palermo,Belgrano
LineaD:1108,LineaE:1121,164.78246243037313,227.0,Palermo,Independencia
LineaD:1108,LineaE:1122,49.43182946975199,16.0,Palermo,San Jose
LineaD:1108,LineaE:1123,21.667080751277183,24.0,Palermo,Entre Rios
LineaD:1108,LineaE:1124,16.633247443678705,8.0,Palermo,Pichincha
LineaD:1108,LineaE:1126,31.599959470205135,13.0,Palermo,General Urquiza
LineaD:1108,LineaE:1127,52.507500361160496,30.0,Palermo,Boedo
LineaD:1108,LineaE:1128,55.13589372556011,35.0,Palermo,La Plata
LineaD:1108,LineaE:1129,42.168382979585786,31.0,Palermo,Jose Maria Moreno
LineaD:1108,LineaE:1130,41.63926166081023,46.0,Palermo,Emilio Mitre
LineaD:1108,LineaE:1131,29.36723222744907,18.0,Palermo,Medalla Milagrosa
LineaD:1108,LineaE:1132,43.81595882597337,27.0,Palermo,Varela
LineaD:1108,LineaE:1133,40.91011621431679,113.0,Palermo,Plaza de los Virreyes
LineaD:1108,LineaE:1164,142.2289405057722,62.0,Palermo,Retiro
LineaD:1108,LineaE:1165,75.7319512621351,29.0,Palermo,Catalinas
LineaD:1108,LineaE:1166,131.5209172861574,158.0,Palermo,Correo Central / Leandro N. Alem
LineaD:1108,LineaH:1134,236.64241888163602,319.0,Palermo,Hospitales
LineaD:1108,LineaH:1135,165.30113698763031,234.0,Palermo,Parque Patricios
LineaD:1108,LineaH:1136,149.69231336210262,117.0,Palermo,Caseros
LineaD:1108,LineaH:1137,78.47061471997652,88.0,Palermo,Inclan
LineaD:1108,LineaH:1138,73.66060707582315,113.0,Palermo,Humberto 1 / Jujuy
LineaD:1108,LineaH:1139,80.67643776678675,85.0,Palermo,Venezuela
LineaD:1108,LineaH:1140,306.182629073493,149.0,Palermo,Once / Plaza Miserere
LineaD:1108,LineaH:1141,85.59595455786703,91.0,Palermo,Corrientes / Pueyrredon
LineaD:1108,LineaH:1160,162.05970082314514,59.0,Palermo,Cordoba
LineaD:1108,LineaH:1161,479.4848535173443,525.0,Palermo,Pueyrredon / Santa Fe
LineaD:1108,LineaH:1162,134.49065661976482,58.0,Palermo,Las Heras
LineaD:1108,LineaH:1163,46.76440045913137,63.0,Palermo,Facultad de Derecho
LineaD:1109,LineaA:1059,77.25296279799684,79.0,Plaza Italia,San Pedrito
LineaD:1109,LineaA:1060,70.45850260275104,53.0,Plaza Italia,San Jose de Flores
LineaD:1109,LineaA:1061,50.297006099283834,45.0,Plaza Italia,Carabobo
LineaD:1109,LineaA:1062,26.702607772507996,9.0,Plaza Italia,Puan
LineaD:1109,LineaA:1063,47.318113748914605,51.0,Plaza Italia,Primera Junta
LineaD:1109,LineaA:1064,44.19033480974691,54.0,Plaza Italia,Acoyte
LineaD:1109,LineaA:1065,43.45676008902791,24.0,Plaza Italia,Rio de Janeiro
LineaD:1109,LineaA:1066,25.212937362459236,33.0,Plaza Italia,Castro Barros
LineaD:1109,LineaA:1067,57.956944056473375,32.0,Plaza Italia,Loria
LineaD:1109,LineaA:1069,11.454274024413834,21.0,Plaza Italia,Alberti
LineaD:1109,LineaA:1070,28.212963050706634,12.0,Plaza Italia,Pasco
LineaD:1109,LineaA:1071,72.99914075939502,39.0,Plaza Italia,Congreso
LineaD:1109,LineaA:1072,36.29197651478177,40.0,Plaza Italia,Saenz Peña
LineaD:1109,LineaA:1074,9.886160832882661,16.0,Plaza Italia,Piedras
LineaD:1109,LineaA:1076,119.53350691304449,93.0,Plaza Italia,Plaza de Mayo
LineaD:1109,LineaB:1077,34.30545586193315,52.0,Plaza Italia,Juan Manuel de Rosas
LineaD:1109,LineaB:1078,14.01732252969639,3.0,Plaza Italia,Echeverria
LineaD:1109,LineaB:1079,2.505265956060014,4.0,Plaza Italia,De Los Incas - Parque Chas
LineaD:1109,LineaB:1080,3.7719188212508423,0.0,Plaza Italia,Tronador - Villa Ortuzar
LineaD:1109,LineaB:1081,34.28137285443317,19.0,Plaza Italia,Federico Lacroze
LineaD:1109,LineaB:1082,9.07350608782956,10.0,Plaza Italia,Dorrego
LineaD:1109,LineaB:1083,31.857823219027004,22.0,Plaza Italia,angel Gallardo
LineaD:1109,LineaB:1084,25.55022922707751,13.0,Plaza Italia,Malabia
LineaD:1109,LineaB:1085,42.17437529688661,38.0,Plaza Italia,Medrano
LineaD:1109,LineaB:1086,49.21847428274685,77.0,Plaza Italia,Carlos Gardel
LineaD:1109,LineaB:1088,30.09994012929719,40.0,Plaza Italia,Pasteur
LineaD:1109,LineaB:1089,66.12904402544528,48.0,Plaza Italia,Callao [B]
LineaD:1109,LineaB:1090,55.14397099073257,59.0,Plaza Italia,Uruguay
LineaD:1109,LineaB:1092,56.09492166997163,64.0,Plaza Italia,Florida
LineaD:1109,LineaC:1094,1033.0353228735642,1191.0,Plaza Italia,Constitucion
LineaD:1109,LineaC:1095,62.926836262990435,52.0,Plaza Italia,San Juan
LineaD:1109,LineaC:1097,48.69327917385684,74.0,Plaza Italia,Moreno
LineaD:1109,LineaC:1098,71.73979422131396,72.0,Plaza Italia,Avenida de Mayo / Lima
LineaD:1109,LineaC:1100,50.47231641713106,23.0,Plaza Italia,Lavalle
LineaD:1109,LineaC:1101,94.7775884717362,22.0,Plaza Italia,General San Martin
LineaD:1109,LineaD:1103,425.29441586516697,443.0,Plaza Italia,Congreso de Tucuman
LineaD:1109,LineaD:1104,421.6614450930424,403.0,Plaza Italia,Juramento
LineaD:1109,LineaD:1105,228.80321803563078,231.0,Plaza Italia,Jose Hernandez
LineaD:1109,LineaD:1106,145.12201152560147,242.0,Plaza Italia,Olleros
LineaD:1109,LineaD:1107,277.34862566323903,244.0,Plaza Italia,Ministro Carranza
LineaD:1109,LineaD:1108,0.0,80.0,Plaza Italia,Palermo
LineaD:1109,LineaD:1110,58.250327911742154,47.0,Plaza Italia,Scalabrini Ortiz
LineaD:1109,LineaD:1111,264.3091063786971,257.0,Plaza Italia,Bulnes
LineaD:1109,LineaD:1112,188.53602451380388,225.0,Plaza Italia,Agüero
LineaD:1109,LineaD:1114,462.1597372233224,273.0,Plaza Italia,Facultad de Medicina
LineaD:1109,LineaD:1115,405.7654411066057,362.0,Plaza Italia,Callao [D]
LineaD:1109,LineaD:1116,382.5852287778954,422.0,Plaza Italia,Tribunales
LineaD:1109,LineaD:1117,298.3587600255565,511.0,Plaza Italia,9 de Julio / Carlos Pellegrini / Diagonal Norte
LineaD:1109,LineaE:1119,713.7720944321748,1018.0,Plaza Italia,Bolivar / Catedral / Peru
LineaD:1109,LineaE:1120,38.96288659780097,28.0,Plaza Italia,Belgrano
LineaD:1109,LineaE:1121,130.17989282230474,258.0,Plaza Italia,Independencia
LineaD:1109,LineaE:1122,36.55396008359156,17.0,Plaza Italia,San Jose
LineaD:1109,LineaE:1123,26.595369703598344,22.0,Plaza Italia,Entre Rios
LineaD:1109,LineaE:1124,10.366528031364314,9.0,Plaza Italia,Pichincha
LineaD:1109,LineaE:1126,20.188142777958507,17.0,Plaza Italia,General Urquiza
LineaD:1109,LineaE:1127,36.87721849690396,18.0,Plaza Italia,Boedo
LineaD:1109,LineaE:1128,24.342576832271586,35.0,Plaza Italia,La Plata
LineaD:1109,LineaE:1129,36.92716377603515,33.0,Plaza Italia,Jose Maria Moreno
LineaD:1109,LineaE:1130,31.85608378106109,28.0,Plaza Italia,Emilio Mitre
LineaD:1109,LineaE:1131,17.52740935306093,18.0,Plaza Italia,Medalla Milagrosa
LineaD:1109,LineaE:1132,47.89892760851781,25.0,Plaza Italia,Varela
LineaD:1109,LineaE:1133,39.20975863904418,93.0,Plaza Italia,Plaza de los Virreyes
LineaD:1109,LineaE:1164,151.85870310342767,94.0,Plaza Italia,Retiro
LineaD:1109,LineaE:1165,90.06950527384785,42.0,Plaza Italia,Catalinas
LineaD:1109,LineaE:1166,152.98641105669174,169.0,Plaza Italia,Correo Central / Leandro N. Alem
LineaD:1109,LineaH:1134,176.79097043105827,243.0,Plaza Italia,Hospitales
LineaD:1109,LineaH:1135,148.01373000942561,171.0,Plaza Italia,Parque Patricios
LineaD:1109,LineaH:1136,118.24399600695978,88.0,Plaza Italia,Caseros
LineaD:1109,LineaH:1137,64.45868326330246,87.0,Plaza Italia,Inclan
LineaD:1109,LineaH:1138,61.26775051464039,128.0,Plaza Italia,Humberto 1 / Jujuy
LineaD:1109,LineaH:1139,76.48074851772392,98.0,Plaza Italia,Venezuela
LineaD:1109,LineaH:1140,311.1992316021712,228.0,Plaza Italia,Once / Plaza Miserere
LineaD:1109,LineaH:1141,88.14699723631496,114.0,Plaza Italia,Corrientes / Pueyrredon
LineaD:1109,LineaH:1160,98.80770323993444,37.0,Plaza Italia,Cordoba
LineaD:1109,LineaH:1161,290.2558486801974,308.0,Plaza Italia,Pueyrredon / Santa Fe
LineaD:1109,LineaH:1162,69.92358990234476,52.0,Plaza Italia,Las Heras
LineaD:1109,LineaH:1163,42.77735691013751,61.0,Plaza Italia,Facultad de Derecho
LineaD:1110,LineaA:1059,46.96901090825947,93.0,Scalabrini Ortiz,San Pedrito
LineaD:1110,LineaA:1060,72.01590792148363,27.0,Scalabrini Ortiz,San Jose de Flores
LineaD:1110,LineaA:1061,26.736446614381425,25.0,Scalabrini Ortiz,Carabobo
LineaD:1110,LineaA:1062,20.661636097198315,22.0,Scalabrini Ortiz,Puan
LineaD:1110,LineaA:1063,29.294149072972846,33.0,Scalabrini Ortiz,Primera Junta
LineaD:1110,LineaA:1064,32.94826020395798,19.0,Scalabrini Ortiz,Acoyte
LineaD:1110,LineaA:1065,22.867197958593405,40.0,Scalabrini Ortiz,Rio de Janeiro
LineaD:1110,LineaA:1066,22.708715889256638,14.0,Scalabrini Ortiz,Castro Barros
LineaD:1110,LineaA:1067,24.35045833796808,14.0,Scalabrini Ortiz,Loria
LineaD:1110,LineaA:1069,13.717263089395864,6.0,Scalabrini Ortiz,Alberti
LineaD:1110,LineaA:1070,10.048582905619694,2.0,Scalabrini Ortiz,Pasco
LineaD:1110,LineaA:1071,52.05132508378977,16.0,Scalabrini Ortiz,Congreso
LineaD:1110,LineaA:1072,25.142864034321796,23.0,Scalabrini Ortiz,Saenz Peña
LineaD:1110,LineaA:1074,36.14144476936137,11.0,Scalabrini Ortiz,Piedras
LineaD:1110,LineaA:1076,105.42692616119466,29.0,Scalabrini Ortiz,Plaza de Mayo
LineaD:1110,LineaB:1077,20.113937114688948,42.0,Scalabrini Ortiz,Juan Manuel de Rosas
LineaD:1110,LineaB:1078,14.350757516848248,12.0,Scalabrini Ortiz,Echeverria
LineaD:1110,LineaB:1079,8.839789296576942,14.0,Scalabrini Ortiz,De Los Incas - Parque Chas
LineaD:1110,LineaB:1080,6.615122276796946,3.0,Scalabrini Ortiz,Tronador - Villa Ortuzar
LineaD:1110,LineaB:1081,19.14027174003988,17.0,Scalabrini Ortiz,Federico Lacroze
LineaD:1110,LineaB:1082,12.672713723435937,5.0,Scalabrini Ortiz,Dorrego
LineaD:1110,LineaB:1083,29.168539773901365,16.0,Scalabrini Ortiz,angel Gallardo
LineaD:1110,LineaB:1084,25.22656946601046,11.0,Scalabrini Ortiz,Malabia
LineaD:1110,LineaB:1085,24.257287520621365,22.0,Scalabrini Ortiz,Medrano
LineaD:1110,LineaB:1086,31.214685906766743,26.0,Scalabrini Ortiz,Carlos Gardel
LineaD:1110,LineaB:1088,23.908012590436527,26.0,Scalabrini Ortiz,Pasteur
LineaD:1110,LineaB:1089,56.61486263101263,46.0,Scalabrini Ortiz,Callao [B]
LineaD:1110,LineaB:1090,49.081252310466255,55.0,Scalabrini Ortiz,Uruguay
LineaD:1110,LineaB:1092,45.77036956389611,81.0,Scalabrini Ortiz,Florida
LineaD:1110,LineaC:1094,676.6152301874206,619.0,Scalabrini Ortiz,Constitucion
LineaD:1110,LineaC:1095,39.724423038464025,73.0,Scalabrini Ortiz,San Juan
LineaD:1110,LineaC:1097,57.08981014467796,74.0,Scalabrini Ortiz,Moreno
LineaD:1110,LineaC:1098,41.31293015353599,30.0,Scalabrini Ortiz,Avenida de Mayo / Lima
LineaD:1110,LineaC:1100,43.179188135461565,11.0,Scalabrini Ortiz,Lavalle
LineaD:1110,LineaC:1101,67.27528887438359,26.0,Scalabrini Ortiz,General San Martin
LineaD:1110,LineaD:1103,466.85857943526884,525.0,Scalabrini Ortiz,Congreso de Tucuman
LineaD:1110,LineaD:1104,423.1080470554803,377.0,Scalabrini Ortiz,Juramento
LineaD:1110,LineaD:1105,258.38592786215736,286.0,Scalabrini Ortiz,Jose Hernandez
LineaD:1110,LineaD:1106,242.01369395145431,246.0,Scalabrini Ortiz,Olleros
LineaD:1110,LineaD:1107,281.7556319261858,312.0,Scalabrini Ortiz,Ministro Carranza
LineaD:1110,LineaD:1108,234.6677696058076,199.0,Scalabrini Ortiz,Palermo
LineaD:1110,LineaD:1109,64.46197357795626,31.0,Scalabrini Ortiz,Plaza Italia
LineaD:1110,LineaD:1111,56.27773526621803,64.0,Scalabrini Ortiz,Bulnes
LineaD:1110,LineaD:1112,83.22836966730475,76.0,Scalabrini Ortiz,Agüero
LineaD:1110,LineaD:1114,324.0700881370176,248.0,Scalabrini Ortiz,Facultad de Medicina
LineaD:1110,LineaD:1115,305.0921632786356,362.0,Scalabrini Ortiz,Callao [D]
LineaD:1110,LineaD:1116,422.0849341652888,498.0,Scalabrini Ortiz,Tribunales
LineaD:1110,LineaD:1117,194.98313791111633,424.0,Scalabrini Ortiz,9 de Julio / Carlos Pellegrini / Diagonal Norte
LineaD:1110,LineaE:1119,816.5733857555707,1046.0,Scalabrini Ortiz,Bolivar / Catedral / Peru
LineaD:1110,LineaE:1120,34.89150397693858,12.0,Scalabrini Ortiz,Belgrano
LineaD:1110,LineaE:1121,153.84442406310023,201.0,Scalabrini Ortiz,Independencia
LineaD:1110,LineaE:1122,27.298694842244863,10.0,Scalabrini Ortiz,San Jose
LineaD:1110,LineaE:1123,20.11336385184017,5.0,Scalabrini Ortiz,Entre Rios
LineaD:1110,LineaE:1124,8.883324849214056,7.0,Scalabrini Ortiz,Pichincha
LineaD:1110,LineaE:1126,21.524007191305646,15.0,Scalabrini Ortiz,General Urquiza
LineaD:1110,LineaE:1127,14.096193712496108,12.0,Scalabrini Ortiz,Boedo
LineaD:1110,LineaE:1128,19.36098703026115,19.0,Scalabrini Ortiz,La Plata
LineaD:1110,LineaE:1129,22.86618889417046,19.0,Scalabrini Ortiz,Jose Maria Moreno
LineaD:1110,LineaE:1130,25.984913288809473,20.0,Scalabrini Ortiz,Emilio Mitre
LineaD:1110,LineaE:1131,19.539301022519854,21.0,Scalabrini Ortiz,Medalla Milagrosa
LineaD:1110,LineaE:1132,35.865505812916496,12.0,Scalabrini Ortiz,Varela
LineaD:1110,LineaE:1133,29.302366330133857,72.0,Scalabrini Ortiz,Plaza de los Virreyes
LineaD:1110,LineaE:1164,123.318490874431,80.0,Scalabrini Ortiz,Retiro
LineaD:1110,LineaE:1165,66.2043454599245,15.0,Scalabrini Ortiz,Catalinas
LineaD:1110,LineaE:1166,117.22606865852684,137.0,Scalabrini Ortiz,Correo Central / Leandro N. Alem
LineaD:1110,LineaH:1134,158.739315063668,206.0,Scalabrini Ortiz,Hospitales
LineaD:1110,LineaH:1135,134.0928123579201,163.0,Scalabrini Ortiz,Parque Patricios
LineaD:1110,LineaH:1136,110.40305431240942,86.0,Scalabrini Ortiz,Caseros
LineaD:1110,LineaH:1137,52.303268946247506,78.0,Scalabrini Ortiz,Inclan
LineaD:1110,LineaH:1138,46.68743389863762,55.0,Scalabrini Ortiz,Humberto 1 / Jujuy
LineaD:1110,LineaH:1139,53.25206831032082,63.0,Scalabrini Ortiz,Venezuela
LineaD:1110,LineaH:1140,204.3589496666658,113.0,Scalabrini Ortiz,Once / Plaza Miserere
LineaD:1110,LineaH:1141,49.04833611548628,42.0,Scalabrini Ortiz,Corrientes / Pueyrredon
LineaD:1110,LineaH:1160,31.731047507416857,16.0,Scalabrini Ortiz,Cordoba
LineaD:1110,LineaH:1161,166.19946679717822,175.0,Scalabrini Ortiz,Pueyrredon / Santa Fe
LineaD:1110,LineaH:1162,58.32471609397876,37.0,Scalabrini Ortiz,Las Heras
LineaD:1110,LineaH:1163,36.67986277223039,32.0,Scalabrini Ortiz,Facultad de Derecho
LineaD:1111,LineaA:1059,62.11208074772016,174.0,Bulnes,San Pedrito
LineaD:1111,LineaA:1060,67.46771227657796,57.0,Bulnes,San Jose de Flores
LineaD:1111,LineaA:1061,46.6274491540149,69.0,Bulnes,Carabobo
LineaD:1111,LineaA:1062,46.044055435518665,54.0,Bulnes,Puan
LineaD:1111,LineaA:1063,62.14544244829609,69.0,Bulnes,Primera Junta
LineaD:1111,LineaA:1064,57.64887028437108,84.0,Bulnes,Acoyte
LineaD:1111,LineaA:1065,70.73341958796063,50.0,Bulnes,Rio de Janeiro
LineaD:1111,LineaA:1066,15.824872087230938,13.0,Bulnes,Castro Barros
LineaD:1111,LineaA:1067,22.6284242571641,36.0,Bulnes,Loria
LineaD:1111,LineaA:1069,14.391800867766094,3.0,Bulnes,Alberti
LineaD:1111,LineaA:1070,15.049490501851905,3.0,Bulnes,Pasco
LineaD:1111,LineaA:1071,70.48823986682605,36.0,Bulnes,Congreso
LineaD:1111,LineaA:1072,25.37559446541103,29.0,Bulnes,Saenz Peña
LineaD:1111,LineaA:1074,9.908946800637,25.0,Bulnes,Piedras
LineaD:1111,LineaA:1076,117.27050810581129,58.0,Bulnes,Plaza de Mayo
LineaD:1111,LineaB:1077,79.12809362926643,74.0,Bulnes,Juan Manuel de Rosas
LineaD:1111,LineaB:1078,15.30720575760753,23.0,Bulnes,Echeverria
LineaD:1111,LineaB:1079,21.610912401326814,22.0,Bulnes,De Los Incas - Parque Chas
LineaD:1111,LineaB:1080,12.411107406439026,8.0,Bulnes,Tronador - Villa Ortuzar
LineaD:1111,LineaB:1081,42.99096647163712,41.0,Bulnes,Federico Lacroze
LineaD:1111,LineaB:1082,13.961027191927176,28.0,Bulnes,Dorrego
LineaD:1111,LineaB:1083,31.893125450667743,25.0,Bulnes,angel Gallardo
LineaD:1111,LineaB:1084,20.35872216746913,18.0,Bulnes,Malabia
LineaD:1111,LineaB:1085,48.736822979321026,33.0,Bulnes,Medrano
LineaD:1111,LineaB:1086,34.09566725774948,42.0,Bulnes,Carlos Gardel
LineaD:1111,LineaB:1088,31.950056769813898,24.0,Bulnes,Pasteur
LineaD:1111,LineaB:1089,56.03967898464854,44.0,Bulnes,Callao [B]
LineaD:1111,LineaB:1090,45.25314060720024,44.0,Bulnes,Uruguay
LineaD:1111,LineaB:1092,54.01097655240537,102.0,Bulnes,Florida
LineaD:1111,LineaC:1094,792.3590009744896,931.0,Bulnes,Constitucion
LineaD:1111,LineaC:1095,69.46866264246589,51.0,Bulnes,San Juan
LineaD:1111,LineaC:1097,72.02065124736431,73.0,Bulnes,Moreno
LineaD:1111,LineaC:1098,71.53663825288389,35.0,Bulnes,Avenida de Mayo / Lima
LineaD:1111,LineaC:1100,46.90664767034622,19.0,Bulnes,Lavalle
LineaD:1111,LineaC:1101,69.42781018851849,13.0,Bulnes,General San Martin
LineaD:1111,LineaD:1103,735.8162014199788,744.0,Bulnes,Congreso de Tucuman
LineaD:1111,LineaD:1104,620.291109329978,562.0,Bulnes,Juramento
LineaD:1111,LineaD:1105,400.4577598194597,418.0,Bulnes,Jose Hernandez
LineaD:1111,LineaD:1106,377.2025711941887,433.0,Bulnes,Olleros
LineaD:1111,LineaD:1107,473.2858308816776,517.0,Bulnes,Ministro Carranza
LineaD:1111,LineaD:1108,537.4418625527819,608.0,Bulnes,Palermo
LineaD:1111,LineaD:1109,241.8418019095029,204.0,Bulnes,Plaza Italia
LineaD:1111,LineaD:1110,80.28200161331365,73.0,Bulnes,Scalabrini Ortiz
LineaD:1111,LineaD:1112,46.09466472982348,38.0,Bulnes,Agüero
LineaD:1111,LineaD:1114,271.0210036327214,252.0,Bulnes,Facultad de Medicina
LineaD:1111,LineaD:1115,345.9989269938462,310.0,Bulnes,Callao [D]
LineaD:1111,LineaD:1116,413.86059005344697,472.0,Bulnes,Tribunales
LineaD:1111,LineaD:1117,211.61337212930135,502.0,Bulnes,9 de Julio / Carlos Pellegrini / Diagonal Norte
LineaD:1111,LineaE:1119,948.1368167564067,1221.0,Bulnes,Bolivar / Catedral / Peru
LineaD:1111,LineaE:1120,48.71331915705144,6.0,Bulnes,Belgrano
LineaD:1111,LineaE:1121,189.08574976721906,265.0,Bulnes,Independencia
LineaD:1111,LineaE:1122,35.047812169289045,15.0,Bulnes,San Jose
LineaD:1111,LineaE:1123,20.414668092663742,11.0,Bulnes,Entre Rios
LineaD:1111,LineaE:1124,11.76211542336628,4.0,Bulnes,Pichincha
LineaD:1111,LineaE:1126,22.765286456624292,11.0,Bulnes,General Urquiza
LineaD:1111,LineaE:1127,26.79105874307468,11.0,Bulnes,Boedo
LineaD:1111,LineaE:1128,41.78710035774303,32.0,Bulnes,La Plata
LineaD:1111,LineaE:1129,48.36668203649018,52.0,Bulnes,Jose Maria Moreno
LineaD:1111,LineaE:1130,45.020051249040016,54.0,Bulnes,Emilio Mitre
LineaD:1111,LineaE:1131,24.169878486398677,22.0,Bulnes,Medalla Milagrosa
LineaD:1111,LineaE:1132,56.08988790209062,19.0,Bulnes,Varela
LineaD:1111,LineaE:1133,50.96649311759771,88.0,Bulnes,Plaza de los Virreyes
LineaD:1111,LineaE:1164,141.6311134278059,93.0,Bulnes,Retiro
LineaD:1111,LineaE:1165,81.83613838958001,22.0,Bulnes,Catalinas
LineaD:1111,LineaE:1166,132.12680948971757,198.0,Bulnes,Correo Central / Leandro N. Alem
LineaD:1111,LineaH:1134,154.97549009807497,210.0,Bulnes,Hospitales
LineaD:1111,LineaH:1135,136.33009532265373,224.0,Bulnes,Parque Patricios
LineaD:1111,LineaH:1136,140.76851157598975,117.0,Bulnes,Caseros
LineaD:1111,LineaH:1137,58.6908386460359,84.0,Bulnes,Inclan
LineaD:1111,LineaH:1138,72.60793965191772,91.0,Bulnes,Humberto 1 / Jujuy
LineaD:1111,LineaH:1139,58.49871684371725,124.0,Bulnes,Venezuela
LineaD:1111,LineaH:1140,222.42865426782666,162.0,Bulnes,Once / Plaza Miserere
LineaD:1111,LineaH:1141,71.93034808428838,74.0,Bulnes,Corrientes / Pueyrredon
LineaD:1111,LineaH:1160,56.80335217308554,27.0,Bulnes,Cordoba
LineaD:1111,LineaH:1161,143.729165714832,128.0,Bulnes,Pueyrredon / Santa Fe
LineaD:1111,LineaH:1162,81.02211174965667,43.0,Bulnes,Las Heras
LineaD:1111,LineaH:1163,50.0333606264618,50.0,Bulnes,Facultad de Derecho
LineaD:1112,LineaA:1059,20.398429619648816,69.0,Agüero,San Pedrito
LineaD:1112,LineaA:1060,35.96950328502426,18.0,Agüero,San Jose de Flores
LineaD:1112,LineaA:1061,20.496618295989023,8.0,Agüero,Carabobo
LineaD:1112,LineaA:1062,15.736211021284806,17.0,Agüero,Puan
LineaD:1112,LineaA:1063,21.65350906066631,35.0,Agüero,Primera Junta
LineaD:1112,LineaA:1064,35.67122387195175,44.0,Agüero,Acoyte
LineaD:1112,LineaA:1065,16.385671828162273,17.0,Agüero,Rio de Janeiro
LineaD:1112,LineaA:1066,15.261069679202011,3.0,Agüero,Castro Barros
LineaD:1112,LineaA:1067,7.5236706701858225,3.0,Agüero,Loria
LineaD:1112,LineaA:1069,11.34694999602971,5.0,Agüero,Alberti
LineaD:1112,LineaA:1070,9.92315878395782,2.0,Agüero,Pasco
LineaD:1112,LineaA:1071,24.166148932187255,14.0,Agüero,Congreso
LineaD:1112,LineaA:1072,17.86080289313377,19.0,Agüero,Saenz Peña
LineaD:1112,LineaA:1074,18.822427004704096,13.0,Agüero,Piedras
LineaD:1112,LineaA:1076,111.25518718230171,53.0,Agüero,Plaza de Mayo
LineaD:1112,LineaB:1077,39.793146963574436,32.0,Agüero,Juan Manuel de Rosas
LineaD:1112,LineaB:1078,12.72390953538651,3.0,Agüero,Echeverria
LineaD:1112,LineaB:1079,10.047097323736491,13.0,Agüero,De Los Incas - Parque Chas
LineaD:1112,LineaB:1080,5.2071306911965305,1.0,Agüero,Tronador - Villa Ortuzar
LineaD:1112,LineaB:1081,23.015872672704425,28.0,Agüero,Federico Lacroze
LineaD:1112,LineaB:1082,9.98739650627728,14.0,Agüero,Dorrego
LineaD:1112,LineaB:1083,8.971371698492206,12.0,Agüero,angel Gallardo
LineaD:1112,LineaB:1084,16.26625636128172,16.0,Agüero,Malabia
LineaD:1112,LineaB:1085,9.003328313560287,8.0,Agüero,Medrano
LineaD:1112,LineaB:1086,10.37284366628116,15.0,Agüero,Carlos Gardel
LineaD:1112,LineaB:1088,12.815353591355674,5.0,Agüero,Pasteur
LineaD:1112,LineaB:1089,22.779430807048342,12.0,Agüero,Callao [B]
LineaD:1112,LineaB:1090,47.05871901054921,14.0,Agüero,Uruguay
LineaD:1112,LineaB:1092,22.396818212544837,68.0,Agüero,Florida
LineaD:1112,LineaC:1094,569.0830288973041,662.0,Agüero,Constitucion
LineaD:1112,LineaC:1095,50.007129105861075,54.0,Agüero,San Juan
LineaD:1112,LineaC:1097,37.04805940227574,72.0,Agüero,Moreno
LineaD:1112,LineaC:1098,50.939916590818534,24.0,Agüero,Avenida de Mayo / Lima
LineaD:1112,LineaC:1100,26.373870391145914,14.0,Agüero,Lavalle
LineaD:1112,LineaC:1101,55.65767356009311,24.0,Agüero,General San Martin
LineaD:1112,LineaD:1103,503.92690002249446,572.0,Agüero,Congreso de Tucuman
LineaD:1112,LineaD:1104,432.466963656779,366.0,Agüero,Juramento
LineaD:1112,LineaD:1105,221.77103170991649,282.0,Agüero,Jose Hernandez
LineaD:1112,LineaD:1106,254.8349834193331,269.0,Agüero,Olleros
LineaD:1112,LineaD:1107,271.2335515870989,286.0,Agüero,Ministro Carranza
LineaD:1112,LineaD:1108,435.4318808629703,374.0,Agüero,Palermo
LineaD:1112,LineaD:1109,200.5708511991049,163.0,Agüero,Plaza Italia
LineaD:1112,LineaD:1110,103.4948672272247,79.0,Agüero,Scalabrini Ortiz
LineaD:1112,LineaD:1111,68.08041401275938,59.0,Agüero,Bulnes
LineaD:1112,LineaD:1114,179.10911385265408,157.0,Agüero,Facultad de Medicina
LineaD:1112,LineaD:1115,228.7621623241965,242.0,Agüero,Callao [D]
LineaD:1112,LineaD:1116,323.4616092225978,410.0,Agüero,Tribunales
LineaD:1112,LineaD:1117,186.07471686286274,366.0,Agüero,9 de Julio / Carlos Pellegrini / Diagonal Norte
LineaD:1112,LineaE:1119,675.0174261522596,908.0,Agüero,Bolivar / Catedral / Peru
LineaD:1112,LineaE:1120,29.171509439438697,3.0,Agüero,Belgrano
LineaD:1112,LineaE:1121,165.18093541404826,217.0,Agüero,Independencia
LineaD:1112,LineaE:1122,28.40651488817995,1.0,Agüero,San Jose
LineaD:1112,LineaE:1123,8.905472487912434,9.0,Agüero,Entre Rios
LineaD:1112,LineaE:1124,2.508343801128934,4.0,Agüero,Pichincha
LineaD:1112,LineaE:1126,5.031284102371735,17.0,Agüero,General Urquiza
LineaD:1112,LineaE:1127,11.571770451501957,8.0,Agüero,Boedo
LineaD:1112,LineaE:1128,16.954787954843983,12.0,Agüero,La Plata
LineaD:1112,LineaE:1129,15.544069374992874,24.0,Agüero,Jose Maria Moreno
LineaD:1112,LineaE:1130,8.87778871550579,7.0,Agüero,Emilio Mitre
LineaD:1112,LineaE:1131,15.637245848688833,6.0,Agüero,Medalla Milagrosa
LineaD:1112,LineaE:1132,17.674891716654592,9.0,Agüero,Varela
LineaD:1112,LineaE:1133,12.55224690259277,68.0,Agüero,Plaza de los Virreyes
LineaD:1112,LineaE:1164,76.79491961367636,47.0,Agüero,Retiro
LineaD:1112,LineaE:1165,32.56332102035414,5.0,Agüero,Catalinas
LineaD:1112,LineaE:1166,85.72926093472141,96.0,Agüero,Correo Central / Leandro N. Alem
LineaD:1112,LineaH:1134,52.94808897306975,105.0,Agüero,Hospitales
LineaD:1112,LineaH:1135,29.165082766978127,89.0,Agüero,Parque Patricios
LineaD:1112,LineaH:1136,27.84460059781338,32.0,Agüero,Caseros
LineaD:1112,LineaH:1137,21.591907912189004,25.0,Agüero,Inclan
LineaD:1112,LineaH:1138,15.53286965205394,24.0,Agüero,Humberto 1 / Jujuy
LineaD:1112,LineaH:1139,27.767757023983712,39.0,Agüero,Venezuela
LineaD:1112,LineaH:1140,100.56017883774453,102.0,Agüero,Once / Plaza Miserere
LineaD:1112,LineaH:1141,16.69377700895848,15.0,Agüero,Corrientes / Pueyrredon
LineaD:1112,LineaH:1160,20.405595811560758,8.0,Agüero,Cordoba
LineaD:1112,LineaH:1161,0.0,48.0,Agüero,Pueyrredon / Santa Fe
LineaD:1112,LineaH:1162,46.202182254105246,12.0,Agüero,Las Heras
LineaD:1112,LineaH:1163,16.236777417729975,22.0,Agüero,Facultad de Derecho
LineaD:1114,LineaA:1059,79.1761246926767,94.0,Facultad de Medicina,San Pedrito
LineaD:1114,LineaA:1060,105.57683137166318,17.0,Facultad de Medicina,San Jose de Flores
LineaD:1114,LineaA:1061,55.080758472581806,14.0,Facultad de Medicina,Carabobo
LineaD:1114,LineaA:1062,37.04496687341067,10.0,Facultad de Medicina,Puan
LineaD:1114,LineaA:1063,44.941929561781365,18.0,Facultad de Medicina,Primera Junta
LineaD:1114,LineaA:1064,32.64918701257699,16.0,Facultad de Medicina,Acoyte
LineaD:1114,LineaA:1065,39.58823578359008,9.0,Facultad de Medicina,Rio de Janeiro
LineaD:1114,LineaA:1066,32.03570409094876,5.0,Facultad de Medicina,Castro Barros
LineaD:1114,LineaA:1067,24.795147395485476,6.0,Facultad de Medicina,Loria
LineaD:1114,LineaA:1069,2.520902473012267,0.0,Facultad de Medicina,Alberti
LineaD:1114,LineaA:1070,11.370271078985146,0.0,Facultad de Medicina,Pasco
LineaD:1114,LineaA:1071,20.406302025128266,14.0,Facultad de Medicina,Congreso
LineaD:1114,LineaA:1072,36.039773008611526,10.0,Facultad de Medicina,Saenz Peña
LineaD:1114,LineaA:1074,18.874694265170525,9.0,Facultad de Medicina,Piedras
LineaD:1114,LineaA:1076,119.64440362389068,38.0,Facultad de Medicina,Plaza de Mayo
LineaD:1114,LineaB:1077,90.59264679721493,120.0,Facultad de Medicina,Juan Manuel de Rosas
LineaD:1114,LineaB:1078,28.795432727346633,14.0,Facultad de Medicina,Echeverria
LineaD:1114,LineaB:1079,36.090559718828665,13.0,Facultad de Medicina,De Los Incas - Parque Chas
LineaD:1114,LineaB:1080,21.59010936438828,3.0,Facultad de Medicina,Tronador - Villa Ortuzar
LineaD:1114,LineaB:1081,121.042651041379,95.0,Facultad de Medicina,Federico Lacroze
LineaD:1114,LineaB:1082,46.291291593800395,18.0,Facultad de Medicina,Dorrego
LineaD:1114,LineaB:1083,40.181261324873596,2.0,Facultad de Medicina,angel Gallardo
LineaD:1114,LineaB:1084,60.45503222235412,24.0,Facultad de Medicina,Malabia
LineaD:1114,LineaB:1085,60.120725272423265,17.0,Facultad de Medicina,Medrano
LineaD:1114,LineaB:1086,25.507706091706254,29.0,Facultad de Medicina,Carlos Gardel
LineaD:1114,LineaB:1088,32.03308898999678,13.0,Facultad de Medicina,Pasteur
LineaD:1114,LineaB:1089,22.220350807827725,10.0,Facultad de Medicina,Callao [B]
LineaD:1114,LineaB:1090,34.40005583997316,24.0,Facultad de Medicina,Uruguay
LineaD:1114,LineaB:1092,42.6186434327796,56.0,Facultad de Medicina,Florida
LineaD:1114,LineaC:1094,2313.1407990392377,955.0,Facultad de Medicina,Constitucion
LineaD:1114,LineaC:1095,95.45308877039562,83.0,Facultad de Medicina,San Juan
LineaD:1114,LineaC:1097,70.99384358248432,38.0,Facultad de Medicina,Moreno
LineaD:1114,LineaC:1098,57.94652136488304,31.0,Facultad de Medicina,Avenida de Mayo / Lima
LineaD:1114,LineaC:1100,71.60681425842965,12.0,Facultad de Medicina,Lavalle
LineaD:1114,LineaC:1101,54.050721490722204,9.0,Facultad de Medicina,General San Martin
LineaD:1114,LineaD:1103,1654.6265729327831,1133.0,Facultad de Medicina,Congreso de Tucuman
LineaD:1114,LineaD:1104,1342.097574691614,566.0,Facultad de Medicina,Juramento
LineaD:1114,LineaD:1105,623.1981178159579,384.0,Facultad de Medicina,Jose Hernandez
LineaD:1114,LineaD:1106,579.6159577402194,337.0,Facultad de Medicina,Olleros
LineaD:1114,LineaD:1107,709.790064160312,355.0,Facultad de Medicina,Ministro Carranza
LineaD:1114,LineaD:1108,1019.7044183963541,443.0,Facultad de Medicina,Palermo
LineaD:1114,LineaD:1109,853.9435697773176,242.0,Facultad de Medicina,Plaza Italia
LineaD:1114,LineaD:1110,480.1725496569724,230.0,Facultad de Medicina,Scalabrini Ortiz
LineaD:1114,LineaD:1111,415.03445379623577,258.0,Facultad de Medicina,Bulnes
LineaD:1114,LineaD:1112,187.85952320773453,153.0,Facultad de Medicina,Agüero
LineaD:1114,LineaD:1115,65.31274522109749,21.0,Facultad de Medicina,Callao [D]
LineaD:1114,LineaD:1116,184.81336844488973,108.0,Facultad de Medicina,Tribunales
LineaD:1114,LineaD:1117,222.90267340015203,294.0,Facultad de Medicina,9 de Julio / Carlos Pellegrini / Diagonal Norte
LineaD:1114,LineaE:1119,523.1954191012816,539.0,Facultad de Medicina,Bolivar / Catedral / Peru
LineaD:1114,LineaE:1120,46.60738969079962,14.0,Facultad de Medicina,Belgrano
LineaD:1114,LineaE:1121,120.9375439868314,187.0,Facultad de Medicina,Independencia
LineaD:1114,LineaE:1122,46.34311748686328,4.0,Facultad de Medicina,San Jose
LineaD:1114,LineaE:1123,12.560446240915581,1.0,Facultad de Medicina,Entre Rios
LineaD:1114,LineaE:1124,6.246523579094577,0.0,Facultad de Medicina,Pichincha
LineaD:1114,LineaE:1126,29.929185795178213,4.0,Facultad de Medicina,General Urquiza
LineaD:1114,LineaE:1127,34.81398137563436,9.0,Facultad de Medicina,Boedo
LineaD:1114,LineaE:1128,37.7187138815205,12.0,Facultad de Medicina,La Plata
LineaD:1114,LineaE:1129,17.03455349468947,8.0,Facultad de Medicina,Jose Maria Moreno
LineaD:1114,LineaE:1130,29.692982974254186,9.0,Facultad de Medicina,Emilio Mitre
LineaD:1114,LineaE:1131,20.64833465413892,2.0,Facultad de Medicina,Medalla Milagrosa
LineaD:1114,LineaE:1132,57.036738500142214,2.0,Facultad de Medicina,Varela
LineaD:1114,LineaE:1133,38.85014698702539,48.0,Facultad de Medicina,Plaza de los Virreyes
LineaD:1114,LineaE:1164,246.86898824307983,118.0,Facultad de Medicina,Retiro
LineaD:1114,LineaE:1165,77.90260206569496,1.0,Facultad de Medicina,Catalinas
LineaD:1114,LineaE:1166,130.21392453203794,56.0,Facultad de Medicina,Correo Central / Leandro N. Alem
LineaD:1114,LineaH:1134,94.561826583769,65.0,Facultad de Medicina,Hospitales
LineaD:1114,LineaH:1135,67.01077411100293,61.0,Facultad de Medicina,Parque Patricios
LineaD:1114,LineaH:1136,53.32363166888151,13.0,Facultad de Medicina,Caseros
LineaD:1114,LineaH:1137,41.419872380963994,23.0,Facultad de Medicina,Inclan
LineaD:1114,LineaH:1138,27.317048470466645,23.0,Facultad de Medicina,Humberto 1 / Jujuy
LineaD:1114,LineaH:1139,34.52854937639739,18.0,Facultad de Medicina,Venezuela
LineaD:1114,LineaH:1140,260.2004259525429,53.0,Facultad de Medicina,Once / Plaza Miserere
LineaD:1114,LineaH:1141,24.20039891761052,22.0,Facultad de Medicina,Corrientes / Pueyrredon
LineaD:1114,LineaH:1160,35.82286123473668,9.0,Facultad de Medicina,Cordoba
LineaD:1114,LineaH:1161,93.35983632325762,40.0,Facultad de Medicina,Pueyrredon / Santa Fe
LineaD:1114,LineaH:1162,55.658867425206644,20.0,Facultad de Medicina,Las Heras
LineaD:1114,LineaH:1163,24.01693933721387,34.0,Facultad de Medicina,Facultad de Derecho
LineaD:1115,LineaA:1059,73.10814119584295,171.0,Callao [D],San Pedrito
LineaD:1115,LineaA:1060,88.73220101674814,62.0,Callao [D],San Jose de Flores
LineaD:1115,LineaA:1061,49.983785536485776,51.0,Callao [D],Carabobo
LineaD:1115,LineaA:1062,54.22578167742017,38.0,Callao [D],Puan
LineaD:1115,LineaA:1063,38.944683115963905,44.0,Callao [D],Primera Junta
LineaD:1115,LineaA:1064,60.12258142582871,59.0,Callao [D],Acoyte
LineaD:1115,LineaA:1065,38.919903638818305,36.0,Callao [D],Rio de Janeiro
LineaD:1115,LineaA:1066,39.68383116611394,26.0,Callao [D],Castro Barros
LineaD:1115,LineaA:1067,23.309193354543645,11.0,Callao [D],Loria
LineaD:1115,LineaA:1069,8.834752336112299,2.0,Callao [D],Alberti
LineaD:1115,LineaA:1070,23.101526983383092,6.0,Callao [D],Pasco
LineaD:1115,LineaA:1071,38.043047323585995,15.0,Callao [D],Congreso
LineaD:1115,LineaA:1072,8.776535971829178,7.0,Callao [D],Saenz Peña
LineaD:1115,LineaA:1074,13.951946008373692,12.0,Callao [D],Piedras
LineaD:1115,LineaA:1076,113.0247971033619,66.0,Callao [D],Plaza de Mayo
LineaD:1115,LineaB:1077,63.10418471542664,155.0,Callao [D],Juan Manuel de Rosas
LineaD:1115,LineaB:1078,15.226522668203895,34.0,Callao [D],Echeverria
LineaD:1115,LineaB:1079,26.944263044973543,36.0,Callao [D],De Los Incas - Parque Chas
LineaD:1115,LineaB:1080,11.550039408753324,11.0,Callao [D],Tronador - Villa Ortuzar
LineaD:1115,LineaB:1081,56.3195720802253,118.0,Callao [D],Federico Lacroze
LineaD:1115,LineaB:1082,37.55300837408881,43.0,Callao [D],Dorrego
LineaD:1115,LineaB:1083,37.959560149853594,19.0,Callao [D],angel Gallardo
LineaD:1115,LineaB:1084,41.13879464953496,38.0,Callao [D],Malabia
LineaD:1115,LineaB:1085,30.875444470596378,33.0,Callao [D],Medrano
LineaD:1115,LineaB:1086,15.315223726545714,15.0,Callao [D],Carlos Gardel
LineaD:1115,LineaB:1088,8.872811768342219,5.0,Callao [D],Pasteur
LineaD:1115,LineaB:1089,27.06889907438739,39.0,Callao [D],Callao [B]
LineaD:1115,LineaB:1090,15.235779243584581,8.0,Callao [D],Uruguay
LineaD:1115,LineaB:1092,27.834908823275345,52.0,Callao [D],Florida
LineaD:1115,LineaC:1094,815.8361973669898,771.0,Callao [D],Constitucion
LineaD:1115,LineaC:1095,34.688456902977265,70.0,Callao [D],San Juan
LineaD:1115,LineaC:1097,30.290900358547507,35.0,Callao [D],Moreno
LineaD:1115,LineaC:1098,44.575378654405476,25.0,Callao [D],Avenida de Mayo / Lima
LineaD:1115,LineaC:1100,34.190691499369656,11.0,Callao [D],Lavalle
LineaD:1115,LineaC:1101,34.43681741850144,6.0,Callao [D],General San Martin
LineaD:1115,LineaD:1103,1403.8313085023883,1672.0,Callao [D],Congreso de Tucuman
LineaD:1115,LineaD:1104,1152.1604491177998,848.0,Callao [D],Juramento
LineaD:1115,LineaD:1105,556.0866385501113,602.0,Callao [D],Jose Hernandez
LineaD:1115,LineaD:1106,468.5928584593443,568.0,Callao [D],Olleros
LineaD:1115,LineaD:1107,489.40004149583456,504.0,Callao [D],Ministro Carranza
LineaD:1115,LineaD:1108,614.8304245479168,466.0,Callao [D],Palermo
LineaD:1115,LineaD:1109,558.8795045296529,299.0,Callao [D],Plaza Italia
LineaD:1115,LineaD:1110,372.2978678331334,341.0,Callao [D],Scalabrini Ortiz
LineaD:1115,LineaD:1111,383.92757745879084,379.0,Callao [D],Bulnes
LineaD:1115,LineaD:1112,203.29202087211735,270.0,Callao [D],Agüero
LineaD:1115,LineaD:1114,30.40907258959675,36.0,Callao [D],Facultad de Medicina
LineaD:1115,LineaD:1116,56.542749715476496,56.0,Callao [D],Tribunales
LineaD:1115,LineaD:1117,91.77063291414262,247.0,Callao [D],9 de Julio / Carlos Pellegrini / Diagonal Norte
LineaD:1115,LineaE:1119,508.9939523666771,632.0,Callao [D],Bolivar / Catedral / Peru
LineaD:1115,LineaE:1120,34.869238939960354,10.0,Callao [D],Belgrano
LineaD:1115,LineaE:1121,87.79228194031691,132.0,Callao [D],Independencia
LineaD:1115,LineaE:1122,24.549331733173144,5.0,Callao [D],San Jose
LineaD:1115,LineaE:1123,29.65558521084599,0.0,Callao [D],Entre Rios
LineaD:1115,LineaE:1124,5.261598213859216,8.0,Callao [D],Pichincha
LineaD:1115,LineaE:1126,26.21507341238022,19.0,Callao [D],General Urquiza
LineaD:1115,LineaE:1127,50.91223513051274,33.0,Callao [D],Boedo
LineaD:1115,LineaE:1128,50.052575314109205,63.0,Callao [D],La Plata
LineaD:1115,LineaE:1129,56.36910219878997,55.0,Callao [D],Jose Maria Moreno
LineaD:1115,LineaE:1130,56.692279727494856,35.0,Callao [D],Emilio Mitre
LineaD:1115,LineaE:1131,20.48892385631822,15.0,Callao [D],Medalla Milagrosa
LineaD:1115,LineaE:1132,42.37399523702149,14.0,Callao [D],Varela
LineaD:1115,LineaE:1133,43.22074924479012,89.0,Callao [D],Plaza de los Virreyes
LineaD:1115,LineaE:1164,143.61919418069763,134.0,Callao [D],Retiro
LineaD:1115,LineaE:1165,36.90409756647796,4.0,Callao [D],Catalinas
LineaD:1115,LineaE:1166,71.23627060321745,81.0,Callao [D],Correo Central / Leandro N. Alem
LineaD:1115,LineaH:1134,84.2366342246267,123.0,Callao [D],Hospitales
LineaD:1115,LineaH:1135,57.02451903343577,96.0,Callao [D],Parque Patricios
LineaD:1115,LineaH:1136,60.515623894189986,24.0,Callao [D],Caseros
LineaD:1115,LineaH:1137,54.90871034336132,61.0,Callao [D],Inclan
LineaD:1115,LineaH:1138,56.25395846835064,70.0,Callao [D],Humberto 1 / Jujuy
LineaD:1115,LineaH:1139,28.64848329428542,64.0,Callao [D],Venezuela
LineaD:1115,LineaH:1140,186.93186469238253,124.0,Callao [D],Once / Plaza Miserere
LineaD:1115,LineaH:1141,18.942983434800123,27.0,Callao [D],Corrientes / Pueyrredon
LineaD:1115,LineaH:1160,28.24932838585523,5.0,Callao [D],Cordoba
LineaD:1115,LineaH:1161,146.35398789280055,185.0,Callao [D],Pueyrredon / Santa Fe
LineaD:1115,LineaH:1162,61.58215829043564,23.0,Callao [D],Las Heras
LineaD:1115,LineaH:1163,16.683756413848062,29.0,Callao [D],Facultad de Derecho
LineaD:1116,LineaA:1059,87.27375628948322,236.0,Tribunales,San Pedrito
LineaD:1116,LineaA:1060,120.69547163494398,73.0,Tribunales,San Jose de Flores
LineaD:1116,LineaA:1061,66.97504370963146,69.0,Tribunales,Carabobo
LineaD:1116,LineaA:1062,53.466482272821395,52.0,Tribunales,Puan
LineaD:1116,LineaA:1063,87.3376532209991,86.0,Tribunales,Primera Junta
LineaD:1116,LineaA:1064,53.266881693045526,100.0,Tribunales,Acoyte
LineaD:1116,LineaA:1065,58.26680078390594,41.0,Tribunales,Rio de Janeiro
LineaD:1116,LineaA:1066,40.80265241971857,22.0,Tribunales,Castro Barros
LineaD:1116,LineaA:1067,20.10972689677328,20.0,Tribunales,Loria
LineaD:1116,LineaA:1069,3.751947002949512,0.0,Tribunales,Alberti
LineaD:1116,LineaA:1070,10.019367189525406,8.0,Tribunales,Pasco
LineaD:1116,LineaA:1071,21.573226434890877,10.0,Tribunales,Congreso
LineaD:1116,LineaA:1072,6.241417570020326,8.0,Tribunales,Saenz Peña
LineaD:1116,LineaA:1074,7.511859505222407,4.0,Tribunales,Piedras
LineaD:1116,LineaA:1076,58.7615794571242,51.0,Tribunales,Plaza de Mayo
LineaD:1116,LineaB:1077,47.15360260763631,92.0,Tribunales,Juan Manuel de Rosas
LineaD:1116,LineaB:1078,15.273560891315126,4.0,Tribunales,Echeverria
LineaD:1116,LineaB:1079,14.031886128847983,33.0,Tribunales,De Los Incas - Parque Chas
LineaD:1116,LineaB:1080,18.96255428923059,8.0,Tribunales,Tronador - Villa Ortuzar
LineaD:1116,LineaB:1081,47.78236786678228,97.0,Tribunales,Federico Lacroze
LineaD:1116,LineaB:1082,34.066847414963725,23.0,Tribunales,Dorrego
LineaD:1116,LineaB:1083,24.540519538229017,28.0,Tribunales,angel Gallardo
LineaD:1116,LineaB:1084,30.70420604668035,31.0,Tribunales,Malabia
LineaD:1116,LineaB:1085,31.632180417927668,28.0,Tribunales,Medrano
LineaD:1116,LineaB:1086,15.179779902837746,12.0,Tribunales,Carlos Gardel
LineaD:1116,LineaB:1088,13.796255634068828,0.0,Tribunales,Pasteur
LineaD:1116,LineaB:1089,12.825371099067715,6.0,Tribunales,Callao [B]
LineaD:1116,LineaB:1090,0.0,29.0,Tribunales,Uruguay
LineaD:1116,LineaB:1092,27.70177729685294,16.0,Tribunales,Florida
LineaD:1116,LineaC:1094,318.8682718638307,304.0,Tribunales,Constitucion
LineaD:1116,LineaC:1095,17.80822386556399,18.0,Tribunales,San Juan
LineaD:1116,LineaC:1097,11.394392025170964,16.0,Tribunales,Moreno
LineaD:1116,LineaC:1098,13.683524939186023,16.0,Tribunales,Avenida de Mayo / Lima
LineaD:1116,LineaC:1100,6.285977276708737,2.0,Tribunales,Lavalle
LineaD:1116,LineaC:1101,17.704626288615678,4.0,Tribunales,General San Martin
LineaD:1116,LineaD:1103,1152.6793897497412,1288.0,Tribunales,Congreso de Tucuman
LineaD:1116,LineaD:1104,940.4476591333382,632.0,Tribunales,Juramento
LineaD:1116,LineaD:1105,476.3420185306124,540.0,Tribunales,Jose Hernandez
LineaD:1116,LineaD:1106,465.19422559769754,550.0,Tribunales,Olleros
LineaD:1116,LineaD:1107,371.79915073174806,417.0,Tribunales,Ministro Carranza
LineaD:1116,LineaD:1108,524.7436059910326,474.0,Tribunales,Palermo
LineaD:1116,LineaD:1109,525.3014259349517,344.0,Tribunales,Plaza Italia
LineaD:1116,LineaD:1110,503.9274477508752,475.0,Tribunales,Scalabrini Ortiz
LineaD:1116,LineaD:1111,504.8088358941206,472.0,Tribunales,Bulnes
LineaD:1116,LineaD:1112,322.06799087875504,387.0,Tribunales,Agüero
LineaD:1116,LineaD:1114,150.14135026172556,121.0,Tribunales,Facultad de Medicina
LineaD:1116,LineaD:1115,81.69982458730314,68.0,Tribunales,Callao [D]
LineaD:1116,LineaD:1117,2.5112727621355497,38.0,Tribunales,9 de Julio / Carlos Pellegrini / Diagonal Norte
LineaD:1116,LineaE:1119,297.81768002099943,345.0,Tribunales,Bolivar / Catedral / Peru
LineaD:1116,LineaE:1120,17.64892462106087,12.0,Tribunales,Belgrano
LineaD:1116,LineaE:1121,30.639130122988227,39.0,Tribunales,Independencia
LineaD:1116,LineaE:1122,10.13477440986506,4.0,Tribunales,San Jose
LineaD:1116,LineaE:1123,3.910270152147119,0.0,Tribunales,Entre Rios
LineaD:1116,LineaE:1124,12.782515406938769,0.0,Tribunales,Pichincha
LineaD:1116,LineaE:1126,22.881125943784337,15.0,Tribunales,General Urquiza
LineaD:1116,LineaE:1127,43.87450695998294,25.0,Tribunales,Boedo
LineaD:1116,LineaE:1128,51.92194562957482,72.0,Tribunales,La Plata
LineaD:1116,LineaE:1129,36.82068703463066,58.0,Tribunales,Jose Maria Moreno
LineaD:1116,LineaE:1130,66.26122058551331,57.0,Tribunales,Emilio Mitre
LineaD:1116,LineaE:1131,34.245598479490454,28.0,Tribunales,Medalla Milagrosa
LineaD:1116,LineaE:1132,37.878520530497404,23.0,Tribunales,Varela
LineaD:1116,LineaE:1133,48.07092516556201,94.0,Tribunales,Plaza de los Virreyes
LineaD:1116,LineaE:1164,122.41421992423251,104.0,Tribunales,Retiro
LineaD:1116,LineaE:1165,6.4359055955024225,0.0,Tribunales,Catalinas
LineaD:1116,LineaE:1166,31.345592917562115,34.0,Tribunales,Correo Central / Leandro N. Alem
LineaD:1116,LineaH:1134,61.75974779158844,66.0,Tribunales,Hospitales
LineaD:1116,LineaH:1135,26.302009035237095,36.0,Tribunales,Parque Patricios
LineaD:1116,LineaH:1136,44.28821052929441,7.0,Tribunales,Caseros
LineaD:1116,LineaH:1137,21.310562421420297,29.0,Tribunales,Inclan
LineaD:1116,LineaH:1138,28.107436232069475,22.0,Tribunales,Humberto 1 / Jujuy
LineaD:1116,LineaH:1139,34.42336335819046,35.0,Tribunales,Venezuela
LineaD:1116,LineaH:1140,127.64855799159827,86.0,Tribunales,Once / Plaza Miserere
LineaD:1116,LineaH:1141,21.40838006405325,19.0,Tribunales,Corrientes / Pueyrredon
LineaD:1116,LineaH:1160,61.31089993696024,8.0,Tribunales,Cordoba
LineaD:1116,LineaH:1161,333.23697069611165,328.0,Tribunales,Pueyrredon / Santa Fe
LineaD:1116,LineaH:1162,86.78718206945716,46.0,Tribunales,Las Heras
LineaD:1116,LineaH:1163,47.73974750638439,28.0,Tribunales,Facultad de Derecho
LineaD:1117,LineaA:1059,44.88675559452874,213.0,9 de Julio / Carlos Pellegrini / Diagonal Norte,San Pedrito
LineaD:1117,LineaA:1060,60.35886457897707,76.0,9 de Julio / Carlos Pellegrini / Diagonal Norte,San Jose de Flores
LineaD:1117,LineaA:1061,26.297894512920838,42.0,9 de Julio / Carlos Pellegrini / Diagonal Norte,Carabobo
LineaD:1117,LineaA:1062,29.688875348555207,22.0,9 de Julio / Carlos Pellegrini / Diagonal Norte,Puan
LineaD:1117,LineaA:1063,37.06137568686506,68.0,9 de Julio / Carlos Pellegrini / Diagonal Norte,Primera Junta
LineaD:1117,LineaA:1064,48.6017101736208,79.0,9 de Julio / Carlos Pellegrini / Diagonal Norte,Acoyte
LineaD:1117,LineaA:1065,47.52555661665891,79.0,9 de Julio / Carlos Pellegrini / Diagonal Norte,Rio de Janeiro
LineaD:1117,LineaA:1066,77.01623192762861,39.0,9 de Julio / Carlos Pellegrini / Diagonal Norte,Castro Barros
LineaD:1117,LineaA:1067,49.393149490489755,43.0,9 de Julio / Carlos Pellegrini / Diagonal Norte,Loria
LineaD:1117,LineaA:1069,16.86854409465952,7.0,9 de Julio / Carlos Pellegrini / Diagonal Norte,Alberti
LineaD:1117,LineaA:1070,27.04581896506046,37.0,9 de Julio / Carlos Pellegrini / Diagonal Norte,Pasco
LineaD:1117,LineaA:1071,41.46791131971774,46.0,9 de Julio / Carlos Pellegrini / Diagonal Norte,Congreso
LineaD:1117,LineaA:1072,10.220664025611317,8.0,9 de Julio / Carlos Pellegrini / Diagonal Norte,Saenz Peña
LineaD:1117,LineaA:1074,8.110808782657132,17.0,9 de Julio / Carlos Pellegrini / Diagonal Norte,Piedras
LineaD:1117,LineaA:1076,30.854395385046686,26.0,9 de Julio / Carlos Pellegrini / Diagonal Norte,Plaza de Mayo
LineaD:1117,LineaB:1077,1177.3383606600028,1598.0,9 de Julio / Carlos Pellegrini / Diagonal Norte,Juan Manuel de Rosas
LineaD:1117,LineaB:1078,317.50505014873016,385.0,9 de Julio / Carlos Pellegrini / Diagonal Norte,Echeverria
LineaD:1117,LineaB:1079,370.9328355388002,529.0,9 de Julio / Carlos Pellegrini / Diagonal Norte,De Los Incas - Parque Chas
LineaD:1117,LineaB:1080,229.42080668819983,289.0,9 de Julio / Carlos Pellegrini / Diagonal Norte,Tronador - Villa Ortuzar
LineaD:1117,LineaB:1081,1387.034779463126,1650.0,9 de Julio / Carlos Pellegrini / Diagonal Norte,Federico Lacroze
LineaD:1117,LineaB:1082,458.39290636589857,607.0,9 de Julio / Carlos Pellegrini / Diagonal Norte,Dorrego
LineaD:1117,LineaB:1083,530.0536936747426,684.0,9 de Julio / Carlos Pellegrini / Diagonal Norte,angel Gallardo
LineaD:1117,LineaB:1084,799.1985092501907,906.0,9 de Julio / Carlos Pellegrini / Diagonal Norte,Malabia
LineaD:1117,LineaB:1085,480.7611355602874,666.0,9 de Julio / Carlos Pellegrini / Diagonal Norte,Medrano
LineaD:1117,LineaB:1086,347.3349801777413,567.0,9 de Julio / Carlos Pellegrini / Diagonal Norte,Carlos Gardel
LineaD:1117,LineaB:1088,147.3189736464546,259.0,9 de Julio / Carlos Pellegrini / Diagonal Norte,Pasteur
LineaD:1117,LineaB:1089,128.851822787091,192.0,9 de Julio / Carlos Pellegrini / Diagonal Norte,Callao [B]
LineaD:1117,LineaB:1090,0.0,51.0,9 de Julio / Carlos Pellegrini / Diagonal Norte,Uruguay
LineaD:1117,LineaB:1092,17.890440442180754,41.0,9 de Julio / Carlos Pellegrini / Diagonal Norte,Florida
LineaD:1117,LineaC:1094,701.38449395727,2454.0,9 de Julio / Carlos Pellegrini / Diagonal Norte,Constitucion
LineaD:1117,LineaC:1095,51.25352812410465,119.0,9 de Julio / Carlos Pellegrini / Diagonal Norte,San Juan
LineaD:1117,LineaC:1097,21.81917982573101,50.0,9 de Julio / Carlos Pellegrini / Diagonal Norte,Moreno
LineaD:1117,LineaC:1098,37.6388627344293,16.0,9 de Julio / Carlos Pellegrini / Diagonal Norte,Avenida de Mayo / Lima
LineaD:1117,LineaC:1100,25.518062219511634,7.0,9 de Julio / Carlos Pellegrini / Diagonal Norte,Lavalle
LineaD:1117,LineaC:1101,33.102252413281626,50.0,9 de Julio / Carlos Pellegrini / Diagonal Norte,General San Martin
LineaD:1117,LineaD:1103,415.0577075345026,1318.0,9 de Julio / Carlos Pellegrini / Diagonal Norte,Congreso de Tucuman
LineaD:1117,LineaD:1104,386.5310585707241,574.0,9 de Julio / Carlos Pellegrini / Diagonal Norte,Juramento
LineaD:1117,LineaD:1105,212.19463903290182,374.0,9 de Julio / Carlos Pellegrini / Diagonal Norte,Jose Hernandez
LineaD:1117,LineaD:1106,193.57089197458416,416.0,9 de Julio / Carlos Pellegrini / Diagonal Norte,Olleros
LineaD:1117,LineaD:1107,142.04868538261917,378.0,9 de Julio / Carlos Pellegrini / Diagonal Norte,Ministro Carranza
LineaD:1117,LineaD:1108,299.1535214227174,611.0,9 de Julio / Carlos Pellegrini / Diagonal Norte,Palermo
LineaD:1117,LineaD:1109,356.18767089013517,404.0,9 de Julio / Carlos Pellegrini / Diagonal Norte,Plaza Italia
LineaD:1117,LineaD:1110,209.0281243870819,419.0,9 de Julio / Carlos Pellegrini / Diagonal Norte,Scalabrini Ortiz
LineaD:1117,LineaD:1111,216.18288902275827,521.0,9 de Julio / Carlos Pellegrini / Diagonal Norte,Bulnes
LineaD:1117,LineaD:1112,129.7358719348449,377.0,9 de Julio / Carlos Pellegrini / Diagonal Norte,Agüero
LineaD:1117,LineaD:1114,160.68947007970468,314.0,9 de Julio / Carlos Pellegrini / Diagonal Norte,Facultad de Medicina
LineaD:1117,LineaD:1115,102.76537891045392,229.0,9 de Julio / Carlos Pellegrini / Diagonal Norte,Callao [D]
LineaD:1117,LineaD:1116,0.0,33.0,9 de Julio / Carlos Pellegrini / Diagonal Norte,Tribunales
LineaD:1117,LineaE:1119,49.433693488777394,102.0,9 de Julio / Carlos Pellegrini / Diagonal Norte,Bolivar / Catedral / Peru
LineaD:1117,LineaE:1120,15.213305810575886,5.0,9 de Julio / Carlos Pellegrini / Diagonal Norte,Belgrano
LineaD:1117,LineaE:1121,50.94601543132575,209.0,9 de Julio / Carlos Pellegrini / Diagonal Norte,Independencia
LineaD:1117,LineaE:1122,16.553218562715386,9.0,9 de Julio / Carlos Pellegrini / Diagonal Norte,San Jose
LineaD:1117,LineaE:1123,23.180498645380094,22.0,9 de Julio / Carlos Pellegrini / Diagonal Norte,Entre Rios
LineaD:1117,LineaE:1124,16.698939002909068,7.0,9 de Julio / Carlos Pellegrini / Diagonal Norte,Pichincha
LineaD:1117,LineaE:1126,38.79849191892965,22.0,9 de Julio / Carlos Pellegrini / Diagonal Norte,General Urquiza
LineaD:1117,LineaE:1127,28.08372807488368,38.0,9 de Julio / Carlos Pellegrini / Diagonal Norte,Boedo
LineaD:1117,LineaE:1128,29.04928027634095,40.0,9 de Julio / Carlos Pellegrini / Diagonal Norte,La Plata
LineaD:1117,LineaE:1129,21.862656326620126,26.0,9 de Julio / Carlos Pellegrini / Diagonal Norte,Jose Maria Moreno
LineaD:1117,LineaE:1130,33.30171792501355,47.0,9 de Julio / Carlos Pellegrini / Diagonal Norte,Emilio Mitre
LineaD:1117,LineaE:1131,10.350606799081516,22.0,9 de Julio / Carlos Pellegrini / Diagonal Norte,Medalla Milagrosa
LineaD:1117,LineaE:1132,29.399823301468885,15.0,9 de Julio / Carlos Pellegrini / Diagonal Norte,Varela
LineaD:1117,LineaE:1133,45.41238978111828,109.0,9 de Julio / Carlos Pellegrini / Diagonal Norte,Plaza de los Virreyes
LineaD:1117,LineaE:1164,286.07669819233354,1184.0,9 de Julio / Carlos Pellegrini / Diagonal Norte,Retiro
LineaD:1117,LineaE:1165,54.54332028366117,14.0,9 de Julio / Carlos Pellegrini / Diagonal Norte,Catalinas
LineaD:1117,LineaE:1166,125.52342859331456,228.0,9 de Julio / Carlos Pellegrini / Diagonal Norte,Correo Central / Leandro N. Alem
LineaD:1117,LineaH:1134,96.98322836712953,111.0,9 de Julio / Carlos Pellegrini / Diagonal Norte,Hospitales
LineaD:1117,LineaH:1135,56.05843363428509,77.0,9 de Julio / Carlos Pellegrini / Diagonal Norte,Parque Patricios
LineaD:1117,LineaH:1136,51.56021411764923,45.0,9 de Julio / Carlos Pellegrini / Diagonal Norte,Caseros
LineaD:1117,LineaH:1137,62.097669868671716,59.0,9 de Julio / Carlos Pellegrini / Diagonal Norte,Inclan
LineaD:1117,LineaH:1138,36.98562147024297,53.0,9 de Julio / Carlos Pellegrini / Diagonal Norte,Humberto 1 / Jujuy
LineaD:1117,LineaH:1139,37.988822468764795,76.0,9 de Julio / Carlos Pellegrini / Diagonal Norte,Venezuela
LineaD:1117,LineaH:1140,479.6817600213978,289.0,9 de Julio / Carlos Pellegrini / Diagonal Norte,Once / Plaza Miserere
LineaD:1117,LineaH:1141,260.6564638780544,511.0,9 de Julio / Carlos Pellegrini / Diagonal Norte,Corrientes / Pueyrredon
LineaD:1117,LineaH:1160,86.64221958074958,46.0,9 de Julio / Carlos Pellegrini / Diagonal Norte,Cordoba
LineaD:1117,LineaH:1161,183.64486433499752,411.0,9 de Julio / Carlos Pellegrini / Diagonal Norte,Pueyrredon / Santa Fe
LineaD:1117,LineaH:1162,77.85962704767023,89.0,9 de Julio / Carlos Pellegrini / Diagonal Norte,Las Heras
LineaD:1117,LineaH:1163,24.114718364970983,53.0,9 de Julio / Carlos Pellegrini / Diagonal Norte,Facultad de Derecho
LineaE:1119,LineaA:1059,803.9251949478104,1549.0,Bolivar / Catedral / Peru,San Pedrito
LineaE:1119,LineaA:1060,933.6783983724177,700.0,Bolivar / Catedral / Peru,San Jose de Flores
LineaE:1119,LineaA:1061,700.1170184108539,653.0,Bolivar / Catedral / Peru,Carabobo
LineaE:1119,LineaA:1062,471.63097315621434,327.0,Bolivar / Catedral / Peru,Puan
LineaE:1119,LineaA:1063,688.0036203685002,727.0,Bolivar / Catedral / Peru,Primera Junta
LineaE:1119,LineaA:1064,830.2906231227048,707.0,Bolivar / Catedral / Peru,Acoyte
LineaE:1119,LineaA:1065,538.0433043554924,512.0,Bolivar / Catedral / Peru,Rio de Janeiro
LineaE:1119,LineaA:1066,405.3341373090081,315.0,Bolivar / Catedral / Peru,Castro Barros
LineaE:1119,LineaA:1067,256.54704266521316,246.0,Bolivar / Catedral / Peru,Loria
LineaE:1119,LineaA:1069,62.42679040453651,34.0,Bolivar / Catedral / Peru,Alberti
LineaE:1119,LineaA:1070,179.95219426392865,166.0,Bolivar / Catedral / Peru,Pasco
LineaE:1119,LineaA:1071,272.7702082550425,332.0,Bolivar / Catedral / Peru,Congreso
LineaE:1119,LineaA:1072,123.69632055070299,153.0,Bolivar / Catedral / Peru,Saenz Peña
LineaE:1119,LineaA:1074,7.569458447756933,13.0,Bolivar / Catedral / Peru,Piedras
LineaE:1119,LineaA:1076,71.190171634955,40.0,Bolivar / Catedral / Peru,Plaza de Mayo
LineaE:1119,LineaB:1077,383.9111030738066,598.0,Bolivar / Catedral / Peru,Juan Manuel de Rosas
LineaE:1119,LineaB:1078,109.77256033450243,134.0,Bolivar / Catedral / Peru,Echeverria
LineaE:1119,LineaB:1079,111.47411283749938,134.0,Bolivar / Catedral / Peru,De Los Incas - Parque Chas
LineaE:1119,LineaB:1080,67.51658626680312,29.0,Bolivar / Catedral / Peru,Tronador - Villa Ortuzar
LineaE:1119,LineaB:1081,429.2785566200198,583.0,Bolivar / Catedral / Peru,Federico Lacroze
LineaE:1119,LineaB:1082,172.76933164641594,206.0,Bolivar / Catedral / Peru,Dorrego
LineaE:1119,LineaB:1083,233.11624356477353,207.0,Bolivar / Catedral / Peru,angel Gallardo
LineaE:1119,LineaB:1084,263.37377956776237,305.0,Bolivar / Catedral / Peru,Malabia
LineaE:1119,LineaB:1085,230.98305744015275,213.0,Bolivar / Catedral / Peru,Medrano
LineaE:1119,LineaB:1086,134.72361024862442,97.0,Bolivar / Catedral / Peru,Carlos Gardel
LineaE:1119,LineaB:1088,102.6756748319233,70.0,Bolivar / Catedral / Peru,Pasteur
LineaE:1119,LineaB:1089,100.80301312180926,120.0,Bolivar / Catedral / Peru,Callao [B]
LineaE:1119,LineaB:1090,86.98598379656877,77.0,Bolivar / Catedral / Peru,Uruguay
LineaE:1119,LineaB:1092,11.415742042710635,29.0,Bolivar / Catedral / Peru,Florida
LineaE:1119,LineaC:1094,906.6911286983925,889.0,Bolivar / Catedral / Peru,Constitucion
LineaE:1119,LineaC:1095,51.13826786613051,31.0,Bolivar / Catedral / Peru,San Juan
LineaE:1119,LineaC:1097,20.238685438563323,2.0,Bolivar / Catedral / Peru,Moreno
LineaE:1119,LineaC:1098,57.225661852532156,43.0,Bolivar / Catedral / Peru,Avenida de Mayo / Lima
LineaE:1119,LineaC:1100,12.625245374862459,13.0,Bolivar / Catedral / Peru,Lavalle
LineaE:1119,LineaC:1101,59.3018461960488,20.0,Bolivar / Catedral / Peru,General San Martin
LineaE:1119,LineaD:1103,2815.793212578647,3041.0,Bolivar / Catedral / Peru,Congreso de Tucuman
LineaE:1119,LineaD:1104,1900.089745146099,1313.0,Bolivar / Catedral / Peru,Juramento
LineaE:1119,LineaD:1105,1172.7306509177415,1110.0,Bolivar / Catedral / Peru,Jose Hernandez
LineaE:1119,LineaD:1106,1103.6663965890045,1031.0,Bolivar / Catedral / Peru,Olleros
LineaE:1119,LineaD:1107,931.3319565550835,926.0,Bolivar / Catedral / Peru,Ministro Carranza
LineaE:1119,LineaD:1108,1104.1761230130476,996.0,Bolivar / Catedral / Peru,Palermo
LineaE:1119,LineaD:1109,1294.8615571963176,788.0,Bolivar / Catedral / Peru,Plaza Italia
LineaE:1119,LineaD:1110,1186.5068004303082,951.0,Bolivar / Catedral / Peru,Scalabrini Ortiz
LineaE:1119,LineaD:1111,1276.3789277934643,1203.0,Bolivar / Catedral / Peru,Bulnes
LineaE:1119,LineaD:1112,768.0699493688704,872.0,Bolivar / Catedral / Peru,Agüero
LineaE:1119,LineaD:1114,668.4857085866485,534.0,Bolivar / Catedral / Peru,Facultad de Medicina
LineaE:1119,LineaD:1115,725.1402557965982,642.0,Bolivar / Catedral / Peru,Callao [D]
LineaE:1119,LineaD:1116,338.02997330943435,361.0,Bolivar / Catedral / Peru,Tribunales
LineaE:1119,LineaD:1117,68.29472097627989,105.0,Bolivar / Catedral / Peru,9 de Julio / Carlos Pellegrini / Diagonal Norte
LineaE:1119,LineaE:1120,7.524613552509405,21.0,Bolivar / Catedral / Peru,Belgrano
LineaE:1119,LineaE:1121,185.78381041344994,209.0,Bolivar / Catedral / Peru,Independencia
LineaE:1119,LineaE:1122,115.54376572254883,84.0,Bolivar / Catedral / Peru,San Jose
LineaE:1119,LineaE:1123,241.93797944375518,211.0,Bolivar / Catedral / Peru,Entre Rios
LineaE:1119,LineaE:1124,161.4803338158295,192.0,Bolivar / Catedral / Peru,Pichincha
LineaE:1119,LineaE:1126,294.73793034433646,233.0,Bolivar / Catedral / Peru,General Urquiza
LineaE:1119,LineaE:1127,462.561267997206,415.0,Bolivar / Catedral / Peru,Boedo
LineaE:1119,LineaE:1128,422.6541026606754,447.0,Bolivar / Catedral / Peru,La Plata
LineaE:1119,LineaE:1129,359.5282750371816,349.0,Bolivar / Catedral / Peru,Jose Maria Moreno
LineaE:1119,LineaE:1130,398.868567274604,380.0,Bolivar / Catedral / Peru,Emilio Mitre
LineaE:1119,LineaE:1131,189.3476394847807,162.0,Bolivar / Catedral / Peru,Medalla Milagrosa
LineaE:1119,LineaE:1132,302.617507153324,200.0,Bolivar / Catedral / Peru,Varela
LineaE:1119,LineaE:1133,422.4130127431665,644.0,Bolivar / Catedral / Peru,Plaza de los Virreyes
LineaE:1119,LineaE:1164,816.620326705594,704.0,Bolivar / Catedral / Peru,Retiro
LineaE:1119,LineaE:1165,146.78791345298853,102.0,Bolivar / Catedral / Peru,Catalinas
LineaE:1119,LineaE:1166,74.98371789469437,55.0,Bolivar / Catedral / Peru,Correo Central / Leandro N. Alem
LineaE:1119,LineaH:1134,151.93187747428158,168.0,Bolivar / Catedral / Peru,Hospitales
LineaE:1119,LineaH:1135,132.02890050617506,131.0,Bolivar / Catedral / Peru,Parque Patricios
LineaE:1119,LineaH:1136,89.39079496086654,90.0,Bolivar / Catedral / Peru,Caseros
LineaE:1119,LineaH:1137,76.10395531635231,81.0,Bolivar / Catedral / Peru,Inclan
LineaE:1119,LineaH:1138,207.03754408388397,210.0,Bolivar / Catedral / Peru,Humberto 1 / Jujuy
LineaE:1119,LineaH:1139,102.05022008093893,30.0,Bolivar / Catedral / Peru,Venezuela
LineaE:1119,LineaH:1140,1600.5187847142884,1051.0,Bolivar / Catedral / Peru,Once / Plaza Miserere
LineaE:1119,LineaH:1141,119.64988178433794,92.0,Bolivar / Catedral / Peru,Corrientes / Pueyrredon
LineaE:1119,LineaH:1160,241.9511561161832,66.0,Bolivar / Catedral / Peru,Cordoba
LineaE:1119,LineaH:1161,987.9459670557449,925.0,Bolivar / Catedral / Peru,Pueyrredon / Santa Fe
LineaE:1119,LineaH:1162,305.7921531243866,167.0,Bolivar / Catedral / Peru,Las Heras
LineaE:1119,LineaH:1163,101.46554213086456,49.0,Bolivar / Catedral / Peru,Facultad de Derecho
LineaE:1120,LineaA:1059,22.69813651129608,53.0,Belgrano,San Pedrito
LineaE:1120,LineaA:1060,24.452746625473015,35.0,Belgrano,San Jose de Flores
LineaE:1120,LineaA:1061,15.401331987457867,22.0,Belgrano,Carabobo
LineaE:1120,LineaA:1062,10.123119623548387,10.0,Belgrano,Puan
LineaE:1120,LineaA:1063,21.501282297891873,18.0,Belgrano,Primera Junta
LineaE:1120,LineaA:1064,27.808319587797996,30.0,Belgrano,Acoyte
LineaE:1120,LineaA:1065,12.644541303219423,4.0,Belgrano,Rio de Janeiro
LineaE:1120,LineaA:1066,20.48374016437626,12.0,Belgrano,Castro Barros
LineaE:1120,LineaA:1067,13.956050391463165,9.0,Belgrano,Loria
LineaE:1120,LineaA:1069,2.645715606315342,1.0,Belgrano,Alberti
LineaE:1120,LineaA:1070,11.406857444829914,8.0,Belgrano,Pasco
LineaE:1120,LineaA:1071,15.029187987135387,4.0,Belgrano,Congreso
LineaE:1120,LineaA:1072,2.4726222009798855,2.0,Belgrano,Saenz Peña
LineaE:1120,LineaA:1074,0.0,3.0,Belgrano,Piedras
LineaE:1120,LineaA:1076,7.461908755084875,0.0,Belgrano,Plaza de Mayo
LineaE:1120,LineaB:1077,119.65301992493019,153.0,Belgrano,Juan Manuel de Rosas
LineaE:1120,LineaB:1078,32.5413539787126,39.0,Belgrano,Echeverria
LineaE:1120,LineaB:1079,39.071939929841534,48.0,Belgrano,De Los Incas - Parque Chas
LineaE:1120,LineaB:1080,33.94173491968793,28.0,Belgrano,Tronador - Villa Ortuzar
LineaE:1120,LineaB:1081,135.5753458627838,119.0,Belgrano,Federico Lacroze
LineaE:1120,LineaB:1082,37.34649553973345,30.0,Belgrano,Dorrego
LineaE:1120,LineaB:1083,70.78542605292182,41.0,Belgrano,angel Gallardo
LineaE:1120,LineaB:1084,84.03727766202087,93.0,Belgrano,Malabia
LineaE:1120,LineaB:1085,49.79217833652106,43.0,Belgrano,Medrano
LineaE:1120,LineaB:1086,41.66012242119694,46.0,Belgrano,Carlos Gardel
LineaE:1120,LineaB:1088,13.73027446483687,4.0,Belgrano,Pasteur
LineaE:1120,LineaB:1089,10.066999821047682,10.0,Belgrano,Callao [B]
LineaE:1120,LineaB:1090,11.288927527613911,13.0,Belgrano,Uruguay
LineaE:1120,LineaB:1092,6.332396640271729,13.0,Belgrano,Florida
LineaE:1120,LineaC:1094,61.21927133052389,79.0,Belgrano,Constitucion
LineaE:1120,LineaC:1095,5.018493769870343,0.0,Belgrano,San Juan
LineaE:1120,LineaC:1097,7.48943332385518,5.0,Belgrano,Moreno
LineaE:1120,LineaC:1098,7.541212980071316,1.0,Belgrano,Avenida de Mayo / Lima
LineaE:1120,LineaC:1100,2.504274302849326,0.0,Belgrano,Lavalle
LineaE:1120,LineaC:1101,8.749105999666623,5.0,Belgrano,General San Martin
LineaE:1120,LineaD:1103,35.565710254123196,49.0,Belgrano,Congreso de Tucuman
LineaE:1120,LineaD:1104,20.21290565903778,16.0,Belgrano,Juramento
LineaE:1120,LineaD:1105,6.2444121594526125,13.0,Belgrano,Jose Hernandez
LineaE:1120,LineaD:1106,19.943465313504973,16.0,Belgrano,Olleros
LineaE:1120,LineaD:1107,9.99192317661128,4.0,Belgrano,Ministro Carranza
LineaE:1120,LineaD:1108,15.000511046653315,7.0,Belgrano,Palermo
LineaE:1120,LineaD:1109,20.3752932967573,6.0,Belgrano,Plaza Italia
LineaE:1120,LineaD:1110,24.017313370145544,5.0,Belgrano,Scalabrini Ortiz
LineaE:1120,LineaD:1111,20.077719146255053,2.0,Belgrano,Bulnes
LineaE:1120,LineaD:1112,17.9599945807066,8.0,Belgrano,Agüero
LineaE:1120,LineaD:1114,13.960132200093758,2.0,Belgrano,Facultad de Medicina
LineaE:1120,LineaD:1115,26.058972933227064,13.0,Belgrano,Callao [D]
LineaE:1120,LineaD:1116,11.328534642179253,14.0,Belgrano,Tribunales
LineaE:1120,LineaD:1117,7.701065555412218,7.0,Belgrano,9 de Julio / Carlos Pellegrini / Diagonal Norte
LineaE:1120,LineaE:1119,8.875259315688353,16.0,Belgrano,Bolivar / Catedral / Peru
LineaE:1120,LineaE:1121,22.86076969878619,13.0,Belgrano,Independencia
LineaE:1120,LineaE:1122,64.27704044233026,32.0,Belgrano,San Jose
LineaE:1120,LineaE:1123,75.9168802876588,87.0,Belgrano,Entre Rios
LineaE:1120,LineaE:1124,69.80764968496482,80.0,Belgrano,Pichincha
LineaE:1120,LineaE:1126,101.0977580865499,103.0,Belgrano,General Urquiza
LineaE:1120,LineaE:1127,193.84789684636655,154.0,Belgrano,Boedo
LineaE:1120,LineaE:1128,127.93185710703035,172.0,Belgrano,La Plata
LineaE:1120,LineaE:1129,153.1841390158973,153.0,Belgrano,Jose Maria Moreno
LineaE:1120,LineaE:1130,142.63264130847028,142.0,Belgrano,Emilio Mitre
LineaE:1120,LineaE:1131,74.4999279375916,76.0,Belgrano,Medalla Milagrosa
LineaE:1120,LineaE:1132,126.08116123168604,61.0,Belgrano,Varela
LineaE:1120,LineaE:1133,158.1444905501712,263.0,Belgrano,Plaza de los Virreyes
LineaE:1120,LineaE:1164,270.4011435251128,184.0,Belgrano,Retiro
LineaE:1120,LineaE:1165,73.54217790739281,68.0,Belgrano,Catalinas
LineaE:1120,LineaE:1166,70.84442725617099,79.0,Belgrano,Correo Central / Leandro N. Alem
LineaE:1120,LineaH:1134,57.14524278641408,58.0,Belgrano,Hospitales
LineaE:1120,LineaH:1135,40.384232236518756,71.0,Belgrano,Parque Patricios
LineaE:1120,LineaH:1136,41.98027633790718,30.0,Belgrano,Caseros
LineaE:1120,LineaH:1137,28.992757145853822,47.0,Belgrano,Inclan
LineaE:1120,LineaH:1138,98.40871191203709,85.0,Belgrano,Humberto 1 / Jujuy
LineaE:1120,LineaH:1139,40.40451590308827,14.0,Belgrano,Venezuela
LineaE:1120,LineaH:1140,40.3796567531473,25.0,Belgrano,Once / Plaza Miserere
LineaE:1120,LineaH:1141,20.18325608730332,13.0,Belgrano,Corrientes / Pueyrredon
LineaE:1120,LineaH:1160,26.462434386822842,13.0,Belgrano,Cordoba
LineaE:1120,LineaH:1161,24.06211899010376,6.0,Belgrano,Pueyrredon / Santa Fe
LineaE:1120,LineaH:1162,23.999932435726862,9.0,Belgrano,Las Heras
LineaE:1120,LineaH:1163,10.116268582545127,8.0,Belgrano,Facultad de Derecho
LineaE:1121,LineaA:1059,192.15458432292615,408.0,Independencia,San Pedrito
LineaE:1121,LineaA:1060,132.07774831609524,190.0,Independencia,San Jose de Flores
LineaE:1121,LineaA:1061,137.97199690553384,182.0,Independencia,Carabobo
LineaE:1121,LineaA:1062,75.93909096500491,106.0,Independencia,Puan
LineaE:1121,LineaA:1063,124.70043097638911,215.0,Independencia,Primera Junta
LineaE:1121,LineaA:1064,170.7269555709723,241.0,Independencia,Acoyte
LineaE:1121,LineaA:1065,128.16507116518764,180.0,Independencia,Rio de Janeiro
LineaE:1121,LineaA:1066,102.32330144069932,108.0,Independencia,Castro Barros
LineaE:1121,LineaA:1067,44.78888089952757,84.0,Independencia,Loria
LineaE:1121,LineaA:1069,8.76784652796299,1.0,Independencia,Alberti
LineaE:1121,LineaA:1070,25.055111172273847,32.0,Independencia,Pasco
LineaE:1121,LineaA:1071,32.82550718625685,71.0,Independencia,Congreso
LineaE:1121,LineaA:1072,16.463774259954715,22.0,Independencia,Saenz Peña
LineaE:1121,LineaA:1074,10.158475566240917,8.0,Independencia,Piedras
LineaE:1121,LineaA:1076,40.50490673891531,25.0,Independencia,Plaza de Mayo
LineaE:1121,LineaB:1077,398.8124297400447,664.0,Independencia,Juan Manuel de Rosas
LineaE:1121,LineaB:1078,140.65748744202966,194.0,Independencia,Echeverria
LineaE:1121,LineaB:1079,124.46361891502156,219.0,Independencia,De Los Incas - Parque Chas
LineaE:1121,LineaB:1080,51.17573711163711,86.0,Independencia,Tronador - Villa Ortuzar
LineaE:1121,LineaB:1081,493.00786099299773,675.0,Independencia,Federico Lacroze
LineaE:1121,LineaB:1082,123.16872077062939,175.0,Independencia,Dorrego
LineaE:1121,LineaB:1083,182.05478941843415,290.0,Independencia,angel Gallardo
LineaE:1121,LineaB:1084,276.4343997723369,383.0,Independencia,Malabia
LineaE:1121,LineaB:1085,180.1040176899786,298.0,Independencia,Medrano
LineaE:1121,LineaB:1086,100.72965477419676,189.0,Independencia,Carlos Gardel
LineaE:1121,LineaB:1088,45.95453325859606,59.0,Independencia,Pasteur
LineaE:1121,LineaB:1089,48.85888342862899,122.0,Independencia,Callao [B]
LineaE:1121,LineaB:1090,15.177684302745469,51.0,Independencia,Uruguay
LineaE:1121,LineaB:1092,22.631903316416608,74.0,Independencia,Florida
LineaE:1121,LineaC:1094,1248.4962034222754,1753.0,Independencia,Constitucion
LineaE:1121,LineaC:1095,13.174019873861768,33.0,Independencia,San Juan
LineaE:1121,LineaC:1097,0.0,45.0,Independencia,Moreno
LineaE:1121,LineaC:1098,33.42300867379672,85.0,Independencia,Avenida de Mayo / Lima
LineaE:1121,LineaC:1100,68.25903244916442,181.0,Independencia,Lavalle
LineaE:1121,LineaC:1101,65.5073884597327,125.0,Independencia,General San Martin
LineaE:1121,LineaD:1103,425.3376996759295,790.0,Independencia,Congreso de Tucuman
LineaE:1121,LineaD:1104,277.1576979824943,263.0,Independencia,Juramento
LineaE:1121,LineaD:1105,168.989333997933,220.0,Independencia,Jose Hernandez
LineaE:1121,LineaD:1106,134.0432301406389,203.0,Independencia,Olleros
LineaE:1121,LineaD:1107,102.26087714983504,143.0,Independencia,Ministro Carranza
LineaE:1121,LineaD:1108,154.63626501325558,213.0,Independencia,Palermo
LineaE:1121,LineaD:1109,215.71179845967598,193.0,Independencia,Plaza Italia
LineaE:1121,LineaD:1110,161.93609120635134,179.0,Independencia,Scalabrini Ortiz
LineaE:1121,LineaD:1111,181.69831826599142,262.0,Independencia,Bulnes
LineaE:1121,LineaD:1112,135.417632880593,190.0,Independencia,Agüero
LineaE:1121,LineaD:1114,90.05665710473394,178.0,Independencia,Facultad de Medicina
LineaE:1121,LineaD:1115,90.27390591016132,143.0,Independencia,Callao [D]
LineaE:1121,LineaD:1116,24.047518317894323,42.0,Independencia,Tribunales
LineaE:1121,LineaD:1117,51.20128933216924,195.0,Independencia,9 de Julio / Carlos Pellegrini / Diagonal Norte
LineaE:1121,LineaE:1119,129.39482618728476,248.0,Independencia,Bolivar / Catedral / Peru
LineaE:1121,LineaE:1120,17.862221461554288,19.0,Independencia,Belgrano
LineaE:1121,LineaE:1122,23.33544551027332,3.0,Independencia,San Jose
LineaE:1121,LineaE:1123,30.934550761703928,95.0,Independencia,Entre Rios
LineaE:1121,LineaE:1124,31.944194351203844,98.0,Independencia,Pichincha
LineaE:1121,LineaE:1126,104.97224050240658,166.0,Independencia,General Urquiza
LineaE:1121,LineaE:1127,193.03347959799214,300.0,Independencia,Boedo
LineaE:1121,LineaE:1128,236.1082430380159,468.0,Independencia,La Plata
LineaE:1121,LineaE:1129,381.9479788915853,567.0,Independencia,Jose Maria Moreno
LineaE:1121,LineaE:1130,291.66260215757757,451.0,Independencia,Emilio Mitre
LineaE:1121,LineaE:1131,153.6172723930552,210.0,Independencia,Medalla Milagrosa
LineaE:1121,LineaE:1132,197.14192123205137,166.0,Independencia,Varela
LineaE:1121,LineaE:1133,232.49361597806862,542.0,Independencia,Plaza de los Virreyes
LineaE:1121,LineaE:1164,1517.835677655602,2059.0,Independencia,Retiro
LineaE:1121,LineaE:1165,182.54758211133858,172.0,Independencia,Catalinas
LineaE:1121,LineaE:1166,138.7202975933404,374.0,Independencia,Correo Central / Leandro N. Alem
LineaE:1121,LineaH:1134,49.12200246058463,111.0,Independencia,Hospitales
LineaE:1121,LineaH:1135,28.896246459183054,63.0,Independencia,Parque Patricios
LineaE:1121,LineaH:1136,33.548162965194166,42.0,Independencia,Caseros
LineaE:1121,LineaH:1137,22.019668182598018,61.0,Independencia,Inclan
LineaE:1121,LineaH:1138,83.54843481823866,172.0,Independencia,Humberto 1 / Jujuy
LineaE:1121,LineaH:1139,39.63438015180159,9.0,Independencia,Venezuela
LineaE:1121,LineaH:1140,364.7693962399271,387.0,Independencia,Once / Plaza Miserere
LineaE:1121,LineaH:1141,86.39965713209705,136.0,Independencia,Corrientes / Pueyrredon
LineaE:1121,LineaH:1160,65.71863096991201,143.0,Independencia,Cordoba
LineaE:1121,LineaH:1161,126.38736890769404,166.0,Independencia,Pueyrredon / Santa Fe
LineaE:1121,LineaH:1162,56.78882598004159,48.0,Independencia,Las Heras
LineaE:1121,LineaH:1163,16.878096526856382,30.0,Independencia,Facultad de Derecho
LineaE:1122,LineaA:1059,19.964267577608865,25.0,San Jose,San Pedrito
LineaE:1122,LineaA:1060,34.04023578064821,16.0,San Jose,San Jose de Flores
LineaE:1122,LineaA:1061,21.90185019982349,4.0,San Jose,Carabobo
LineaE:1122,LineaA:1062,16.571415119661832,8.0,San Jose,Puan
LineaE:1122,LineaA:1063,9.239027065162315,9.0,San Jose,Primera Junta
LineaE:1122,LineaA:1064,35.519612925923745,9.0,San Jose,Acoyte
LineaE:1122,LineaA:1065,27.513142886789204,19.0,San Jose,Rio de Janeiro
LineaE:1122,LineaA:1066,14.038344094874105,11.0,San Jose,Castro Barros
LineaE:1122,LineaA:1067,13.207597940805439,3.0,San Jose,Loria
LineaE:1122,LineaA:1069,2.776079579133503,1.0,San Jose,Alberti
LineaE:1122,LineaA:1070,4.9620215494382895,6.0,San Jose,Pasco
LineaE:1122,LineaA:1071,8.779651526751064,2.0,San Jose,Congreso
LineaE:1122,LineaA:1072,5.421795185448845,1.0,San Jose,Saenz Peña
LineaE:1122,LineaA:1074,6.2115022479926045,1.0,San Jose,Piedras
LineaE:1122,LineaA:1076,3.757030169390398,6.0,San Jose,Plaza de Mayo
LineaE:1122,LineaB:1077,66.49720192054306,41.0,San Jose,Juan Manuel de Rosas
LineaE:1122,LineaB:1078,28.70781848351041,10.0,San Jose,Echeverria
LineaE:1122,LineaB:1079,16.878256023753625,8.0,San Jose,De Los Incas - Parque Chas
LineaE:1122,LineaB:1080,16.605041271320175,14.0,San Jose,Tronador - Villa Ortuzar
LineaE:1122,LineaB:1081,78.80268450425987,34.0,San Jose,Federico Lacroze
LineaE:1122,LineaB:1082,37.965388467036476,35.0,San Jose,Dorrego
LineaE:1122,LineaB:1083,38.79421740718353,32.0,San Jose,angel Gallardo
LineaE:1122,LineaB:1084,49.37064206232511,24.0,San Jose,Malabia
LineaE:1122,LineaB:1085,32.42119865260128,29.0,San Jose,Medrano
LineaE:1122,LineaB:1086,17.695764455332945,16.0,San Jose,Carlos Gardel
LineaE:1122,LineaB:1088,12.619238041116507,5.0,San Jose,Pasteur
LineaE:1122,LineaB:1089,7.613300528443423,5.0,San Jose,Callao [B]
LineaE:1122,LineaB:1090,4.922315818516729,1.0,San Jose,Uruguay
LineaE:1122,LineaB:1092,7.448678572529425,14.0,San Jose,Florida
LineaE:1122,LineaC:1094,44.433795875962396,13.0,San Jose,Constitucion
LineaE:1122,LineaC:1095,2.8186192626666218,1.0,San Jose,San Juan
LineaE:1122,LineaC:1097,6.247834293861231,1.0,San Jose,Moreno
LineaE:1122,LineaC:1098,5.084798648085945,8.0,San Jose,Avenida de Mayo / Lima
LineaE:1122,LineaC:1100,8.727190414380534,8.0,San Jose,Lavalle
LineaE:1122,LineaC:1101,7.467261692978099,1.0,San Jose,General San Martin
LineaE:1122,LineaD:1103,47.51762065925209,40.0,San Jose,Congreso de Tucuman
LineaE:1122,LineaD:1104,44.00676426601982,17.0,San Jose,Juramento
LineaE:1122,LineaD:1105,20.09731981598624,13.0,San Jose,Jose Hernandez
LineaE:1122,LineaD:1106,14.185798360525785,8.0,San Jose,Olleros
LineaE:1122,LineaD:1107,12.616868086714087,7.0,San Jose,Ministro Carranza
LineaE:1122,LineaD:1108,22.469989802756388,6.0,San Jose,Palermo
LineaE:1122,LineaD:1109,28.517732354208523,8.0,San Jose,Plaza Italia
LineaE:1122,LineaD:1110,34.34483851314693,15.0,San Jose,Scalabrini Ortiz
LineaE:1122,LineaD:1111,22.072361026222787,16.0,San Jose,Bulnes
LineaE:1122,LineaD:1112,15.352132266880893,0.0,San Jose,Agüero
LineaE:1122,LineaD:1114,32.675752397525436,7.0,San Jose,Facultad de Medicina
LineaE:1122,LineaD:1115,22.897516119270858,11.0,San Jose,Callao [D]
LineaE:1122,LineaD:1116,14.923722607982498,4.0,San Jose,Tribunales
LineaE:1122,LineaD:1117,12.396212258417574,24.0,San Jose,9 de Julio / Carlos Pellegrini / Diagonal Norte
LineaE:1122,LineaE:1119,72.36905265962677,104.0,San Jose,Bolivar / Catedral / Peru
LineaE:1122,LineaE:1120,39.02386031022525,45.0,San Jose,Belgrano
LineaE:1122,LineaE:1121,9.946994365190179,2.0,San Jose,Independencia
LineaE:1122,LineaE:1123,13.80084416088149,19.0,San Jose,Entre Rios
LineaE:1122,LineaE:1124,27.912681552358283,35.0,San Jose,Pichincha
LineaE:1122,LineaE:1126,41.85521410541145,18.0,San Jose,General Urquiza
LineaE:1122,LineaE:1127,65.06115764546693,48.0,San Jose,Boedo
LineaE:1122,LineaE:1128,80.69422959409826,59.0,San Jose,La Plata
LineaE:1122,LineaE:1129,116.88327660173228,67.0,San Jose,Jose Maria Moreno
LineaE:1122,LineaE:1130,83.12404568504284,59.0,San Jose,Emilio Mitre
LineaE:1122,LineaE:1131,39.23539099749981,24.0,San Jose,Medalla Milagrosa
LineaE:1122,LineaE:1132,48.58029360632961,19.0,San Jose,Varela
LineaE:1122,LineaE:1133,60.35068160357547,79.0,San Jose,Plaza de los Virreyes
LineaE:1122,LineaE:1164,219.9510705396561,147.0,San Jose,Retiro
LineaE:1122,LineaE:1165,44.01974227265077,30.0,San Jose,Catalinas
LineaE:1122,LineaE:1166,81.31291404559212,97.0,San Jose,Correo Central / Leandro N. Alem
LineaE:1122,LineaH:1134,41.09038311815685,24.0,San Jose,Hospitales
LineaE:1122,LineaH:1135,20.3508525832581,12.0,San Jose,Parque Patricios
LineaE:1122,LineaH:1136,15.213022797026525,22.0,San Jose,Caseros
LineaE:1122,LineaH:1137,13.14236271960956,8.0,San Jose,Inclan
LineaE:1122,LineaH:1138,56.223171848975504,65.0,San Jose,Humberto 1 / Jujuy
LineaE:1122,LineaH:1139,20.515597389783686,3.0,San Jose,Venezuela
LineaE:1122,LineaH:1140,139.3946828284039,59.0,San Jose,Once / Plaza Miserere
LineaE:1122,LineaH:1141,27.64813715789728,29.0,San Jose,Corrientes / Pueyrredon
LineaE:1122,LineaH:1160,29.598523646899775,39.0,San Jose,Cordoba
LineaE:1122,LineaH:1161,45.66717308522764,24.0,San Jose,Pueyrredon / Santa Fe
LineaE:1122,LineaH:1162,13.818844087186957,14.0,San Jose,Las Heras
LineaE:1122,LineaH:1163,2.4305222740747916,0.0,San Jose,Facultad de Derecho
LineaE:1123,LineaA:1059,27.964638666341855,44.0,Entre Rios,San Pedrito
LineaE:1123,LineaA:1060,20.54398880867506,25.0,Entre Rios,San Jose de Flores
LineaE:1123,LineaA:1061,14.061177459982805,7.0,Entre Rios,Carabobo
LineaE:1123,LineaA:1062,10.051576865551935,11.0,Entre Rios,Puan
LineaE:1123,LineaA:1063,25.48004121412814,17.0,Entre Rios,Primera Junta
LineaE:1123,LineaA:1064,26.731827965710302,34.0,Entre Rios,Acoyte
LineaE:1123,LineaA:1065,21.297327706374805,18.0,Entre Rios,Rio de Janeiro
LineaE:1123,LineaA:1066,20.9774173391882,12.0,Entre Rios,Castro Barros
LineaE:1123,LineaA:1067,11.18751073816547,13.0,Entre Rios,Loria
LineaE:1123,LineaA:1069,3.9090681509635172,2.0,Entre Rios,Alberti
LineaE:1123,LineaA:1070,11.260755502244512,0.0,Entre Rios,Pasco
LineaE:1123,LineaA:1071,16.406821140535293,8.0,Entre Rios,Congreso
LineaE:1123,LineaA:1072,3.7582978471018844,15.0,Entre Rios,Saenz Peña
LineaE:1123,LineaA:1074,6.321604683905967,4.0,Entre Rios,Piedras
LineaE:1123,LineaA:1076,36.200646635634,22.0,Entre Rios,Plaza de Mayo
LineaE:1123,LineaB:1077,49.573202791901174,65.0,Entre Rios,Juan Manuel de Rosas
LineaE:1123,LineaB:1078,7.497461186422173,21.0,Entre Rios,Echeverria
LineaE:1123,LineaB:1079,18.949187866561886,20.0,Entre Rios,De Los Incas - Parque Chas
LineaE:1123,LineaB:1080,10.088744637292171,18.0,Entre Rios,Tronador - Villa Ortuzar
LineaE:1123,LineaB:1081,47.076036450735934,67.0,Entre Rios,Federico Lacroze
LineaE:1123,LineaB:1082,40.68573994255305,33.0,Entre Rios,Dorrego
LineaE:1123,LineaB:1083,19.87394497149807,31.0,Entre Rios,angel Gallardo
LineaE:1123,LineaB:1084,31.17686591249533,34.0,Entre Rios,Malabia
LineaE:1123,LineaB:1085,28.003692163808736,31.0,Entre Rios,Medrano
LineaE:1123,LineaB:1086,29.226686681525518,45.0,Entre Rios,Carlos Gardel
LineaE:1123,LineaB:1088,5.304072661069773,6.0,Entre Rios,Pasteur
LineaE:1123,LineaB:1089,8.689811937480588,4.0,Entre Rios,Callao [B]
LineaE:1123,LineaB:1090,3.7303834193778425,8.0,Entre Rios,Uruguay
LineaE:1123,LineaB:1092,13.658352531796934,32.0,Entre Rios,Florida
LineaE:1123,LineaC:1094,35.643409285667616,71.0,Entre Rios,Constitucion
LineaE:1123,LineaC:1095,12.444402745484663,6.0,Entre Rios,San Juan
LineaE:1123,LineaC:1097,14.20143556767884,0.0,Entre Rios,Moreno
LineaE:1123,LineaC:1098,18.572202774962744,15.0,Entre Rios,Avenida de Mayo / Lima
LineaE:1123,LineaC:1100,21.166843908771337,26.0,Entre Rios,Lavalle
LineaE:1123,LineaC:1101,18.719221509225996,8.0,Entre Rios,General San Martin
LineaE:1123,LineaD:1103,32.860693670718284,70.0,Entre Rios,Congreso de Tucuman
LineaE:1123,LineaD:1104,39.321489850611876,58.0,Entre Rios,Juramento
LineaE:1123,LineaD:1105,18.715093371773914,21.0,Entre Rios,Jose Hernandez
LineaE:1123,LineaD:1106,18.56322296916385,35.0,Entre Rios,Olleros
LineaE:1123,LineaD:1107,11.181228278924983,21.0,Entre Rios,Ministro Carranza
LineaE:1123,LineaD:1108,18.57397244705443,22.0,Entre Rios,Palermo
LineaE:1123,LineaD:1109,14.999359418956761,19.0,Entre Rios,Plaza Italia
LineaE:1123,LineaD:1110,17.618821984991417,5.0,Entre Rios,Scalabrini Ortiz
LineaE:1123,LineaD:1111,11.669772338997479,11.0,Entre Rios,Bulnes
LineaE:1123,LineaD:1112,10.09632455893157,8.0,Entre Rios,Agüero
LineaE:1123,LineaD:1114,6.14597819365052,10.0,Entre Rios,Facultad de Medicina
LineaE:1123,LineaD:1115,24.886979893326973,0.0,Entre Rios,Callao [D]
LineaE:1123,LineaD:1116,8.71715201340903,1.0,Entre Rios,Tribunales
LineaE:1123,LineaD:1117,14.86169407644553,39.0,Entre Rios,9 de Julio / Carlos Pellegrini / Diagonal Norte
LineaE:1123,LineaE:1119,224.43143602546806,303.0,Entre Rios,Bolivar / Catedral / Peru
LineaE:1123,LineaE:1120,82.44073592440714,92.0,Entre Rios,Belgrano
LineaE:1123,LineaE:1121,54.116694157290375,117.0,Entre Rios,Independencia
LineaE:1123,LineaE:1122,16.384001885053713,19.0,Entre Rios,San Jose
LineaE:1123,LineaE:1124,0.0,21.0,Entre Rios,Pichincha
LineaE:1123,LineaE:1126,96.7446812284956,83.0,Entre Rios,General Urquiza
LineaE:1123,LineaE:1127,115.72046338297812,77.0,Entre Rios,Boedo
LineaE:1123,LineaE:1128,111.31156291827773,122.0,Entre Rios,La Plata
LineaE:1123,LineaE:1129,95.56320340272916,98.0,Entre Rios,Jose Maria Moreno
LineaE:1123,LineaE:1130,106.93665467017404,137.0,Entre Rios,Emilio Mitre
LineaE:1123,LineaE:1131,60.96215506340826,52.0,Entre Rios,Medalla Milagrosa
LineaE:1123,LineaE:1132,76.51522131369306,55.0,Entre Rios,Varela
LineaE:1123,LineaE:1133,86.10721540097192,159.0,Entre Rios,Plaza de los Virreyes
LineaE:1123,LineaE:1164,276.3432255108069,231.0,Entre Rios,Retiro
LineaE:1123,LineaE:1165,74.59235582750277,99.0,Entre Rios,Catalinas
LineaE:1123,LineaE:1166,145.587923522163,131.0,Entre Rios,Correo Central / Leandro N. Alem
LineaE:1123,LineaH:1134,29.12058170267976,22.0,Entre Rios,Hospitales
LineaE:1123,LineaH:1135,21.42349577303035,26.0,Entre Rios,Parque Patricios
LineaE:1123,LineaH:1136,33.131609347531025,12.0,Entre Rios,Caseros
LineaE:1123,LineaH:1137,11.450654884494792,12.0,Entre Rios,Inclan
LineaE:1123,LineaH:1138,66.24570428754313,58.0,Entre Rios,Humberto 1 / Jujuy
LineaE:1123,LineaH:1139,25.792226385060356,12.0,Entre Rios,Venezuela
LineaE:1123,LineaH:1140,86.56014774865037,76.0,Entre Rios,Once / Plaza Miserere
LineaE:1123,LineaH:1141,46.87880764983026,35.0,Entre Rios,Corrientes / Pueyrredon
LineaE:1123,LineaH:1160,27.61139469135204,44.0,Entre Rios,Cordoba
LineaE:1123,LineaH:1161,18.80446734473233,31.0,Entre Rios,Pueyrredon / Santa Fe
LineaE:1123,LineaH:1162,17.57117691302254,13.0,Entre Rios,Las Heras
LineaE:1123,LineaH:1163,18.5190089324153,16.0,Entre Rios,Facultad de Derecho
LineaE:1124,LineaA:1059,4.966390899985502,23.0,Pichincha,San Pedrito
LineaE:1124,LineaA:1060,9.890309945292499,8.0,Pichincha,San Jose de Flores
LineaE:1124,LineaA:1061,9.989683719790937,6.0,Pichincha,Carabobo
LineaE:1124,LineaA:1062,5.29555895992034,5.0,Pichincha,Puan
LineaE:1124,LineaA:1063,9.131126195145221,9.0,Pichincha,Primera Junta
LineaE:1124,LineaA:1064,3.857116655294374,19.0,Pichincha,Acoyte
LineaE:1124,LineaA:1065,7.478012688309961,5.0,Pichincha,Rio de Janeiro
LineaE:1124,LineaA:1066,7.749875650148921,8.0,Pichincha,Castro Barros
LineaE:1124,LineaA:1067,8.934488350487037,6.0,Pichincha,Loria
LineaE:1124,LineaA:1069,4.84465530302571,3.0,Pichincha,Alberti
LineaE:1124,LineaA:1070,2.5118047215848986,4.0,Pichincha,Pasco
LineaE:1124,LineaA:1071,5.076059350098538,4.0,Pichincha,Congreso
LineaE:1124,LineaA:1072,8.79379372353149,6.0,Pichincha,Saenz Peña
LineaE:1124,LineaA:1074,5.005296156067784,4.0,Pichincha,Piedras
LineaE:1124,LineaA:1076,27.183949029799695,16.0,Pichincha,Plaza de Mayo
LineaE:1124,LineaB:1077,17.7715127113658,31.0,Pichincha,Juan Manuel de Rosas
LineaE:1124,LineaB:1078,3.701469551568772,5.0,Pichincha,Echeverria
LineaE:1124,LineaB:1079,2.4737968807042865,7.0,Pichincha,De Los Incas - Parque Chas
LineaE:1124,LineaB:1080,3.763651711471039,3.0,Pichincha,Tronador - Villa Ortuzar
LineaE:1124,LineaB:1081,15.460911202574854,26.0,Pichincha,Federico Lacroze
LineaE:1124,LineaB:1082,8.984108981291504,0.0,Pichincha,Dorrego
LineaE:1124,LineaB:1083,2.4812169779972892,24.0,Pichincha,angel Gallardo
LineaE:1124,LineaB:1084,11.396386133100027,14.0,Pichincha,Malabia
LineaE:1124,LineaB:1085,17.740312843560567,23.0,Pichincha,Medrano
LineaE:1124,LineaB:1086,14.093074737260022,19.0,Pichincha,Carlos Gardel
LineaE:1124,LineaB:1088,5.116434641950708,3.0,Pichincha,Pasteur
LineaE:1124,LineaB:1089,7.4172629425602095,8.0,Pichincha,Callao [B]
LineaE:1124,LineaB:1090,4.9624339559945785,13.0,Pichincha,Uruguay
LineaE:1124,LineaB:1092,16.256953379147845,21.0,Pichincha,Florida
LineaE:1124,LineaC:1094,68.775787166067,101.0,Pichincha,Constitucion
LineaE:1124,LineaC:1095,8.702710927809107,13.0,Pichincha,San Juan
LineaE:1124,LineaC:1097,6.535387434173883,10.0,Pichincha,Moreno
LineaE:1124,LineaC:1098,6.221337090721725,13.0,Pichincha,Avenida de Mayo / Lima
LineaE:1124,LineaC:1100,16.00419177557917,29.0,Pichincha,Lavalle
LineaE:1124,LineaC:1101,16.363668553110514,19.0,Pichincha,General San Martin
LineaE:1124,LineaD:1103,19.25923044724551,34.0,Pichincha,Congreso de Tucuman
LineaE:1124,LineaD:1104,16.419620991695492,14.0,Pichincha,Juramento
LineaE:1124,LineaD:1105,3.7219621814121906,3.0,Pichincha,Jose Hernandez
LineaE:1124,LineaD:1106,5.011826499640904,1.0,Pichincha,Olleros
LineaE:1124,LineaD:1107,6.245553717609912,3.0,Pichincha,Ministro Carranza
LineaE:1124,LineaD:1108,7.79691185253083,0.0,Pichincha,Palermo
LineaE:1124,LineaD:1109,6.269153952531263,0.0,Pichincha,Plaza Italia
LineaE:1124,LineaD:1110,3.6808633951797454,3.0,Pichincha,Scalabrini Ortiz
LineaE:1124,LineaD:1111,6.574290119321805,0.0,Pichincha,Bulnes
LineaE:1124,LineaD:1112,2.642637761246422,4.0,Pichincha,Agüero
LineaE:1124,LineaD:1114,2.483772185543946,4.0,Pichincha,Facultad de Medicina
LineaE:1124,LineaD:1115,6.260734370594007,15.0,Pichincha,Callao [D]
LineaE:1124,LineaD:1116,16.32889638381579,7.0,Pichincha,Tribunales
LineaE:1124,LineaD:1117,21.61614041984352,22.0,Pichincha,9 de Julio / Carlos Pellegrini / Diagonal Norte
LineaE:1124,LineaE:1119,166.01664228619282,272.0,Pichincha,Bolivar / Catedral / Peru
LineaE:1124,LineaE:1120,65.13642296064133,102.0,Pichincha,Belgrano
LineaE:1124,LineaE:1121,40.17057279525104,126.0,Pichincha,Independencia
LineaE:1124,LineaE:1122,28.032480141982948,44.0,Pichincha,San Jose
LineaE:1124,LineaE:1123,0.0,6.0,Pichincha,Entre Rios
LineaE:1124,LineaE:1126,33.069125692171625,32.0,Pichincha,General Urquiza
LineaE:1124,LineaE:1127,54.50745889865114,76.0,Pichincha,Boedo
LineaE:1124,LineaE:1128,63.45965166630927,40.0,Pichincha,La Plata
LineaE:1124,LineaE:1129,86.19200050382109,46.0,Pichincha,Jose Maria Moreno
LineaE:1124,LineaE:1130,59.25204358630831,59.0,Pichincha,Emilio Mitre
LineaE:1124,LineaE:1131,26.73085449523643,25.0,Pichincha,Medalla Milagrosa
LineaE:1124,LineaE:1132,55.181706851545876,40.0,Pichincha,Varela
LineaE:1124,LineaE:1133,34.38949428709308,105.0,Pichincha,Plaza de los Virreyes
LineaE:1124,LineaE:1164,150.24913256914033,176.0,Pichincha,Retiro
LineaE:1124,LineaE:1165,64.57976338956087,70.0,Pichincha,Catalinas
LineaE:1124,LineaE:1166,82.43691267552849,156.0,Pichincha,Correo Central / Leandro N. Alem
LineaE:1124,LineaH:1134,14.245986974369087,28.0,Pichincha,Hospitales
LineaE:1124,LineaH:1135,5.3079874240006,27.0,Pichincha,Parque Patricios
LineaE:1124,LineaH:1136,14.035919320710976,17.0,Pichincha,Caseros
LineaE:1124,LineaH:1137,12.94403830173288,11.0,Pichincha,Inclan
LineaE:1124,LineaH:1138,22.564470867002566,30.0,Pichincha,Humberto 1 / Jujuy
LineaE:1124,LineaH:1139,24.45228998012426,16.0,Pichincha,Venezuela
LineaE:1124,LineaH:1140,38.063709332599714,25.0,Pichincha,Once / Plaza Miserere
LineaE:1124,LineaH:1141,13.722994119047627,30.0,Pichincha,Corrientes / Pueyrredon
LineaE:1124,LineaH:1160,21.485676278484195,19.0,Pichincha,Cordoba
LineaE:1124,LineaH:1161,9.980734721513336,27.0,Pichincha,Pueyrredon / Santa Fe
LineaE:1124,LineaH:1162,12.386829616637765,15.0,Pichincha,Las Heras
LineaE:1124,LineaH:1163,1.2563479271804898,4.0,Pichincha,Facultad de Derecho
LineaE:1126,LineaA:1059,11.349565511858392,20.0,General Urquiza,San Pedrito
LineaE:1126,LineaA:1060,7.8383239974757615,6.0,General Urquiza,San Jose de Flores
LineaE:1126,LineaA:1061,12.892467173623803,4.0,General Urquiza,Carabobo
LineaE:1126,LineaA:1062,6.2779195421197524,5.0,General Urquiza,Puan
LineaE:1126,LineaA:1063,9.989545147636559,12.0,General Urquiza,Primera Junta
LineaE:1126,LineaA:1064,7.6434928051008155,17.0,General Urquiza,Acoyte
LineaE:1126,LineaA:1065,10.243032345316175,11.0,General Urquiza,Rio de Janeiro
LineaE:1126,LineaA:1066,6.186526647803093,9.0,General Urquiza,Castro Barros
LineaE:1126,LineaA:1067,3.9010235166574465,3.0,General Urquiza,Loria
LineaE:1126,LineaA:1069,3.768314633110605,10.0,General Urquiza,Alberti
LineaE:1126,LineaA:1070,2.600838541169486,8.0,General Urquiza,Pasco
LineaE:1126,LineaA:1071,14.217997270678342,10.0,General Urquiza,Congreso
LineaE:1126,LineaA:1072,17.559067726103976,11.0,General Urquiza,Saenz Peña
LineaE:1126,LineaA:1074,8.71876069048713,9.0,General Urquiza,Piedras
LineaE:1126,LineaA:1076,35.79637161502406,17.0,General Urquiza,Plaza de Mayo
LineaE:1126,LineaB:1077,12.493284962368337,28.0,General Urquiza,Juan Manuel de Rosas
LineaE:1126,LineaB:1078,2.55546561518094,4.0,General Urquiza,Echeverria
LineaE:1126,LineaB:1079,4.879585298837402,0.0,General Urquiza,De Los Incas - Parque Chas
LineaE:1126,LineaB:1080,3.839208159340133,4.0,General Urquiza,Tronador - Villa Ortuzar
LineaE:1126,LineaB:1081,18.830005781428692,28.0,General Urquiza,Federico Lacroze
LineaE:1126,LineaB:1082,16.120843597023285,13.0,General Urquiza,Dorrego
LineaE:1126,LineaB:1083,8.60550410752437,15.0,General Urquiza,angel Gallardo
LineaE:1126,LineaB:1084,16.200586315205495,25.0,General Urquiza,Malabia
LineaE:1126,LineaB:1085,8.805706502620591,9.0,General Urquiza,Medrano
LineaE:1126,LineaB:1086,11.370617050355873,8.0,General Urquiza,Carlos Gardel
LineaE:1126,LineaB:1088,7.636107843130248,14.0,General Urquiza,Pasteur
LineaE:1126,LineaB:1089,11.203118528101715,23.0,General Urquiza,Callao [B]
LineaE:1126,LineaB:1090,19.754753742774927,20.0,General Urquiza,Uruguay
LineaE:1126,LineaB:1092,38.370550439589934,37.0,General Urquiza,Florida
LineaE:1126,LineaC:1094,174.81263146382054,121.0,General Urquiza,Constitucion
LineaE:1126,LineaC:1095,12.558140523925527,14.0,General Urquiza,San Juan
LineaE:1126,LineaC:1097,16.84666888904955,5.0,General Urquiza,Moreno
LineaE:1126,LineaC:1098,34.784303128048144,21.0,General Urquiza,Avenida de Mayo / Lima
LineaE:1126,LineaC:1100,26.252365735398264,45.0,General Urquiza,Lavalle
LineaE:1126,LineaC:1101,20.2242874147192,19.0,General Urquiza,General San Martin
LineaE:1126,LineaD:1103,26.276061117164392,20.0,General Urquiza,Congreso de Tucuman
LineaE:1126,LineaD:1104,24.79567832519356,14.0,General Urquiza,Juramento
LineaE:1126,LineaD:1105,11.189516479960803,11.0,General Urquiza,Jose Hernandez
LineaE:1126,LineaD:1106,12.368304614260223,13.0,General Urquiza,Olleros
LineaE:1126,LineaD:1107,7.473169147533313,4.0,General Urquiza,Ministro Carranza
LineaE:1126,LineaD:1108,17.466245907658543,14.0,General Urquiza,Palermo
LineaE:1126,LineaD:1109,10.077856052828736,4.0,General Urquiza,Plaza Italia
LineaE:1126,LineaD:1110,14.920455074721275,17.0,General Urquiza,Scalabrini Ortiz
LineaE:1126,LineaD:1111,15.027308856122401,14.0,General Urquiza,Bulnes
LineaE:1126,LineaD:1112,5.0060977507816435,10.0,General Urquiza,Agüero
LineaE:1126,LineaD:1114,18.744524045025752,5.0,General Urquiza,Facultad de Medicina
LineaE:1126,LineaD:1115,24.91887517400081,17.0,General Urquiza,Callao [D]
LineaE:1126,LineaD:1116,35.98265291368043,30.0,General Urquiza,Tribunales
LineaE:1126,LineaD:1117,37.38278433348215,27.0,General Urquiza,9 de Julio / Carlos Pellegrini / Diagonal Norte
LineaE:1126,LineaE:1119,297.118088158774,313.0,General Urquiza,Bolivar / Catedral / Peru
LineaE:1126,LineaE:1120,93.07173925320824,121.0,General Urquiza,Belgrano
LineaE:1126,LineaE:1121,107.58076950189427,189.0,General Urquiza,Independencia
LineaE:1126,LineaE:1122,42.98327792450362,30.0,General Urquiza,San Jose
LineaE:1126,LineaE:1123,85.17051593574826,80.0,General Urquiza,Entre Rios
LineaE:1126,LineaE:1124,44.501278815971645,36.0,General Urquiza,Pichincha
LineaE:1126,LineaE:1127,32.43073951269537,29.0,General Urquiza,Boedo
LineaE:1126,LineaE:1128,82.20460447057451,120.0,General Urquiza,La Plata
LineaE:1126,LineaE:1129,111.68422413545073,67.0,General Urquiza,Jose Maria Moreno
LineaE:1126,LineaE:1130,87.1592245847789,72.0,General Urquiza,Emilio Mitre
LineaE:1126,LineaE:1131,46.015390359496436,45.0,General Urquiza,Medalla Milagrosa
LineaE:1126,LineaE:1132,55.81207532041027,39.0,General Urquiza,Varela
LineaE:1126,LineaE:1133,68.65041704798992,84.0,General Urquiza,Plaza de los Virreyes
LineaE:1126,LineaE:1164,232.4264732878827,227.0,General Urquiza,Retiro
LineaE:1126,LineaE:1165,117.60267289342026,139.0,General Urquiza,Catalinas
LineaE:1126,LineaE:1166,168.73496290199267,191.0,General Urquiza,Correo Central / Leandro N. Alem
LineaE:1126,LineaH:1134,26.92407882618769,6.0,General Urquiza,Hospitales
LineaE:1126,LineaH:1135,20.11930450790786,12.0,General Urquiza,Parque Patricios
LineaE:1126,LineaH:1136,25.059700438802267,7.0,General Urquiza,Caseros
LineaE:1126,LineaH:1137,17.658211773711066,14.0,General Urquiza,Inclan
LineaE:1126,LineaH:1138,23.053982020852004,37.0,General Urquiza,Humberto 1 / Jujuy
LineaE:1126,LineaH:1139,10.325773283208706,6.0,General Urquiza,Venezuela
LineaE:1126,LineaH:1140,30.505092022645204,32.0,General Urquiza,Once / Plaza Miserere
LineaE:1126,LineaH:1141,27.75410840274661,28.0,General Urquiza,Corrientes / Pueyrredon
LineaE:1126,LineaH:1160,30.117607215135692,16.0,General Urquiza,Cordoba
LineaE:1126,LineaH:1161,26.068502288442414,44.0,General Urquiza,Pueyrredon / Santa Fe
LineaE:1126,LineaH:1162,23.856559192367826,37.0,General Urquiza,Las Heras
LineaE:1126,LineaH:1163,9.877686555871266,16.0,General Urquiza,Facultad de Derecho
LineaE:1127,LineaA:1059,12.515348581366462,26.0,Boedo,San Pedrito
LineaE:1127,LineaA:1060,21.897185698657744,13.0,Boedo,San Jose de Flores
LineaE:1127,LineaA:1061,14.238551667117044,7.0,Boedo,Carabobo
LineaE:1127,LineaA:1062,7.655837000728923,5.0,Boedo,Puan
LineaE:1127,LineaA:1063,6.2830483157021195,18.0,Boedo,Primera Junta
LineaE:1127,LineaA:1064,20.381078593116708,17.0,Boedo,Acoyte
LineaE:1127,LineaA:1065,10.281879909632426,8.0,Boedo,Rio de Janeiro
LineaE:1127,LineaA:1066,8.75103491650164,2.0,Boedo,Castro Barros
LineaE:1127,LineaA:1067,7.667823840285222,2.0,Boedo,Loria
LineaE:1127,LineaA:1069,7.569531059574803,11.0,Boedo,Alberti
LineaE:1127,LineaA:1070,2.776079579133503,7.0,Boedo,Pasco
LineaE:1127,LineaA:1071,16.213921869803876,24.0,Boedo,Congreso
LineaE:1127,LineaA:1072,18.90888714157315,16.0,Boedo,Saenz Peña
LineaE:1127,LineaA:1074,22.38285400704109,24.0,Boedo,Piedras
LineaE:1127,LineaA:1076,65.7991856163682,47.0,Boedo,Plaza de Mayo
LineaE:1127,LineaB:1077,21.76626610151557,31.0,Boedo,Juan Manuel de Rosas
LineaE:1127,LineaB:1078,3.9128757561973977,5.0,Boedo,Echeverria
LineaE:1127,LineaB:1079,2.5993631546169267,2.0,Boedo,De Los Incas - Parque Chas
LineaE:1127,LineaB:1080,5.341559563909424,5.0,Boedo,Tronador - Villa Ortuzar
LineaE:1127,LineaB:1081,23.02037927780521,23.0,Boedo,Federico Lacroze
LineaE:1127,LineaB:1082,20.20538968751925,9.0,Boedo,Dorrego
LineaE:1127,LineaB:1083,11.426258878941322,14.0,Boedo,angel Gallardo
LineaE:1127,LineaB:1084,13.762146547263127,24.0,Boedo,Malabia
LineaE:1127,LineaB:1085,8.967828661316794,10.0,Boedo,Medrano
LineaE:1127,LineaB:1086,23.92251332255316,8.0,Boedo,Carlos Gardel
LineaE:1127,LineaB:1088,13.69166634861324,14.0,Boedo,Pasteur
LineaE:1127,LineaB:1089,22.41339979565356,34.0,Boedo,Callao [B]
LineaE:1127,LineaB:1090,33.69432001414324,20.0,Boedo,Uruguay
LineaE:1127,LineaB:1092,37.08169397418144,35.0,Boedo,Florida
LineaE:1127,LineaC:1094,224.73358049080824,180.0,Boedo,Constitucion
LineaE:1127,LineaC:1095,21.11228917757573,27.0,Boedo,San Juan
LineaE:1127,LineaC:1097,30.749728264401817,11.0,Boedo,Moreno
LineaE:1127,LineaC:1098,49.93368161827532,48.0,Boedo,Avenida de Mayo / Lima
LineaE:1127,LineaC:1100,42.47214767330458,29.0,Boedo,Lavalle
LineaE:1127,LineaC:1101,18.781582303099835,24.0,Boedo,General San Martin
LineaE:1127,LineaD:1103,34.9871598738503,62.0,Boedo,Congreso de Tucuman
LineaE:1127,LineaD:1104,58.53368529058051,51.0,Boedo,Juramento
LineaE:1127,LineaD:1105,28.664444597198855,33.0,Boedo,Jose Hernandez
LineaE:1127,LineaD:1106,19.691337799519864,48.0,Boedo,Olleros
LineaE:1127,LineaD:1107,32.05701869670467,28.0,Boedo,Ministro Carranza
LineaE:1127,LineaD:1108,42.581114300037186,25.0,Boedo,Palermo
LineaE:1127,LineaD:1109,32.607325650045404,13.0,Boedo,Plaza Italia
LineaE:1127,LineaD:1110,19.916164800992277,17.0,Boedo,Scalabrini Ortiz
LineaE:1127,LineaD:1111,26.723340303430383,13.0,Boedo,Bulnes
LineaE:1127,LineaD:1112,12.54210595388579,28.0,Boedo,Agüero
LineaE:1127,LineaD:1114,26.089327933322792,23.0,Boedo,Facultad de Medicina
LineaE:1127,LineaD:1115,58.541501822893274,26.0,Boedo,Callao [D]
LineaE:1127,LineaD:1116,39.93534205978332,25.0,Boedo,Tribunales
LineaE:1127,LineaD:1117,36.22193118598975,64.0,Boedo,9 de Julio / Carlos Pellegrini / Diagonal Norte
LineaE:1127,LineaE:1119,385.7399195593705,511.0,Boedo,Bolivar / Catedral / Peru
LineaE:1127,LineaE:1120,155.83436406892346,183.0,Boedo,Belgrano
LineaE:1127,LineaE:1121,181.767503235701,367.0,Boedo,Independencia
LineaE:1127,LineaE:1122,71.3434856851543,68.0,Boedo,San Jose
LineaE:1127,LineaE:1123,108.94006612080726,77.0,Boedo,Entre Rios
LineaE:1127,LineaE:1124,48.58664139465023,75.0,Boedo,Pichincha
LineaE:1127,LineaE:1126,20.475814801504807,27.0,Boedo,General Urquiza
LineaE:1127,LineaE:1128,84.17493436634832,76.0,Boedo,La Plata
LineaE:1127,LineaE:1129,80.10780767912803,84.0,Boedo,Jose Maria Moreno
LineaE:1127,LineaE:1130,99.54284939390476,86.0,Boedo,Emilio Mitre
LineaE:1127,LineaE:1131,65.03988476527049,61.0,Boedo,Medalla Milagrosa
LineaE:1127,LineaE:1132,76.1182158238537,39.0,Boedo,Varela
LineaE:1127,LineaE:1133,68.5567331761097,118.0,Boedo,Plaza de los Virreyes
LineaE:1127,LineaE:1164,279.61384688639765,258.0,Boedo,Retiro
LineaE:1127,LineaE:1165,145.0020412815531,171.0,Boedo,Catalinas
LineaE:1127,LineaE:1166,229.62370671470921,304.0,Boedo,Correo Central / Leandro N. Alem
LineaE:1127,LineaH:1134,35.311543880453286,11.0,Boedo,Hospitales
LineaE:1127,LineaH:1135,33.28849796308997,35.0,Boedo,Parque Patricios
LineaE:1127,LineaH:1136,54.90141874563842,69.0,Boedo,Caseros
LineaE:1127,LineaH:1137,24.26008988719991,36.0,Boedo,Inclan
LineaE:1127,LineaH:1138,47.79655904829249,90.0,Boedo,Humberto 1 / Jujuy
LineaE:1127,LineaH:1139,31.034974573202774,28.0,Boedo,Venezuela
LineaE:1127,LineaH:1140,80.2487082238081,50.0,Boedo,Once / Plaza Miserere
LineaE:1127,LineaH:1141,40.601283588519834,49.0,Boedo,Corrientes / Pueyrredon
LineaE:1127,LineaH:1160,74.74877964069984,82.0,Boedo,Cordoba
LineaE:1127,LineaH:1161,81.03695732670893,138.0,Boedo,Pueyrredon / Santa Fe
LineaE:1127,LineaH:1162,72.48756914488295,71.0,Boedo,Las Heras
LineaE:1127,LineaH:1163,26.229136060436474,52.0,Boedo,Facultad de Derecho
LineaE:1128,LineaA:1059,13.952219174718271,8.0,La Plata,San Pedrito
LineaE:1128,LineaA:1060,7.464642759889424,2.0,La Plata,San Jose de Flores
LineaE:1128,LineaA:1061,9.284552815774024,7.0,La Plata,Carabobo
LineaE:1128,LineaA:1062,5.200558288689789,0.0,La Plata,Puan
LineaE:1128,LineaA:1063,7.794183586431153,4.0,La Plata,Primera Junta
LineaE:1128,LineaA:1064,12.56255815719611,5.0,La Plata,Acoyte
LineaE:1128,LineaA:1065,21.360218393941288,7.0,La Plata,Rio de Janeiro
LineaE:1128,LineaA:1066,9.048154299522936,5.0,La Plata,Castro Barros
LineaE:1128,LineaA:1067,1.2583857554110247,6.0,La Plata,Loria
LineaE:1128,LineaA:1069,7.470630317637357,11.0,La Plata,Alberti
LineaE:1128,LineaA:1070,17.404795891923992,1.0,La Plata,Pasco
LineaE:1128,LineaA:1071,45.484170458649515,29.0,La Plata,Congreso
LineaE:1128,LineaA:1072,17.309321987164065,29.0,La Plata,Saenz Peña
LineaE:1128,LineaA:1074,32.045575234368194,15.0,La Plata,Piedras
LineaE:1128,LineaA:1076,95.59810601512822,53.0,La Plata,Plaza de Mayo
LineaE:1128,LineaB:1077,35.118935187621105,36.0,La Plata,Juan Manuel de Rosas
LineaE:1128,LineaB:1078,1.2563479271804898,5.0,La Plata,Echeverria
LineaE:1128,LineaB:1079,5.136654872753067,15.0,La Plata,De Los Incas - Parque Chas
LineaE:1128,LineaB:1080,4.96022210956475,5.0,La Plata,Tronador - Villa Ortuzar
LineaE:1128,LineaB:1081,9.985518393760179,5.0,La Plata,Federico Lacroze
LineaE:1128,LineaB:1082,11.469820600285155,4.0,La Plata,Dorrego
LineaE:1128,LineaB:1083,8.964596287127375,8.0,La Plata,angel Gallardo
LineaE:1128,LineaB:1084,19.04185035411158,8.0,La Plata,Malabia
LineaE:1128,LineaB:1085,26.033436577869544,8.0,La Plata,Medrano
LineaE:1128,LineaB:1086,21.371649909715337,21.0,La Plata,Carlos Gardel
LineaE:1128,LineaB:1088,6.175586411528261,9.0,La Plata,Pasteur
LineaE:1128,LineaB:1089,19.97981770373903,32.0,La Plata,Callao [B]
LineaE:1128,LineaB:1090,32.06935957943084,52.0,La Plata,Uruguay
LineaE:1128,LineaB:1092,14.91061350302843,46.0,La Plata,Florida
LineaE:1128,LineaC:1094,166.34557027809444,211.0,La Plata,Constitucion
LineaE:1128,LineaC:1095,13.914455657743177,11.0,La Plata,San Juan
LineaE:1128,LineaC:1097,40.08656291081207,0.0,La Plata,Moreno
LineaE:1128,LineaC:1098,35.06353391106832,28.0,La Plata,Avenida de Mayo / Lima
LineaE:1128,LineaC:1100,34.82881275862894,40.0,La Plata,Lavalle
LineaE:1128,LineaC:1101,26.3042716524305,17.0,La Plata,General San Martin
LineaE:1128,LineaD:1103,45.88095303439262,62.0,La Plata,Congreso de Tucuman
LineaE:1128,LineaD:1104,37.227511291545426,27.0,La Plata,Juramento
LineaE:1128,LineaD:1105,19.79731207764932,20.0,La Plata,Jose Hernandez
LineaE:1128,LineaD:1106,28.375949946603118,22.0,La Plata,Olleros
LineaE:1128,LineaD:1107,15.088207420414507,15.0,La Plata,Ministro Carranza
LineaE:1128,LineaD:1108,43.24996043284674,33.0,La Plata,Palermo
LineaE:1128,LineaD:1109,21.342840622614542,17.0,La Plata,Plaza Italia
LineaE:1128,LineaD:1110,22.44613885984737,16.0,La Plata,Scalabrini Ortiz
LineaE:1128,LineaD:1111,37.16600757111121,38.0,La Plata,Bulnes
LineaE:1128,LineaD:1112,18.687584683011472,15.0,La Plata,Agüero
LineaE:1128,LineaD:1114,42.34895522209995,20.0,La Plata,Facultad de Medicina
LineaE:1128,LineaD:1115,67.52954779436388,62.0,La Plata,Callao [D]
LineaE:1128,LineaD:1116,62.06800104625457,82.0,La Plata,Tribunales
LineaE:1128,LineaD:1117,27.191353352812186,69.0,La Plata,9 de Julio / Carlos Pellegrini / Diagonal Norte
LineaE:1128,LineaE:1119,412.66701763204475,470.0,La Plata,Bolivar / Catedral / Peru
LineaE:1128,LineaE:1120,130.8083230386425,184.0,La Plata,Belgrano
LineaE:1128,LineaE:1121,270.85524222489,522.0,La Plata,Independencia
LineaE:1128,LineaE:1122,90.9269918554017,57.0,La Plata,San Jose
LineaE:1128,LineaE:1123,119.443409062308,112.0,La Plata,Entre Rios
LineaE:1128,LineaE:1124,70.97790535053358,57.0,La Plata,Pichincha
LineaE:1128,LineaE:1126,78.30424655970242,110.0,La Plata,General Urquiza
LineaE:1128,LineaE:1127,78.92909213782094,53.0,La Plata,Boedo
LineaE:1128,LineaE:1129,44.01465083538953,19.0,La Plata,Jose Maria Moreno
LineaE:1128,LineaE:1130,91.01171718759244,82.0,La Plata,Emilio Mitre
LineaE:1128,LineaE:1131,65.18287664697547,42.0,La Plata,Medalla Milagrosa
LineaE:1128,LineaE:1132,76.12538093413862,44.0,La Plata,Varela
LineaE:1128,LineaE:1133,41.71918573205613,65.0,La Plata,Plaza de los Virreyes
LineaE:1128,LineaE:1164,330.12113983078694,303.0,La Plata,Retiro
LineaE:1128,LineaE:1165,206.48955027153255,203.0,La Plata,Catalinas
LineaE:1128,LineaE:1166,259.7668873521853,348.0,La Plata,Correo Central / Leandro N. Alem
LineaE:1128,LineaH:1134,49.879632750939116,6.0,La Plata,Hospitales
LineaE:1128,LineaH:1135,24.801385467808075,23.0,La Plata,Parque Patricios
LineaE:1128,LineaH:1136,23.726362288232437,18.0,La Plata,Caseros
LineaE:1128,LineaH:1137,38.209654366815776,52.0,La Plata,Inclan
LineaE:1128,LineaH:1138,71.52865058337267,87.0,La Plata,Humberto 1 / Jujuy
LineaE:1128,LineaH:1139,24.17368786869331,22.0,La Plata,Venezuela
LineaE:1128,LineaH:1140,57.48509782052601,31.0,La Plata,Once / Plaza Miserere
LineaE:1128,LineaH:1141,46.81894182877462,59.0,La Plata,Corrientes / Pueyrredon
LineaE:1128,LineaH:1160,112.05413536692119,93.0,La Plata,Cordoba
LineaE:1128,LineaH:1161,128.5629023106498,156.0,La Plata,Pueyrredon / Santa Fe
LineaE:1128,LineaH:1162,122.05290024484606,89.0,La Plata,Las Heras
LineaE:1128,LineaH:1163,39.69520843336599,22.0,La Plata,Facultad de Derecho
LineaE:1129,LineaA:1059,5.153916799596313,16.0,Jose Maria Moreno,San Pedrito
LineaE:1129,LineaA:1060,7.520092963015207,7.0,Jose Maria Moreno,San Jose de Flores
LineaE:1129,LineaA:1061,13.187306503070012,4.0,Jose Maria Moreno,Carabobo
LineaE:1129,LineaA:1062,2.600838541169486,4.0,Jose Maria Moreno,Puan
LineaE:1129,LineaA:1063,7.536723361039466,9.0,Jose Maria Moreno,Primera Junta
LineaE:1129,LineaA:1064,29.04189232006248,24.0,Jose Maria Moreno,Acoyte
LineaE:1129,LineaA:1065,3.8839134342840342,2.0,Jose Maria Moreno,Rio de Janeiro
LineaE:1129,LineaA:1066,9.977169502266939,6.0,Jose Maria Moreno,Castro Barros
LineaE:1129,LineaA:1067,5.244455828125776,1.0,Jose Maria Moreno,Loria
LineaE:1129,LineaA:1069,6.353338663869888,22.0,Jose Maria Moreno,Alberti
LineaE:1129,LineaA:1070,9.01960318623339,0.0,Jose Maria Moreno,Pasco
LineaE:1129,LineaA:1071,22.54831063513936,40.0,Jose Maria Moreno,Congreso
LineaE:1129,LineaA:1072,26.184121477435873,24.0,Jose Maria Moreno,Saenz Peña
LineaE:1129,LineaA:1074,17.186768848839623,23.0,Jose Maria Moreno,Piedras
LineaE:1129,LineaA:1076,82.32523709568972,87.0,Jose Maria Moreno,Plaza de Mayo
LineaE:1129,LineaB:1077,19.114563086169046,6.0,Jose Maria Moreno,Juan Manuel de Rosas
LineaE:1129,LineaB:1078,1.25492483495506,9.0,Jose Maria Moreno,Echeverria
LineaE:1129,LineaB:1079,2.502710748513357,8.0,Jose Maria Moreno,De Los Incas - Parque Chas
LineaE:1129,LineaB:1080,6.1539781967673495,0.0,Jose Maria Moreno,Tronador - Villa Ortuzar
LineaE:1129,LineaB:1081,11.174690546824415,0.0,Jose Maria Moreno,Federico Lacroze
LineaE:1129,LineaB:1082,3.6703672787979977,0.0,Jose Maria Moreno,Dorrego
LineaE:1129,LineaB:1083,3.7539056961973594,2.0,Jose Maria Moreno,angel Gallardo
LineaE:1129,LineaB:1084,22.788327548761245,4.0,Jose Maria Moreno,Malabia
LineaE:1129,LineaB:1085,17.860621751322,9.0,Jose Maria Moreno,Medrano
LineaE:1129,LineaB:1086,18.8948293090698,8.0,Jose Maria Moreno,Carlos Gardel
LineaE:1129,LineaB:1088,9.887919361144611,4.0,Jose Maria Moreno,Pasteur
LineaE:1129,LineaB:1089,23.704141321264103,23.0,Jose Maria Moreno,Callao [B]
LineaE:1129,LineaB:1090,34.896151726638024,39.0,Jose Maria Moreno,Uruguay
LineaE:1129,LineaB:1092,17.176970176525757,22.0,Jose Maria Moreno,Florida
LineaE:1129,LineaC:1094,195.45770110169786,208.0,Jose Maria Moreno,Constitucion
LineaE:1129,LineaC:1095,30.145148034722133,16.0,Jose Maria Moreno,San Juan
LineaE:1129,LineaC:1097,19.988991360188336,4.0,Jose Maria Moreno,Moreno
LineaE:1129,LineaC:1098,43.418596591686914,45.0,Jose Maria Moreno,Avenida de Mayo / Lima
LineaE:1129,LineaC:1100,41.94600089642388,25.0,Jose Maria Moreno,Lavalle
LineaE:1129,LineaC:1101,21.18418215406677,12.0,Jose Maria Moreno,General San Martin
LineaE:1129,LineaD:1103,38.437744259116855,45.0,Jose Maria Moreno,Congreso de Tucuman
LineaE:1129,LineaD:1104,27.62931282623424,16.0,Jose Maria Moreno,Juramento
LineaE:1129,LineaD:1105,22.513535469174695,16.0,Jose Maria Moreno,Jose Hernandez
LineaE:1129,LineaD:1106,16.34891284869576,2.0,Jose Maria Moreno,Olleros
LineaE:1129,LineaD:1107,12.398617762204573,24.0,Jose Maria Moreno,Ministro Carranza
LineaE:1129,LineaD:1108,23.636426622486162,16.0,Jose Maria Moreno,Palermo
LineaE:1129,LineaD:1109,32.55296916225734,14.0,Jose Maria Moreno,Plaza Italia
LineaE:1129,LineaD:1110,29.882985924969827,11.0,Jose Maria Moreno,Scalabrini Ortiz
LineaE:1129,LineaD:1111,31.200532240683074,42.0,Jose Maria Moreno,Bulnes
LineaE:1129,LineaD:1112,19.81589853876202,14.0,Jose Maria Moreno,Agüero
LineaE:1129,LineaD:1114,25.904508347202558,9.0,Jose Maria Moreno,Facultad de Medicina
LineaE:1129,LineaD:1115,50.673836917257965,41.0,Jose Maria Moreno,Callao [D]
LineaE:1129,LineaD:1116,53.27666244286297,64.0,Jose Maria Moreno,Tribunales
LineaE:1129,LineaD:1117,19.583337952942266,44.0,Jose Maria Moreno,9 de Julio / Carlos Pellegrini / Diagonal Norte
LineaE:1129,LineaE:1119,323.8428299073329,360.0,Jose Maria Moreno,Bolivar / Catedral / Peru
LineaE:1129,LineaE:1120,151.54276635344712,152.0,Jose Maria Moreno,Belgrano
LineaE:1129,LineaE:1121,399.720488786707,622.0,Jose Maria Moreno,Independencia
LineaE:1129,LineaE:1122,98.7206663871902,55.0,Jose Maria Moreno,San Jose
LineaE:1129,LineaE:1123,94.57139959825037,80.0,Jose Maria Moreno,Entre Rios
LineaE:1129,LineaE:1124,48.78933839489264,41.0,Jose Maria Moreno,Pichincha
LineaE:1129,LineaE:1126,87.56796348164184,70.0,Jose Maria Moreno,General Urquiza
LineaE:1129,LineaE:1127,77.11084924868932,79.0,Jose Maria Moreno,Boedo
LineaE:1129,LineaE:1128,22.573316349519004,19.0,Jose Maria Moreno,La Plata
LineaE:1129,LineaE:1130,56.028453155473244,38.0,Jose Maria Moreno,Emilio Mitre
LineaE:1129,LineaE:1131,40.58158037351257,43.0,Jose Maria Moreno,Medalla Milagrosa
LineaE:1129,LineaE:1132,50.15137915724771,50.0,Jose Maria Moreno,Varela
LineaE:1129,LineaE:1133,88.74718144823152,68.0,Jose Maria Moreno,Plaza de los Virreyes
LineaE:1129,LineaE:1164,245.51509160811727,202.0,Jose Maria Moreno,Retiro
LineaE:1129,LineaE:1165,227.4556395589658,224.0,Jose Maria Moreno,Catalinas
LineaE:1129,LineaE:1166,218.42810991389487,243.0,Jose Maria Moreno,Correo Central / Leandro N. Alem
LineaE:1129,LineaH:1134,18.860378717816825,14.0,Jose Maria Moreno,Hospitales
LineaE:1129,LineaH:1135,10.086320404394092,25.0,Jose Maria Moreno,Parque Patricios
LineaE:1129,LineaH:1136,21.43058443544567,17.0,Jose Maria Moreno,Caseros
LineaE:1129,LineaH:1137,25.979111587916822,9.0,Jose Maria Moreno,Inclan
LineaE:1129,LineaH:1138,81.04942688878114,48.0,Jose Maria Moreno,Humberto 1 / Jujuy
LineaE:1129,LineaH:1139,25.507681120265875,27.0,Jose Maria Moreno,Venezuela
LineaE:1129,LineaH:1140,40.05583980613618,42.0,Jose Maria Moreno,Once / Plaza Miserere
LineaE:1129,LineaH:1141,28.69460275374326,50.0,Jose Maria Moreno,Corrientes / Pueyrredon
LineaE:1129,LineaH:1160,96.14079302432069,94.0,Jose Maria Moreno,Cordoba
LineaE:1129,LineaH:1161,90.56693413066222,124.0,Jose Maria Moreno,Pueyrredon / Santa Fe
LineaE:1129,LineaH:1162,72.32545480890806,77.0,Jose Maria Moreno,Las Heras
LineaE:1129,LineaH:1163,23.75597415646526,23.0,Jose Maria Moreno,Facultad de Derecho
LineaE:1130,LineaA:1059,11.401497399136677,7.0,Emilio Mitre,San Pedrito
LineaE:1130,LineaA:1060,6.542874371996024,10.0,Emilio Mitre,San Jose de Flores
LineaE:1130,LineaA:1061,6.409777714632626,4.0,Emilio Mitre,Carabobo
LineaE:1130,LineaA:1062,8.820710046346615,10.0,Emilio Mitre,Puan
LineaE:1130,LineaA:1063,8.772323434294162,5.0,Emilio Mitre,Primera Junta
LineaE:1130,LineaA:1064,8.685990805395846,0.0,Emilio Mitre,Acoyte
LineaE:1130,LineaA:1065,15.42935844634783,9.0,Emilio Mitre,Rio de Janeiro
LineaE:1130,LineaA:1066,14.985952484618156,1.0,Emilio Mitre,Castro Barros
LineaE:1130,LineaA:1067,11.345866078801306,4.0,Emilio Mitre,Loria
LineaE:1130,LineaA:1069,11.108400338860427,9.0,Emilio Mitre,Alberti
LineaE:1130,LineaA:1070,9.942143401798562,5.0,Emilio Mitre,Pasco
LineaE:1130,LineaA:1071,42.183165899705365,32.0,Emilio Mitre,Congreso
LineaE:1130,LineaA:1072,17.508196596836807,18.0,Emilio Mitre,Saenz Peña
LineaE:1130,LineaA:1074,11.002041215668406,12.0,Emilio Mitre,Piedras
LineaE:1130,LineaA:1076,85.90148928114546,69.0,Emilio Mitre,Plaza de Mayo
LineaE:1130,LineaB:1077,17.801510016873557,26.0,Emilio Mitre,Juan Manuel de Rosas
LineaE:1130,LineaB:1078,6.132472305561928,5.0,Emilio Mitre,Echeverria
LineaE:1130,LineaB:1079,7.42066830522975,3.0,Emilio Mitre,De Los Incas - Parque Chas
LineaE:1130,LineaB:1080,11.275265646189691,9.0,Emilio Mitre,Tronador - Villa Ortuzar
LineaE:1130,LineaB:1081,12.698753163421303,11.0,Emilio Mitre,Federico Lacroze
LineaE:1130,LineaB:1082,12.310850469343842,14.0,Emilio Mitre,Dorrego
LineaE:1130,LineaB:1083,14.007371098022766,10.0,Emilio Mitre,angel Gallardo
LineaE:1130,LineaB:1084,12.752512069503293,13.0,Emilio Mitre,Malabia
LineaE:1130,LineaB:1085,7.429459898007807,13.0,Emilio Mitre,Medrano
LineaE:1130,LineaB:1086,15.230834074948882,12.0,Emilio Mitre,Carlos Gardel
LineaE:1130,LineaB:1088,10.285132249299359,12.0,Emilio Mitre,Pasteur
LineaE:1130,LineaB:1089,31.20338511862968,33.0,Emilio Mitre,Callao [B]
LineaE:1130,LineaB:1090,37.46701167945869,46.0,Emilio Mitre,Uruguay
LineaE:1130,LineaB:1092,36.90589436353609,43.0,Emilio Mitre,Florida
LineaE:1130,LineaC:1094,152.28888570346658,180.0,Emilio Mitre,Constitucion
LineaE:1130,LineaC:1095,16.576856304540517,17.0,Emilio Mitre,San Juan
LineaE:1130,LineaC:1097,23.683236414280803,10.0,Emilio Mitre,Moreno
LineaE:1130,LineaC:1098,38.534135879854205,29.0,Emilio Mitre,Avenida de Mayo / Lima
LineaE:1130,LineaC:1100,27.3529456098735,26.0,Emilio Mitre,Lavalle
LineaE:1130,LineaC:1101,28.832056775308207,14.0,Emilio Mitre,General San Martin
LineaE:1130,LineaD:1103,36.19686748810083,36.0,Emilio Mitre,Congreso de Tucuman
LineaE:1130,LineaD:1104,40.282450053868125,28.0,Emilio Mitre,Juramento
LineaE:1130,LineaD:1105,16.125082234621875,11.0,Emilio Mitre,Jose Hernandez
LineaE:1130,LineaD:1106,18.658052138615858,15.0,Emilio Mitre,Olleros
LineaE:1130,LineaD:1107,11.110026272557617,32.0,Emilio Mitre,Ministro Carranza
LineaE:1130,LineaD:1108,42.05618410671154,41.0,Emilio Mitre,Palermo
LineaE:1130,LineaD:1109,34.71371682512825,21.0,Emilio Mitre,Plaza Italia
LineaE:1130,LineaD:1110,31.201213324993184,18.0,Emilio Mitre,Scalabrini Ortiz
LineaE:1130,LineaD:1111,50.04217302632089,51.0,Emilio Mitre,Bulnes
LineaE:1130,LineaD:1112,14.957904182089397,6.0,Emilio Mitre,Agüero
LineaE:1130,LineaD:1114,41.12596766547584,13.0,Emilio Mitre,Facultad de Medicina
LineaE:1130,LineaD:1115,53.370681791959775,40.0,Emilio Mitre,Callao [D]
LineaE:1130,LineaD:1116,65.60832750357271,70.0,Emilio Mitre,Tribunales
LineaE:1130,LineaD:1117,29.611750552561364,68.0,Emilio Mitre,9 de Julio / Carlos Pellegrini / Diagonal Norte
LineaE:1130,LineaE:1119,366.04819482253293,449.0,Emilio Mitre,Bolivar / Catedral / Peru
LineaE:1130,LineaE:1120,129.6783337305372,149.0,Emilio Mitre,Belgrano
LineaE:1130,LineaE:1121,277.1974941804034,521.0,Emilio Mitre,Independencia
LineaE:1130,LineaE:1122,66.22771673669014,63.0,Emilio Mitre,San Jose
LineaE:1130,LineaE:1123,88.19805765455595,134.0,Emilio Mitre,Entre Rios
LineaE:1130,LineaE:1124,47.012142802568576,52.0,Emilio Mitre,Pichincha
LineaE:1130,LineaE:1126,76.86444588474959,76.0,Emilio Mitre,General Urquiza
LineaE:1130,LineaE:1127,110.87107118674899,103.0,Emilio Mitre,Boedo
LineaE:1130,LineaE:1128,75.37505522060691,92.0,Emilio Mitre,La Plata
LineaE:1130,LineaE:1129,50.622910830062196,37.0,Emilio Mitre,Jose Maria Moreno
LineaE:1130,LineaE:1131,22.74874396743643,11.0,Emilio Mitre,Medalla Milagrosa
LineaE:1130,LineaE:1132,37.62896627923295,19.0,Emilio Mitre,Varela
LineaE:1130,LineaE:1133,35.322449316332715,69.0,Emilio Mitre,Plaza de los Virreyes
LineaE:1130,LineaE:1164,300.0387431102401,217.0,Emilio Mitre,Retiro
LineaE:1130,LineaE:1165,196.8989256643692,214.0,Emilio Mitre,Catalinas
LineaE:1130,LineaE:1166,276.25560126665954,338.0,Emilio Mitre,Correo Central / Leandro N. Alem
LineaE:1130,LineaH:1134,26.374917832576553,30.0,Emilio Mitre,Hospitales
LineaE:1130,LineaH:1135,18.992450664197406,29.0,Emilio Mitre,Parque Patricios
LineaE:1130,LineaH:1136,28.73412576650648,19.0,Emilio Mitre,Caseros
LineaE:1130,LineaH:1137,29.724007120482362,19.0,Emilio Mitre,Inclan
LineaE:1130,LineaH:1138,65.73732472081701,63.0,Emilio Mitre,Humberto 1 / Jujuy
LineaE:1130,LineaH:1139,47.342236680992315,18.0,Emilio Mitre,Venezuela
LineaE:1130,LineaH:1140,47.182034264188864,48.0,Emilio Mitre,Once / Plaza Miserere
LineaE:1130,LineaH:1141,41.133257250650296,36.0,Emilio Mitre,Corrientes / Pueyrredon
LineaE:1130,LineaH:1160,85.97009707947971,67.0,Emilio Mitre,Cordoba
LineaE:1130,LineaH:1161,111.92000978529809,139.0,Emilio Mitre,Pueyrredon / Santa Fe
LineaE:1130,LineaH:1162,102.47226275303743,99.0,Emilio Mitre,Las Heras
LineaE:1130,LineaH:1163,24.979342360166854,26.0,Emilio Mitre,Facultad de Derecho
LineaE:1131,LineaA:1059,5.33690129180967,1.0,Medalla Milagrosa,San Pedrito
LineaE:1131,LineaA:1060,0.0,1.0,Medalla Milagrosa,San Jose de Flores
LineaE:1131,LineaA:1061,8.691012554232286,0.0,Medalla Milagrosa,Carabobo
LineaE:1131,LineaA:1062,1.2563479271804898,0.0,Medalla Milagrosa,Puan
LineaE:1131,LineaA:1063,1.253418966173874,1.0,Medalla Milagrosa,Primera Junta
LineaE:1131,LineaA:1064,0.0,3.0,Medalla Milagrosa,Acoyte
LineaE:1131,LineaA:1065,8.646467773806963,1.0,Medalla Milagrosa,Rio de Janeiro
LineaE:1131,LineaA:1066,3.710064328586175,0.0,Medalla Milagrosa,Castro Barros
LineaE:1131,LineaA:1067,7.46757172089604,4.0,Medalla Milagrosa,Loria
LineaE:1131,LineaA:1069,3.7458413368846686,5.0,Medalla Milagrosa,Alberti
LineaE:1131,LineaA:1070,8.623634793354332,0.0,Medalla Milagrosa,Pasco
LineaE:1131,LineaA:1071,17.39326457042144,6.0,Medalla Milagrosa,Congreso
LineaE:1131,LineaA:1072,14.977497112754685,18.0,Medalla Milagrosa,Saenz Peña
LineaE:1131,LineaA:1074,9.77173211975776,4.0,Medalla Milagrosa,Piedras
LineaE:1131,LineaA:1076,43.01136157191818,24.0,Medalla Milagrosa,Plaza de Mayo
LineaE:1131,LineaB:1077,6.113483988613588,5.0,Medalla Milagrosa,Juan Manuel de Rosas
LineaE:1131,LineaB:1078,2.485195277769376,0.0,Medalla Milagrosa,Echeverria
LineaE:1131,LineaB:1080,2.5073642754190653,0.0,Medalla Milagrosa,Tronador - Villa Ortuzar
LineaE:1131,LineaB:1081,7.340233019843423,0.0,Medalla Milagrosa,Federico Lacroze
LineaE:1131,LineaB:1082,3.72984865435476,5.0,Medalla Milagrosa,Dorrego
LineaE:1131,LineaB:1083,2.55546561518094,6.0,Medalla Milagrosa,angel Gallardo
LineaE:1131,LineaB:1084,8.935562042050233,2.0,Medalla Milagrosa,Malabia
LineaE:1131,LineaB:1085,7.527094947255501,3.0,Medalla Milagrosa,Medrano
LineaE:1131,LineaB:1086,7.490129756440666,1.0,Medalla Milagrosa,Carlos Gardel
LineaE:1131,LineaB:1088,3.7330518403826103,1.0,Medalla Milagrosa,Pasteur
LineaE:1131,LineaB:1089,13.554260382548593,26.0,Medalla Milagrosa,Callao [B]
LineaE:1131,LineaB:1090,15.979391116691897,15.0,Medalla Milagrosa,Uruguay
LineaE:1131,LineaB:1092,13.563745674950727,14.0,Medalla Milagrosa,Florida
LineaE:1131,LineaC:1094,69.67069725755846,93.0,Medalla Milagrosa,Constitucion
LineaE:1131,LineaC:1095,16.013585899144537,0.0,Medalla Milagrosa,San Juan
LineaE:1131,LineaC:1097,8.791414323550924,0.0,Medalla Milagrosa,Moreno
LineaE:1131,LineaC:1098,19.903515941757234,7.0,Medalla Milagrosa,Avenida de Mayo / Lima
LineaE:1131,LineaC:1100,14.702311785416725,21.0,Medalla Milagrosa,Lavalle
LineaE:1131,LineaC:1101,8.602043187068404,5.0,Medalla Milagrosa,General San Martin
LineaE:1131,LineaD:1103,22.458250157748992,8.0,Medalla Milagrosa,Congreso de Tucuman
LineaE:1131,LineaD:1104,16.022137524959437,6.0,Medalla Milagrosa,Juramento
LineaE:1131,LineaD:1105,4.952303273281443,5.0,Medalla Milagrosa,Jose Hernandez
LineaE:1131,LineaD:1106,9.871107167675653,12.0,Medalla Milagrosa,Olleros
LineaE:1131,LineaD:1107,11.057122671822027,5.0,Medalla Milagrosa,Ministro Carranza
LineaE:1131,LineaD:1108,29.70900375706151,17.0,Medalla Milagrosa,Palermo
LineaE:1131,LineaD:1109,18.486618330517153,6.0,Medalla Milagrosa,Plaza Italia
LineaE:1131,LineaD:1110,16.444330243842618,16.0,Medalla Milagrosa,Scalabrini Ortiz
LineaE:1131,LineaD:1111,22.471967682363267,25.0,Medalla Milagrosa,Bulnes
LineaE:1131,LineaD:1112,13.876780065443638,3.0,Medalla Milagrosa,Agüero
LineaE:1131,LineaD:1114,13.952563051479066,0.0,Medalla Milagrosa,Facultad de Medicina
LineaE:1131,LineaD:1115,27.570838602050415,17.0,Medalla Milagrosa,Callao [D]
LineaE:1131,LineaD:1116,24.690860728267218,25.0,Medalla Milagrosa,Tribunales
LineaE:1131,LineaD:1117,17.323669958396007,22.0,Medalla Milagrosa,9 de Julio / Carlos Pellegrini / Diagonal Norte
LineaE:1131,LineaE:1119,150.489924389549,179.0,Medalla Milagrosa,Bolivar / Catedral / Peru
LineaE:1131,LineaE:1120,49.166391720284544,70.0,Medalla Milagrosa,Belgrano
LineaE:1131,LineaE:1121,132.3740638679169,213.0,Medalla Milagrosa,Independencia
LineaE:1131,LineaE:1122,29.67737047888064,21.0,Medalla Milagrosa,San Jose
LineaE:1131,LineaE:1123,41.75012945002487,42.0,Medalla Milagrosa,Entre Rios
LineaE:1131,LineaE:1124,18.82408407419074,21.0,Medalla Milagrosa,Pichincha
LineaE:1131,LineaE:1126,45.484991721775835,35.0,Medalla Milagrosa,General Urquiza
LineaE:1131,LineaE:1127,48.16009521878177,52.0,Medalla Milagrosa,Boedo
LineaE:1131,LineaE:1128,68.18901118413402,29.0,Medalla Milagrosa,La Plata
LineaE:1131,LineaE:1129,34.3859127703188,31.0,Medalla Milagrosa,Jose Maria Moreno
LineaE:1131,LineaE:1130,17.734608419694755,12.0,Medalla Milagrosa,Emilio Mitre
LineaE:1131,LineaE:1132,17.831271613659357,1.0,Medalla Milagrosa,Varela
LineaE:1131,LineaE:1133,16.688159593025013,21.0,Medalla Milagrosa,Plaza de los Virreyes
LineaE:1131,LineaE:1164,113.9707586527132,90.0,Medalla Milagrosa,Retiro
LineaE:1131,LineaE:1165,55.51552642823295,87.0,Medalla Milagrosa,Catalinas
LineaE:1131,LineaE:1166,114.7384270893235,164.0,Medalla Milagrosa,Correo Central / Leandro N. Alem
LineaE:1131,LineaH:1134,9.056940519732038,10.0,Medalla Milagrosa,Hospitales
LineaE:1131,LineaH:1135,7.385088112691911,17.0,Medalla Milagrosa,Parque Patricios
LineaE:1131,LineaH:1136,11.147308890455678,1.0,Medalla Milagrosa,Caseros
LineaE:1131,LineaH:1137,6.498041760545693,0.0,Medalla Milagrosa,Inclan
LineaE:1131,LineaH:1138,34.991479288560114,34.0,Medalla Milagrosa,Humberto 1 / Jujuy
LineaE:1131,LineaH:1139,12.53977230747465,8.0,Medalla Milagrosa,Venezuela
LineaE:1131,LineaH:1140,25.125261731379243,6.0,Medalla Milagrosa,Once / Plaza Miserere
LineaE:1131,LineaH:1141,22.547060303349653,35.0,Medalla Milagrosa,Corrientes / Pueyrredon
LineaE:1131,LineaH:1160,44.601552672769394,29.0,Medalla Milagrosa,Cordoba
LineaE:1131,LineaH:1161,43.3261929194829,39.0,Medalla Milagrosa,Pueyrredon / Santa Fe
LineaE:1131,LineaH:1162,42.33080776142771,25.0,Medalla Milagrosa,Las Heras
LineaE:1131,LineaH:1163,6.218565466632646,3.0,Medalla Milagrosa,Facultad de Derecho
LineaE:1132,LineaA:1059,3.795310619904146,0.0,Varela,San Pedrito
LineaE:1132,LineaA:1060,7.750411387954096,5.0,Varela,San Jose de Flores
LineaE:1132,LineaA:1061,11.154142505983739,4.0,Varela,Carabobo
LineaE:1132,LineaA:1062,1.25492483495506,0.0,Varela,Puan
LineaE:1132,LineaA:1063,7.296958413213929,2.0,Varela,Primera Junta
LineaE:1132,LineaA:1064,4.926715205978487,4.0,Varela,Acoyte
LineaE:1132,LineaA:1065,5.152489130637844,0.0,Varela,Rio de Janeiro
LineaE:1132,LineaA:1066,6.106281143862343,0.0,Varela,Castro Barros
LineaE:1132,LineaA:1067,8.719248421917861,0.0,Varela,Loria
LineaE:1132,LineaA:1069,4.981683793645614,0.0,Varela,Alberti
LineaE:1132,LineaA:1070,12.448849334748834,0.0,Varela,Pasco
LineaE:1132,LineaA:1071,22.515667665871558,25.0,Varela,Congreso
LineaE:1132,LineaA:1072,11.018644932947492,18.0,Varela,Saenz Peña
LineaE:1132,LineaA:1074,16.014782906907023,4.0,Varela,Piedras
LineaE:1132,LineaA:1076,47.00275184333897,27.0,Varela,Plaza de Mayo
LineaE:1132,LineaB:1077,12.3624110216428,4.0,Varela,Juan Manuel de Rosas
LineaE:1132,LineaB:1078,1.2288473505888862,0.0,Varela,Echeverria
LineaE:1132,LineaB:1079,2.5167715108220494,0.0,Varela,De Los Incas - Parque Chas
LineaE:1132,LineaB:1080,2.4752906219846533,0.0,Varela,Tronador - Villa Ortuzar
LineaE:1132,LineaB:1081,23.561502966942893,9.0,Varela,Federico Lacroze
LineaE:1132,LineaB:1082,6.210551103168885,10.0,Varela,Dorrego
LineaE:1132,LineaB:1083,5.126426860012008,1.0,Varela,angel Gallardo
LineaE:1132,LineaB:1084,8.835923058750168,4.0,Varela,Malabia
LineaE:1132,LineaB:1085,12.63242890385967,2.0,Varela,Medrano
LineaE:1132,LineaB:1086,9.90368359017454,5.0,Varela,Carlos Gardel
LineaE:1132,LineaB:1088,7.451469352000986,5.0,Varela,Pasteur
LineaE:1132,LineaB:1089,14.99580973658197,12.0,Varela,Callao [B]
LineaE:1132,LineaB:1090,19.80498000855698,28.0,Varela,Uruguay
LineaE:1132,LineaB:1092,14.751121154296627,6.0,Varela,Florida
LineaE:1132,LineaC:1094,84.20714776571744,111.0,Varela,Constitucion
LineaE:1132,LineaC:1095,13.802109452248152,6.0,Varela,San Juan
LineaE:1132,LineaC:1097,20.16919829517015,0.0,Varela,Moreno
LineaE:1132,LineaC:1098,9.910711239845638,3.0,Varela,Avenida de Mayo / Lima
LineaE:1132,LineaC:1100,21.184048572037234,18.0,Varela,Lavalle
LineaE:1132,LineaC:1101,8.737267291069827,4.0,Varela,General San Martin
LineaE:1132,LineaD:1103,33.250980366077314,29.0,Varela,Congreso de Tucuman
LineaE:1132,LineaD:1104,16.246873035337874,5.0,Varela,Juramento
LineaE:1132,LineaD:1105,9.881750423631372,8.0,Varela,Jose Hernandez
LineaE:1132,LineaD:1106,18.78972524553496,8.0,Varela,Olleros
LineaE:1132,LineaD:1107,12.375666987047698,6.0,Varela,Ministro Carranza
LineaE:1132,LineaD:1108,24.77836940973938,9.0,Varela,Palermo
LineaE:1132,LineaD:1109,31.104859423332123,10.0,Varela,Plaza Italia
LineaE:1132,LineaD:1110,22.45236435991304,1.0,Varela,Scalabrini Ortiz
LineaE:1132,LineaD:1111,38.83918420129329,15.0,Varela,Bulnes
LineaE:1132,LineaD:1112,7.425035888957172,10.0,Varela,Agüero
LineaE:1132,LineaD:1114,32.28471104535524,0.0,Varela,Facultad de Medicina
LineaE:1132,LineaD:1115,29.78798444402485,14.0,Varela,Callao [D]
LineaE:1132,LineaD:1116,27.27756788926682,32.0,Varela,Tribunales
LineaE:1132,LineaD:1117,18.636838349295356,21.0,Varela,9 de Julio / Carlos Pellegrini / Diagonal Norte
LineaE:1132,LineaE:1119,199.64162874690996,200.0,Varela,Bolivar / Catedral / Peru
LineaE:1132,LineaE:1120,58.779364098693854,58.0,Varela,Belgrano
LineaE:1132,LineaE:1121,117.82128863001756,166.0,Varela,Independencia
LineaE:1132,LineaE:1122,19.986680024534394,13.0,Varela,San Jose
LineaE:1132,LineaE:1123,39.54773491095276,60.0,Varela,Entre Rios
LineaE:1132,LineaE:1124,23.62622182135368,20.0,Varela,Pichincha
LineaE:1132,LineaE:1126,38.614788636061554,18.0,Varela,General Urquiza
LineaE:1132,LineaE:1127,46.14238437118376,23.0,Varela,Boedo
LineaE:1132,LineaE:1128,54.65327980126103,30.0,Varela,La Plata
LineaE:1132,LineaE:1129,34.88494654680819,41.0,Varela,Jose Maria Moreno
LineaE:1132,LineaE:1130,29.990867896915983,25.0,Varela,Emilio Mitre
LineaE:1132,LineaE:1131,11.264744642854321,4.0,Varela,Medalla Milagrosa
LineaE:1132,LineaE:1164,182.78092729689953,117.0,Varela,Retiro
LineaE:1132,LineaE:1165,82.41381522819819,75.0,Varela,Catalinas
LineaE:1132,LineaE:1166,129.86353324947245,135.0,Varela,Correo Central / Leandro N. Alem
LineaE:1132,LineaH:1134,4.99496217112374,8.0,Varela,Hospitales
LineaE:1132,LineaH:1135,9.851195951873496,12.0,Varela,Parque Patricios
LineaE:1132,LineaH:1136,10.010025935001712,4.0,Varela,Caseros
LineaE:1132,LineaH:1137,12.38478515114489,4.0,Varela,Inclan
LineaE:1132,LineaH:1138,24.906293564972202,17.0,Varela,Humberto 1 / Jujuy
LineaE:1132,LineaH:1139,18.854956682002868,5.0,Varela,Venezuela
LineaE:1132,LineaH:1140,35.13434217037762,18.0,Varela,Once / Plaza Miserere
LineaE:1132,LineaH:1141,27.181526344056458,24.0,Varela,Corrientes / Pueyrredon
LineaE:1132,LineaH:1160,48.46508876928587,30.0,Varela,Cordoba
LineaE:1132,LineaH:1161,46.69902354170866,41.0,Varela,Pueyrredon / Santa Fe
LineaE:1132,LineaH:1162,44.7892284018767,57.0,Varela,Las Heras
LineaE:1132,LineaH:1163,4.968680397715962,23.0,Varela,Facultad de Derecho
LineaE:1133,LineaA:1059,27.427577767819738,8.0,Plaza de los Virreyes,San Pedrito
LineaE:1133,LineaA:1060,21.104023202459295,0.0,Plaza de los Virreyes,San Jose de Flores
LineaE:1133,LineaA:1061,14.799224368628217,0.0,Plaza de los Virreyes,Carabobo
LineaE:1133,LineaA:1062,8.714547671627928,1.0,Plaza de los Virreyes,Puan
LineaE:1133,LineaA:1063,13.612334627543248,7.0,Plaza de los Virreyes,Primera Junta
LineaE:1133,LineaA:1064,24.896301083231602,8.0,Plaza de los Virreyes,Acoyte
LineaE:1133,LineaA:1065,28.564872697372465,6.0,Plaza de los Virreyes,Rio de Janeiro
LineaE:1133,LineaA:1066,19.92074673031795,13.0,Plaza de los Virreyes,Castro Barros
LineaE:1133,LineaA:1067,33.31190816486305,16.0,Plaza de los Virreyes,Loria
LineaE:1133,LineaA:1069,31.479312540118357,16.0,Plaza de los Virreyes,Alberti
LineaE:1133,LineaA:1070,37.19542301924935,1.0,Plaza de los Virreyes,Pasco
LineaE:1133,LineaA:1071,89.2980313763431,66.0,Plaza de los Virreyes,Congreso
LineaE:1133,LineaA:1072,38.36476932820026,50.0,Plaza de los Virreyes,Saenz Peña
LineaE:1133,LineaA:1074,60.21816238812595,59.0,Plaza de los Virreyes,Piedras
LineaE:1133,LineaA:1076,212.78570278809022,102.0,Plaza de los Virreyes,Plaza de Mayo
LineaE:1133,LineaB:1077,26.159759155932196,47.0,Plaza de los Virreyes,Juan Manuel de Rosas
LineaE:1133,LineaB:1078,4.970261337758892,5.0,Plaza de los Virreyes,Echeverria
LineaE:1133,LineaB:1079,8.635957703944221,11.0,Plaza de los Virreyes,De Los Incas - Parque Chas
LineaE:1133,LineaB:1080,25.99335586716311,16.0,Plaza de los Virreyes,Tronador - Villa Ortuzar
LineaE:1133,LineaB:1081,38.29929045191206,44.0,Plaza de los Virreyes,Federico Lacroze
LineaE:1133,LineaB:1082,40.950679390093775,42.0,Plaza de los Virreyes,Dorrego
LineaE:1133,LineaB:1083,38.48627873167829,48.0,Plaza de los Virreyes,angel Gallardo
LineaE:1133,LineaB:1084,44.71153925862349,50.0,Plaza de los Virreyes,Malabia
LineaE:1133,LineaB:1085,65.9061374676678,84.0,Plaza de los Virreyes,Medrano
LineaE:1133,LineaB:1086,48.64184298353182,92.0,Plaza de los Virreyes,Carlos Gardel
LineaE:1133,LineaB:1088,39.64994792351585,46.0,Plaza de los Virreyes,Pasteur
LineaE:1133,LineaB:1089,48.4302539053699,66.0,Plaza de los Virreyes,Callao [B]
LineaE:1133,LineaB:1090,86.44792928283115,94.0,Plaza de los Virreyes,Uruguay
LineaE:1133,LineaB:1092,47.926177190585825,91.0,Plaza de los Virreyes,Florida
LineaE:1133,LineaC:1094,285.2192492236922,320.0,Plaza de los Virreyes,Constitucion
LineaE:1133,LineaC:1095,45.65414451821908,54.0,Plaza de los Virreyes,San Juan
LineaE:1133,LineaC:1097,65.98305743203665,27.0,Plaza de los Virreyes,Moreno
LineaE:1133,LineaC:1098,103.01786480932539,68.0,Plaza de los Virreyes,Avenida de Mayo / Lima
LineaE:1133,LineaC:1100,71.66772113062588,91.0,Plaza de los Virreyes,Lavalle
LineaE:1133,LineaC:1101,74.48700501672121,51.0,Plaza de los Virreyes,General San Martin
LineaE:1133,LineaD:1103,83.32370313444149,85.0,Plaza de los Virreyes,Congreso de Tucuman
LineaE:1133,LineaD:1104,84.5138786920096,87.0,Plaza de los Virreyes,Juramento
LineaE:1133,LineaD:1105,61.74526868452031,41.0,Plaza de los Virreyes,Jose Hernandez
LineaE:1133,LineaD:1106,78.0647686924511,57.0,Plaza de los Virreyes,Olleros
LineaE:1133,LineaD:1107,69.3376079269219,79.0,Plaza de los Virreyes,Ministro Carranza
LineaE:1133,LineaD:1108,117.931603238524,115.0,Plaza de los Virreyes,Palermo
LineaE:1133,LineaD:1109,168.39548173644516,80.0,Plaza de los Virreyes,Plaza Italia
LineaE:1133,LineaD:1110,88.46015390723457,85.0,Plaza de los Virreyes,Scalabrini Ortiz
LineaE:1133,LineaD:1111,109.05460263406837,104.0,Plaza de los Virreyes,Bulnes
LineaE:1133,LineaD:1112,43.44416879519156,77.0,Plaza de los Virreyes,Agüero
LineaE:1133,LineaD:1114,146.1394636280984,76.0,Plaza de los Virreyes,Facultad de Medicina
LineaE:1133,LineaD:1115,116.1991661528599,99.0,Plaza de los Virreyes,Callao [D]
LineaE:1133,LineaD:1116,98.67682569418145,107.0,Plaza de los Virreyes,Tribunales
LineaE:1133,LineaD:1117,87.92191173031932,157.0,Plaza de los Virreyes,9 de Julio / Carlos Pellegrini / Diagonal Norte
LineaE:1133,LineaE:1119,670.8688676427912,830.0,Plaza de los Virreyes,Bolivar / Catedral / Peru
LineaE:1133,LineaE:1120,242.55230942726038,322.0,Plaza de los Virreyes,Belgrano
LineaE:1133,LineaE:1121,383.5912051639043,692.0,Plaza de los Virreyes,Independencia
LineaE:1133,LineaE:1122,108.34491622555451,88.0,Plaza de los Virreyes,San Jose
LineaE:1133,LineaE:1123,175.10389664009884,168.0,Plaza de los Virreyes,Entre Rios
LineaE:1133,LineaE:1124,74.84007398716655,108.0,Plaza de los Virreyes,Pichincha
LineaE:1133,LineaE:1126,113.46247219719919,80.0,Plaza de los Virreyes,General Urquiza
LineaE:1133,LineaE:1127,166.92386816571377,115.0,Plaza de los Virreyes,Boedo
LineaE:1133,LineaE:1128,104.73133488811317,75.0,Plaza de los Virreyes,La Plata
LineaE:1133,LineaE:1129,148.12140663253493,73.0,Plaza de los Virreyes,Jose Maria Moreno
LineaE:1133,LineaE:1130,46.4684588007624,84.0,Plaza de los Virreyes,Emilio Mitre
LineaE:1133,LineaE:1131,43.57978304299417,20.0,Plaza de los Virreyes,Medalla Milagrosa
LineaE:1133,LineaE:1164,549.7883328449122,472.0,Plaza de los Virreyes,Retiro
LineaE:1133,LineaE:1165,280.49003673188656,363.0,Plaza de los Virreyes,Catalinas
LineaE:1133,LineaE:1166,383.76906932629856,569.0,Plaza de los Virreyes,Correo Central / Leandro N. Alem
LineaE:1133,LineaH:1134,24.592830154958445,20.0,Plaza de los Virreyes,Hospitales
LineaE:1133,LineaH:1135,29.86005228530189,38.0,Plaza de los Virreyes,Parque Patricios
LineaE:1133,LineaH:1136,39.01575337480414,35.0,Plaza de los Virreyes,Caseros
LineaE:1133,LineaH:1137,35.119468157903654,21.0,Plaza de los Virreyes,Inclan
LineaE:1133,LineaH:1138,116.7968075510074,134.0,Plaza de los Virreyes,Humberto 1 / Jujuy
LineaE:1133,LineaH:1139,95.27631390966016,38.0,Plaza de los Virreyes,Venezuela
LineaE:1133,LineaH:1140,153.29938107456226,162.0,Plaza de los Virreyes,Once / Plaza Miserere
LineaE:1133,LineaH:1141,142.61205784243666,172.0,Plaza de los Virreyes,Corrientes / Pueyrredon
LineaE:1133,LineaH:1160,235.52381059085394,199.0,Plaza de los Virreyes,Cordoba
LineaE:1133,LineaH:1161,237.05082019985795,263.0,Plaza de los Virreyes,Pueyrredon / Santa Fe
LineaE:1133,LineaH:1162,257.03506976747906,262.0,Plaza de los Virreyes,Las Heras
LineaE:1133,LineaH:1163,66.74373277995096,111.0,Plaza de los Virreyes,Facultad de Derecho
LineaE:1164,LineaA:1059,210.22132567716247,571.0,Retiro,San Pedrito
LineaE:1164,LineaA:1060,360.01991531683734,227.0,Retiro,San Jose de Flores
LineaE:1164,LineaA:1061,154.73345582091946,143.0,Retiro,Carabobo
LineaE:1164,LineaA:1062,132.30706468981532,131.0,Retiro,Puan
LineaE:1164,LineaA:1063,199.81449832035474,212.0,Retiro,Primera Junta
LineaE:1164,LineaA:1064,147.85473333265813,249.0,Retiro,Acoyte
LineaE:1164,LineaA:1065,160.38198908416422,179.0,Retiro,Rio de Janeiro
LineaE:1164,LineaA:1066,128.68494551248025,193.0,Retiro,Castro Barros
LineaE:1164,LineaA:1067,116.64422556655173,167.0,Retiro,Loria
LineaE:1164,LineaA:1069,36.727119691289445,30.0,Retiro,Alberti
LineaE:1164,LineaA:1070,94.4063516590631,120.0,Retiro,Pasco
LineaE:1164,LineaA:1071,263.6991904922583,342.0,Retiro,Congreso
LineaE:1164,LineaA:1072,130.1758606885474,210.0,Retiro,Saenz Peña
LineaE:1164,LineaA:1074,39.79906702913193,67.0,Retiro,Piedras
LineaE:1164,LineaA:1076,117.75274438316808,67.0,Retiro,Plaza de Mayo
LineaE:1164,LineaB:1077,92.12341054648172,41.0,Retiro,Juan Manuel de Rosas
LineaE:1164,LineaB:1078,25.23630667665236,15.0,Retiro,Echeverria
LineaE:1164,LineaB:1079,53.79158535728875,86.0,Retiro,De Los Incas - Parque Chas
LineaE:1164,LineaB:1080,32.62984452139758,50.0,Retiro,Tronador - Villa Ortuzar
LineaE:1164,LineaB:1081,134.55259317870414,131.0,Retiro,Federico Lacroze
LineaE:1164,LineaB:1082,45.43352307044145,35.0,Retiro,Dorrego
LineaE:1164,LineaB:1083,148.50156332866158,217.0,Retiro,angel Gallardo
LineaE:1164,LineaB:1084,108.9772814063738,132.0,Retiro,Malabia
LineaE:1164,LineaB:1085,152.88847769523105,183.0,Retiro,Medrano
LineaE:1164,LineaB:1086,98.63914539823331,160.0,Retiro,Carlos Gardel
LineaE:1164,LineaB:1088,90.11387019556665,113.0,Retiro,Pasteur
LineaE:1164,LineaB:1089,140.16507382694058,175.0,Retiro,Callao [B]
LineaE:1164,LineaB:1090,108.39731883735263,136.0,Retiro,Uruguay
LineaE:1164,LineaB:1092,132.39512576216728,194.0,Retiro,Florida
LineaE:1164,LineaC:1094,9874.056726518138,8940.0,Retiro,Constitucion
LineaE:1164,LineaC:1095,405.22023272385445,534.0,Retiro,San Juan
LineaE:1164,LineaC:1097,798.0819487339462,1049.0,Retiro,Moreno
LineaE:1164,LineaC:1098,606.2029095651853,892.0,Retiro,Avenida de Mayo / Lima
LineaE:1164,LineaC:1100,491.7097433176267,788.0,Retiro,Lavalle
LineaE:1164,LineaC:1101,0.0,135.0,Retiro,General San Martin
LineaE:1164,LineaD:1103,140.79365506373503,78.0,Retiro,Congreso de Tucuman
LineaE:1164,LineaD:1104,174.93528836551843,34.0,Retiro,Juramento
LineaE:1164,LineaD:1105,36.36251298280423,31.0,Retiro,Jose Hernandez
LineaE:1164,LineaD:1106,47.61523236209757,27.0,Retiro,Olleros
LineaE:1164,LineaD:1107,50.31571323044567,25.0,Retiro,Ministro Carranza
LineaE:1164,LineaD:1108,67.59814471905123,47.0,Retiro,Palermo
LineaE:1164,LineaD:1109,106.52614826851041,51.0,Retiro,Plaza Italia
LineaE:1164,LineaD:1110,79.50913911413095,93.0,Retiro,Scalabrini Ortiz
LineaE:1164,LineaD:1111,55.45464766701392,107.0,Retiro,Bulnes
LineaE:1164,LineaD:1112,36.06112555361617,57.0,Retiro,Agüero
LineaE:1164,LineaD:1114,149.5313189481403,121.0,Retiro,Facultad de Medicina
LineaE:1164,LineaD:1115,145.0854826311512,133.0,Retiro,Callao [D]
LineaE:1164,LineaD:1116,165.41581149716924,106.0,Retiro,Tribunales
LineaE:1164,LineaD:1117,376.2916083699988,1411.0,Retiro,9 de Julio / Carlos Pellegrini / Diagonal Norte
LineaE:1164,LineaE:1119,736.340394238687,921.0,Retiro,Bolivar / Catedral / Peru
LineaE:1164,LineaE:1120,187.20194216184316,216.0,Retiro,Belgrano
LineaE:1164,LineaE:1121,1501.9251782636138,2685.0,Retiro,Independencia
LineaE:1164,LineaE:1122,297.6845435836422,152.0,Retiro,San Jose
LineaE:1164,LineaE:1123,228.19221260499367,227.0,Retiro,Entre Rios
LineaE:1164,LineaE:1124,109.01626952667092,167.0,Retiro,Pichincha
LineaE:1164,LineaE:1126,166.5155361983405,222.0,Retiro,General Urquiza
LineaE:1164,LineaE:1127,233.31489020900105,274.0,Retiro,Boedo
LineaE:1164,LineaE:1128,240.83823923644348,343.0,Retiro,La Plata
LineaE:1164,LineaE:1129,207.00139558007027,231.0,Retiro,Jose Maria Moreno
LineaE:1164,LineaE:1130,219.56161865794635,230.0,Retiro,Emilio Mitre
LineaE:1164,LineaE:1131,109.24470732912275,105.0,Retiro,Medalla Milagrosa
LineaE:1164,LineaE:1132,254.36159372715932,142.0,Retiro,Varela
LineaE:1164,LineaE:1133,227.83016114639543,463.0,Retiro,Plaza de los Virreyes
LineaE:1164,LineaE:1165,59.078896084897075,46.0,Retiro,Catalinas
LineaE:1164,LineaE:1166,285.7540122867041,487.0,Retiro,Correo Central / Leandro N. Alem
LineaE:1164,LineaH:1134,103.63827296083878,107.0,Retiro,Hospitales
LineaE:1164,LineaH:1135,105.51844190897742,123.0,Retiro,Parque Patricios
LineaE:1164,LineaH:1136,65.504583697096,69.0,Retiro,Caseros
LineaE:1164,LineaH:1137,57.92140685133409,48.0,Retiro,Inclan
LineaE:1164,LineaH:1138,170.6516999775278,229.0,Retiro,Humberto 1 / Jujuy
LineaE:1164,LineaH:1139,64.69235948868588,53.0,Retiro,Venezuela
LineaE:1164,LineaH:1140,620.4811206397012,573.0,Retiro,Once / Plaza Miserere
LineaE:1164,LineaH:1141,117.91644990860263,119.0,Retiro,Corrientes / Pueyrredon
LineaE:1164,LineaH:1160,52.532506021464165,22.0,Retiro,Cordoba
LineaE:1164,LineaH:1161,85.08860828166812,79.0,Retiro,Pueyrredon / Santa Fe
LineaE:1164,LineaH:1162,30.7358345313909,29.0,Retiro,Las Heras
LineaE:1164,LineaH:1163,39.36600455773716,23.0,Retiro,Facultad de Derecho
LineaE:1165,LineaA:1059,93.22124180525466,212.0,Catalinas,San Pedrito
LineaE:1165,LineaA:1060,72.35612362955624,91.0,Catalinas,San Jose de Flores
LineaE:1165,LineaA:1061,74.80072341075376,98.0,Catalinas,Carabobo
LineaE:1165,LineaA:1062,58.52155018277246,67.0,Catalinas,Puan
LineaE:1165,LineaA:1063,115.72062286145278,119.0,Catalinas,Primera Junta
LineaE:1165,LineaA:1064,92.02765494059096,107.0,Catalinas,Acoyte
LineaE:1165,LineaA:1065,88.15206829413916,73.0,Catalinas,Rio de Janeiro
LineaE:1165,LineaA:1066,53.25549643310563,32.0,Catalinas,Castro Barros
LineaE:1165,LineaA:1067,26.61357834865819,28.0,Catalinas,Loria
LineaE:1165,LineaA:1069,1.348399100705481,0.0,Catalinas,Alberti
LineaE:1165,LineaA:1070,12.855869377399875,13.0,Catalinas,Pasco
LineaE:1165,LineaA:1071,16.45883691554002,16.0,Catalinas,Congreso
LineaE:1165,LineaA:1072,15.228560929154442,10.0,Catalinas,Saenz Peña
LineaE:1165,LineaA:1074,7.5162542893543245,12.0,Catalinas,Piedras
LineaE:1165,LineaA:1076,15.138972312805617,0.0,Catalinas,Plaza de Mayo
LineaE:1165,LineaB:1077,62.36288705134317,112.0,Catalinas,Juan Manuel de Rosas
LineaE:1165,LineaB:1078,39.71378649015144,48.0,Catalinas,Echeverria
LineaE:1165,LineaB:1079,35.487665865227896,32.0,Catalinas,De Los Incas - Parque Chas
LineaE:1165,LineaB:1080,21.309097805495597,16.0,Catalinas,Tronador - Villa Ortuzar
LineaE:1165,LineaB:1081,87.10847812303035,112.0,Catalinas,Federico Lacroze
LineaE:1165,LineaB:1082,42.282858910051054,22.0,Catalinas,Dorrego
LineaE:1165,LineaB:1083,56.987196942309204,75.0,Catalinas,angel Gallardo
LineaE:1165,LineaB:1084,65.9125363951146,94.0,Catalinas,Malabia
LineaE:1165,LineaB:1085,51.98965232081451,56.0,Catalinas,Medrano
LineaE:1165,LineaB:1086,22.74101659317932,24.0,Catalinas,Carlos Gardel
LineaE:1165,LineaB:1088,12.84392165561227,6.0,Catalinas,Pasteur
LineaE:1165,LineaB:1089,21.291230500893292,16.0,Catalinas,Callao [B]
LineaE:1165,LineaB:1090,10.049370727723673,12.0,Catalinas,Uruguay
LineaE:1165,LineaB:1092,3.754018334776828,0.0,Catalinas,Florida
LineaE:1165,LineaC:1094,176.69527462049155,234.0,Catalinas,Constitucion
LineaE:1165,LineaC:1095,13.957930408113002,8.0,Catalinas,San Juan
LineaE:1165,LineaC:1097,9.993861817173494,4.0,Catalinas,Moreno
LineaE:1165,LineaC:1098,8.7957441700631,4.0,Catalinas,Avenida de Mayo / Lima
LineaE:1165,LineaC:1100,1.2288473505888862,0.0,Catalinas,Lavalle
LineaE:1165,LineaC:1101,3.75461542395428,0.0,Catalinas,General San Martin
LineaE:1165,LineaD:1103,57.043829223093226,79.0,Catalinas,Congreso de Tucuman
LineaE:1165,LineaD:1104,38.3704815542009,21.0,Catalinas,Juramento
LineaE:1165,LineaD:1105,27.051752309601117,27.0,Catalinas,Jose Hernandez
LineaE:1165,LineaD:1106,26.488295692588444,32.0,Catalinas,Olleros
LineaE:1165,LineaD:1107,21.463881802991118,9.0,Catalinas,Ministro Carranza
LineaE:1165,LineaD:1108,34.268962396527,24.0,Catalinas,Palermo
LineaE:1165,LineaD:1109,51.58391175866039,22.0,Catalinas,Plaza Italia
LineaE:1165,LineaD:1110,34.25858164306114,13.0,Catalinas,Scalabrini Ortiz
LineaE:1165,LineaD:1111,42.14713678208447,28.0,Catalinas,Bulnes
LineaE:1165,LineaD:1112,10.06342216810528,13.0,Catalinas,Agüero
LineaE:1165,LineaD:1114,7.549631367837346,0.0,Catalinas,Facultad de Medicina
LineaE:1165,LineaD:1115,5.1429991503109775,8.0,Catalinas,Callao [D]
LineaE:1165,LineaD:1116,7.507643141497685,8.0,Catalinas,Tribunales
LineaE:1165,LineaD:1117,3.7681526487653887,12.0,Catalinas,9 de Julio / Carlos Pellegrini / Diagonal Norte
LineaE:1165,LineaE:1119,90.57857302336117,95.0,Catalinas,Bolivar / Catedral / Peru
LineaE:1165,LineaE:1120,39.27414783095418,48.0,Catalinas,Belgrano
LineaE:1165,LineaE:1121,84.42068174614023,165.0,Catalinas,Independencia
LineaE:1165,LineaE:1122,43.345172980714196,26.0,Catalinas,San Jose
LineaE:1165,LineaE:1123,59.48470839600886,74.0,Catalinas,Entre Rios
LineaE:1165,LineaE:1124,49.74886807042914,56.0,Catalinas,Pichincha
LineaE:1165,LineaE:1126,88.84853306086303,117.0,Catalinas,General Urquiza
LineaE:1165,LineaE:1127,136.46511611643382,155.0,Catalinas,Boedo
LineaE:1165,LineaE:1128,161.68020711684815,195.0,Catalinas,La Plata
LineaE:1165,LineaE:1129,207.1238088188886,211.0,Catalinas,Jose Maria Moreno
LineaE:1165,LineaE:1130,184.76689047736295,193.0,Catalinas,Emilio Mitre
LineaE:1165,LineaE:1131,71.32747832333962,79.0,Catalinas,Medalla Milagrosa
LineaE:1165,LineaE:1132,138.40640563841197,68.0,Catalinas,Varela
LineaE:1165,LineaE:1133,135.11599819153193,272.0,Catalinas,Plaza de los Virreyes
LineaE:1165,LineaE:1164,43.3398054982045,26.0,Catalinas,Retiro
LineaE:1165,LineaE:1166,23.944904575534206,8.0,Catalinas,Correo Central / Leandro N. Alem
LineaE:1165,LineaH:1134,27.63497316156669,60.0,Catalinas,Hospitales
LineaE:1165,LineaH:1135,29.27322240174321,17.0,Catalinas,Parque Patricios
LineaE:1165,LineaH:1136,30.9620219005356,17.0,Catalinas,Caseros
LineaE:1165,LineaH:1137,31.48336319955358,15.0,Catalinas,Inclan
LineaE:1165,LineaH:1138,62.57594958590765,68.0,Catalinas,Humberto 1 / Jujuy
LineaE:1165,LineaH:1139,17.96617695529519,15.0,Catalinas,Venezuela
LineaE:1165,LineaH:1140,216.8181667906607,147.0,Catalinas,Once / Plaza Miserere
LineaE:1165,LineaH:1141,8.75276540341762,24.0,Catalinas,Corrientes / Pueyrredon
LineaE:1165,LineaH:1160,11.271468208290607,4.0,Catalinas,Cordoba
LineaE:1165,LineaH:1161,15.447223654298037,22.0,Catalinas,Pueyrredon / Santa Fe
LineaE:1165,LineaH:1162,6.438277626870612,0.0,Catalinas,Las Heras
LineaE:1165,LineaH:1163,1.2491664413805532,0.0,Catalinas,Facultad de Derecho
LineaE:1166,LineaA:1059,44.28077245066463,214.0,Correo Central / Leandro N. Alem,San Pedrito
LineaE:1166,LineaA:1060,72.6460643857124,68.0,Correo Central / Leandro N. Alem,San Jose de Flores
LineaE:1166,LineaA:1061,65.74992760643043,61.0,Correo Central / Leandro N. Alem,Carabobo
LineaE:1166,LineaA:1062,40.453210673216695,53.0,Correo Central / Leandro N. Alem,Puan
LineaE:1166,LineaA:1063,94.28472254648892,81.0,Correo Central / Leandro N. Alem,Primera Junta
LineaE:1166,LineaA:1064,97.90478191749261,104.0,Correo Central / Leandro N. Alem,Acoyte
LineaE:1166,LineaA:1065,133.14565117213684,76.0,Correo Central / Leandro N. Alem,Rio de Janeiro
LineaE:1166,LineaA:1066,111.7598013443815,65.0,Correo Central / Leandro N. Alem,Castro Barros
LineaE:1166,LineaA:1067,50.41358867214008,40.0,Correo Central / Leandro N. Alem,Loria
LineaE:1166,LineaA:1069,22.629983732428865,8.0,Correo Central / Leandro N. Alem,Alberti
LineaE:1166,LineaA:1070,31.948711578254315,9.0,Correo Central / Leandro N. Alem,Pasco
LineaE:1166,LineaA:1071,83.7570216872735,28.0,Correo Central / Leandro N. Alem,Congreso
LineaE:1166,LineaA:1072,20.18674714423346,17.0,Correo Central / Leandro N. Alem,Saenz Peña
LineaE:1166,LineaA:1074,8.806049108073438,1.0,Correo Central / Leandro N. Alem,Piedras
LineaE:1166,LineaA:1076,35.49480434762937,12.0,Correo Central / Leandro N. Alem,Plaza de Mayo
LineaE:1166,LineaB:1077,1816.3516079950075,2396.0,Correo Central / Leandro N. Alem,Juan Manuel de Rosas
LineaE:1166,LineaB:1078,458.4169724951988,653.0,Correo Central / Leandro N. Alem,Echeverria
LineaE:1166,LineaB:1079,624.5004391311685,764.0,Correo Central / Leandro N. Alem,De Los Incas - Parque Chas
LineaE:1166,LineaB:1080,377.4897937797958,436.0,Correo Central / Leandro N. Alem,Tronador - Villa Ortuzar
LineaE:1166,LineaB:1081,2190.761924004154,2091.0,Correo Central / Leandro N. Alem,Federico Lacroze
LineaE:1166,LineaB:1082,867.511086959382,854.0,Correo Central / Leandro N. Alem,Dorrego
LineaE:1166,LineaB:1083,931.1946051599421,1012.0,Correo Central / Leandro N. Alem,angel Gallardo
LineaE:1166,LineaB:1084,1424.3583245143966,1357.0,Correo Central / Leandro N. Alem,Malabia
LineaE:1166,LineaB:1085,886.1611294843041,887.0,Correo Central / Leandro N. Alem,Medrano
LineaE:1166,LineaB:1086,518.3313509563537,646.0,Correo Central / Leandro N. Alem,Carlos Gardel
LineaE:1166,LineaB:1088,299.24603755510674,310.0,Correo Central / Leandro N. Alem,Pasteur
LineaE:1166,LineaB:1089,408.7295772505952,571.0,Correo Central / Leandro N. Alem,Callao [B]
LineaE:1166,LineaB:1090,265.92165957070455,381.0,Correo Central / Leandro N. Alem,Uruguay
LineaE:1166,LineaB:1092,42.77160866288403,42.0,Correo Central / Leandro N. Alem,Florida
LineaE:1166,LineaC:1094,633.351972485097,552.0,Correo Central / Leandro N. Alem,Constitucion
LineaE:1166,LineaC:1095,45.94811415204465,13.0,Correo Central / Leandro N. Alem,San Juan
LineaE:1166,LineaC:1097,72.42880576945093,12.0,Correo Central / Leandro N. Alem,Moreno
LineaE:1166,LineaC:1098,50.60438268152964,14.0,Correo Central / Leandro N. Alem,Avenida de Mayo / Lima
LineaE:1166,LineaC:1100,46.60436895282567,17.0,Correo Central / Leandro N. Alem,Lavalle
LineaE:1166,LineaC:1101,43.82439536075277,16.0,Correo Central / Leandro N. Alem,General San Martin
LineaE:1166,LineaD:1103,212.70137821464692,344.0,Correo Central / Leandro N. Alem,Congreso de Tucuman
LineaE:1166,LineaD:1104,145.77731448537597,132.0,Correo Central / Leandro N. Alem,Juramento
LineaE:1166,LineaD:1105,110.6811301272499,140.0,Correo Central / Leandro N. Alem,Jose Hernandez
LineaE:1166,LineaD:1106,120.40105641205331,134.0,Correo Central / Leandro N. Alem,Olleros
LineaE:1166,LineaD:1107,82.17981707073395,87.0,Correo Central / Leandro N. Alem,Ministro Carranza
LineaE:1166,LineaD:1108,117.7535909593359,145.0,Correo Central / Leandro N. Alem,Palermo
LineaE:1166,LineaD:1109,114.28742469182721,109.0,Correo Central / Leandro N. Alem,Plaza Italia
LineaE:1166,LineaD:1110,128.72684839427433,124.0,Correo Central / Leandro N. Alem,Scalabrini Ortiz
LineaE:1166,LineaD:1111,132.52844670746288,180.0,Correo Central / Leandro N. Alem,Bulnes
LineaE:1166,LineaD:1112,69.66635460330139,81.0,Correo Central / Leandro N. Alem,Agüero
LineaE:1166,LineaD:1114,134.20261064672164,72.0,Correo Central / Leandro N. Alem,Facultad de Medicina
LineaE:1166,LineaD:1115,165.82594173387332,95.0,Correo Central / Leandro N. Alem,Callao [D]
LineaE:1166,LineaD:1116,138.30836849252046,52.0,Correo Central / Leandro N. Alem,Tribunales
LineaE:1166,LineaD:1117,182.64540826294993,212.0,Correo Central / Leandro N. Alem,9 de Julio / Carlos Pellegrini / Diagonal Norte
LineaE:1166,LineaE:1119,57.83996177582916,59.0,Correo Central / Leandro N. Alem,Bolivar / Catedral / Peru
LineaE:1166,LineaE:1120,105.9566433131761,89.0,Correo Central / Leandro N. Alem,Belgrano
LineaE:1166,LineaE:1121,260.4308531633401,383.0,Correo Central / Leandro N. Alem,Independencia
LineaE:1166,LineaE:1122,105.19356534409792,78.0,Correo Central / Leandro N. Alem,San Jose
LineaE:1166,LineaE:1123,162.97871217183237,108.0,Correo Central / Leandro N. Alem,Entre Rios
LineaE:1166,LineaE:1124,85.45118976783978,140.0,Correo Central / Leandro N. Alem,Pichincha
LineaE:1166,LineaE:1126,174.97175625330942,168.0,Correo Central / Leandro N. Alem,General Urquiza
LineaE:1166,LineaE:1127,299.00061941526843,266.0,Correo Central / Leandro N. Alem,Boedo
LineaE:1166,LineaE:1128,273.4468018837566,328.0,Correo Central / Leandro N. Alem,La Plata
LineaE:1166,LineaE:1129,275.32697481082675,236.0,Correo Central / Leandro N. Alem,Jose Maria Moreno
LineaE:1166,LineaE:1130,269.9966832522701,311.0,Correo Central / Leandro N. Alem,Emilio Mitre
LineaE:1166,LineaE:1131,143.5577716802469,149.0,Correo Central / Leandro N. Alem,Medalla Milagrosa
LineaE:1166,LineaE:1132,225.9888449438406,134.0,Correo Central / Leandro N. Alem,Varela
LineaE:1166,LineaE:1133,262.4940047582984,443.0,Correo Central / Leandro N. Alem,Plaza de los Virreyes
LineaE:1166,LineaE:1164,496.552450115142,404.0,Correo Central / Leandro N. Alem,Retiro
LineaE:1166,LineaE:1165,222.50166334457393,24.0,Correo Central / Leandro N. Alem,Catalinas
LineaE:1166,LineaH:1134,117.06895041712335,140.0,Correo Central / Leandro N. Alem,Hospitales
LineaE:1166,LineaH:1135,88.47092588987752,91.0,Correo Central / Leandro N. Alem,Parque Patricios
LineaE:1166,LineaH:1136,67.36998333658552,58.0,Correo Central / Leandro N. Alem,Caseros
LineaE:1166,LineaH:1137,48.331461194001946,38.0,Correo Central / Leandro N. Alem,Inclan
LineaE:1166,LineaH:1138,115.64598322031904,143.0,Correo Central / Leandro N. Alem,Humberto 1 / Jujuy
LineaE:1166,LineaH:1139,62.62398786061416,56.0,Correo Central / Leandro N. Alem,Venezuela
LineaE:1166,LineaH:1140,568.420577976951,249.0,Correo Central / Leandro N. Alem,Once / Plaza Miserere
LineaE:1166,LineaH:1141,357.18077586063936,600.0,Correo Central / Leandro N. Alem,Corrientes / Pueyrredon
LineaE:1166,LineaH:1160,136.13092709456203,73.0,Correo Central / Leandro N. Alem,Cordoba
LineaE:1166,LineaH:1161,121.11086557022442,104.0,Correo Central / Leandro N. Alem,Pueyrredon / Santa Fe
LineaE:1166,LineaH:1162,69.88055142410414,88.0,Correo Central / Leandro N. Alem,Las Heras
LineaE:1166,LineaH:1163,25.07267995504222,11.0,Correo Central / Leandro N. Alem,Facultad de Derecho
LineaH:1134,LineaA:1059,61.28059745657488,168.0,Hospitales,San Pedrito
LineaH:1134,LineaA:1060,84.86850161702833,50.0,Hospitales,San Jose de Flores
LineaH:1134,LineaA:1061,39.85861406794233,59.0,Hospitales,Carabobo
LineaH:1134,LineaA:1062,20.303415538762156,29.0,Hospitales,Puan
LineaH:1134,LineaA:1063,36.55357665542061,64.0,Hospitales,Primera Junta
LineaH:1134,LineaA:1064,53.81354255636546,107.0,Hospitales,Acoyte
LineaH:1134,LineaA:1065,41.01225538311542,59.0,Hospitales,Rio de Janeiro
LineaH:1134,LineaA:1066,32.089016069848746,52.0,Hospitales,Castro Barros
LineaH:1134,LineaA:1067,50.70197364870735,67.0,Hospitales,Loria
LineaH:1134,LineaA:1069,52.266328306395486,110.0,Hospitales,Alberti
LineaH:1134,LineaA:1070,39.968346097527956,18.0,Hospitales,Pasco
LineaH:1134,LineaA:1071,96.71756423494718,97.0,Hospitales,Congreso
LineaH:1134,LineaA:1072,56.88467630491321,90.0,Hospitales,Saenz Peña
LineaH:1134,LineaA:1074,38.499935487474566,68.0,Hospitales,Piedras
LineaH:1134,LineaA:1076,115.23116147724956,139.0,Hospitales,Plaza de Mayo
LineaH:1134,LineaB:1077,308.7625119139363,473.0,Hospitales,Juan Manuel de Rosas
LineaH:1134,LineaB:1078,68.3092248188131,105.0,Hospitales,Echeverria
LineaH:1134,LineaB:1079,88.71502687107778,108.0,Hospitales,De Los Incas - Parque Chas
LineaH:1134,LineaB:1080,98.60378788721518,118.0,Hospitales,Tronador - Villa Ortuzar
LineaH:1134,LineaB:1081,242.2582247891164,336.0,Hospitales,Federico Lacroze
LineaH:1134,LineaB:1082,187.48226510219342,242.0,Hospitales,Dorrego
LineaH:1134,LineaB:1083,123.10361608191705,178.0,Hospitales,angel Gallardo
LineaH:1134,LineaB:1084,154.6027589569569,218.0,Hospitales,Malabia
LineaH:1134,LineaB:1085,158.94229535352773,182.0,Hospitales,Medrano
LineaH:1134,LineaB:1086,129.3937777187178,212.0,Hospitales,Carlos Gardel
LineaH:1134,LineaB:1088,113.81236844085922,96.0,Hospitales,Pasteur
LineaH:1134,LineaB:1089,154.5454533721582,196.0,Hospitales,Callao [B]
LineaH:1134,LineaB:1090,113.47201707080556,156.0,Hospitales,Uruguay
LineaH:1134,LineaB:1092,77.96534950157556,218.0,Hospitales,Florida
LineaH:1134,LineaC:1094,49.97297580695878,38.0,Hospitales,Constitucion
LineaH:1134,LineaC:1095,8.66436263170055,18.0,Hospitales,San Juan
LineaH:1134,LineaC:1097,17.739286934973393,8.0,Hospitales,Moreno
LineaH:1134,LineaC:1098,49.999483032226635,84.0,Hospitales,Avenida de Mayo / Lima
LineaH:1134,LineaC:1100,56.65678675786939,32.0,Hospitales,Lavalle
LineaH:1134,LineaC:1101,44.81336636598066,18.0,Hospitales,General San Martin
LineaH:1134,LineaD:1103,344.9643978181177,644.0,Hospitales,Congreso de Tucuman
LineaH:1134,LineaD:1104,312.14050869018126,355.0,Hospitales,Juramento
LineaH:1134,LineaD:1105,205.8772213071158,245.0,Hospitales,Jose Hernandez
LineaH:1134,LineaD:1106,221.1644434959241,278.0,Hospitales,Olleros
LineaH:1134,LineaD:1107,216.61119221868233,279.0,Hospitales,Ministro Carranza
LineaH:1134,LineaD:1108,318.65001864956537,399.0,Hospitales,Palermo
LineaH:1134,LineaD:1109,315.3912571674393,237.0,Hospitales,Plaza Italia
LineaH:1134,LineaD:1110,299.51499867592224,251.0,Hospitales,Scalabrini Ortiz
LineaH:1134,LineaD:1111,263.52106121782754,257.0,Hospitales,Bulnes
LineaH:1134,LineaD:1112,107.26224213330111,151.0,Hospitales,Agüero
LineaH:1134,LineaD:1114,237.2256059282353,107.0,Hospitales,Facultad de Medicina
LineaH:1134,LineaD:1115,170.70454367280928,177.0,Hospitales,Callao [D]
LineaH:1134,LineaD:1116,112.33912480293117,91.0,Hospitales,Tribunales
LineaH:1134,LineaD:1117,109.23092273732364,157.0,Hospitales,9 de Julio / Carlos Pellegrini / Diagonal Norte
LineaH:1134,LineaE:1119,173.52797108328625,281.0,Hospitales,Bolivar / Catedral / Peru
LineaH:1134,LineaE:1120,38.31052350335229,95.0,Hospitales,Belgrano
LineaH:1134,LineaE:1121,53.7452193251526,150.0,Hospitales,Independencia
LineaH:1134,LineaE:1122,32.7226195137706,45.0,Hospitales,San Jose
LineaH:1134,LineaE:1123,29.94311989183124,30.0,Hospitales,Entre Rios
LineaH:1134,LineaE:1124,14.884574123454403,42.0,Hospitales,Pichincha
LineaH:1134,LineaE:1126,34.51438725142567,14.0,Hospitales,General Urquiza
LineaH:1134,LineaE:1127,52.08829971165899,14.0,Hospitales,Boedo
LineaH:1134,LineaE:1128,12.481932657176595,12.0,Hospitales,La Plata
LineaH:1134,LineaE:1129,17.82597151110026,17.0,Hospitales,Jose Maria Moreno
LineaH:1134,LineaE:1130,17.579813733754584,42.0,Hospitales,Emilio Mitre
LineaH:1134,LineaE:1131,11.408931967523385,15.0,Hospitales,Medalla Milagrosa
LineaH:1134,LineaE:1132,10.022534603607513,12.0,Hospitales,Varela
LineaH:1134,LineaE:1133,4.989616187275669,26.0,Hospitales,Plaza de los Virreyes
LineaH:1134,LineaE:1164,151.18531137794656,116.0,Hospitales,Retiro
LineaH:1134,LineaE:1165,110.62463145725675,87.0,Hospitales,Catalinas
LineaH:1134,LineaE:1166,126.71779302714019,201.0,Hospitales,Correo Central / Leandro N. Alem
LineaH:1134,LineaH:1135,121.30675825968058,38.0,Hospitales,Parque Patricios
LineaH:1134,LineaH:1136,124.22800962147151,94.0,Hospitales,Caseros
LineaH:1134,LineaH:1137,71.74569645621085,92.0,Hospitales,Inclan
LineaH:1134,LineaH:1138,120.8374904616497,194.0,Hospitales,Humberto 1 / Jujuy
LineaH:1134,LineaH:1139,198.9821442113742,242.0,Hospitales,Venezuela
LineaH:1134,LineaH:1140,1253.5827361715242,891.0,Hospitales,Once / Plaza Miserere
LineaH:1134,LineaH:1141,498.8405575997454,616.0,Hospitales,Corrientes / Pueyrredon
LineaH:1134,LineaH:1160,608.0895502584726,622.0,Hospitales,Cordoba
LineaH:1134,LineaH:1161,745.7287337439565,949.0,Hospitales,Pueyrredon / Santa Fe
LineaH:1134,LineaH:1162,882.9327837581844,1029.0,Hospitales,Las Heras
LineaH:1134,LineaH:1163,205.274913831199,400.0,Hospitales,Facultad de Derecho
LineaH:1135,LineaA:1059,64.0227756279624,186.0,Parque Patricios,San Pedrito
LineaH:1135,LineaA:1060,113.64277021703651,65.0,Parque Patricios,San Jose de Flores
LineaH:1135,LineaA:1061,41.84103994288305,46.0,Parque Patricios,Carabobo
LineaH:1135,LineaA:1062,33.842864318515616,32.0,Parque Patricios,Puan
LineaH:1135,LineaA:1063,70.57163332521795,93.0,Parque Patricios,Primera Junta
LineaH:1135,LineaA:1064,91.68667241842397,126.0,Parque Patricios,Acoyte
LineaH:1135,LineaA:1065,45.143663610540266,27.0,Parque Patricios,Rio de Janeiro
LineaH:1135,LineaA:1066,63.89315440653262,106.0,Parque Patricios,Castro Barros
LineaH:1135,LineaA:1067,43.707411921184836,55.0,Parque Patricios,Loria
LineaH:1135,LineaA:1069,42.697323855584685,52.0,Parque Patricios,Alberti
LineaH:1135,LineaA:1070,28.564917135475696,6.0,Parque Patricios,Pasco
LineaH:1135,LineaA:1071,60.499851338124984,33.0,Parque Patricios,Congreso
LineaH:1135,LineaA:1072,21.14663092997511,31.0,Parque Patricios,Saenz Peña
LineaH:1135,LineaA:1074,11.12233993245665,19.0,Parque Patricios,Piedras
LineaH:1135,LineaA:1076,78.20607084362841,78.0,Parque Patricios,Plaza de Mayo
LineaH:1135,LineaB:1077,309.11672101074697,464.0,Parque Patricios,Juan Manuel de Rosas
LineaH:1135,LineaB:1078,70.26823564324171,106.0,Parque Patricios,Echeverria
LineaH:1135,LineaB:1079,74.05110196517525,125.0,Parque Patricios,De Los Incas - Parque Chas
LineaH:1135,LineaB:1080,65.99094251347738,80.0,Parque Patricios,Tronador - Villa Ortuzar
LineaH:1135,LineaB:1081,254.5972970940198,309.0,Parque Patricios,Federico Lacroze
LineaH:1135,LineaB:1082,146.91845460530513,194.0,Parque Patricios,Dorrego
LineaH:1135,LineaB:1083,124.01104420065475,158.0,Parque Patricios,angel Gallardo
LineaH:1135,LineaB:1084,140.9592271943318,263.0,Parque Patricios,Malabia
LineaH:1135,LineaB:1085,155.6187136948306,220.0,Parque Patricios,Medrano
LineaH:1135,LineaB:1086,132.03796740299478,238.0,Parque Patricios,Carlos Gardel
LineaH:1135,LineaB:1088,53.20313891678302,80.0,Parque Patricios,Pasteur
LineaH:1135,LineaB:1089,81.11908750527546,65.0,Parque Patricios,Callao [B]
LineaH:1135,LineaB:1090,65.92954765188938,67.0,Parque Patricios,Uruguay
LineaH:1135,LineaB:1092,75.50862481832887,112.0,Parque Patricios,Florida
LineaH:1135,LineaC:1094,61.44867764936668,34.0,Parque Patricios,Constitucion
LineaH:1135,LineaC:1095,15.083660820638423,16.0,Parque Patricios,San Juan
LineaH:1135,LineaC:1097,15.101497428736533,3.0,Parque Patricios,Moreno
LineaH:1135,LineaC:1098,16.200346679559644,46.0,Parque Patricios,Avenida de Mayo / Lima
LineaH:1135,LineaC:1100,33.63905556452776,20.0,Parque Patricios,Lavalle
LineaH:1135,LineaC:1101,28.588375784368328,13.0,Parque Patricios,General San Martin
LineaH:1135,LineaD:1103,343.4816261446314,603.0,Parque Patricios,Congreso de Tucuman
LineaH:1135,LineaD:1104,324.40646865285845,253.0,Parque Patricios,Juramento
LineaH:1135,LineaD:1105,181.74428439079975,174.0,Parque Patricios,Jose Hernandez
LineaH:1135,LineaD:1106,169.72710460565338,218.0,Parque Patricios,Olleros
LineaH:1135,LineaD:1107,146.29071220603194,208.0,Parque Patricios,Ministro Carranza
LineaH:1135,LineaD:1108,245.24538351306106,251.0,Parque Patricios,Palermo
LineaH:1135,LineaD:1109,232.80468482433807,146.0,Parque Patricios,Plaza Italia
LineaH:1135,LineaD:1110,192.09029937222854,179.0,Parque Patricios,Scalabrini Ortiz
LineaH:1135,LineaD:1111,199.93050391595767,256.0,Parque Patricios,Bulnes
LineaH:1135,LineaD:1112,62.971559638664495,99.0,Parque Patricios,Agüero
LineaH:1135,LineaD:1114,162.72729328792096,95.0,Parque Patricios,Facultad de Medicina
LineaH:1135,LineaD:1115,141.05759412518933,96.0,Parque Patricios,Callao [D]
LineaH:1135,LineaD:1116,51.272458593050494,45.0,Parque Patricios,Tribunales
LineaH:1135,LineaD:1117,74.83451999058629,98.0,Parque Patricios,9 de Julio / Carlos Pellegrini / Diagonal Norte
LineaH:1135,LineaE:1119,141.421442833969,179.0,Parque Patricios,Bolivar / Catedral / Peru
LineaH:1135,LineaE:1120,34.712748719562235,84.0,Parque Patricios,Belgrano
LineaH:1135,LineaE:1121,27.769767257156236,75.0,Parque Patricios,Independencia
LineaH:1135,LineaE:1122,21.51784348199608,15.0,Parque Patricios,San Jose
LineaH:1135,LineaE:1123,29.579190883910584,19.0,Parque Patricios,Entre Rios
LineaH:1135,LineaE:1124,11.563144061277923,25.0,Parque Patricios,Pichincha
LineaH:1135,LineaE:1126,28.365313119588244,13.0,Parque Patricios,General Urquiza
LineaH:1135,LineaE:1127,45.74949192891505,41.0,Parque Patricios,Boedo
LineaH:1135,LineaE:1128,15.148577988123453,22.0,Parque Patricios,La Plata
LineaH:1135,LineaE:1129,20.506961089392924,26.0,Parque Patricios,Jose Maria Moreno
LineaH:1135,LineaE:1130,26.65004041400809,29.0,Parque Patricios,Emilio Mitre
LineaH:1135,LineaE:1131,25.476492778276107,16.0,Parque Patricios,Medalla Milagrosa
LineaH:1135,LineaE:1132,8.947577282338417,14.0,Parque Patricios,Varela
LineaH:1135,LineaE:1133,6.400331030269622,30.0,Parque Patricios,Plaza de los Virreyes
LineaH:1135,LineaE:1164,179.86141347835988,136.0,Parque Patricios,Retiro
LineaH:1135,LineaE:1165,69.40092138653952,30.0,Parque Patricios,Catalinas
LineaH:1135,LineaE:1166,84.38670734166114,123.0,Parque Patricios,Correo Central / Leandro N. Alem
LineaH:1135,LineaH:1134,142.25017689078726,34.0,Parque Patricios,Hospitales
LineaH:1135,LineaH:1136,154.82158133270903,25.0,Parque Patricios,Caseros
LineaH:1135,LineaH:1137,87.89512639992532,101.0,Parque Patricios,Inclan
LineaH:1135,LineaH:1138,120.02449305714937,144.0,Parque Patricios,Humberto 1 / Jujuy
LineaH:1135,LineaH:1139,129.45142500244546,125.0,Parque Patricios,Venezuela
LineaH:1135,LineaH:1140,686.7674954776434,690.0,Parque Patricios,Once / Plaza Miserere
LineaH:1135,LineaH:1141,367.98408785626884,335.0,Parque Patricios,Corrientes / Pueyrredon
LineaH:1135,LineaH:1160,387.9173683115973,402.0,Parque Patricios,Cordoba
LineaH:1135,LineaH:1161,557.1358791432551,757.0,Parque Patricios,Pueyrredon / Santa Fe
LineaH:1135,LineaH:1162,616.0820949242004,668.0,Parque Patricios,Las Heras
LineaH:1135,LineaH:1163,123.07301664744101,247.0,Parque Patricios,Facultad de Derecho
LineaH:1136,LineaA:1059,41.76355324184319,120.0,Caseros,San Pedrito
LineaH:1136,LineaA:1060,63.35389405779655,55.0,Caseros,San Jose de Flores
LineaH:1136,LineaA:1061,49.137707956771536,48.0,Caseros,Carabobo
LineaH:1136,LineaA:1062,24.995037601192863,22.0,Caseros,Puan
LineaH:1136,LineaA:1063,57.91319874149739,54.0,Caseros,Primera Junta
LineaH:1136,LineaA:1064,75.74378459023656,97.0,Caseros,Acoyte
LineaH:1136,LineaA:1065,38.54656092276958,61.0,Caseros,Rio de Janeiro
LineaH:1136,LineaA:1066,88.9529137959677,92.0,Caseros,Castro Barros
LineaH:1136,LineaA:1067,46.47828230017805,59.0,Caseros,Loria
LineaH:1136,LineaA:1069,31.315957027975124,18.0,Caseros,Alberti
LineaH:1136,LineaA:1070,12.85086320315945,6.0,Caseros,Pasco
LineaH:1136,LineaA:1071,33.64057731718002,30.0,Caseros,Congreso
LineaH:1136,LineaA:1072,12.404524159282824,21.0,Caseros,Saenz Peña
LineaH:1136,LineaA:1074,7.507222891057696,2.0,Caseros,Piedras
LineaH:1136,LineaA:1076,52.403517599869616,40.0,Caseros,Plaza de Mayo
LineaH:1136,LineaB:1077,192.22635904323218,289.0,Caseros,Juan Manuel de Rosas
LineaH:1136,LineaB:1078,34.17744702236465,66.0,Caseros,Echeverria
LineaH:1136,LineaB:1079,58.23927853764737,82.0,Caseros,De Los Incas - Parque Chas
LineaH:1136,LineaB:1080,26.674272405614037,78.0,Caseros,Tronador - Villa Ortuzar
LineaH:1136,LineaB:1081,184.83025128443737,261.0,Caseros,Federico Lacroze
LineaH:1136,LineaB:1082,83.23489294534672,102.0,Caseros,Dorrego
LineaH:1136,LineaB:1083,78.72743674743852,126.0,Caseros,angel Gallardo
LineaH:1136,LineaB:1084,100.42182466174329,145.0,Caseros,Malabia
LineaH:1136,LineaB:1085,154.46247514485663,158.0,Caseros,Medrano
LineaH:1136,LineaB:1086,101.53295963898793,107.0,Caseros,Carlos Gardel
LineaH:1136,LineaB:1088,41.20184541609917,29.0,Caseros,Pasteur
LineaH:1136,LineaB:1089,48.55802964752745,68.0,Caseros,Callao [B]
LineaH:1136,LineaB:1090,26.091167223194688,33.0,Caseros,Uruguay
LineaH:1136,LineaB:1092,36.03396071858751,66.0,Caseros,Florida
LineaH:1136,LineaC:1094,23.56334603964161,20.0,Caseros,Constitucion
LineaH:1136,LineaC:1095,5.154585750515593,6.0,Caseros,San Juan
LineaH:1136,LineaC:1097,2.5179735120056512,2.0,Caseros,Moreno
LineaH:1136,LineaC:1098,17.952904657508082,15.0,Caseros,Avenida de Mayo / Lima
LineaH:1136,LineaC:1100,10.19623143589566,0.0,Caseros,Lavalle
LineaH:1136,LineaC:1101,9.914776738380287,2.0,Caseros,General San Martin
LineaH:1136,LineaD:1103,146.92005128389542,303.0,Caseros,Congreso de Tucuman
LineaH:1136,LineaD:1104,129.89639338907295,135.0,Caseros,Juramento
LineaH:1136,LineaD:1105,88.57579221532791,54.0,Caseros,Jose Hernandez
LineaH:1136,LineaD:1106,78.09589690538441,96.0,Caseros,Olleros
LineaH:1136,LineaD:1107,63.05402657760471,91.0,Caseros,Ministro Carranza
LineaH:1136,LineaD:1108,108.21302939179292,106.0,Caseros,Palermo
LineaH:1136,LineaD:1109,96.19827129169823,66.0,Caseros,Plaza Italia
LineaH:1136,LineaD:1110,112.19903499838598,86.0,Caseros,Scalabrini Ortiz
LineaH:1136,LineaD:1111,124.55802281034882,126.0,Caseros,Bulnes
LineaH:1136,LineaD:1112,36.42818902347549,38.0,Caseros,Agüero
LineaH:1136,LineaD:1114,62.593412402424356,25.0,Caseros,Facultad de Medicina
LineaH:1136,LineaD:1115,90.61382324361185,21.0,Caseros,Callao [D]
LineaH:1136,LineaD:1116,26.123644037185155,19.0,Caseros,Tribunales
LineaH:1136,LineaD:1117,38.472235192229135,59.0,Caseros,9 de Julio / Carlos Pellegrini / Diagonal Norte
LineaH:1136,LineaE:1119,52.29598880180785,128.0,Caseros,Bolivar / Catedral / Peru
LineaH:1136,LineaE:1120,21.06811955938757,36.0,Caseros,Belgrano
LineaH:1136,LineaE:1121,25.153071094698483,51.0,Caseros,Independencia
LineaH:1136,LineaE:1122,11.16227478734265,11.0,Caseros,San Jose
LineaH:1136,LineaE:1123,20.08284862117849,10.0,Caseros,Entre Rios
LineaH:1136,LineaE:1124,11.345796838539988,13.0,Caseros,Pichincha
LineaH:1136,LineaE:1126,22.51570061163187,14.0,Caseros,General Urquiza
LineaH:1136,LineaE:1127,49.20198139838107,64.0,Caseros,Boedo
LineaH:1136,LineaE:1128,16.46401373837675,22.0,Caseros,La Plata
LineaH:1136,LineaE:1129,15.325904971656026,14.0,Caseros,Jose Maria Moreno
LineaH:1136,LineaE:1130,20.327655159408852,19.0,Caseros,Emilio Mitre
LineaH:1136,LineaE:1131,12.437248015161108,2.0,Caseros,Medalla Milagrosa
LineaH:1136,LineaE:1132,7.7262973431361335,0.0,Caseros,Varela
LineaH:1136,LineaE:1133,8.711532761546376,32.0,Caseros,Plaza de los Virreyes
LineaH:1136,LineaE:1164,53.05883307119999,68.0,Caseros,Retiro
LineaH:1136,LineaE:1165,33.46222272090886,28.0,Caseros,Catalinas
LineaH:1136,LineaE:1166,43.54178522270306,59.0,Caseros,Correo Central / Leandro N. Alem
LineaH:1136,LineaH:1134,55.31360230301638,61.0,Caseros,Hospitales
LineaH:1136,LineaH:1135,40.66696555192871,22.0,Caseros,Parque Patricios
LineaH:1136,LineaH:1137,0.0,49.0,Caseros,Inclan
LineaH:1136,LineaH:1138,103.13723216973324,148.0,Caseros,Humberto 1 / Jujuy
LineaH:1136,LineaH:1139,129.89634624881782,128.0,Caseros,Venezuela
LineaH:1136,LineaH:1140,505.8188671101309,527.0,Caseros,Once / Plaza Miserere
LineaH:1136,LineaH:1141,174.34556077077292,191.0,Caseros,Corrientes / Pueyrredon
LineaH:1136,LineaH:1160,205.40460509592788,247.0,Caseros,Cordoba
LineaH:1136,LineaH:1161,322.57322408352434,400.0,Caseros,Pueyrredon / Santa Fe
LineaH:1136,LineaH:1162,205.31422894974995,343.0,Caseros,Las Heras
LineaH:1136,LineaH:1163,44.94538593666578,87.0,Caseros,Facultad de Derecho
LineaH:1137,LineaA:1059,52.709604540339356,115.0,Inclan,San Pedrito
LineaH:1137,LineaA:1060,43.808190759860246,27.0,Inclan,San Jose de Flores
LineaH:1137,LineaA:1061,29.190562155608077,45.0,Inclan,Carabobo
LineaH:1137,LineaA:1062,30.24744525014059,28.0,Inclan,Puan
LineaH:1137,LineaA:1063,35.27356102984953,48.0,Inclan,Primera Junta
LineaH:1137,LineaA:1064,111.23362793421678,121.0,Inclan,Acoyte
LineaH:1137,LineaA:1065,46.28274236242308,53.0,Inclan,Rio de Janeiro
LineaH:1137,LineaA:1066,48.47769400043169,58.0,Inclan,Castro Barros
LineaH:1137,LineaA:1067,37.59024955787478,52.0,Inclan,Loria
LineaH:1137,LineaA:1069,21.666350427785222,12.0,Inclan,Alberti
LineaH:1137,LineaA:1070,5.018554260998859,0.0,Inclan,Pasco
LineaH:1137,LineaA:1071,41.087198571885324,53.0,Inclan,Congreso
LineaH:1137,LineaA:1072,13.655356092674584,23.0,Inclan,Saenz Peña
LineaH:1137,LineaA:1074,17.472357765410436,28.0,Inclan,Piedras
LineaH:1137,LineaA:1076,35.935002558347975,20.0,Inclan,Plaza de Mayo
LineaH:1137,LineaB:1077,87.85124231192412,131.0,Inclan,Juan Manuel de Rosas
LineaH:1137,LineaB:1078,23.88584225055014,30.0,Inclan,Echeverria
LineaH:1137,LineaB:1079,31.64479600163009,35.0,Inclan,De Los Incas - Parque Chas
LineaH:1137,LineaB:1080,24.840542193279415,29.0,Inclan,Tronador - Villa Ortuzar
LineaH:1137,LineaB:1081,102.67896706444674,114.0,Inclan,Federico Lacroze
LineaH:1137,LineaB:1082,89.15512877518685,84.0,Inclan,Dorrego
LineaH:1137,LineaB:1083,78.36531932070524,99.0,Inclan,angel Gallardo
LineaH:1137,LineaB:1084,102.03099484905567,112.0,Inclan,Malabia
LineaH:1137,LineaB:1085,83.23082970413648,114.0,Inclan,Medrano
LineaH:1137,LineaB:1086,80.77206023004736,95.0,Inclan,Carlos Gardel
LineaH:1137,LineaB:1088,25.123787833662316,45.0,Inclan,Pasteur
LineaH:1137,LineaB:1089,54.95936234495863,64.0,Inclan,Callao [B]
LineaH:1137,LineaB:1090,47.41033941011847,42.0,Inclan,Uruguay
LineaH:1137,LineaB:1092,30.700941393903577,56.0,Inclan,Florida
LineaH:1137,LineaC:1094,21.888243144911243,2.0,Inclan,Constitucion
LineaH:1137,LineaC:1095,5.065232508535304,0.0,Inclan,San Juan
LineaH:1137,LineaC:1097,2.5118047215848986,0.0,Inclan,Moreno
LineaH:1137,LineaC:1098,29.889266996534975,30.0,Inclan,Avenida de Mayo / Lima
LineaH:1137,LineaC:1100,15.052461367232096,2.0,Inclan,Lavalle
LineaH:1137,LineaC:1101,16.15514627809013,0.0,Inclan,General San Martin
LineaH:1137,LineaD:1103,100.10626477379435,152.0,Inclan,Congreso de Tucuman
LineaH:1137,LineaD:1104,98.50202562642288,83.0,Inclan,Juramento
LineaH:1137,LineaD:1105,65.15217402625967,79.0,Inclan,Jose Hernandez
LineaH:1137,LineaD:1106,51.52798674016788,43.0,Inclan,Olleros
LineaH:1137,LineaD:1107,48.73713416648763,45.0,Inclan,Ministro Carranza
LineaH:1137,LineaD:1108,108.50758261352824,79.0,Inclan,Palermo
LineaH:1137,LineaD:1109,72.26194204890598,66.0,Inclan,Plaza Italia
LineaH:1137,LineaD:1110,75.41710973543822,66.0,Inclan,Scalabrini Ortiz
LineaH:1137,LineaD:1111,71.95500256257026,97.0,Inclan,Bulnes
LineaH:1137,LineaD:1112,46.05973401672993,37.0,Inclan,Agüero
LineaH:1137,LineaD:1114,50.42774408983272,38.0,Inclan,Facultad de Medicina
LineaH:1137,LineaD:1115,60.91745198993427,61.0,Inclan,Callao [D]
LineaH:1137,LineaD:1116,37.01575984855582,32.0,Inclan,Tribunales
LineaH:1137,LineaD:1117,47.331787760454695,63.0,Inclan,9 de Julio / Carlos Pellegrini / Diagonal Norte
LineaH:1137,LineaE:1119,65.53755331686222,75.0,Inclan,Bolivar / Catedral / Peru
LineaH:1137,LineaE:1120,22.587116479588666,41.0,Inclan,Belgrano
LineaH:1137,LineaE:1121,21.33324522628142,55.0,Inclan,Independencia
LineaH:1137,LineaE:1122,12.347419946059613,3.0,Inclan,San Jose
LineaH:1137,LineaE:1123,15.378739175284586,5.0,Inclan,Entre Rios
LineaH:1137,LineaE:1124,7.546089406800281,6.0,Inclan,Pichincha
LineaH:1137,LineaE:1126,11.350867179791194,2.0,Inclan,General Urquiza
LineaH:1137,LineaE:1127,26.781739364605038,28.0,Inclan,Boedo
LineaH:1137,LineaE:1128,36.40938143379219,36.0,Inclan,La Plata
LineaH:1137,LineaE:1129,23.30310052466475,5.0,Inclan,Jose Maria Moreno
LineaH:1137,LineaE:1130,17.45947416433024,20.0,Inclan,Emilio Mitre
LineaH:1137,LineaE:1131,4.904319154779078,0.0,Inclan,Medalla Milagrosa
LineaH:1137,LineaE:1132,7.441897682501106,5.0,Inclan,Varela
LineaH:1137,LineaE:1133,5.460787957069682,6.0,Inclan,Plaza de los Virreyes
LineaH:1137,LineaE:1164,44.80473060701961,44.0,Inclan,Retiro
LineaH:1137,LineaE:1165,27.089515247671436,27.0,Inclan,Catalinas
LineaH:1137,LineaE:1166,30.076593113260166,38.0,Inclan,Correo Central / Leandro N. Alem
LineaH:1137,LineaH:1134,73.40008061008864,67.0,Inclan,Hospitales
LineaH:1137,LineaH:1135,75.47760379720712,105.0,Inclan,Parque Patricios
LineaH:1137,LineaH:1136,0.0,44.0,Inclan,Caseros
LineaH:1137,LineaH:1138,42.4100004263093,64.0,Inclan,Humberto 1 / Jujuy
LineaH:1137,LineaH:1139,83.99467064275855,73.0,Inclan,Venezuela
LineaH:1137,LineaH:1140,273.5010064465056,256.0,Inclan,Once / Plaza Miserere
LineaH:1137,LineaH:1141,160.03532399290606,215.0,Inclan,Corrientes / Pueyrredon
LineaH:1137,LineaH:1160,203.48890131608914,185.0,Inclan,Cordoba
LineaH:1137,LineaH:1161,260.97840638730383,295.0,Inclan,Pueyrredon / Santa Fe
LineaH:1137,LineaH:1162,195.21795341348266,188.0,Inclan,Las Heras
LineaH:1137,LineaH:1163,45.72284911997534,69.0,Inclan,Facultad de Derecho
LineaH:1138,LineaA:1059,37.17693128747165,134.0,Humberto 1 / Jujuy,San Pedrito
LineaH:1138,LineaA:1060,70.7964576489492,41.0,Humberto 1 / Jujuy,San Jose de Flores
LineaH:1138,LineaA:1061,30.76267865065528,25.0,Humberto 1 / Jujuy,Carabobo
LineaH:1138,LineaA:1062,17.60391012849135,32.0,Humberto 1 / Jujuy,Puan
LineaH:1138,LineaA:1063,53.18834748223341,58.0,Humberto 1 / Jujuy,Primera Junta
LineaH:1138,LineaA:1064,78.14949198754927,74.0,Humberto 1 / Jujuy,Acoyte
LineaH:1138,LineaA:1065,69.38184775154868,76.0,Humberto 1 / Jujuy,Rio de Janeiro
LineaH:1138,LineaA:1066,86.06028220663167,65.0,Humberto 1 / Jujuy,Castro Barros
LineaH:1138,LineaA:1067,54.16755523400142,58.0,Humberto 1 / Jujuy,Loria
LineaH:1138,LineaA:1069,26.30588774477391,24.0,Humberto 1 / Jujuy,Alberti
LineaH:1138,LineaA:1070,23.94892613807248,16.0,Humberto 1 / Jujuy,Pasco
LineaH:1138,LineaA:1071,58.28980744025536,62.0,Humberto 1 / Jujuy,Congreso
LineaH:1138,LineaA:1072,32.80496732868527,45.0,Humberto 1 / Jujuy,Saenz Peña
LineaH:1138,LineaA:1074,14.925058842510447,12.0,Humberto 1 / Jujuy,Piedras
LineaH:1138,LineaA:1076,24.91455445547315,37.0,Humberto 1 / Jujuy,Plaza de Mayo
LineaH:1138,LineaB:1077,173.69583773265595,215.0,Humberto 1 / Jujuy,Juan Manuel de Rosas
LineaH:1138,LineaB:1078,27.972653226556673,31.0,Humberto 1 / Jujuy,Echeverria
LineaH:1138,LineaB:1079,43.7926013184582,50.0,Humberto 1 / Jujuy,De Los Incas - Parque Chas
LineaH:1138,LineaB:1080,22.305584275642296,30.0,Humberto 1 / Jujuy,Tronador - Villa Ortuzar
LineaH:1138,LineaB:1081,169.18895259592867,245.0,Humberto 1 / Jujuy,Federico Lacroze
LineaH:1138,LineaB:1082,90.16542805042221,114.0,Humberto 1 / Jujuy,Dorrego
LineaH:1138,LineaB:1083,109.6843373767531,157.0,Humberto 1 / Jujuy,angel Gallardo
LineaH:1138,LineaB:1084,130.9380243539262,146.0,Humberto 1 / Jujuy,Malabia
LineaH:1138,LineaB:1085,144.20937572074726,181.0,Humberto 1 / Jujuy,Medrano
LineaH:1138,LineaB:1086,87.34575112007532,167.0,Humberto 1 / Jujuy,Carlos Gardel
LineaH:1138,LineaB:1088,37.651562010405,49.0,Humberto 1 / Jujuy,Pasteur
LineaH:1138,LineaB:1089,84.49818727787186,91.0,Humberto 1 / Jujuy,Callao [B]
LineaH:1138,LineaB:1090,61.65838627286509,105.0,Humberto 1 / Jujuy,Uruguay
LineaH:1138,LineaB:1092,36.03359575576289,72.0,Humberto 1 / Jujuy,Florida
LineaH:1138,LineaC:1094,151.1349766656716,167.0,Humberto 1 / Jujuy,Constitucion
LineaH:1138,LineaC:1095,17.59743931829897,10.0,Humberto 1 / Jujuy,San Juan
LineaH:1138,LineaC:1097,16.504509364893103,6.0,Humberto 1 / Jujuy,Moreno
LineaH:1138,LineaC:1098,39.36948414885159,21.0,Humberto 1 / Jujuy,Avenida de Mayo / Lima
LineaH:1138,LineaC:1100,22.609025362212396,24.0,Humberto 1 / Jujuy,Lavalle
LineaH:1138,LineaC:1101,23.815925632440713,8.0,Humberto 1 / Jujuy,General San Martin
LineaH:1138,LineaD:1103,132.12105149401032,215.0,Humberto 1 / Jujuy,Congreso de Tucuman
LineaH:1138,LineaD:1104,140.46289448021528,100.0,Humberto 1 / Jujuy,Juramento
LineaH:1138,LineaD:1105,82.79347383034013,62.0,Humberto 1 / Jujuy,Jose Hernandez
LineaH:1138,LineaD:1106,83.54029598736626,82.0,Humberto 1 / Jujuy,Olleros
LineaH:1138,LineaD:1107,57.386195703482045,35.0,Humberto 1 / Jujuy,Ministro Carranza
LineaH:1138,LineaD:1108,119.78677744991481,117.0,Humberto 1 / Jujuy,Palermo
LineaH:1138,LineaD:1109,105.23542213131485,97.0,Humberto 1 / Jujuy,Plaza Italia
LineaH:1138,LineaD:1110,72.63834621985956,63.0,Humberto 1 / Jujuy,Scalabrini Ortiz
LineaH:1138,LineaD:1111,102.24780087114239,99.0,Humberto 1 / Jujuy,Bulnes
LineaH:1138,LineaD:1112,22.75397604860455,34.0,Humberto 1 / Jujuy,Agüero
LineaH:1138,LineaD:1114,53.50046154867671,35.0,Humberto 1 / Jujuy,Facultad de Medicina
LineaH:1138,LineaD:1115,88.9542027159184,82.0,Humberto 1 / Jujuy,Callao [D]
LineaH:1138,LineaD:1116,54.81216077780435,25.0,Humberto 1 / Jujuy,Tribunales
LineaH:1138,LineaD:1117,55.32797831512106,73.0,Humberto 1 / Jujuy,9 de Julio / Carlos Pellegrini / Diagonal Norte
LineaH:1138,LineaE:1119,197.72953512038168,223.0,Humberto 1 / Jujuy,Bolivar / Catedral / Peru
LineaH:1138,LineaE:1120,81.53484359251733,65.0,Humberto 1 / Jujuy,Belgrano
LineaH:1138,LineaE:1121,81.40555256601093,168.0,Humberto 1 / Jujuy,Independencia
LineaH:1138,LineaE:1122,67.56965787759322,56.0,Humberto 1 / Jujuy,San Jose
LineaH:1138,LineaE:1123,82.10856875850325,54.0,Humberto 1 / Jujuy,Entre Rios
LineaH:1138,LineaE:1124,26.562214517365117,18.0,Humberto 1 / Jujuy,Pichincha
LineaH:1138,LineaE:1126,33.038675566284695,19.0,Humberto 1 / Jujuy,General Urquiza
LineaH:1138,LineaE:1127,65.76878102947394,65.0,Humberto 1 / Jujuy,Boedo
LineaH:1138,LineaE:1128,82.44042995037726,84.0,Humberto 1 / Jujuy,La Plata
LineaH:1138,LineaE:1129,87.94200030499026,46.0,Humberto 1 / Jujuy,Jose Maria Moreno
LineaH:1138,LineaE:1130,62.59740029554724,61.0,Humberto 1 / Jujuy,Emilio Mitre
LineaH:1138,LineaE:1131,44.20890328071223,50.0,Humberto 1 / Jujuy,Medalla Milagrosa
LineaH:1138,LineaE:1132,54.42812361669922,24.0,Humberto 1 / Jujuy,Varela
LineaH:1138,LineaE:1133,48.12341288009532,115.0,Humberto 1 / Jujuy,Plaza de los Virreyes
LineaH:1138,LineaE:1164,225.04154508489532,239.0,Humberto 1 / Jujuy,Retiro
LineaH:1138,LineaE:1165,73.37517801871638,84.0,Humberto 1 / Jujuy,Catalinas
LineaH:1138,LineaE:1166,100.18733447209121,167.0,Humberto 1 / Jujuy,Correo Central / Leandro N. Alem
LineaH:1138,LineaH:1134,148.64437738832194,162.0,Humberto 1 / Jujuy,Hospitales
LineaH:1138,LineaH:1135,145.50506489378176,151.0,Humberto 1 / Jujuy,Parque Patricios
LineaH:1138,LineaH:1136,141.81260785372942,152.0,Humberto 1 / Jujuy,Caseros
LineaH:1138,LineaH:1137,50.134875209894005,60.0,Humberto 1 / Jujuy,Inclan
LineaH:1138,LineaH:1139,42.769312163385365,41.0,Humberto 1 / Jujuy,Venezuela
LineaH:1138,LineaH:1140,329.62066282853846,277.0,Humberto 1 / Jujuy,Once / Plaza Miserere
LineaH:1138,LineaH:1141,201.5381900670525,245.0,Humberto 1 / Jujuy,Corrientes / Pueyrredon
LineaH:1138,LineaH:1160,275.5570574535111,250.0,Humberto 1 / Jujuy,Cordoba
LineaH:1138,LineaH:1161,333.6809908320629,397.0,Humberto 1 / Jujuy,Pueyrredon / Santa Fe
LineaH:1138,LineaH:1162,245.74564595074088,280.0,Humberto 1 / Jujuy,Las Heras
LineaH:1138,LineaH:1163,59.99452577881318,134.0,Humberto 1 / Jujuy,Facultad de Derecho
LineaH:1139,LineaA:1059,35.13977703796981,96.0,Venezuela,San Pedrito
LineaH:1139,LineaA:1060,32.737787889827935,38.0,Venezuela,San Jose de Flores
LineaH:1139,LineaA:1061,22.995893366718615,40.0,Venezuela,Carabobo
LineaH:1139,LineaA:1062,9.117309295656632,26.0,Venezuela,Puan
LineaH:1139,LineaA:1063,19.291425623922567,35.0,Venezuela,Primera Junta
LineaH:1139,LineaA:1064,23.93861646656102,47.0,Venezuela,Acoyte
LineaH:1139,LineaA:1065,31.468346104472012,55.0,Venezuela,Rio de Janeiro
LineaH:1139,LineaA:1066,26.86219103518482,27.0,Venezuela,Castro Barros
LineaH:1139,LineaA:1067,20.058844325595118,29.0,Venezuela,Loria
LineaH:1139,LineaA:1069,10.121977531992126,24.0,Venezuela,Alberti
LineaH:1139,LineaA:1070,8.898664755572458,8.0,Venezuela,Pasco
LineaH:1139,LineaA:1071,16.273326497626893,36.0,Venezuela,Congreso
LineaH:1139,LineaA:1072,12.478225984671397,25.0,Venezuela,Saenz Peña
LineaH:1139,LineaA:1074,6.1920230302989925,22.0,Venezuela,Piedras
LineaH:1139,LineaA:1076,19.976392990529444,43.0,Venezuela,Plaza de Mayo
LineaH:1139,LineaB:1077,197.13846418888122,279.0,Venezuela,Juan Manuel de Rosas
LineaH:1139,LineaB:1078,31.660991584390338,56.0,Venezuela,Echeverria
LineaH:1139,LineaB:1079,33.99841359878775,78.0,Venezuela,De Los Incas - Parque Chas
LineaH:1139,LineaB:1080,36.533926530776775,57.0,Venezuela,Tronador - Villa Ortuzar
LineaH:1139,LineaB:1081,150.7110422517171,224.0,Venezuela,Federico Lacroze
LineaH:1139,LineaB:1082,104.2370914610277,102.0,Venezuela,Dorrego
LineaH:1139,LineaB:1083,93.13515908307966,116.0,Venezuela,angel Gallardo
LineaH:1139,LineaB:1084,104.42858428452416,182.0,Venezuela,Malabia
LineaH:1139,LineaB:1085,72.0756720535021,169.0,Venezuela,Medrano
LineaH:1139,LineaB:1086,72.28075070103266,157.0,Venezuela,Carlos Gardel
LineaH:1139,LineaB:1088,36.36609927177541,27.0,Venezuela,Pasteur
LineaH:1139,LineaB:1089,39.89815965584492,78.0,Venezuela,Callao [B]
LineaH:1139,LineaB:1090,44.96750768965936,63.0,Venezuela,Uruguay
LineaH:1139,LineaB:1092,43.32741114557635,98.0,Venezuela,Florida
LineaH:1139,LineaC:1094,35.569235429890014,49.0,Venezuela,Constitucion
LineaH:1139,LineaC:1095,4.978597174190039,6.0,Venezuela,San Juan
LineaH:1139,LineaC:1097,3.6972526403036188,0.0,Venezuela,Moreno
LineaH:1139,LineaC:1098,11.527463393962707,21.0,Venezuela,Avenida de Mayo / Lima
LineaH:1139,LineaC:1100,8.647733625538274,18.0,Venezuela,Lavalle
LineaH:1139,LineaC:1101,10.086747097155875,18.0,Venezuela,General San Martin
LineaH:1139,LineaD:1103,142.96844054562408,229.0,Venezuela,Congreso de Tucuman
LineaH:1139,LineaD:1104,130.05329465588335,135.0,Venezuela,Juramento
LineaH:1139,LineaD:1105,67.525256193081,84.0,Venezuela,Jose Hernandez
LineaH:1139,LineaD:1106,71.58041011325899,72.0,Venezuela,Olleros
LineaH:1139,LineaD:1107,48.728314411380474,87.0,Venezuela,Ministro Carranza
LineaH:1139,LineaD:1108,95.52683607473237,116.0,Venezuela,Palermo
LineaH:1139,LineaD:1109,70.33241488285536,79.0,Venezuela,Plaza Italia
LineaH:1139,LineaD:1110,78.96140900506806,77.0,Venezuela,Scalabrini Ortiz
LineaH:1139,LineaD:1111,79.2779828701268,139.0,Venezuela,Bulnes
LineaH:1139,LineaD:1112,35.50930717173004,40.0,Venezuela,Agüero
LineaH:1139,LineaD:1114,58.68837506093906,43.0,Venezuela,Facultad de Medicina
LineaH:1139,LineaD:1115,53.522913401083784,87.0,Venezuela,Callao [D]
LineaH:1139,LineaD:1116,43.99293368406615,47.0,Venezuela,Tribunales
LineaH:1139,LineaD:1117,34.81804567518985,83.0,Venezuela,9 de Julio / Carlos Pellegrini / Diagonal Norte
LineaH:1139,LineaE:1119,38.30397124121776,69.0,Venezuela,Bolivar / Catedral / Peru
LineaH:1139,LineaE:1120,9.895963848358196,16.0,Venezuela,Belgrano
LineaH:1139,LineaE:1121,15.091347151903463,26.0,Venezuela,Independencia
LineaH:1139,LineaE:1122,20.67620348783658,10.0,Venezuela,San Jose
LineaH:1139,LineaE:1123,17.518517225216424,14.0,Venezuela,Entre Rios
LineaH:1139,LineaE:1124,17.724338213683637,25.0,Venezuela,Pichincha
LineaH:1139,LineaE:1126,16.51680683186816,8.0,Venezuela,General Urquiza
LineaH:1139,LineaE:1127,27.884377015160474,32.0,Venezuela,Boedo
LineaH:1139,LineaE:1128,15.389669473336836,26.0,Venezuela,La Plata
LineaH:1139,LineaE:1129,19.229089328833364,23.0,Venezuela,Jose Maria Moreno
LineaH:1139,LineaE:1130,20.346008654502644,24.0,Venezuela,Emilio Mitre
LineaH:1139,LineaE:1131,16.237073611137273,6.0,Venezuela,Medalla Milagrosa
LineaH:1139,LineaE:1132,14.19897326646987,6.0,Venezuela,Varela
LineaH:1139,LineaE:1133,27.799812180280373,41.0,Venezuela,Plaza de los Virreyes
LineaH:1139,LineaE:1164,51.68448367177177,63.0,Venezuela,Retiro
LineaH:1139,LineaE:1165,16.45436319582242,30.0,Venezuela,Catalinas
LineaH:1139,LineaE:1166,32.26947940714578,76.0,Venezuela,Correo Central / Leandro N. Alem
LineaH:1139,LineaH:1134,126.51005195505032,214.0,Venezuela,Hospitales
LineaH:1139,LineaH:1135,102.05538173126959,147.0,Venezuela,Parque Patricios
LineaH:1139,LineaH:1136,141.94493726396834,158.0,Venezuela,Caseros
LineaH:1139,LineaH:1137,64.34592965430473,95.0,Venezuela,Inclan
LineaH:1139,LineaH:1138,38.521976154085465,63.0,Venezuela,Humberto 1 / Jujuy
LineaH:1139,LineaH:1140,103.8290683064283,78.0,Venezuela,Once / Plaza Miserere
LineaH:1139,LineaH:1141,90.5281185536391,154.0,Venezuela,Corrientes / Pueyrredon
LineaH:1139,LineaH:1160,147.7617837051417,202.0,Venezuela,Cordoba
LineaH:1139,LineaH:1161,227.50436863849606,294.0,Venezuela,Pueyrredon / Santa Fe
LineaH:1139,LineaH:1162,202.59023907034174,208.0,Venezuela,Las Heras
LineaH:1139,LineaH:1163,71.55921306429491,100.0,Venezuela,Facultad de Derecho
LineaH:1140,LineaA:1059,442.60556379299516,1389.0,Once / Plaza Miserere,San Pedrito
LineaH:1140,LineaA:1060,781.2946748004143,353.0,Once / Plaza Miserere,San Jose de Flores
LineaH:1140,LineaA:1061,266.36921092829607,339.0,Once / Plaza Miserere,Carabobo
LineaH:1140,LineaA:1062,155.6341364888039,142.0,Once / Plaza Miserere,Puan
LineaH:1140,LineaA:1063,288.1168264519025,341.0,Once / Plaza Miserere,Primera Junta
LineaH:1140,LineaA:1064,304.6490425104275,388.0,Once / Plaza Miserere,Acoyte
LineaH:1140,LineaA:1065,205.65349853420022,221.0,Once / Plaza Miserere,Rio de Janeiro
LineaH:1140,LineaA:1066,137.24847952032363,204.0,Once / Plaza Miserere,Castro Barros
LineaH:1140,LineaA:1067,98.93733296457805,133.0,Once / Plaza Miserere,Loria
LineaH:1140,LineaA:1069,0.0,111.0,Once / Plaza Miserere,Alberti
LineaH:1140,LineaA:1070,44.29021753051577,45.0,Once / Plaza Miserere,Pasco
LineaH:1140,LineaA:1071,587.2907623065836,805.0,Once / Plaza Miserere,Congreso
LineaH:1140,LineaA:1072,444.4750946750276,611.0,Once / Plaza Miserere,Saenz Peña
LineaH:1140,LineaA:1074,380.3798338044265,628.0,Once / Plaza Miserere,Piedras
LineaH:1140,LineaA:1076,1134.7322627918563,1522.0,Once / Plaza Miserere,Plaza de Mayo
LineaH:1140,LineaB:1077,131.00134157802415,234.0,Once / Plaza Miserere,Juan Manuel de Rosas
LineaH:1140,LineaB:1078,26.558580668106412,48.0,Once / Plaza Miserere,Echeverria
LineaH:1140,LineaB:1079,35.240087761392864,49.0,Once / Plaza Miserere,De Los Incas - Parque Chas
LineaH:1140,LineaB:1080,27.438619678334973,43.0,Once / Plaza Miserere,Tronador - Villa Ortuzar
LineaH:1140,LineaB:1081,133.34229032971243,185.0,Once / Plaza Miserere,Federico Lacroze
LineaH:1140,LineaB:1082,62.09529616375286,120.0,Once / Plaza Miserere,Dorrego
LineaH:1140,LineaB:1083,72.50773797059301,90.0,Once / Plaza Miserere,angel Gallardo
LineaH:1140,LineaB:1084,99.36831738426369,102.0,Once / Plaza Miserere,Malabia
LineaH:1140,LineaB:1085,128.99550483144785,129.0,Once / Plaza Miserere,Medrano
LineaH:1140,LineaB:1086,80.81664747659009,119.0,Once / Plaza Miserere,Carlos Gardel
LineaH:1140,LineaB:1088,51.41992026600487,64.0,Once / Plaza Miserere,Pasteur
LineaH:1140,LineaB:1089,134.5675283249468,206.0,Once / Plaza Miserere,Callao [B]
LineaH:1140,LineaB:1090,151.44420716722607,199.0,Once / Plaza Miserere,Uruguay
LineaH:1140,LineaB:1092,156.74418045847545,259.0,Once / Plaza Miserere,Florida
LineaH:1140,LineaC:1094,1545.990418412623,1759.0,Once / Plaza Miserere,Constitucion
LineaH:1140,LineaC:1095,124.41901577223473,190.0,Once / Plaza Miserere,San Juan
LineaH:1140,LineaC:1097,47.22349730985568,69.0,Once / Plaza Miserere,Moreno
LineaH:1140,LineaC:1098,566.9531012197734,764.0,Once / Plaza Miserere,Avenida de Mayo / Lima
LineaH:1140,LineaC:1100,140.41756248390465,144.0,Once / Plaza Miserere,Lavalle
LineaH:1140,LineaC:1101,125.94833882666131,190.0,Once / Plaza Miserere,General San Martin
LineaH:1140,LineaD:1103,211.10710605622123,294.0,Once / Plaza Miserere,Congreso de Tucuman
LineaH:1140,LineaD:1104,244.53241450605086,271.0,Once / Plaza Miserere,Juramento
LineaH:1140,LineaD:1105,144.31140653658832,130.0,Once / Plaza Miserere,Jose Hernandez
LineaH:1140,LineaD:1106,101.34935556682512,144.0,Once / Plaza Miserere,Olleros
LineaH:1140,LineaD:1107,97.12866072462444,154.0,Once / Plaza Miserere,Ministro Carranza
LineaH:1140,LineaD:1108,187.7524231997938,180.0,Once / Plaza Miserere,Palermo
LineaH:1140,LineaD:1109,258.8519895260633,230.0,Once / Plaza Miserere,Plaza Italia
LineaH:1140,LineaD:1110,156.44531927763714,137.0,Once / Plaza Miserere,Scalabrini Ortiz
LineaH:1140,LineaD:1111,189.00767205523113,186.0,Once / Plaza Miserere,Bulnes
LineaH:1140,LineaD:1112,113.01437244592292,134.0,Once / Plaza Miserere,Agüero
LineaH:1140,LineaD:1114,195.8502471569755,84.0,Once / Plaza Miserere,Facultad de Medicina
LineaH:1140,LineaD:1115,146.29778831640573,157.0,Once / Plaza Miserere,Callao [D]
LineaH:1140,LineaD:1116,141.9693199536086,135.0,Once / Plaza Miserere,Tribunales
LineaH:1140,LineaD:1117,209.90811706573015,357.0,Once / Plaza Miserere,9 de Julio / Carlos Pellegrini / Diagonal Norte
LineaH:1140,LineaE:1119,988.1415534546782,1284.0,Once / Plaza Miserere,Bolivar / Catedral / Peru
LineaH:1140,LineaE:1120,96.09961729254792,64.0,Once / Plaza Miserere,Belgrano
LineaH:1140,LineaE:1121,228.03408829267497,480.0,Once / Plaza Miserere,Independencia
LineaH:1140,LineaE:1122,135.0888193151659,51.0,Once / Plaza Miserere,San Jose
LineaH:1140,LineaE:1123,89.72092972319972,87.0,Once / Plaza Miserere,Entre Rios
LineaH:1140,LineaE:1124,38.593685995195074,38.0,Once / Plaza Miserere,Pichincha
LineaH:1140,LineaE:1126,55.696720283733974,28.0,Once / Plaza Miserere,General Urquiza
LineaH:1140,LineaE:1127,55.46327941054471,50.0,Once / Plaza Miserere,Boedo
LineaH:1140,LineaE:1128,48.24592056578131,55.0,Once / Plaza Miserere,La Plata
LineaH:1140,LineaE:1129,60.02047084800115,68.0,Once / Plaza Miserere,Jose Maria Moreno
LineaH:1140,LineaE:1130,30.239642930751945,67.0,Once / Plaza Miserere,Emilio Mitre
LineaH:1140,LineaE:1131,22.545622798437062,17.0,Once / Plaza Miserere,Medalla Milagrosa
LineaH:1140,LineaE:1132,51.89326524093866,32.0,Once / Plaza Miserere,Varela
LineaH:1140,LineaE:1133,68.04620959093089,179.0,Once / Plaza Miserere,Plaza de los Virreyes
LineaH:1140,LineaE:1164,565.9454174265447,497.0,Once / Plaza Miserere,Retiro
LineaH:1140,LineaE:1165,174.70415516662135,182.0,Once / Plaza Miserere,Catalinas
LineaH:1140,LineaE:1166,233.53301915692018,278.0,Once / Plaza Miserere,Correo Central / Leandro N. Alem
LineaH:1140,LineaH:1134,619.9699193622449,837.0,Once / Plaza Miserere,Hospitales
LineaH:1140,LineaH:1135,471.9707070165831,694.0,Once / Plaza Miserere,Parque Patricios
LineaH:1140,LineaH:1136,485.5177197186723,607.0,Once / Plaza Miserere,Caseros
LineaH:1140,LineaH:1137,208.7824795815444,280.0,Once / Plaza Miserere,Inclan
LineaH:1140,LineaH:1138,233.54507313439964,348.0,Once / Plaza Miserere,Humberto 1 / Jujuy
LineaH:1140,LineaH:1139,82.36232385732778,100.0,Once / Plaza Miserere,Venezuela
LineaH:1140,LineaH:1141,99.57972964053906,126.0,Once / Plaza Miserere,Corrientes / Pueyrredon
LineaH:1140,LineaH:1160,337.2084228470686,366.0,Once / Plaza Miserere,Cordoba
LineaH:1140,LineaH:1161,459.6790725824513,636.0,Once / Plaza Miserere,Pueyrredon / Santa Fe
LineaH:1140,LineaH:1162,699.5270386996946,752.0,Once / Plaza Miserere,Las Heras
LineaH:1140,LineaH:1163,319.53206490507694,573.0,Once / Plaza Miserere,Facultad de Derecho
LineaH:1141,LineaA:1059,73.35265241271897,273.0,Corrientes / Pueyrredon,San Pedrito
LineaH:1141,LineaA:1060,126.31478633096988,70.0,Corrientes / Pueyrredon,San Jose de Flores
LineaH:1141,LineaA:1061,45.34553875238837,52.0,Corrientes / Pueyrredon,Carabobo
LineaH:1141,LineaA:1062,34.08228181170021,32.0,Corrientes / Pueyrredon,Puan
LineaH:1141,LineaA:1063,52.65030878745852,60.0,Corrientes / Pueyrredon,Primera Junta
LineaH:1141,LineaA:1064,51.6836931156849,73.0,Corrientes / Pueyrredon,Acoyte
LineaH:1141,LineaA:1065,51.64329367384445,50.0,Corrientes / Pueyrredon,Rio de Janeiro
LineaH:1141,LineaA:1066,36.51801451077954,36.0,Corrientes / Pueyrredon,Castro Barros
LineaH:1141,LineaA:1067,29.146373692704973,24.0,Corrientes / Pueyrredon,Loria
LineaH:1141,LineaA:1069,15.264256762085918,19.0,Corrientes / Pueyrredon,Alberti
LineaH:1141,LineaA:1070,6.276509550177235,8.0,Corrientes / Pueyrredon,Pasco
LineaH:1141,LineaA:1071,51.89988794403,61.0,Corrientes / Pueyrredon,Congreso
LineaH:1141,LineaA:1072,42.605627906618,45.0,Corrientes / Pueyrredon,Saenz Peña
LineaH:1141,LineaA:1074,14.877588587532687,20.0,Corrientes / Pueyrredon,Piedras
LineaH:1141,LineaA:1076,83.76055062940449,142.0,Corrientes / Pueyrredon,Plaza de Mayo
LineaH:1141,LineaB:1077,877.0265349495481,1325.0,Corrientes / Pueyrredon,Juan Manuel de Rosas
LineaH:1141,LineaB:1078,132.05938088391832,255.0,Corrientes / Pueyrredon,Echeverria
LineaH:1141,LineaB:1079,188.45608791320356,302.0,Corrientes / Pueyrredon,De Los Incas - Parque Chas
LineaH:1141,LineaB:1080,154.9241515550419,204.0,Corrientes / Pueyrredon,Tronador - Villa Ortuzar
LineaH:1141,LineaB:1081,1165.5229635529613,1400.0,Corrientes / Pueyrredon,Federico Lacroze
LineaH:1141,LineaB:1082,479.26353044244377,614.0,Corrientes / Pueyrredon,Dorrego
LineaH:1141,LineaB:1083,360.88402278192,423.0,Corrientes / Pueyrredon,angel Gallardo
LineaH:1141,LineaB:1084,467.1348582537335,686.0,Corrientes / Pueyrredon,Malabia
LineaH:1141,LineaB:1085,298.26535790229474,391.0,Corrientes / Pueyrredon,Medrano
LineaH:1141,LineaB:1086,123.18154438248828,236.0,Corrientes / Pueyrredon,Carlos Gardel
LineaH:1141,LineaB:1088,0.0,54.0,Corrientes / Pueyrredon,Pasteur
LineaH:1141,LineaB:1089,181.04067849443112,259.0,Corrientes / Pueyrredon,Callao [B]
LineaH:1141,LineaB:1090,241.91422853106323,391.0,Corrientes / Pueyrredon,Uruguay
LineaH:1141,LineaB:1092,283.0953076020409,504.0,Corrientes / Pueyrredon,Florida
LineaH:1141,LineaC:1094,566.5990759336812,788.0,Corrientes / Pueyrredon,Constitucion
LineaH:1141,LineaC:1095,21.244100117338277,31.0,Corrientes / Pueyrredon,San Juan
LineaH:1141,LineaC:1097,19.941401254298327,33.0,Corrientes / Pueyrredon,Moreno
LineaH:1141,LineaC:1098,48.618593567805355,39.0,Corrientes / Pueyrredon,Avenida de Mayo / Lima
LineaH:1141,LineaC:1100,79.1639645741413,28.0,Corrientes / Pueyrredon,Lavalle
LineaH:1141,LineaC:1101,42.004697969207044,21.0,Corrientes / Pueyrredon,General San Martin
LineaH:1141,LineaD:1103,145.03096616475753,228.0,Corrientes / Pueyrredon,Congreso de Tucuman
LineaH:1141,LineaD:1104,112.61752722724725,175.0,Corrientes / Pueyrredon,Juramento
LineaH:1141,LineaD:1105,56.82171732462054,87.0,Corrientes / Pueyrredon,Jose Hernandez
LineaH:1141,LineaD:1106,53.936986391248155,68.0,Corrientes / Pueyrredon,Olleros
LineaH:1141,LineaD:1107,52.567311832209604,91.0,Corrientes / Pueyrredon,Ministro Carranza
LineaH:1141,LineaD:1108,99.37268180196897,101.0,Corrientes / Pueyrredon,Palermo
LineaH:1141,LineaD:1109,113.52634719903921,96.0,Corrientes / Pueyrredon,Plaza Italia
LineaH:1141,LineaD:1110,69.1830006028557,59.0,Corrientes / Pueyrredon,Scalabrini Ortiz
LineaH:1141,LineaD:1111,55.35095458010847,78.0,Corrientes / Pueyrredon,Bulnes
LineaH:1141,LineaD:1112,35.54081051751681,38.0,Corrientes / Pueyrredon,Agüero
LineaH:1141,LineaD:1114,22.501046864663675,24.0,Corrientes / Pueyrredon,Facultad de Medicina
LineaH:1141,LineaD:1115,73.89963949630618,61.0,Corrientes / Pueyrredon,Callao [D]
LineaH:1141,LineaD:1116,91.09528369376167,53.0,Corrientes / Pueyrredon,Tribunales
LineaH:1141,LineaD:1117,250.47958267741836,556.0,Corrientes / Pueyrredon,9 de Julio / Carlos Pellegrini / Diagonal Norte
LineaH:1141,LineaE:1119,139.5799498725836,156.0,Corrientes / Pueyrredon,Bolivar / Catedral / Peru
LineaH:1141,LineaE:1120,16.220913432443307,8.0,Corrientes / Pueyrredon,Belgrano
LineaH:1141,LineaE:1121,85.08595804042203,137.0,Corrientes / Pueyrredon,Independencia
LineaH:1141,LineaE:1122,36.44782449446114,31.0,Corrientes / Pueyrredon,San Jose
LineaH:1141,LineaE:1123,57.61538179341907,30.0,Corrientes / Pueyrredon,Entre Rios
LineaH:1141,LineaE:1124,32.92554652769012,16.0,Corrientes / Pueyrredon,Pichincha
LineaH:1141,LineaE:1126,30.63278254872378,35.0,Corrientes / Pueyrredon,General Urquiza
LineaH:1141,LineaE:1127,61.93899971579433,59.0,Corrientes / Pueyrredon,Boedo
LineaH:1141,LineaE:1128,46.6251066312717,80.0,Corrientes / Pueyrredon,La Plata
LineaH:1141,LineaE:1129,31.366696101039935,60.0,Corrientes / Pueyrredon,Jose Maria Moreno
LineaH:1141,LineaE:1130,44.29275754177581,33.0,Corrientes / Pueyrredon,Emilio Mitre
LineaH:1141,LineaE:1131,37.38900942385369,39.0,Corrientes / Pueyrredon,Medalla Milagrosa
LineaH:1141,LineaE:1132,76.04732026275319,29.0,Corrientes / Pueyrredon,Varela
LineaH:1141,LineaE:1133,63.91576383037854,162.0,Corrientes / Pueyrredon,Plaza de los Virreyes
LineaH:1141,LineaE:1164,211.44546605222672,116.0,Corrientes / Pueyrredon,Retiro
LineaH:1141,LineaE:1165,158.50973878955324,28.0,Corrientes / Pueyrredon,Catalinas
LineaH:1141,LineaE:1166,319.55716877816684,640.0,Corrientes / Pueyrredon,Correo Central / Leandro N. Alem
LineaH:1141,LineaH:1134,361.43827468190415,503.0,Corrientes / Pueyrredon,Hospitales
LineaH:1141,LineaH:1135,243.490760052148,328.0,Corrientes / Pueyrredon,Parque Patricios
LineaH:1141,LineaH:1136,251.67532060740584,211.0,Corrientes / Pueyrredon,Caseros
LineaH:1141,LineaH:1137,148.39419515729813,225.0,Corrientes / Pueyrredon,Inclan
LineaH:1141,LineaH:1138,178.95704136022437,263.0,Corrientes / Pueyrredon,Humberto 1 / Jujuy
LineaH:1141,LineaH:1139,91.23706365193394,142.0,Corrientes / Pueyrredon,Venezuela
LineaH:1141,LineaH:1140,317.677130930129,116.0,Corrientes / Pueyrredon,Once / Plaza Miserere
LineaH:1141,LineaH:1160,72.68546650307121,64.0,Corrientes / Pueyrredon,Cordoba
LineaH:1141,LineaH:1161,163.71744444405775,170.0,Corrientes / Pueyrredon,Pueyrredon / Santa Fe
LineaH:1141,LineaH:1162,216.99982447260402,231.0,Corrientes / Pueyrredon,Las Heras
LineaH:1141,LineaH:1163,71.81082000253474,115.0,Corrientes / Pueyrredon,Facultad de Derecho
LineaH:1160,LineaA:1059,205.80851814276198,284.0,Cordoba,San Pedrito
LineaH:1160,LineaA:1060,237.7163458063221,97.0,Cordoba,San Jose de Flores
LineaH:1160,LineaA:1061,173.15144528646655,86.0,Cordoba,Carabobo
LineaH:1160,LineaA:1062,119.15114797243717,80.0,Cordoba,Puan
LineaH:1160,LineaA:1063,173.76575076920096,127.0,Cordoba,Primera Junta
LineaH:1160,LineaA:1064,131.2849744564996,109.0,Cordoba,Acoyte
LineaH:1160,LineaA:1065,140.95091568678248,87.0,Cordoba,Rio de Janeiro
LineaH:1160,LineaA:1066,79.6905648629126,53.0,Cordoba,Castro Barros
LineaH:1160,LineaA:1067,62.294977426009304,40.0,Cordoba,Loria
LineaH:1160,LineaA:1069,21.28716679899177,20.0,Cordoba,Alberti
LineaH:1160,LineaA:1070,13.9060769861718,1.0,Cordoba,Pasco
LineaH:1160,LineaA:1071,55.9433710806812,36.0,Cordoba,Congreso
LineaH:1160,LineaA:1072,26.598560322572414,32.0,Cordoba,Saenz Peña
LineaH:1160,LineaA:1074,18.67766836674065,13.0,Cordoba,Piedras
LineaH:1160,LineaA:1076,28.6383923048465,13.0,Cordoba,Plaza de Mayo
LineaH:1160,LineaB:1077,113.780349318965,146.0,Cordoba,Juan Manuel de Rosas
LineaH:1160,LineaB:1078,25.050258510987586,21.0,Cordoba,Echeverria
LineaH:1160,LineaB:1079,65.67017876276756,46.0,Cordoba,De Los Incas - Parque Chas
LineaH:1160,LineaB:1080,27.756106425365736,13.0,Cordoba,Tronador - Villa Ortuzar
LineaH:1160,LineaB:1081,198.23227320068588,182.0,Cordoba,Federico Lacroze
LineaH:1160,LineaB:1082,65.91359375905317,45.0,Cordoba,Dorrego
LineaH:1160,LineaB:1083,63.30209694586449,37.0,Cordoba,angel Gallardo
LineaH:1160,LineaB:1084,28.50642930146526,35.0,Cordoba,Malabia
LineaH:1160,LineaB:1085,87.55552181933218,85.0,Cordoba,Medrano
LineaH:1160,LineaB:1086,60.357222528335996,54.0,Cordoba,Carlos Gardel
LineaH:1160,LineaB:1088,16.571222162715152,14.0,Cordoba,Pasteur
LineaH:1160,LineaB:1089,25.509901380479405,30.0,Cordoba,Callao [B]
LineaH:1160,LineaB:1090,22.62579871071618,47.0,Cordoba,Uruguay
LineaH:1160,LineaB:1092,16.34468736177897,28.0,Cordoba,Florida
LineaH:1160,LineaC:1094,122.70797332004526,140.0,Cordoba,Constitucion
LineaH:1160,LineaC:1095,32.57358981306184,21.0,Cordoba,San Juan
LineaH:1160,LineaC:1097,3.6868702012552816,4.0,Cordoba,Moreno
LineaH:1160,LineaC:1098,25.053394025260985,29.0,Cordoba,Avenida de Mayo / Lima
LineaH:1160,LineaC:1100,3.6883533055283504,3.0,Cordoba,Lavalle
LineaH:1160,LineaC:1101,9.963422663452285,3.0,Cordoba,General San Martin
LineaH:1160,LineaD:1103,56.73292622217363,72.0,Cordoba,Congreso de Tucuman
LineaH:1160,LineaD:1104,50.38541191901783,54.0,Cordoba,Juramento
LineaH:1160,LineaD:1105,21.59080254495372,9.0,Cordoba,Jose Hernandez
LineaH:1160,LineaD:1106,30.521684244175805,41.0,Cordoba,Olleros
LineaH:1160,LineaD:1107,24.996402990595076,25.0,Cordoba,Ministro Carranza
LineaH:1160,LineaD:1108,38.2538515477909,44.0,Cordoba,Palermo
LineaH:1160,LineaD:1109,37.6321184042248,12.0,Cordoba,Plaza Italia
LineaH:1160,LineaD:1110,22.121830286029848,17.0,Cordoba,Scalabrini Ortiz
LineaH:1160,LineaD:1111,32.940801576405036,24.0,Cordoba,Bulnes
LineaH:1160,LineaD:1112,12.71484094854644,8.0,Cordoba,Agüero
LineaH:1160,LineaD:1114,28.21942571245768,20.0,Cordoba,Facultad de Medicina
LineaH:1160,LineaD:1115,19.230310389695276,4.0,Cordoba,Callao [D]
LineaH:1160,LineaD:1116,12.736926794938752,14.0,Cordoba,Tribunales
LineaH:1160,LineaD:1117,27.517804253476534,30.0,Cordoba,9 de Julio / Carlos Pellegrini / Diagonal Norte
LineaH:1160,LineaE:1119,42.571789623722616,47.0,Cordoba,Bolivar / Catedral / Peru
LineaH:1160,LineaE:1120,14.962414415271702,10.0,Cordoba,Belgrano
LineaH:1160,LineaE:1121,79.07628084608541,152.0,Cordoba,Independencia
LineaH:1160,LineaE:1122,47.89095331899729,14.0,Cordoba,San Jose
LineaH:1160,LineaE:1123,75.49655070441257,42.0,Cordoba,Entre Rios
LineaH:1160,LineaE:1124,35.882668012610175,23.0,Cordoba,Pichincha
LineaH:1160,LineaE:1126,69.12805034102436,11.0,Cordoba,General Urquiza
LineaH:1160,LineaE:1127,113.19374715748243,74.0,Cordoba,Boedo
LineaH:1160,LineaE:1128,126.03076531732175,100.0,Cordoba,La Plata
LineaH:1160,LineaE:1129,138.65800417375414,100.0,Cordoba,Jose Maria Moreno
LineaH:1160,LineaE:1130,105.01972838615347,66.0,Cordoba,Emilio Mitre
LineaH:1160,LineaE:1131,72.39563012044324,40.0,Cordoba,Medalla Milagrosa
LineaH:1160,LineaE:1132,118.58910648498004,34.0,Cordoba,Varela
LineaH:1160,LineaE:1133,100.00273463811735,192.0,Cordoba,Plaza de los Virreyes
LineaH:1160,LineaE:1164,43.49255141396582,6.0,Cordoba,Retiro
LineaH:1160,LineaE:1165,21.83318407546416,3.0,Cordoba,Catalinas
LineaH:1160,LineaE:1166,54.156918545177895,55.0,Cordoba,Correo Central / Leandro N. Alem
LineaH:1160,LineaH:1134,535.2938674797684,511.0,Cordoba,Hospitales
LineaH:1160,LineaH:1135,350.5734236350155,373.0,Cordoba,Parque Patricios
LineaH:1160,LineaH:1136,360.95252547491197,270.0,Cordoba,Caseros
LineaH:1160,LineaH:1137,214.23394227427147,186.0,Cordoba,Inclan
LineaH:1160,LineaH:1138,237.39072361349204,270.0,Cordoba,Humberto 1 / Jujuy
LineaH:1160,LineaH:1139,161.62202476206832,193.0,Cordoba,Venezuela
LineaH:1160,LineaH:1140,653.3919680931646,305.0,Cordoba,Once / Plaza Miserere
LineaH:1160,LineaH:1141,58.616232197928355,38.0,Cordoba,Corrientes / Pueyrredon
LineaH:1160,LineaH:1161,20.303008128472825,15.0,Cordoba,Pueyrredon / Santa Fe
LineaH:1160,LineaH:1162,183.29750465317034,158.0,Cordoba,Las Heras
LineaH:1160,LineaH:1163,97.145004320342,143.0,Cordoba,Facultad de Derecho
LineaH:1161,LineaA:1059,243.2007744124419,481.0,Pueyrredon / Santa Fe,San Pedrito
LineaH:1161,LineaA:1060,294.16822157948667,178.0,Pueyrredon / Santa Fe,San Jose de Flores
LineaH:1161,LineaA:1061,208.31440830622358,200.0,Pueyrredon / Santa Fe,Carabobo
LineaH:1161,LineaA:1062,140.29178325927285,149.0,Pueyrredon / Santa Fe,Puan
LineaH:1161,LineaA:1063,258.3089588210028,257.0,Pueyrredon / Santa Fe,Primera Junta
LineaH:1161,LineaA:1064,237.6906828600587,221.0,Pueyrredon / Santa Fe,Acoyte
LineaH:1161,LineaA:1065,177.37407481787423,206.0,Pueyrredon / Santa Fe,Rio de Janeiro
LineaH:1161,LineaA:1066,143.8718547159598,136.0,Pueyrredon / Santa Fe,Castro Barros
LineaH:1161,LineaA:1067,95.42966568339864,98.0,Pueyrredon / Santa Fe,Loria
LineaH:1161,LineaA:1069,39.40715864575342,29.0,Pueyrredon / Santa Fe,Alberti
LineaH:1161,LineaA:1070,20.696189139192914,5.0,Pueyrredon / Santa Fe,Pasco
LineaH:1161,LineaA:1071,73.91592674725865,34.0,Pueyrredon / Santa Fe,Congreso
LineaH:1161,LineaA:1072,32.744815396528004,38.0,Pueyrredon / Santa Fe,Saenz Peña
LineaH:1161,LineaA:1074,21.265648906283552,18.0,Pueyrredon / Santa Fe,Piedras
LineaH:1161,LineaA:1076,105.17100823489285,62.0,Pueyrredon / Santa Fe,Plaza de Mayo
LineaH:1161,LineaB:1077,288.5249185297669,334.0,Pueyrredon / Santa Fe,Juan Manuel de Rosas
LineaH:1161,LineaB:1078,92.61693100678941,107.0,Pueyrredon / Santa Fe,Echeverria
LineaH:1161,LineaB:1079,94.77293970441116,104.0,Pueyrredon / Santa Fe,De Los Incas - Parque Chas
LineaH:1161,LineaB:1080,58.53207535951208,58.0,Pueyrredon / Santa Fe,Tronador - Villa Ortuzar
LineaH:1161,LineaB:1081,267.77505850970016,263.0,Pueyrredon / Santa Fe,Federico Lacroze
LineaH:1161,LineaB:1082,82.31398508461217,51.0,Pueyrredon / Santa Fe,Dorrego
LineaH:1161,LineaB:1083,155.11991002846872,167.0,Pueyrredon / Santa Fe,angel Gallardo
LineaH:1161,LineaB:1084,183.15189759743237,154.0,Pueyrredon / Santa Fe,Malabia
LineaH:1161,LineaB:1085,202.19014135481336,213.0,Pueyrredon / Santa Fe,Medrano
LineaH:1161,LineaB:1086,85.44086078549984,109.0,Pueyrredon / Santa Fe,Carlos Gardel
LineaH:1161,LineaB:1088,28.006016638549724,31.0,Pueyrredon / Santa Fe,Pasteur
LineaH:1161,LineaB:1089,60.689968707610355,65.0,Pueyrredon / Santa Fe,Callao [B]
LineaH:1161,LineaB:1090,51.850988875022885,43.0,Pueyrredon / Santa Fe,Uruguay
LineaH:1161,LineaB:1092,61.03266836093738,58.0,Pueyrredon / Santa Fe,Florida
LineaH:1161,LineaC:1094,704.2251861302775,641.0,Pueyrredon / Santa Fe,Constitucion
LineaH:1161,LineaC:1095,59.25312646786256,37.0,Pueyrredon / Santa Fe,San Juan
LineaH:1161,LineaC:1097,36.57939169218847,34.0,Pueyrredon / Santa Fe,Moreno
LineaH:1161,LineaC:1098,70.30317099670621,31.0,Pueyrredon / Santa Fe,Avenida de Mayo / Lima
LineaH:1161,LineaC:1100,36.222868300988445,18.0,Pueyrredon / Santa Fe,Lavalle
LineaH:1161,LineaC:1101,36.41145395707607,13.0,Pueyrredon / Santa Fe,General San Martin
LineaH:1161,LineaD:1103,673.8562064351187,769.0,Pueyrredon / Santa Fe,Congreso de Tucuman
LineaH:1161,LineaD:1104,561.6905071657196,462.0,Pueyrredon / Santa Fe,Juramento
LineaH:1161,LineaD:1105,336.5221120459877,329.0,Pueyrredon / Santa Fe,Jose Hernandez
LineaH:1161,LineaD:1106,304.6170999734192,307.0,Pueyrredon / Santa Fe,Olleros
LineaH:1161,LineaD:1107,379.5804660781648,393.0,Pueyrredon / Santa Fe,Ministro Carranza
LineaH:1161,LineaD:1108,505.5502804835512,465.0,Pueyrredon / Santa Fe,Palermo
LineaH:1161,LineaD:1109,308.00357037257737,217.0,Pueyrredon / Santa Fe,Plaza Italia
LineaH:1161,LineaD:1110,205.83690475580713,162.0,Pueyrredon / Santa Fe,Scalabrini Ortiz
LineaH:1161,LineaD:1111,177.04243695702058,139.0,Pueyrredon / Santa Fe,Bulnes
LineaH:1161,LineaD:1112,0.0,34.0,Pueyrredon / Santa Fe,Agüero
LineaH:1161,LineaD:1114,74.8651094211852,50.0,Pueyrredon / Santa Fe,Facultad de Medicina
LineaH:1161,LineaD:1115,149.4039775865038,140.0,Pueyrredon / Santa Fe,Callao [D]
LineaH:1161,LineaD:1116,291.672312955605,301.0,Pueyrredon / Santa Fe,Tribunales
LineaH:1161,LineaD:1117,147.93726924575762,389.0,Pueyrredon / Santa Fe,9 de Julio / Carlos Pellegrini / Diagonal Norte
LineaH:1161,LineaE:1119,675.9797683422531,891.0,Pueyrredon / Santa Fe,Bolivar / Catedral / Peru
LineaH:1161,LineaE:1120,40.55091801824055,16.0,Pueyrredon / Santa Fe,Belgrano
LineaH:1161,LineaE:1121,127.03734697380955,194.0,Pueyrredon / Santa Fe,Independencia
LineaH:1161,LineaE:1122,77.00512192291596,22.0,Pueyrredon / Santa Fe,San Jose
LineaH:1161,LineaE:1123,49.458448153881946,26.0,Pueyrredon / Santa Fe,Entre Rios
LineaH:1161,LineaE:1124,28.003581479090524,35.0,Pueyrredon / Santa Fe,Pichincha
LineaH:1161,LineaE:1126,79.0581128972713,31.0,Pueyrredon / Santa Fe,General Urquiza
LineaH:1161,LineaE:1127,128.32734104619635,125.0,Pueyrredon / Santa Fe,Boedo
LineaH:1161,LineaE:1128,154.58348104778597,150.0,Pueyrredon / Santa Fe,La Plata
LineaH:1161,LineaE:1129,140.4595720795581,128.0,Pueyrredon / Santa Fe,Jose Maria Moreno
LineaH:1161,LineaE:1130,138.31297860778466,136.0,Pueyrredon / Santa Fe,Emilio Mitre
LineaH:1161,LineaE:1131,75.89227492686432,37.0,Pueyrredon / Santa Fe,Medalla Milagrosa
LineaH:1161,LineaE:1132,118.82552165088885,40.0,Pueyrredon / Santa Fe,Varela
LineaH:1161,LineaE:1133,92.69611988926256,225.0,Pueyrredon / Santa Fe,Plaza de los Virreyes
LineaH:1161,LineaE:1164,129.94561435714664,65.0,Pueyrredon / Santa Fe,Retiro
LineaH:1161,LineaE:1165,49.84252329839622,20.0,Pueyrredon / Santa Fe,Catalinas
LineaH:1161,LineaE:1166,96.70151905286902,115.0,Pueyrredon / Santa Fe,Correo Central / Leandro N. Alem
LineaH:1161,LineaH:1134,645.3936702983254,729.0,Pueyrredon / Santa Fe,Hospitales
LineaH:1161,LineaH:1135,530.3042511568465,673.0,Pueyrredon / Santa Fe,Parque Patricios
LineaH:1161,LineaH:1136,483.6364267992778,347.0,Pueyrredon / Santa Fe,Caseros
LineaH:1161,LineaH:1137,245.66777031618196,275.0,Pueyrredon / Santa Fe,Inclan
LineaH:1161,LineaH:1138,261.3123469774237,346.0,Pueyrredon / Santa Fe,Humberto 1 / Jujuy
LineaH:1161,LineaH:1139,236.55281648123736,236.0,Pueyrredon / Santa Fe,Venezuela
LineaH:1161,LineaH:1140,806.3262904786807,545.0,Pueyrredon / Santa Fe,Once / Plaza Miserere
LineaH:1161,LineaH:1141,134.24580993170693,152.0,Pueyrredon / Santa Fe,Corrientes / Pueyrredon
LineaH:1161,LineaH:1160,64.20192763190624,19.0,Pueyrredon / Santa Fe,Cordoba
LineaH:1161,LineaH:1162,109.01437435501647,67.0,Pueyrredon / Santa Fe,Las Heras
LineaH:1161,LineaH:1163,116.84579888126427,170.0,Pueyrredon / Santa Fe,Facultad de Derecho
LineaH:1162,LineaA:1059,198.55928648749776,467.0,Las Heras,San Pedrito
LineaH:1162,LineaA:1060,216.37750673911066,168.0,Las Heras,San Jose de Flores
LineaH:1162,LineaA:1061,178.5303847664262,164.0,Las Heras,Carabobo
LineaH:1162,LineaA:1062,101.42005258110346,121.0,Las Heras,Puan
LineaH:1162,LineaA:1063,163.24531620471834,272.0,Las Heras,Primera Junta
LineaH:1162,LineaA:1064,224.30250434617665,215.0,Las Heras,Acoyte
LineaH:1162,LineaA:1065,164.86241342701567,188.0,Las Heras,Rio de Janeiro
LineaH:1162,LineaA:1066,125.01996303750788,120.0,Las Heras,Castro Barros
LineaH:1162,LineaA:1067,91.27499780119484,91.0,Las Heras,Loria
LineaH:1162,LineaA:1069,36.483582613625465,30.0,Las Heras,Alberti
LineaH:1162,LineaA:1070,38.150328408452395,2.0,Las Heras,Pasco
LineaH:1162,LineaA:1071,61.44151619695874,31.0,Las Heras,Congreso
LineaH:1162,LineaA:1072,14.20573386651423,13.0,Las Heras,Saenz Peña
LineaH:1162,LineaA:1074,6.2509121389301505,1.0,Las Heras,Piedras
LineaH:1162,LineaA:1076,40.34163474884317,37.0,Las Heras,Plaza de Mayo
LineaH:1162,LineaB:1077,230.93370115259157,237.0,Las Heras,Juan Manuel de Rosas
LineaH:1162,LineaB:1078,42.194425273783274,60.0,Las Heras,Echeverria
LineaH:1162,LineaB:1079,64.27543488777988,89.0,Las Heras,De Los Incas - Parque Chas
LineaH:1162,LineaB:1080,26.86630810496468,23.0,Las Heras,Tronador - Villa Ortuzar
LineaH:1162,LineaB:1081,204.27125696970015,174.0,Las Heras,Federico Lacroze
LineaH:1162,LineaB:1082,74.77986463557458,92.0,Las Heras,Dorrego
LineaH:1162,LineaB:1083,123.13774637796834,132.0,Las Heras,angel Gallardo
LineaH:1162,LineaB:1084,107.24618617110904,109.0,Las Heras,Malabia
LineaH:1162,LineaB:1085,146.0897003249001,147.0,Las Heras,Medrano
LineaH:1162,LineaB:1086,92.96781527083466,116.0,Las Heras,Carlos Gardel
LineaH:1162,LineaB:1088,25.47950473590714,19.0,Las Heras,Pasteur
LineaH:1162,LineaB:1089,20.239801859938655,18.0,Las Heras,Callao [B]
LineaH:1162,LineaB:1090,28.878089062962644,33.0,Las Heras,Uruguay
LineaH:1162,LineaB:1092,29.912614891428568,62.0,Las Heras,Florida
LineaH:1162,LineaC:1094,136.61977837460861,169.0,Las Heras,Constitucion
LineaH:1162,LineaC:1095,5.1061044972295,7.0,Las Heras,San Juan
LineaH:1162,LineaC:1097,10.331829288173815,1.0,Las Heras,Moreno
LineaH:1162,LineaC:1098,19.101273202092123,19.0,Las Heras,Avenida de Mayo / Lima
LineaH:1162,LineaC:1100,3.736141812952349,8.0,Las Heras,Lavalle
LineaH:1162,LineaC:1101,19.047744687978785,2.0,Las Heras,General San Martin
LineaH:1162,LineaD:1103,87.5057718127958,80.0,Las Heras,Congreso de Tucuman
LineaH:1162,LineaD:1104,61.147842759020186,53.0,Las Heras,Juramento
LineaH:1162,LineaD:1105,63.93370712203428,43.0,Las Heras,Jose Hernandez
LineaH:1162,LineaD:1106,45.48025941060443,17.0,Las Heras,Olleros
LineaH:1162,LineaD:1107,53.37314692919034,51.0,Las Heras,Ministro Carranza
LineaH:1162,LineaD:1108,60.39223114669462,54.0,Las Heras,Palermo
LineaH:1162,LineaD:1109,55.97621960245444,29.0,Las Heras,Plaza Italia
LineaH:1162,LineaD:1110,56.52627893439406,37.0,Las Heras,Scalabrini Ortiz
LineaH:1162,LineaD:1111,73.7746805984727,46.0,Las Heras,Bulnes
LineaH:1162,LineaD:1112,32.46753270580122,17.0,Las Heras,Agüero
LineaH:1162,LineaD:1114,34.751246123526485,27.0,Las Heras,Facultad de Medicina
LineaH:1162,LineaD:1115,44.65625749205659,15.0,Las Heras,Callao [D]
LineaH:1162,LineaD:1116,27.858042547084064,21.0,Las Heras,Tribunales
LineaH:1162,LineaD:1117,40.36431042286838,77.0,Las Heras,9 de Julio / Carlos Pellegrini / Diagonal Norte
LineaH:1162,LineaE:1119,120.55926217371231,183.0,Las Heras,Bolivar / Catedral / Peru
LineaH:1162,LineaE:1120,15.215353199075155,11.0,Las Heras,Belgrano
LineaH:1162,LineaE:1121,29.201610756839237,63.0,Las Heras,Independencia
LineaH:1162,LineaE:1122,16.22459080188913,19.0,Las Heras,San Jose
LineaH:1162,LineaE:1123,60.469147780282576,18.0,Las Heras,Entre Rios
LineaH:1162,LineaE:1124,23.145853784570757,17.0,Las Heras,Pichincha
LineaH:1162,LineaE:1126,44.774988256793684,37.0,Las Heras,General Urquiza
LineaH:1162,LineaE:1127,96.92740170275468,67.0,Las Heras,Boedo
LineaH:1162,LineaE:1128,120.13655137274358,113.0,Las Heras,La Plata
LineaH:1162,LineaE:1129,104.58348322773216,95.0,Las Heras,Jose Maria Moreno
LineaH:1162,LineaE:1130,107.84986692442303,102.0,Las Heras,Emilio Mitre
LineaH:1162,LineaE:1131,47.508635883209145,37.0,Las Heras,Medalla Milagrosa
LineaH:1162,LineaE:1132,115.72472463227469,71.0,Las Heras,Varela
LineaH:1162,LineaE:1133,97.82919464764663,255.0,Las Heras,Plaza de los Virreyes
LineaH:1162,LineaE:1164,36.77924970541421,22.0,Las Heras,Retiro
LineaH:1162,LineaE:1165,22.570640370713935,0.0,Las Heras,Catalinas
LineaH:1162,LineaE:1166,55.64622780306703,96.0,Las Heras,Correo Central / Leandro N. Alem
LineaH:1162,LineaH:1134,706.9767124915873,892.0,Las Heras,Hospitales
LineaH:1162,LineaH:1135,455.7007384179096,624.0,Las Heras,Parque Patricios
LineaH:1162,LineaH:1136,364.6090052301989,342.0,Las Heras,Caseros
LineaH:1162,LineaH:1137,194.2264179357473,205.0,Las Heras,Inclan
LineaH:1162,LineaH:1138,166.84926007491617,285.0,Las Heras,Humberto 1 / Jujuy
LineaH:1162,LineaH:1139,159.44110961688276,196.0,Las Heras,Venezuela
LineaH:1162,LineaH:1140,1197.1853948812284,743.0,Las Heras,Once / Plaza Miserere
LineaH:1162,LineaH:1141,193.63804032815065,229.0,Las Heras,Corrientes / Pueyrredon
LineaH:1162,LineaH:1160,153.2928208214089,139.0,Las Heras,Cordoba
LineaH:1162,LineaH:1161,91.71732219654265,82.0,Las Heras,Pueyrredon / Santa Fe
LineaH:1162,LineaH:1163,40.27538828115702,70.0,Las Heras,Facultad de Derecho
LineaH:1163,LineaA:1059,43.56400038431349,157.0,Facultad de Derecho,San Pedrito
LineaH:1163,LineaA:1060,41.535070629893056,83.0,Facultad de Derecho,San Jose de Flores
LineaH:1163,LineaA:1061,52.36657500247081,67.0,Facultad de Derecho,Carabobo
LineaH:1163,LineaA:1062,23.440537916853614,39.0,Facultad de Derecho,Puan
LineaH:1163,LineaA:1063,44.046142956885184,93.0,Facultad de Derecho,Primera Junta
LineaH:1163,LineaA:1064,47.545024169724684,86.0,Facultad de Derecho,Acoyte
LineaH:1163,LineaA:1065,34.684112198314196,70.0,Facultad de Derecho,Rio de Janeiro
LineaH:1163,LineaA:1066,37.976330481345414,61.0,Facultad de Derecho,Castro Barros
LineaH:1163,LineaA:1067,6.476381023783583,32.0,Facultad de Derecho,Loria
LineaH:1163,LineaA:1069,11.438978023460455,25.0,Facultad de Derecho,Alberti
LineaH:1163,LineaA:1070,7.636563089707056,2.0,Facultad de Derecho,Pasco
LineaH:1163,LineaA:1071,16.65927817641875,34.0,Facultad de Derecho,Congreso
LineaH:1163,LineaA:1072,12.933618733264256,15.0,Facultad de Derecho,Saenz Peña
LineaH:1163,LineaA:1074,2.485195277769376,1.0,Facultad de Derecho,Piedras
LineaH:1163,LineaA:1076,6.589118256799942,18.0,Facultad de Derecho,Plaza de Mayo
LineaH:1163,LineaB:1077,58.11551230459578,119.0,Facultad de Derecho,Juan Manuel de Rosas
LineaH:1163,LineaB:1078,24.6527316267622,40.0,Facultad de Derecho,Echeverria
LineaH:1163,LineaB:1079,16.921796310482385,40.0,Facultad de Derecho,De Los Incas - Parque Chas
LineaH:1163,LineaB:1080,14.351782649699597,20.0,Facultad de Derecho,Tronador - Villa Ortuzar
LineaH:1163,LineaB:1081,86.16437970186952,163.0,Facultad de Derecho,Federico Lacroze
LineaH:1163,LineaB:1082,24.233098412261437,35.0,Facultad de Derecho,Dorrego
LineaH:1163,LineaB:1083,23.591048473727422,52.0,Facultad de Derecho,angel Gallardo
LineaH:1163,LineaB:1084,28.853773381076575,60.0,Facultad de Derecho,Malabia
LineaH:1163,LineaB:1085,25.655977776256414,71.0,Facultad de Derecho,Medrano
LineaH:1163,LineaB:1086,23.240435484948943,75.0,Facultad de Derecho,Carlos Gardel
LineaH:1163,LineaB:1088,7.794870245944468,12.0,Facultad de Derecho,Pasteur
LineaH:1163,LineaB:1089,14.299503929972612,7.0,Facultad de Derecho,Callao [B]
LineaH:1163,LineaB:1090,8.779501218050191,35.0,Facultad de Derecho,Uruguay
LineaH:1163,LineaB:1092,6.2984727053677405,29.0,Facultad de Derecho,Florida
LineaH:1163,LineaC:1094,37.21256417466176,129.0,Facultad de Derecho,Constitucion
LineaH:1163,LineaC:1095,1.2583857554110247,8.0,Facultad de Derecho,San Juan
LineaH:1163,LineaC:1097,2.48801030543111,5.0,Facultad de Derecho,Moreno
LineaH:1163,LineaC:1098,10.166146604823695,12.0,Facultad de Derecho,Avenida de Mayo / Lima
LineaH:1163,LineaC:1100,3.769293800648583,4.0,Facultad de Derecho,Lavalle
LineaH:1163,LineaC:1101,5.1686559075581435,0.0,Facultad de Derecho,General San Martin
LineaH:1163,LineaD:1103,31.06500008649538,107.0,Facultad de Derecho,Congreso de Tucuman
LineaH:1163,LineaD:1104,27.54214251210461,51.0,Facultad de Derecho,Juramento
LineaH:1163,LineaD:1105,18.000567052334258,41.0,Facultad de Derecho,Jose Hernandez
LineaH:1163,LineaD:1106,15.22763762949759,41.0,Facultad de Derecho,Olleros
LineaH:1163,LineaD:1107,15.236714413826324,76.0,Facultad de Derecho,Ministro Carranza
LineaH:1163,LineaD:1108,24.778374965788327,63.0,Facultad de Derecho,Palermo
LineaH:1163,LineaD:1109,24.685794452726267,46.0,Facultad de Derecho,Plaza Italia
LineaH:1163,LineaD:1110,27.01901737749,43.0,Facultad de Derecho,Scalabrini Ortiz
LineaH:1163,LineaD:1111,20.616050161504127,62.0,Facultad de Derecho,Bulnes
LineaH:1163,LineaD:1112,15.379363701430334,32.0,Facultad de Derecho,Agüero
LineaH:1163,LineaD:1114,15.387194872296696,34.0,Facultad de Derecho,Facultad de Medicina
LineaH:1163,LineaD:1115,31.729457306088594,26.0,Facultad de Derecho,Callao [D]
LineaH:1163,LineaD:1116,19.98051089193424,22.0,Facultad de Derecho,Tribunales
LineaH:1163,LineaD:1117,23.023829556236194,39.0,Facultad de Derecho,9 de Julio / Carlos Pellegrini / Diagonal Norte
LineaH:1163,LineaE:1119,30.84002102160506,59.0,Facultad de Derecho,Bolivar / Catedral / Peru
LineaH:1163,LineaE:1120,3.8991345724892157,2.0,Facultad de Derecho,Belgrano
LineaH:1163,LineaE:1121,6.421095348022149,26.0,Facultad de Derecho,Independencia
LineaH:1163,LineaE:1122,2.5133105903660846,0.0,Facultad de Derecho,San Jose
LineaH:1163,LineaE:1123,11.300747729139294,8.0,Facultad de Derecho,Entre Rios
LineaH:1163,LineaE:1124,6.27947101804242,4.0,Facultad de Derecho,Pichincha
LineaH:1163,LineaE:1126,2.4768747257732064,6.0,Facultad de Derecho,General Urquiza
LineaH:1163,LineaE:1127,25.898639741595886,37.0,Facultad de Derecho,Boedo
LineaH:1163,LineaE:1128,14.157596339112569,22.0,Facultad de Derecho,La Plata
LineaH:1163,LineaE:1129,22.01970302033919,28.0,Facultad de Derecho,Jose Maria Moreno
LineaH:1163,LineaE:1130,18.119352942512016,27.0,Facultad de Derecho,Emilio Mitre
LineaH:1163,LineaE:1131,4.04063412496528,7.0,Facultad de Derecho,Medalla Milagrosa
LineaH:1163,LineaE:1132,18.07765230092639,19.0,Facultad de Derecho,Varela
LineaH:1163,LineaE:1133,17.148383071865634,94.0,Facultad de Derecho,Plaza de los Virreyes
LineaH:1163,LineaE:1164,13.9184131825814,16.0,Facultad de Derecho,Retiro
LineaH:1163,LineaE:1165,7.8018004419452645,0.0,Facultad de Derecho,Catalinas
LineaH:1163,LineaE:1166,3.8981550467793467,11.0,Facultad de Derecho,Correo Central / Leandro N. Alem
LineaH:1163,LineaH:1134,100.47998753671806,327.0,Facultad de Derecho,Hospitales
LineaH:1163,LineaH:1135,61.57577278639711,217.0,Facultad de Derecho,Parque Patricios
LineaH:1163,LineaH:1136,52.79328131821674,82.0,Facultad de Derecho,Caseros
LineaH:1163,LineaH:1137,30.956658166260894,68.0,Facultad de Derecho,Inclan
LineaH:1163,LineaH:1138,28.414180698379557,108.0,Facultad de Derecho,Humberto 1 / Jujuy
LineaH:1163,LineaH:1139,35.72830297761116,86.0,Facultad de Derecho,Venezuela
LineaH:1163,LineaH:1140,299.38008717027043,490.0,Facultad de Derecho,Once / Plaza Miserere
LineaH:1163,LineaH:1141,24.563563595651893,91.0,Facultad de Derecho,Corrientes / Pueyrredon
LineaH:1163,LineaH:1160,55.92594193961555,137.0,Facultad de Derecho,Cordoba
LineaH:1163,LineaH:1161,61.259569194660635,164.0,Facultad de Derecho,Pueyrredon / Santa Fe
LineaH:1163,LineaH:1162,30.985561671206156,56.0,Facultad de Derecho,Las Heras
