periodo,origen,destino,viajes
diaria,LineaA:1059,LineaA:1060,118.0
diaria,LineaA:1059,LineaA:1061,271.0
diaria,LineaA:1059,LineaA:1062,203.0
diaria,LineaA:1059,LineaA:1063,417.0
diaria,LineaA:1059,LineaA:1064,573.0
diaria,LineaA:1059,LineaA:1065,543.0
diaria,LineaA:1059,LineaA:1066,670.0
diaria,LineaA:1059,LineaA:1067,456.0
diaria,LineaA:1059,LineaA:1068,991.0
diaria,LineaA:1059,LineaA:1069,925.0
diaria,LineaA:1059,LineaA:1070,70.0
diaria,LineaA:1059,LineaA:1071,1668.0
diaria,LineaA:1059,LineaA:1072,1065.0
diaria,LineaA:1059,LineaA:1073,972.0
diaria,LineaA:1059,LineaA:1074,937.0
diaria,LineaA:1059,LineaA:1075,1484.0
diaria,LineaA:1059,LineaA:1076,2604.0
diaria,LineaA:1059,LineaB:1077,43.0
diaria,LineaA:1059,LineaB:1078,14.0
diaria,LineaA:1059,LineaB:1079,2.0
diaria,LineaA:1059,LineaB:1080,7.0
diaria,LineaA:1059,LineaB:1081,31.0
diaria,LineaA:1059,LineaB:1082,25.0
diaria,LineaA:1059,LineaB:1084,43.0
diaria,LineaA:1059,LineaB:1083,36.0
diaria,LineaA:1059,LineaB:1085,82.0
diaria,LineaA:1059,LineaB:1086,170.0
diaria,LineaA:1059,LineaB:1087,108.0
diaria,LineaA:1059,LineaB:1088,90.0
diaria,LineaA:1059,LineaB:1089,121.0
diaria,LineaA:1059,LineaB:1090,127.0
diaria,LineaA:1059,LineaB:1091,197.0
diaria,LineaA:1059,LineaB:1092,199.0
diaria,LineaA:1059,LineaB:1093,131.0
diaria,LineaA:1059,LineaC:1094,2203.0
diaria,LineaA:1059,LineaC:1095,95.0
diaria,LineaA:1059,LineaC:1096,122.0
diaria,LineaA:1059,LineaC:1097,44.0
diaria,LineaA:1059,LineaC:1098,230.0
diaria,LineaA:1059,LineaC:1099,51.0
diaria,LineaA:1059,LineaC:1100,252.0
diaria,LineaA:1059,LineaC:1101,209.0
diaria,LineaA:1059,LineaC:1102,434.0
diaria,LineaA:1059,LineaD:1103,124.0
diaria,LineaA:1059,LineaD:1104,52.0
diaria,LineaA:1059,LineaD:1105,50.0
diaria,LineaA:1059,LineaD:1106,32.0
diaria,LineaA:1059,LineaD:1107,62.0
diaria,LineaA:1059,LineaD:1108,104.0
diaria,LineaA:1059,LineaD:1109,73.0
diaria,LineaA:1059,LineaD:1110,78.0
diaria,LineaA:1059,LineaD:1111,170.0
diaria,LineaA:1059,LineaD:1112,71.0
diaria,LineaA:1059,LineaD:1113,55.0
diaria,LineaA:1059,LineaD:1114,118.0
diaria,LineaA:1059,LineaD:1115,206.0
diaria,LineaA:1059,LineaD:1116,273.0
diaria,LineaA:1059,LineaD:1117,51.0
diaria,LineaA:1059,LineaD:1118,238.0
diaria,LineaA:1059,LineaE:1133,4.0
diaria,LineaA:1059,LineaE:1132,2.0
diaria,LineaA:1059,LineaE:1131,2.0
diaria,LineaA:1059,LineaE:1130,9.0
diaria,LineaA:1059,LineaE:1129,26.0
diaria,LineaA:1059,LineaE:1128,20.0
diaria,LineaA:1059,LineaE:1127,11.0
diaria,LineaA:1059,LineaE:1126,24.0
diaria,LineaA:1059,LineaE:1125,19.0
diaria,LineaA:1059,LineaE:1124,19.0
diaria,LineaA:1059,LineaE:1123,50.0
diaria,LineaA:1059,LineaE:1122,20.0
diaria,LineaA:1059,LineaE:1121,352.0
diaria,LineaA:1059,LineaE:1120,73.0
diaria,LineaA:1059,LineaE:1119,257.0
diaria,LineaA:1059,LineaH:1134,134.0
diaria,LineaA:1059,LineaH:1135,183.0
diaria,LineaA:1059,LineaH:1136,128.0
diaria,LineaA:1059,LineaH:1137,118.0
diaria,LineaA:1059,LineaH:1138,120.0
diaria,LineaA:1059,LineaH:1139,111.0
diaria,LineaA:1059,LineaH:1140,398.0
diaria,LineaA:1059,LineaH:1141,199.0
diaria,LineaA:1059,LineaH:1160,297.0
diaria,LineaA:1059,LineaH:1161,455.0
diaria,LineaA:1059,LineaH:1162,461.0
diaria,LineaA:1059,LineaH:1163,181.0
diaria,LineaA:1059,LineaE:1166,136.0
diaria,LineaA:1059,LineaE:1165,273.0
diaria,LineaA:1059,LineaE:1164,99.0
diaria,LineaA:1060,LineaA:1059,131.0
diaria,LineaA:1060,LineaA:1061,119.0
diaria,LineaA:1060,LineaA:1062,160.0
diaria,LineaA:1060,LineaA:1063,390.0
diaria,LineaA:1060,LineaA:1064,464.0
diaria,LineaA:1060,LineaA:1065,379.0
diaria,LineaA:1060,LineaA:1066,374.0
diaria,LineaA:1060,LineaA:1067,246.0
diaria,LineaA:1060,LineaA:1068,216.0
diaria,LineaA:1060,LineaA:1069,376.0
diaria,LineaA:1060,LineaA:1070,23.0
diaria,LineaA:1060,LineaA:1071,679.0
diaria,LineaA:1060,LineaA:1072,403.0
diaria,LineaA:1060,LineaA:1073,417.0
diaria,LineaA:1060,LineaA:1074,388.0
diaria,LineaA:1060,LineaA:1075,652.0
diaria,LineaA:1060,LineaA:1076,1109.0
diaria,LineaA:1060,LineaB:1077,29.0
diaria,LineaA:1060,LineaB:1078,9.0
diaria,LineaA:1060,LineaB:1079,1.0
diaria,LineaA:1060,LineaB:1080,5.0
diaria,LineaA:1060,LineaB:1081,13.0
diaria,LineaA:1060,LineaB:1082,29.0
diaria,LineaA:1060,LineaB:1084,10.0
diaria,LineaA:1060,LineaB:1083,26.0
diaria,LineaA:1060,LineaB:1085,44.0
diaria,LineaA:1060,LineaB:1086,57.0
diaria,LineaA:1060,LineaB:1087,29.0
diaria,LineaA:1060,LineaB:1088,15.0
diaria,LineaA:1060,LineaB:1089,40.0
diaria,LineaA:1060,LineaB:1090,41.0
diaria,LineaA:1060,LineaB:1091,85.0
diaria,LineaA:1060,LineaB:1092,69.0
diaria,LineaA:1060,LineaB:1093,55.0
diaria,LineaA:1060,LineaC:1094,706.0
diaria,LineaA:1060,LineaC:1095,58.0
diaria,LineaA:1060,LineaC:1096,57.0
diaria,LineaA:1060,LineaC:1097,32.0
diaria,LineaA:1060,LineaC:1098,100.0
diaria,LineaA:1060,LineaC:1099,5.0
diaria,LineaA:1060,LineaC:1100,91.0
diaria,LineaA:1060,LineaC:1101,97.0
diaria,LineaA:1060,LineaC:1102,161.0
diaria,LineaA:1060,LineaD:1103,78.0
diaria,LineaA:1060,LineaD:1104,34.0
diaria,LineaA:1060,LineaD:1105,21.0
diaria,LineaA:1060,LineaD:1106,48.0
diaria,LineaA:1060,LineaD:1107,29.0
diaria,LineaA:1060,LineaD:1108,60.0
diaria,LineaA:1060,LineaD:1109,42.0
diaria,LineaA:1060,LineaD:1110,30.0
diaria,LineaA:1060,LineaD:1111,60.0
diaria,LineaA:1060,LineaD:1112,29.0
diaria,LineaA:1060,LineaD:1113,23.0
diaria,LineaA:1060,LineaD:1114,30.0
diaria,LineaA:1060,LineaD:1115,64.0
diaria,LineaA:1060,LineaD:1116,88.0
diaria,LineaA:1060,LineaD:1117,20.0
diaria,LineaA:1060,LineaD:1118,113.0
diaria,LineaA:1060,LineaE:1132,9.0
diaria,LineaA:1060,LineaE:1131,3.0
diaria,LineaA:1060,LineaE:1130,10.0
diaria,LineaA:1060,LineaE:1129,7.0
diaria,LineaA:1060,LineaE:1128,15.0
diaria,LineaA:1060,LineaE:1127,9.0
diaria,LineaA:1060,LineaE:1126,9.0
diaria,LineaA:1060,LineaE:1125,6.0
diaria,LineaA:1060,LineaE:1124,2.0
diaria,LineaA:1060,LineaE:1123,27.0
diaria,LineaA:1060,LineaE:1122,12.0
diaria,LineaA:1060,LineaE:1121,164.0
diaria,LineaA:1060,LineaE:1120,39.0
diaria,LineaA:1060,LineaE:1119,101.0
diaria,LineaA:1060,LineaH:1134,50.0
diaria,LineaA:1060,LineaH:1135,61.0
diaria,LineaA:1060,LineaH:1136,58.0
diaria,LineaA:1060,LineaH:1137,35.0
diaria,LineaA:1060,LineaH:1138,30.0
diaria,LineaA:1060,LineaH:1139,30.0
diaria,LineaA:1060,LineaH:1140,95.0
diaria,LineaA:1060,LineaH:1141,27.0
diaria,LineaA:1060,LineaH:1160,100.0
diaria,LineaA:1060,LineaH:1161,187.0
diaria,LineaA:1060,LineaH:1162,171.0
diaria,LineaA:1060,LineaH:1163,86.0
diaria,LineaA:1060,LineaE:1166,45.0
diaria,LineaA:1060,LineaE:1165,105.0
diaria,LineaA:1060,LineaE:1164,32.0
diaria,LineaA:1061,LineaA:1059,253.0
diaria,LineaA:1061,LineaA:1060,102.0
diaria,LineaA:1061,LineaA:1062,35.0
diaria,LineaA:1061,LineaA:1063,285.0
diaria,LineaA:1061,LineaA:1064,319.0
diaria,LineaA:1061,LineaA:1065,304.0
diaria,LineaA:1061,LineaA:1066,292.0
diaria,LineaA:1061,LineaA:1067,193.0
diaria,LineaA:1061,LineaA:1068,212.0
diaria,LineaA:1061,LineaA:1069,290.0
diaria,LineaA:1061,LineaA:1070,16.0
diaria,LineaA:1061,LineaA:1071,582.0
diaria,LineaA:1061,LineaA:1072,352.0
diaria,LineaA:1061,LineaA:1073,344.0
diaria,LineaA:1061,LineaA:1074,313.0
diaria,LineaA:1061,LineaA:1075,571.0
diaria,LineaA:1061,LineaA:1076,1023.0
diaria,LineaA:1061,LineaB:1077,10.0
diaria,LineaA:1061,LineaB:1079,2.0
diaria,LineaA:1061,LineaB:1080,2.0
diaria,LineaA:1061,LineaB:1081,6.0
diaria,LineaA:1061,LineaB:1082,16.0
diaria,LineaA:1061,LineaB:1084,1.0
diaria,LineaA:1061,LineaB:1083,22.0
diaria,LineaA:1061,LineaB:1085,42.0
diaria,LineaA:1061,LineaB:1086,41.0
diaria,LineaA:1061,LineaB:1087,15.0
diaria,LineaA:1061,LineaB:1088,29.0
diaria,LineaA:1061,LineaB:1089,45.0
diaria,LineaA:1061,LineaB:1090,54.0
diaria,LineaA:1061,LineaB:1091,54.0
diaria,LineaA:1061,LineaB:1092,36.0
diaria,LineaA:1061,LineaB:1093,40.0
diaria,LineaA:1061,LineaC:1094,444.0
diaria,LineaA:1061,LineaC:1095,40.0
diaria,LineaA:1061,LineaC:1096,46.0
diaria,LineaA:1061,LineaC:1097,29.0
diaria,LineaA:1061,LineaC:1098,54.0
diaria,LineaA:1061,LineaC:1099,7.0
diaria,LineaA:1061,LineaC:1100,53.0
diaria,LineaA:1061,LineaC:1101,66.0
diaria,LineaA:1061,LineaC:1102,88.0
diaria,LineaA:1061,LineaD:1103,56.0
diaria,LineaA:1061,LineaD:1104,24.0
diaria,LineaA:1061,LineaD:1105,14.0
diaria,LineaA:1061,LineaD:1106,51.0
diaria,LineaA:1061,LineaD:1107,26.0
diaria,LineaA:1061,LineaD:1108,42.0
diaria,LineaA:1061,LineaD:1109,23.0
diaria,LineaA:1061,LineaD:1110,30.0
diaria,LineaA:1061,LineaD:1111,72.0
diaria,LineaA:1061,LineaD:1112,15.0
diaria,LineaA:1061,LineaD:1113,23.0
diaria,LineaA:1061,LineaD:1114,22.0
diaria,LineaA:1061,LineaD:1115,45.0
diaria,LineaA:1061,LineaD:1116,76.0
diaria,LineaA:1061,LineaD:1117,5.0
diaria,LineaA:1061,LineaD:1118,99.0
diaria,LineaA:1061,LineaE:1133,6.0
diaria,LineaA:1061,LineaE:1131,9.0
diaria,LineaA:1061,LineaE:1130,2.0
diaria,LineaA:1061,LineaE:1128,4.0
diaria,LineaA:1061,LineaE:1127,8.0
diaria,LineaA:1061,LineaE:1125,6.0
diaria,LineaA:1061,LineaE:1124,3.0
diaria,LineaA:1061,LineaE:1123,1.0
diaria,LineaA:1061,LineaE:1122,4.0
diaria,LineaA:1061,LineaE:1121,150.0
diaria,LineaA:1061,LineaE:1120,33.0
diaria,LineaA:1061,LineaE:1119,114.0
diaria,LineaA:1061,LineaH:1134,47.0
diaria,LineaA:1061,LineaH:1135,49.0
diaria,LineaA:1061,LineaH:1136,42.0
diaria,LineaA:1061,LineaH:1137,47.0
diaria,LineaA:1061,LineaH:1138,22.0
diaria,LineaA:1061,LineaH:1139,33.0
diaria,LineaA:1061,LineaH:1140,71.0
diaria,LineaA:1061,LineaH:1141,40.0
diaria,LineaA:1061,LineaH:1160,83.0
diaria,LineaA:1061,LineaH:1161,165.0
diaria,LineaA:1061,LineaH:1162,155.0
diaria,LineaA:1061,LineaH:1163,74.0
diaria,LineaA:1061,LineaE:1166,33.0
diaria,LineaA:1061,LineaE:1165,110.0
diaria,LineaA:1061,LineaE:1164,31.0
diaria,LineaA:1062,LineaA:1059,175.0
diaria,LineaA:1062,LineaA:1060,171.0
diaria,LineaA:1062,LineaA:1061,60.0
diaria,LineaA:1062,LineaA:1063,93.0
diaria,LineaA:1062,LineaA:1064,246.0
diaria,LineaA:1062,LineaA:1065,207.0
diaria,LineaA:1062,LineaA:1066,200.0
diaria,LineaA:1062,LineaA:1067,90.0
diaria,LineaA:1062,LineaA:1068,108.0
diaria,LineaA:1062,LineaA:1069,203.0
diaria,LineaA:1062,LineaA:1070,2.0
diaria,LineaA:1062,LineaA:1071,341.0
diaria,LineaA:1062,LineaA:1072,281.0
diaria,LineaA:1062,LineaA:1073,215.0
diaria,LineaA:1062,LineaA:1074,202.0
diaria,LineaA:1062,LineaA:1075,301.0
diaria,LineaA:1062,LineaA:1076,604.0
diaria,LineaA:1062,LineaB:1077,21.0
diaria,LineaA:1062,LineaB:1078,3.0
diaria,LineaA:1062,LineaB:1079,7.0
diaria,LineaA:1062,LineaB:1081,12.0
diaria,LineaA:1062,LineaB:1084,7.0
diaria,LineaA:1062,LineaB:1083,7.0
diaria,LineaA:1062,LineaB:1085,29.0
diaria,LineaA:1062,LineaB:1086,16.0
diaria,LineaA:1062,LineaB:1087,9.0
diaria,LineaA:1062,LineaB:1088,11.0
diaria,LineaA:1062,LineaB:1089,17.0
diaria,LineaA:1062,LineaB:1090,28.0
diaria,LineaA:1062,LineaB:1091,25.0
diaria,LineaA:1062,LineaB:1092,17.0
diaria,LineaA:1062,LineaB:1093,36.0
diaria,LineaA:1062,LineaC:1094,333.0
diaria,LineaA:1062,LineaC:1095,21.0
diaria,LineaA:1062,LineaC:1096,18.0
diaria,LineaA:1062,LineaC:1097,5.0
diaria,LineaA:1062,LineaC:1098,23.0
diaria,LineaA:1062,LineaC:1099,13.0
diaria,LineaA:1062,LineaC:1100,21.0
diaria,LineaA:1062,LineaC:1101,22.0
diaria,LineaA:1062,LineaC:1102,88.0
diaria,LineaA:1062,LineaD:1103,61.0
diaria,LineaA:1062,LineaD:1104,26.0
diaria,LineaA:1062,LineaD:1105,23.0
diaria,LineaA:1062,LineaD:1106,32.0
diaria,LineaA:1062,LineaD:1107,26.0
diaria,LineaA:1062,LineaD:1108,21.0
diaria,LineaA:1062,LineaD:1109,4.0
diaria,LineaA:1062,LineaD:1110,15.0
diaria,LineaA:1062,LineaD:1111,64.0
diaria,LineaA:1062,LineaD:1112,27.0
diaria,LineaA:1062,LineaD:1113,20.0
diaria,LineaA:1062,LineaD:1114,27.0
diaria,LineaA:1062,LineaD:1115,37.0
diaria,LineaA:1062,LineaD:1116,63.0
diaria,LineaA:1062,LineaD:1117,5.0
diaria,LineaA:1062,LineaD:1118,43.0
diaria,LineaA:1062,LineaE:1133,4.0
diaria,LineaA:1062,LineaE:1131,2.0
diaria,LineaA:1062,LineaE:1130,20.0
diaria,LineaA:1062,LineaE:1129,4.0
diaria,LineaA:1062,LineaE:1127,4.0
diaria,LineaA:1062,LineaE:1126,8.0
diaria,LineaA:1062,LineaE:1125,16.0
diaria,LineaA:1062,LineaE:1124,6.0
diaria,LineaA:1062,LineaE:1123,6.0
diaria,LineaA:1062,LineaE:1122,11.0
diaria,LineaA:1062,LineaE:1121,105.0
diaria,LineaA:1062,LineaE:1120,10.0
diaria,LineaA:1062,LineaE:1119,43.0
diaria,LineaA:1062,LineaH:1134,20.0
diaria,LineaA:1062,LineaH:1135,36.0
diaria,LineaA:1062,LineaH:1136,34.0
diaria,LineaA:1062,LineaH:1137,46.0
diaria,LineaA:1062,LineaH:1138,23.0
diaria,LineaA:1062,LineaH:1139,24.0
diaria,LineaA:1062,LineaH:1140,37.0
diaria,LineaA:1062,LineaH:1141,21.0
diaria,LineaA:1062,LineaH:1160,79.0
diaria,LineaA:1062,LineaH:1161,127.0
diaria,LineaA:1062,LineaH:1162,123.0
diaria,LineaA:1062,LineaH:1163,51.0
diaria,LineaA:1062,LineaE:1166,44.0
diaria,LineaA:1062,LineaE:1165,74.0
diaria,LineaA:1062,LineaE:1164,30.0
diaria,LineaA:1063,LineaA:1059,470.0
diaria,LineaA:1063,LineaA:1060,384.0
diaria,LineaA:1063,LineaA:1061,314.0
diaria,LineaA:1063,LineaA:1062,109.0
diaria,LineaA:1063,LineaA:1064,156.0
diaria,LineaA:1063,LineaA:1065,455.0
diaria,LineaA:1063,LineaA:1066,421.0
diaria,LineaA:1063,LineaA:1067,266.0
diaria,LineaA:1063,LineaA:1068,228.0
diaria,LineaA:1063,LineaA:1069,414.0
diaria,LineaA:1063,LineaA:1070,34.0
diaria,LineaA:1063,LineaA:1071,735.0
diaria,LineaA:1063,LineaA:1072,452.0
diaria,LineaA:1063,LineaA:1073,408.0
diaria,LineaA:1063,LineaA:1074,399.0
diaria,LineaA:1063,LineaA:1075,732.0
diaria,LineaA:1063,LineaA:1076,1185.0
diaria,LineaA:1063,LineaB:1077,78.0
diaria,LineaA:1063,LineaB:1078,11.0
diaria,LineaA:1063,LineaB:1079,29.0
diaria,LineaA:1063,LineaB:1080,22.0
diaria,LineaA:1063,LineaB:1081,35.0
diaria,LineaA:1063,LineaB:1082,14.0
diaria,LineaA:1063,LineaB:1084,23.0
diaria,LineaA:1063,LineaB:1083,9.0
diaria,LineaA:1063,LineaB:1085,41.0
diaria,LineaA:1063,LineaB:1086,45.0
diaria,LineaA:1063,LineaB:1087,26.0
diaria,LineaA:1063,LineaB:1088,35.0
diaria,LineaA:1063,LineaB:1089,87.0
diaria,LineaA:1063,LineaB:1090,73.0
diaria,LineaA:1063,LineaB:1091,74.0
diaria,LineaA:1063,LineaB:1092,64.0
diaria,LineaA:1063,LineaB:1093,44.0
diaria,LineaA:1063,LineaC:1094,624.0
diaria,LineaA:1063,LineaC:1095,83.0
diaria,LineaA:1063,LineaC:1096,66.0
diaria,LineaA:1063,LineaC:1097,21.0
diaria,LineaA:1063,LineaC:1098,102.0
diaria,LineaA:1063,LineaC:1099,10.0
diaria,LineaA:1063,LineaC:1100,88.0
diaria,LineaA:1063,LineaC:1101,115.0
diaria,LineaA:1063,LineaC:1102,140.0
diaria,LineaA:1063,LineaD:1103,111.0
diaria,LineaA:1063,LineaD:1104,84.0
diaria,LineaA:1063,LineaD:1105,29.0
diaria,LineaA:1063,LineaD:1106,48.0
diaria,LineaA:1063,LineaD:1107,50.0
diaria,LineaA:1063,LineaD:1108,79.0
diaria,LineaA:1063,LineaD:1109,47.0
diaria,LineaA:1063,LineaD:1110,33.0
diaria,LineaA:1063,LineaD:1111,70.0
diaria,LineaA:1063,LineaD:1112,35.0
diaria,LineaA:1063,LineaD:1113,25.0
diaria,LineaA:1063,LineaD:1114,34.0
diaria,LineaA:1063,LineaD:1115,73.0
diaria,LineaA:1063,LineaD:1116,108.0
diaria,LineaA:1063,LineaD:1117,25.0
diaria,LineaA:1063,LineaD:1118,127.0
diaria,LineaA:1063,LineaE:1133,12.0
diaria,LineaA:1063,LineaE:1132,8.0
diaria,LineaA:1063,LineaE:1131,6.0
diaria,LineaA:1063,LineaE:1130,6.0
diaria,LineaA:1063,LineaE:1129,20.0
diaria,LineaA:1063,LineaE:1128,10.0
diaria,LineaA:1063,LineaE:1127,17.0
diaria,LineaA:1063,LineaE:1126,9.0
diaria,LineaA:1063,LineaE:1125,23.0
diaria,LineaA:1063,LineaE:1124,5.0
diaria,LineaA:1063,LineaE:1123,21.0
diaria,LineaA:1063,LineaE:1122,11.0
diaria,LineaA:1063,LineaE:1121,187.0
diaria,LineaA:1063,LineaE:1120,22.0
diaria,LineaA:1063,LineaE:1119,92.0
diaria,LineaA:1063,LineaH:1134,71.0
diaria,LineaA:1063,LineaH:1135,96.0
diaria,LineaA:1063,LineaH:1136,53.0
diaria,LineaA:1063,LineaH:1137,53.0
diaria,LineaA:1063,LineaH:1138,50.0
diaria,LineaA:1063,LineaH:1139,41.0
diaria,LineaA:1063,LineaH:1140,87.0
diaria,LineaA:1063,LineaH:1141,30.0
diaria,LineaA:1063,LineaH:1160,141.0
diaria,LineaA:1063,LineaH:1161,249.0
diaria,LineaA:1063,LineaH:1162,283.0
diaria,LineaA:1063,LineaH:1163,110.0
diaria,LineaA:1063,LineaE:1166,70.0
diaria,LineaA:1063,LineaE:1165,138.0
diaria,LineaA:1063,LineaE:1164,49.0
diaria,LineaA:1064,LineaA:1059,517.0
diaria,LineaA:1064,LineaA:1060,415.0
diaria,LineaA:1064,LineaA:1061,317.0
diaria,LineaA:1064,LineaA:1062,209.0
diaria,LineaA:1064,LineaA:1063,127.0
diaria,LineaA:1064,LineaA:1065,133.0
diaria,LineaA:1064,LineaA:1066,299.0
diaria,LineaA:1064,LineaA:1067,280.0
diaria,LineaA:1064,LineaA:1068,211.0
diaria,LineaA:1064,LineaA:1069,397.0
diaria,LineaA:1064,LineaA:1070,24.0
diaria,LineaA:1064,LineaA:1071,681.0
diaria,LineaA:1064,LineaA:1072,416.0
diaria,LineaA:1064,LineaA:1073,362.0
diaria,LineaA:1064,LineaA:1074,385.0
diaria,LineaA:1064,LineaA:1075,558.0
diaria,LineaA:1064,LineaA:1076,1037.0
diaria,LineaA:1064,LineaB:1077,77.0
diaria,LineaA:1064,LineaB:1078,10.0
diaria,LineaA:1064,LineaB:1079,7.0
diaria,LineaA:1064,LineaB:1080,6.0
diaria,LineaA:1064,LineaB:1081,11.0
diaria,LineaA:1064,LineaB:1082,4.0
diaria,LineaA:1064,LineaB:1084,18.0
diaria,LineaA:1064,LineaB:1083,12.0
diaria,LineaA:1064,LineaB:1085,17.0
diaria,LineaA:1064,LineaB:1086,21.0
diaria,LineaA:1064,LineaB:1087,31.0
diaria,LineaA:1064,LineaB:1088,37.0
diaria,LineaA:1064,LineaB:1089,56.0
diaria,LineaA:1064,LineaB:1090,66.0
diaria,LineaA:1064,LineaB:1091,72.0
diaria,LineaA:1064,LineaB:1092,97.0
diaria,LineaA:1064,LineaB:1093,42.0
diaria,LineaA:1064,LineaC:1094,762.0
diaria,LineaA:1064,LineaC:1095,54.0
diaria,LineaA:1064,LineaC:1096,60.0
diaria,LineaA:1064,LineaC:1097,29.0
diaria,LineaA:1064,LineaC:1098,75.0
diaria,LineaA:1064,LineaC:1099,8.0
diaria,LineaA:1064,LineaC:1100,79.0
diaria,LineaA:1064,LineaC:1101,73.0
diaria,LineaA:1064,LineaC:1102,167.0
diaria,LineaA:1064,LineaD:1103,102.0
diaria,LineaA:1064,LineaD:1104,49.0
diaria,LineaA:1064,LineaD:1105,25.0
diaria,LineaA:1064,LineaD:1106,2.0
diaria,LineaA:1064,LineaD:1107,22.0
diaria,LineaA:1064,LineaD:1108,25.0
diaria,LineaA:1064,LineaD:1109,31.0
diaria,LineaA:1064,LineaD:1110,13.0
diaria,LineaA:1064,LineaD:1111,71.0
diaria,LineaA:1064,LineaD:1112,40.0
diaria,LineaA:1064,LineaD:1113,7.0
diaria,LineaA:1064,LineaD:1114,17.0
diaria,LineaA:1064,LineaD:1115,56.0
diaria,LineaA:1064,LineaD:1116,91.0
diaria,LineaA:1064,LineaD:1117,15.0
diaria,LineaA:1064,LineaD:1118,132.0
diaria,LineaA:1064,LineaE:1133,15.0
diaria,LineaA:1064,LineaE:1132,3.0
diaria,LineaA:1064,LineaE:1131,5.0
diaria,LineaA:1064,LineaE:1130,1.0
diaria,LineaA:1064,LineaE:1129,6.0
diaria,LineaA:1064,LineaE:1128,4.0
diaria,LineaA:1064,LineaE:1127,7.0
diaria,LineaA:1064,LineaE:1126,6.0
diaria,LineaA:1064,LineaE:1125,21.0
diaria,LineaA:1064,LineaE:1124,13.0
diaria,LineaA:1064,LineaE:1123,21.0
diaria,LineaA:1064,LineaE:1122,7.0
diaria,LineaA:1064,LineaE:1121,201.0
diaria,LineaA:1064,LineaE:1120,40.0
diaria,LineaA:1064,LineaE:1119,102.0
diaria,LineaA:1064,LineaH:1134,82.0
diaria,LineaA:1064,LineaH:1135,115.0
diaria,LineaA:1064,LineaH:1136,79.0
diaria,LineaA:1064,LineaH:1137,136.0
diaria,LineaA:1064,LineaH:1138,62.0
diaria,LineaA:1064,LineaH:1139,38.0
diaria,LineaA:1064,LineaH:1140,102.0
diaria,LineaA:1064,LineaH:1141,60.0
diaria,LineaA:1064,LineaH:1160,115.0
diaria,LineaA:1064,LineaH:1161,178.0
diaria,LineaA:1064,LineaH:1162,171.0
diaria,LineaA:1064,LineaH:1163,82.0
diaria,LineaA:1064,LineaE:1166,63.0
diaria,LineaA:1064,LineaE:1165,110.0
diaria,LineaA:1064,LineaE:1164,45.0
diaria,LineaA:1065,LineaA:1059,542.0
diaria,LineaA:1065,LineaA:1060,393.0
diaria,LineaA:1065,LineaA:1061,304.0
diaria,LineaA:1065,LineaA:1062,201.0
diaria,LineaA:1065,LineaA:1063,423.0
diaria,LineaA:1065,LineaA:1064,160.0
diaria,LineaA:1065,LineaA:1066,101.0
diaria,LineaA:1065,LineaA:1067,186.0
diaria,LineaA:1065,LineaA:1068,163.0
diaria,LineaA:1065,LineaA:1069,259.0
diaria,LineaA:1065,LineaA:1070,13.0
diaria,LineaA:1065,LineaA:1071,543.0
diaria,LineaA:1065,LineaA:1072,289.0
diaria,LineaA:1065,LineaA:1073,265.0
diaria,LineaA:1065,LineaA:1074,284.0
diaria,LineaA:1065,LineaA:1075,449.0
diaria,LineaA:1065,LineaA:1076,739.0
diaria,LineaA:1065,LineaB:1077,45.0
diaria,LineaA:1065,LineaB:1078,7.0
diaria,LineaA:1065,LineaB:1079,9.0
diaria,LineaA:1065,LineaB:1081,13.0
diaria,LineaA:1065,LineaB:1082,16.0
diaria,LineaA:1065,LineaB:1084,11.0
diaria,LineaA:1065,LineaB:1083,10.0
diaria,LineaA:1065,LineaB:1085,15.0
diaria,LineaA:1065,LineaB:1086,26.0
diaria,LineaA:1065,LineaB:1087,5.0
diaria,LineaA:1065,LineaB:1088,21.0
diaria,LineaA:1065,LineaB:1089,41.0
diaria,LineaA:1065,LineaB:1090,43.0
diaria,LineaA:1065,LineaB:1091,72.0
diaria,LineaA:1065,LineaB:1092,54.0
diaria,LineaA:1065,LineaB:1093,39.0
diaria,LineaA:1065,LineaC:1094,433.0
diaria,LineaA:1065,LineaC:1095,44.0
diaria,LineaA:1065,LineaC:1096,46.0
diaria,LineaA:1065,LineaC:1097,9.0
diaria,LineaA:1065,LineaC:1098,70.0
diaria,LineaA:1065,LineaC:1099,18.0
diaria,LineaA:1065,LineaC:1100,46.0
diaria,LineaA:1065,LineaC:1101,49.0
diaria,LineaA:1065,LineaC:1102,122.0
diaria,LineaA:1065,LineaD:1103,81.0
diaria,LineaA:1065,LineaD:1104,37.0
diaria,LineaA:1065,LineaD:1105,11.0
diaria,LineaA:1065,LineaD:1106,18.0
diaria,LineaA:1065,LineaD:1107,20.0
diaria,LineaA:1065,LineaD:1108,34.0
diaria,LineaA:1065,LineaD:1109,14.0
diaria,LineaA:1065,LineaD:1110,27.0
diaria,LineaA:1065,LineaD:1111,54.0
diaria,LineaA:1065,LineaD:1112,22.0
diaria,LineaA:1065,LineaD:1113,15.0
diaria,LineaA:1065,LineaD:1114,20.0
diaria,LineaA:1065,LineaD:1115,47.0
diaria,LineaA:1065,LineaD:1116,51.0
diaria,LineaA:1065,LineaD:1117,17.0
diaria,LineaA:1065,LineaD:1118,75.0
diaria,LineaA:1065,LineaE:1133,7.0
diaria,LineaA:1065,LineaE:1132,5.0
diaria,LineaA:1065,LineaE:1131,6.0
diaria,LineaA:1065,LineaE:1130,7.0
diaria,LineaA:1065,LineaE:1129,2.0
diaria,LineaA:1065,LineaE:1128,13.0
diaria,LineaA:1065,LineaE:1127,5.0
diaria,LineaA:1065,LineaE:1126,7.0
diaria,LineaA:1065,LineaE:1125,16.0
diaria,LineaA:1065,LineaE:1124,3.0
diaria,LineaA:1065,LineaE:1123,15.0
diaria,LineaA:1065,LineaE:1122,13.0
diaria,LineaA:1065,LineaE:1121,153.0
diaria,LineaA:1065,LineaE:1120,11.0
diaria,LineaA:1065,LineaE:1119,99.0
diaria,LineaA:1065,LineaH:1134,40.0
diaria,LineaA:1065,LineaH:1135,29.0
diaria,LineaA:1065,LineaH:1136,55.0
diaria,LineaA:1065,LineaH:1137,63.0
diaria,LineaA:1065,LineaH:1138,68.0
diaria,LineaA:1065,LineaH:1139,48.0
diaria,LineaA:1065,LineaH:1140,40.0
diaria,LineaA:1065,LineaH:1141,50.0
diaria,LineaA:1065,LineaH:1160,76.0
diaria,LineaA:1065,LineaH:1161,194.0
diaria,LineaA:1065,LineaH:1162,198.0
diaria,LineaA:1065,LineaH:1163,86.0
diaria,LineaA:1065,LineaE:1166,34.0
diaria,LineaA:1065,LineaE:1165,85.0
diaria,LineaA:1065,LineaE:1164,24.0
diaria,LineaA:1066,LineaA:1059,691.0
diaria,LineaA:1066,LineaA:1060,390.0
diaria,LineaA:1066,LineaA:1061,326.0
diaria,LineaA:1066,LineaA:1062,209.0
diaria,LineaA:1066,LineaA:1063,413.0
diaria,LineaA:1066,LineaA:1064,322.0
diaria,LineaA:1066,LineaA:1065,126.0
diaria,LineaA:1066,LineaA:1067,54.0
diaria,LineaA:1066,LineaA:1068,160.0
diaria,LineaA:1066,LineaA:1069,175.0
diaria,LineaA:1066,LineaA:1070,16.0
diaria,LineaA:1066,LineaA:1071,348.0
diaria,LineaA:1066,LineaA:1072,183.0
diaria,LineaA:1066,LineaA:1073,246.0
diaria,LineaA:1066,LineaA:1074,165.0
diaria,LineaA:1066,LineaA:1075,300.0
diaria,LineaA:1066,LineaA:1076,465.0
diaria,LineaA:1066,LineaB:1077,16.0
diaria,LineaA:1066,LineaB:1078,5.0
diaria,LineaA:1066,LineaB:1079,14.0
diaria,LineaA:1066,LineaB:1080,2.0
diaria,LineaA:1066,LineaB:1081,23.0
diaria,LineaA:1066,LineaB:1082,7.0
diaria,LineaA:1066,LineaB:1084,12.0
diaria,LineaA:1066,LineaB:1083,13.0
diaria,LineaA:1066,LineaB:1085,41.0
diaria,LineaA:1066,LineaB:1086,16.0
diaria,LineaA:1066,LineaB:1087,8.0
diaria,LineaA:1066,LineaB:1088,18.0
diaria,LineaA:1066,LineaB:1089,36.0
diaria,LineaA:1066,LineaB:1090,45.0
diaria,LineaA:1066,LineaB:1091,50.0
diaria,LineaA:1066,LineaB:1092,59.0
diaria,LineaA:1066,LineaB:1093,48.0
diaria,LineaA:1066,LineaC:1094,404.0
diaria,LineaA:1066,LineaC:1095,36.0
diaria,LineaA:1066,LineaC:1096,33.0
diaria,LineaA:1066,LineaC:1097,12.0
diaria,LineaA:1066,LineaC:1098,47.0
diaria,LineaA:1066,LineaC:1099,4.0
diaria,LineaA:1066,LineaC:1100,31.0
diaria,LineaA:1066,LineaC:1101,43.0
diaria,LineaA:1066,LineaC:1102,122.0
diaria,LineaA:1066,LineaD:1103,76.0
diaria,LineaA:1066,LineaD:1104,49.0
diaria,LineaA:1066,LineaD:1105,13.0
diaria,LineaA:1066,LineaD:1106,15.0
diaria,LineaA:1066,LineaD:1107,12.0
diaria,LineaA:1066,LineaD:1108,33.0
diaria,LineaA:1066,LineaD:1109,18.0
diaria,LineaA:1066,LineaD:1110,15.0
diaria,LineaA:1066,LineaD:1111,11.0
diaria,LineaA:1066,LineaD:1112,10.0
diaria,LineaA:1066,LineaD:1113,8.0
diaria,LineaA:1066,LineaD:1114,5.0
diaria,LineaA:1066,LineaD:1115,30.0
diaria,LineaA:1066,LineaD:1116,43.0
diaria,LineaA:1066,LineaD:1117,16.0
diaria,LineaA:1066,LineaD:1118,62.0
diaria,LineaA:1066,LineaE:1133,12.0
diaria,LineaA:1066,LineaE:1132,6.0
diaria,LineaA:1066,LineaE:1131,1.0
diaria,LineaA:1066,LineaE:1130,9.0
diaria,LineaA:1066,LineaE:1129,16.0
diaria,LineaA:1066,LineaE:1128,5.0
diaria,LineaA:1066,LineaE:1127,7.0
diaria,LineaA:1066,LineaE:1126,7.0
diaria,LineaA:1066,LineaE:1125,13.0
diaria,LineaA:1066,LineaE:1124,14.0
diaria,LineaA:1066,LineaE:1123,15.0
diaria,LineaA:1066,LineaE:1122,22.0
diaria,LineaA:1066,LineaE:1121,114.0
diaria,LineaA:1066,LineaE:1120,8.0
diaria,LineaA:1066,LineaE:1119,45.0
diaria,LineaA:1066,LineaH:1134,42.0
diaria,LineaA:1066,LineaH:1135,97.0
diaria,LineaA:1066,LineaH:1136,84.0
diaria,LineaA:1066,LineaH:1137,63.0
diaria,LineaA:1066,LineaH:1138,51.0
diaria,LineaA:1066,LineaH:1139,31.0
diaria,LineaA:1066,LineaH:1140,54.0
diaria,LineaA:1066,LineaH:1141,27.0
diaria,LineaA:1066,LineaH:1160,55.0
diaria,LineaA:1066,LineaH:1161,122.0
diaria,LineaA:1066,LineaH:1162,98.0
diaria,LineaA:1066,LineaH:1163,53.0
diaria,LineaA:1066,LineaE:1166,23.0
diaria,LineaA:1066,LineaE:1165,52.0
diaria,LineaA:1066,LineaE:1164,21.0
diaria,LineaA:1067,LineaA:1059,444.0
diaria,LineaA:1067,LineaA:1060,234.0
diaria,LineaA:1067,LineaA:1061,204.0
diaria,LineaA:1067,LineaA:1062,92.0
diaria,LineaA:1067,LineaA:1063,249.0
diaria,LineaA:1067,LineaA:1064,298.0
diaria,LineaA:1067,LineaA:1065,177.0
diaria,LineaA:1067,LineaA:1066,49.0
diaria,LineaA:1067,LineaA:1068,91.0
diaria,LineaA:1067,LineaA:1069,178.0
diaria,LineaA:1067,LineaA:1070,15.0
diaria,LineaA:1067,LineaA:1071,303.0
diaria,LineaA:1067,LineaA:1072,146.0
diaria,LineaA:1067,LineaA:1073,173.0
diaria,LineaA:1067,LineaA:1074,141.0
diaria,LineaA:1067,LineaA:1075,241.0
diaria,LineaA:1067,LineaA:1076,431.0
diaria,LineaA:1067,LineaB:1077,29.0
diaria,LineaA:1067,LineaB:1078,6.0
diaria,LineaA:1067,LineaB:1079,3.0
diaria,LineaA:1067,LineaB:1080,3.0
diaria,LineaA:1067,LineaB:1081,22.0
diaria,LineaA:1067,LineaB:1082,17.0
diaria,LineaA:1067,LineaB:1084,14.0
diaria,LineaA:1067,LineaB:1083,6.0
diaria,LineaA:1067,LineaB:1085,22.0
diaria,LineaA:1067,LineaB:1086,20.0
diaria,LineaA:1067,LineaB:1087,12.0
diaria,LineaA:1067,LineaB:1088,15.0
diaria,LineaA:1067,LineaB:1089,37.0
diaria,LineaA:1067,LineaB:1090,42.0
diaria,LineaA:1067,LineaB:1091,28.0
diaria,LineaA:1067,LineaB:1092,32.0
diaria,LineaA:1067,LineaB:1093,37.0
diaria,LineaA:1067,LineaC:1094,430.0
diaria,LineaA:1067,LineaC:1095,33.0
diaria,LineaA:1067,LineaC:1096,23.0
diaria,LineaA:1067,LineaC:1097,3.0
diaria,LineaA:1067,LineaC:1098,41.0
diaria,LineaA:1067,LineaC:1099,8.0
diaria,LineaA:1067,LineaC:1100,26.0
diaria,LineaA:1067,LineaC:1101,34.0
diaria,LineaA:1067,LineaC:1102,133.0
diaria,LineaA:1067,LineaD:1103,91.0
diaria,LineaA:1067,LineaD:1104,56.0
diaria,LineaA:1067,LineaD:1105,32.0
diaria,LineaA:1067,LineaD:1106,25.0
diaria,LineaA:1067,LineaD:1107,32.0
diaria,LineaA:1067,LineaD:1108,31.0
diaria,LineaA:1067,LineaD:1109,28.0
diaria,LineaA:1067,LineaD:1110,11.0
diaria,LineaA:1067,LineaD:1111,38.0
diaria,LineaA:1067,LineaD:1112,8.0
diaria,LineaA:1067,LineaD:1113,6.0
diaria,LineaA:1067,LineaD:1114,10.0
diaria,LineaA:1067,LineaD:1115,17.0
diaria,LineaA:1067,LineaD:1116,20.0
diaria,LineaA:1067,LineaD:1117,4.0
diaria,LineaA:1067,LineaD:1118,55.0
diaria,LineaA:1067,LineaE:1133,13.0
diaria,LineaA:1067,LineaE:1131,3.0
diaria,LineaA:1067,LineaE:1130,5.0
diaria,LineaA:1067,LineaE:1129,15.0
diaria,LineaA:1067,LineaE:1128,7.0
diaria,LineaA:1067,LineaE:1127,2.0
diaria,LineaA:1067,LineaE:1125,11.0
diaria,LineaA:1067,LineaE:1124,4.0
diaria,LineaA:1067,LineaE:1123,9.0
diaria,LineaA:1067,LineaE:1122,12.0
diaria,LineaA:1067,LineaE:1121,59.0
diaria,LineaA:1067,LineaE:1120,10.0
diaria,LineaA:1067,LineaE:1119,33.0
diaria,LineaA:1067,LineaH:1134,38.0
diaria,LineaA:1067,LineaH:1135,49.0
diaria,LineaA:1067,LineaH:1136,70.0
diaria,LineaA:1067,LineaH:1137,53.0
diaria,LineaA:1067,LineaH:1138,49.0
diaria,LineaA:1067,LineaH:1139,24.0
diaria,LineaA:1067,LineaH:1140,38.0
diaria,LineaA:1067,LineaH:1141,14.0
diaria,LineaA:1067,LineaH:1160,43.0
diaria,LineaA:1067,LineaH:1161,97.0
diaria,LineaA:1067,LineaH:1162,77.0
diaria,LineaA:1067,LineaH:1163,31.0
diaria,LineaA:1067,LineaE:1166,21.0
diaria,LineaA:1067,LineaE:1165,35.0
diaria,LineaA:1067,LineaE:1164,13.0
diaria,LineaA:1068,LineaA:1059,1034.0
diaria,LineaA:1068,LineaA:1060,261.0
diaria,LineaA:1068,LineaA:1061,261.0
diaria,LineaA:1068,LineaA:1062,107.0
diaria,LineaA:1068,LineaA:1063,267.0
diaria,LineaA:1068,LineaA:1064,298.0
diaria,LineaA:1068,LineaA:1065,178.0
diaria,LineaA:1068,LineaA:1066,162.0
diaria,LineaA:1068,LineaA:1067,97.0
diaria,LineaA:1068,LineaA:1069,89.0
diaria,LineaA:1068,LineaA:1070,37.0
diaria,LineaA:1068,LineaA:1071,706.0
diaria,LineaA:1068,LineaA:1072,563.0
diaria,LineaA:1068,LineaA:1073,508.0
diaria,LineaA:1068,LineaA:1074,590.0
diaria,LineaA:1068,LineaA:1075,915.0
diaria,LineaA:1068,LineaA:1076,1383.0
diaria,LineaA:1068,LineaB:1077,23.0
diaria,LineaA:1068,LineaB:1078,5.0
diaria,LineaA:1068,LineaB:1079,4.0
diaria,LineaA:1068,LineaB:1081,24.0
diaria,LineaA:1068,LineaB:1082,33.0
diaria,LineaA:1068,LineaB:1084,10.0
diaria,LineaA:1068,LineaB:1083,14.0
diaria,LineaA:1068,LineaB:1085,24.0
diaria,LineaA:1068,LineaB:1086,7.0
diaria,LineaA:1068,LineaB:1087,9.0
diaria,LineaA:1068,LineaB:1088,2.0
diaria,LineaA:1068,LineaB:1089,59.0
diaria,LineaA:1068,LineaB:1090,79.0
diaria,LineaA:1068,LineaB:1091,106.0
diaria,LineaA:1068,LineaB:1092,101.0
diaria,LineaA:1068,LineaB:1093,80.0
diaria,LineaA:1068,LineaC:1094,1267.0
diaria,LineaA:1068,LineaC:1095,166.0
diaria,LineaA:1068,LineaC:1096,107.0
diaria,LineaA:1068,LineaC:1097,67.0
diaria,LineaA:1068,LineaC:1098,162.0
diaria,LineaA:1068,LineaC:1099,42.0
diaria,LineaA:1068,LineaC:1100,128.0
diaria,LineaA:1068,LineaC:1101,177.0
diaria,LineaA:1068,LineaC:1102,322.0
diaria,LineaA:1068,LineaD:1103,15.0
diaria,LineaA:1068,LineaD:1104,9.0
diaria,LineaA:1068,LineaD:1105,8.0
diaria,LineaA:1068,LineaD:1106,6.0
diaria,LineaA:1068,LineaD:1107,12.0
diaria,LineaA:1068,LineaD:1108,21.0
diaria,LineaA:1068,LineaD:1109,12.0
diaria,LineaA:1068,LineaD:1110,7.0
diaria,LineaA:1068,LineaD:1111,14.0
diaria,LineaA:1068,LineaD:1112,4.0
diaria,LineaA:1068,LineaD:1113,2.0
diaria,LineaA:1068,LineaD:1115,10.0
diaria,LineaA:1068,LineaD:1116,44.0
diaria,LineaA:1068,LineaD:1117,35.0
diaria,LineaA:1068,LineaD:1118,132.0
diaria,LineaA:1068,LineaE:1133,50.0
diaria,LineaA:1068,LineaE:1132,8.0
diaria,LineaA:1068,LineaE:1131,6.0
diaria,LineaA:1068,LineaE:1130,20.0
diaria,LineaA:1068,LineaE:1129,5.0
diaria,LineaA:1068,LineaE:1128,8.0
diaria,LineaA:1068,LineaE:1127,6.0
diaria,LineaA:1068,LineaE:1126,2.0
diaria,LineaA:1068,LineaE:1125,6.0
diaria,LineaA:1068,LineaE:1123,15.0
diaria,LineaA:1068,LineaE:1122,7.0
diaria,LineaA:1068,LineaE:1121,205.0
diaria,LineaA:1068,LineaE:1120,48.0
diaria,LineaA:1068,LineaE:1119,153.0
diaria,LineaA:1068,LineaH:1134,34.0
diaria,LineaA:1068,LineaH:1135,15.0
diaria,LineaA:1068,LineaH:1136,26.0
diaria,LineaA:1068,LineaH:1137,6.0
diaria,LineaA:1068,LineaH:1138,16.0
diaria,LineaA:1068,LineaH:1139,15.0
diaria,LineaA:1068,LineaH:1140,75.0
diaria,LineaA:1068,LineaH:1141,2.0
diaria,LineaA:1068,LineaH:1160,8.0
diaria,LineaA:1068,LineaH:1161,27.0
diaria,LineaA:1068,LineaH:1162,19.0
diaria,LineaA:1068,LineaH:1163,8.0
diaria,LineaA:1068,LineaE:1166,56.0
diaria,LineaA:1068,LineaE:1165,169.0
diaria,LineaA:1068,LineaE:1164,39.0
diaria,LineaA:1069,LineaA:1059,1057.0
diaria,LineaA:1069,LineaA:1060,416.0
diaria,LineaA:1069,LineaA:1061,358.0
diaria,LineaA:1069,LineaA:1062,234.0
diaria,LineaA:1069,LineaA:1063,458.0
diaria,LineaA:1069,LineaA:1064,476.0
diaria,LineaA:1069,LineaA:1065,318.0
diaria,LineaA:1069,LineaA:1066,229.0
diaria,LineaA:1069,LineaA:1067,205.0
diaria,LineaA:1069,LineaA:1068,101.0
diaria,LineaA:1069,LineaA:1070,34.0
diaria,LineaA:1069,LineaA:1071,25.0
diaria,LineaA:1069,LineaA:1072,18.0
diaria,LineaA:1069,LineaA:1073,17.0
diaria,LineaA:1069,LineaA:1074,7.0
diaria,LineaA:1069,LineaA:1075,9.0
diaria,LineaA:1069,LineaA:1076,14.0
diaria,LineaA:1069,LineaB:1077,29.0
diaria,LineaA:1069,LineaB:1078,9.0
diaria,LineaA:1069,LineaB:1079,5.0
diaria,LineaA:1069,LineaB:1080,13.0
diaria,LineaA:1069,LineaB:1081,42.0
diaria,LineaA:1069,LineaB:1082,27.0
diaria,LineaA:1069,LineaB:1084,35.0
diaria,LineaA:1069,LineaB:1083,14.0
diaria,LineaA:1069,LineaB:1085,24.0
diaria,LineaA:1069,LineaB:1086,15.0
diaria,LineaA:1069,LineaB:1087,6.0
diaria,LineaA:1069,LineaB:1088,23.0
diaria,LineaA:1069,LineaB:1089,3.0
diaria,LineaA:1069,LineaB:1090,5.0
diaria,LineaA:1069,LineaB:1091,8.0
diaria,LineaA:1069,LineaB:1092,12.0
diaria,LineaA:1069,LineaB:1093,4.0
diaria,LineaA:1069,LineaC:1094,43.0
diaria,LineaA:1069,LineaC:1095,2.0
diaria,LineaA:1069,LineaC:1096,2.0
diaria,LineaA:1069,LineaC:1097,2.0
diaria,LineaA:1069,LineaC:1098,4.0
diaria,LineaA:1069,LineaC:1100,4.0
diaria,LineaA:1069,LineaC:1101,5.0
diaria,LineaA:1069,LineaC:1102,21.0
diaria,LineaA:1069,LineaD:1103,51.0
diaria,LineaA:1069,LineaD:1104,19.0
diaria,LineaA:1069,LineaD:1105,18.0
diaria,LineaA:1069,LineaD:1106,9.0
diaria,LineaA:1069,LineaD:1107,12.0
diaria,LineaA:1069,LineaD:1108,18.0
diaria,LineaA:1069,LineaD:1109,11.0
diaria,LineaA:1069,LineaD:1110,11.0
diaria,LineaA:1069,LineaD:1111,15.0
diaria,LineaA:1069,LineaD:1112,3.0
diaria,LineaA:1069,LineaD:1113,10.0
diaria,LineaA:1069,LineaD:1115,11.0
diaria,LineaA:1069,LineaD:1116,6.0
diaria,LineaA:1069,LineaD:1118,8.0
diaria,LineaA:1069,LineaE:1133,29.0
diaria,LineaA:1069,LineaE:1132,6.0
diaria,LineaA:1069,LineaE:1131,21.0
diaria,LineaA:1069,LineaE:1130,19.0
diaria,LineaA:1069,LineaE:1129,43.0
diaria,LineaA:1069,LineaE:1128,23.0
diaria,LineaA:1069,LineaE:1127,18.0
diaria,LineaA:1069,LineaE:1126,16.0
diaria,LineaA:1069,LineaE:1125,18.0
diaria,LineaA:1069,LineaE:1123,5.0
diaria,LineaA:1069,LineaE:1122,1.0
diaria,LineaA:1069,LineaE:1120,3.0
diaria,LineaA:1069,LineaE:1119,6.0
diaria,LineaA:1069,LineaH:1134,92.0
diaria,LineaA:1069,LineaH:1135,62.0
diaria,LineaA:1069,LineaH:1136,28.0
diaria,LineaA:1069,LineaH:1137,14.0
diaria,LineaA:1069,LineaH:1138,30.0
diaria,LineaA:1069,LineaH:1139,12.0
diaria,LineaA:1069,LineaH:1140,44.0
diaria,LineaA:1069,LineaH:1141,12.0
diaria,LineaA:1069,LineaH:1160,28.0
diaria,LineaA:1069,LineaH:1161,33.0
diaria,LineaA:1069,LineaH:1162,45.0
diaria,LineaA:1069,LineaH:1163,27.0
diaria,LineaA:1069,LineaE:1164,6.0
diaria,LineaA:1070,LineaA:1059,38.0
diaria,LineaA:1070,LineaA:1060,12.0
diaria,LineaA:1070,LineaA:1061,12.0
diaria,LineaA:1070,LineaA:1063,11.0
diaria,LineaA:1070,LineaA:1064,8.0
diaria,LineaA:1070,LineaA:1065,8.0
diaria,LineaA:1070,LineaA:1066,10.0
diaria,LineaA:1070,LineaA:1067,13.0
diaria,LineaA:1070,LineaA:1068,19.0
diaria,LineaA:1070,LineaA:1069,45.0
diaria,LineaA:1070,LineaA:1071,47.0
diaria,LineaA:1070,LineaA:1072,113.0
diaria,LineaA:1070,LineaA:1073,114.0
diaria,LineaA:1070,LineaA:1074,139.0
diaria,LineaA:1070,LineaA:1075,180.0
diaria,LineaA:1070,LineaA:1076,289.0
diaria,LineaA:1070,LineaB:1077,13.0
diaria,LineaA:1070,LineaB:1078,4.0
diaria,LineaA:1070,LineaB:1081,19.0
diaria,LineaA:1070,LineaB:1082,4.0
diaria,LineaA:1070,LineaB:1084,3.0
diaria,LineaA:1070,LineaB:1083,4.0
diaria,LineaA:1070,LineaB:1085,7.0
diaria,LineaA:1070,LineaB:1086,8.0
diaria,LineaA:1070,LineaB:1088,26.0
diaria,LineaA:1070,LineaB:1089,3.0
diaria,LineaA:1070,LineaB:1090,21.0
diaria,LineaA:1070,LineaB:1091,37.0
diaria,LineaA:1070,LineaB:1092,23.0
diaria,LineaA:1070,LineaB:1093,20.0
diaria,LineaA:1070,LineaC:1094,520.0
diaria,LineaA:1070,LineaC:1095,50.0
diaria,LineaA:1070,LineaC:1096,23.0
diaria,LineaA:1070,LineaC:1097,9.0
diaria,LineaA:1070,LineaC:1098,31.0
diaria,LineaA:1070,LineaC:1099,3.0
diaria,LineaA:1070,LineaC:1100,36.0
diaria,LineaA:1070,LineaC:1101,14.0
diaria,LineaA:1070,LineaC:1102,112.0
diaria,LineaA:1070,LineaD:1103,24.0
diaria,LineaA:1070,LineaD:1104,20.0
diaria,LineaA:1070,LineaD:1105,16.0
diaria,LineaA:1070,LineaD:1106,16.0
diaria,LineaA:1070,LineaD:1107,1.0
diaria,LineaA:1070,LineaD:1108,6.0
diaria,LineaA:1070,LineaD:1109,9.0
diaria,LineaA:1070,LineaD:1110,3.0
diaria,LineaA:1070,LineaD:1111,7.0
diaria,LineaA:1070,LineaD:1112,4.0
diaria,LineaA:1070,LineaD:1115,8.0
diaria,LineaA:1070,LineaD:1116,17.0
diaria,LineaA:1070,LineaD:1117,12.0
diaria,LineaA:1070,LineaD:1118,60.0
diaria,LineaA:1070,LineaE:1133,6.0
diaria,LineaA:1070,LineaE:1132,4.0
diaria,LineaA:1070,LineaE:1128,7.0
diaria,LineaA:1070,LineaE:1127,4.0
diaria,LineaA:1070,LineaE:1122,13.0
diaria,LineaA:1070,LineaE:1121,36.0
diaria,LineaA:1070,LineaE:1120,23.0
diaria,LineaA:1070,LineaE:1119,49.0
diaria,LineaA:1070,LineaH:1134,17.0
diaria,LineaA:1070,LineaH:1135,6.0
diaria,LineaA:1070,LineaH:1136,6.0
diaria,LineaA:1070,LineaH:1138,6.0
diaria,LineaA:1070,LineaH:1139,4.0
diaria,LineaA:1070,LineaH:1140,3.0
diaria,LineaA:1070,LineaH:1141,7.0
diaria,LineaA:1070,LineaH:1161,10.0
diaria,LineaA:1070,LineaH:1162,11.0
diaria,LineaA:1070,LineaH:1163,3.0
diaria,LineaA:1070,LineaE:1166,15.0
diaria,LineaA:1070,LineaE:1165,28.0
diaria,LineaA:1070,LineaE:1164,20.0
diaria,LineaA:1071,LineaA:1059,1586.0
diaria,LineaA:1071,LineaA:1060,657.0
diaria,LineaA:1071,LineaA:1061,574.0
diaria,LineaA:1071,LineaA:1062,359.0
diaria,LineaA:1071,LineaA:1063,686.0
diaria,LineaA:1071,LineaA:1064,735.0
diaria,LineaA:1071,LineaA:1065,529.0
diaria,LineaA:1071,LineaA:1066,350.0
diaria,LineaA:1071,LineaA:1067,290.0
diaria,LineaA:1071,LineaA:1068,621.0
diaria,LineaA:1071,LineaA:1069,23.0
diaria,LineaA:1071,LineaA:1070,21.0
diaria,LineaA:1071,LineaA:1072,35.0
diaria,LineaA:1071,LineaA:1073,70.0
diaria,LineaA:1071,LineaA:1074,120.0
diaria,LineaA:1071,LineaA:1075,210.0
diaria,LineaA:1071,LineaA:1076,353.0
diaria,LineaA:1071,LineaB:1077,46.0
diaria,LineaA:1071,LineaB:1078,2.0
diaria,LineaA:1071,LineaB:1079,18.0
diaria,LineaA:1071,LineaB:1080,4.0
diaria,LineaA:1071,LineaB:1081,54.0
diaria,LineaA:1071,LineaB:1082,25.0
diaria,LineaA:1071,LineaB:1084,44.0
diaria,LineaA:1071,LineaB:1083,47.0
diaria,LineaA:1071,LineaB:1085,53.0
diaria,LineaA:1071,LineaB:1086,34.0
diaria,LineaA:1071,LineaB:1087,25.0
diaria,LineaA:1071,LineaB:1088,8.0
diaria,LineaA:1071,LineaB:1089,30.0
diaria,LineaA:1071,LineaB:1091,28.0
diaria,LineaA:1071,LineaB:1092,38.0
diaria,LineaA:1071,LineaB:1093,23.0
diaria,LineaA:1071,LineaC:1094,389.0
diaria,LineaA:1071,LineaC:1095,41.0
diaria,LineaA:1071,LineaC:1096,42.0
diaria,LineaA:1071,LineaC:1097,19.0
diaria,LineaA:1071,LineaC:1098,46.0
diaria,LineaA:1071,LineaC:1099,4.0
diaria,LineaA:1071,LineaC:1100,17.0
diaria,LineaA:1071,LineaC:1101,24.0
diaria,LineaA:1071,LineaC:1102,289.0
diaria,LineaA:1071,LineaD:1103,141.0
diaria,LineaA:1071,LineaD:1104,58.0
diaria,LineaA:1071,LineaD:1105,47.0
diaria,LineaA:1071,LineaD:1106,30.0
diaria,LineaA:1071,LineaD:1107,34.0
diaria,LineaA:1071,LineaD:1108,35.0
diaria,LineaA:1071,LineaD:1109,10.0
diaria,LineaA:1071,LineaD:1110,19.0
diaria,LineaA:1071,LineaD:1111,25.0
diaria,LineaA:1071,LineaD:1112,8.0
diaria,LineaA:1071,LineaD:1113,1.0
diaria,LineaA:1071,LineaD:1114,2.0
diaria,LineaA:1071,LineaD:1115,12.0
diaria,LineaA:1071,LineaD:1116,6.0
diaria,LineaA:1071,LineaD:1117,10.0
diaria,LineaA:1071,LineaD:1118,92.0
diaria,LineaA:1071,LineaE:1133,65.0
diaria,LineaA:1071,LineaE:1132,21.0
diaria,LineaA:1071,LineaE:1131,8.0
diaria,LineaA:1071,LineaE:1130,30.0
diaria,LineaA:1071,LineaE:1129,47.0
diaria,LineaA:1071,LineaE:1128,32.0
diaria,LineaA:1071,LineaE:1127,18.0
diaria,LineaA:1071,LineaE:1126,10.0
diaria,LineaA:1071,LineaE:1125,23.0
diaria,LineaA:1071,LineaE:1124,2.0
diaria,LineaA:1071,LineaE:1123,6.0
diaria,LineaA:1071,LineaE:1122,2.0
diaria,LineaA:1071,LineaE:1121,20.0
diaria,LineaA:1071,LineaE:1120,6.0
diaria,LineaA:1071,LineaE:1119,76.0
diaria,LineaA:1071,LineaH:1134,78.0
diaria,LineaA:1071,LineaH:1135,23.0
diaria,LineaA:1071,LineaH:1136,14.0
diaria,LineaA:1071,LineaH:1137,40.0
diaria,LineaA:1071,LineaH:1138,38.0
diaria,LineaA:1071,LineaH:1139,18.0
diaria,LineaA:1071,LineaH:1140,117.0
diaria,LineaA:1071,LineaH:1141,13.0
diaria,LineaA:1071,LineaH:1160,36.0
diaria,LineaA:1071,LineaH:1161,12.0
diaria,LineaA:1071,LineaH:1162,15.0
diaria,LineaA:1071,LineaH:1163,38.0
diaria,LineaA:1071,LineaE:1166,13.0
diaria,LineaA:1071,LineaE:1165,19.0
diaria,LineaA:1071,LineaE:1164,2.0
diaria,LineaA:1072,LineaA:1059,1002.0
diaria,LineaA:1072,LineaA:1060,389.0
diaria,LineaA:1072,LineaA:1061,341.0
diaria,LineaA:1072,LineaA:1062,275.0
diaria,LineaA:1072,LineaA:1063,417.0
diaria,LineaA:1072,LineaA:1064,453.0
diaria,LineaA:1072,LineaA:1065,286.0
diaria,LineaA:1072,LineaA:1066,169.0
diaria,LineaA:1072,LineaA:1067,148.0
diaria,LineaA:1072,LineaA:1068,501.0
diaria,LineaA:1072,LineaA:1069,21.0
diaria,LineaA:1072,LineaA:1070,69.0
diaria,LineaA:1072,LineaA:1071,33.0
diaria,LineaA:1072,LineaA:1073,22.0
diaria,LineaA:1072,LineaA:1074,39.0
diaria,LineaA:1072,LineaA:1075,89.0
diaria,LineaA:1072,LineaA:1076,208.0
diaria,LineaA:1072,LineaB:1077,16.0
diaria,LineaA:1072,LineaB:1079,3.0
diaria,LineaA:1072,LineaB:1081,30.0
diaria,LineaA:1072,LineaB:1082,20.0
diaria,LineaA:1072,LineaB:1084,44.0
diaria,LineaA:1072,LineaB:1083,19.0
diaria,LineaA:1072,LineaB:1085,30.0
diaria,LineaA:1072,LineaB:1086,17.0
diaria,LineaA:1072,LineaB:1087,20.0
diaria,LineaA:1072,LineaB:1088,8.0
diaria,LineaA:1072,LineaB:1089,1.0
diaria,LineaA:1072,LineaB:1090,13.0
diaria,LineaA:1072,LineaB:1091,12.0
diaria,LineaA:1072,LineaB:1092,20.0
diaria,LineaA:1072,LineaB:1093,25.0
diaria,LineaA:1072,LineaC:1094,193.0
diaria,LineaA:1072,LineaC:1095,16.0
diaria,LineaA:1072,LineaC:1096,12.0
diaria,LineaA:1072,LineaC:1097,6.0
diaria,LineaA:1072,LineaC:1098,5.0
diaria,LineaA:1072,LineaC:1099,4.0
diaria,LineaA:1072,LineaC:1100,17.0
diaria,LineaA:1072,LineaC:1101,15.0
diaria,LineaA:1072,LineaC:1102,150.0
diaria,LineaA:1072,LineaD:1103,101.0
diaria,LineaA:1072,LineaD:1104,35.0
diaria,LineaA:1072,LineaD:1105,46.0
diaria,LineaA:1072,LineaD:1106,26.0
diaria,LineaA:1072,LineaD:1107,15.0
diaria,LineaA:1072,LineaD:1108,20.0
diaria,LineaA:1072,LineaD:1109,28.0
diaria,LineaA:1072,LineaD:1110,11.0
diaria,LineaA:1072,LineaD:1111,22.0
diaria,LineaA:1072,LineaD:1112,9.0
diaria,LineaA:1072,LineaD:1113,4.0
diaria,LineaA:1072,LineaD:1114,5.0
diaria,LineaA:1072,LineaD:1116,5.0
diaria,LineaA:1072,LineaD:1117,1.0
diaria,LineaA:1072,LineaD:1118,42.0
diaria,LineaA:1072,LineaE:1133,35.0
diaria,LineaA:1072,LineaE:1132,16.0
diaria,LineaA:1072,LineaE:1131,19.0
diaria,LineaA:1072,LineaE:1130,16.0
diaria,LineaA:1072,LineaE:1129,20.0
diaria,LineaA:1072,LineaE:1128,38.0
diaria,LineaA:1072,LineaE:1127,7.0
diaria,LineaA:1072,LineaE:1126,5.0
diaria,LineaA:1072,LineaE:1125,8.0
diaria,LineaA:1072,LineaE:1123,3.0
diaria,LineaA:1072,LineaE:1121,7.0
diaria,LineaA:1072,LineaE:1119,40.0
diaria,LineaA:1072,LineaH:1134,75.0
diaria,LineaA:1072,LineaH:1135,23.0
diaria,LineaA:1072,LineaH:1136,20.0
diaria,LineaA:1072,LineaH:1137,21.0
diaria,LineaA:1072,LineaH:1138,19.0
diaria,LineaA:1072,LineaH:1139,13.0
diaria,LineaA:1072,LineaH:1140,84.0
diaria,LineaA:1072,LineaH:1141,1.0
diaria,LineaA:1072,LineaH:1160,38.0
diaria,LineaA:1072,LineaH:1161,11.0
diaria,LineaA:1072,LineaH:1162,4.0
diaria,LineaA:1072,LineaH:1163,15.0
diaria,LineaA:1072,LineaE:1165,14.0
diaria,LineaA:1072,LineaE:1164,6.0
diaria,LineaA:1073,LineaA:1059,945.0
diaria,LineaA:1073,LineaA:1060,408.0
diaria,LineaA:1073,LineaA:1061,347.0
diaria,LineaA:1073,LineaA:1062,216.0
diaria,LineaA:1073,LineaA:1063,393.0
diaria,LineaA:1073,LineaA:1064,415.0
diaria,LineaA:1073,LineaA:1065,284.0
diaria,LineaA:1073,LineaA:1066,251.0
diaria,LineaA:1073,LineaA:1067,170.0
diaria,LineaA:1073,LineaA:1068,501.0
diaria,LineaA:1073,LineaA:1069,28.0
diaria,LineaA:1073,LineaA:1070,88.0
diaria,LineaA:1073,LineaA:1071,86.0
diaria,LineaA:1073,LineaA:1072,24.0
diaria,LineaA:1073,LineaA:1074,18.0
diaria,LineaA:1073,LineaA:1075,37.0
diaria,LineaA:1073,LineaA:1076,96.0
diaria,LineaA:1073,LineaB:1077,19.0
diaria,LineaA:1073,LineaB:1078,2.0
diaria,LineaA:1073,LineaB:1079,12.0
diaria,LineaA:1073,LineaB:1081,32.0
diaria,LineaA:1073,LineaB:1082,23.0
diaria,LineaA:1073,LineaB:1084,24.0
diaria,LineaA:1073,LineaB:1083,19.0
diaria,LineaA:1073,LineaB:1085,27.0
diaria,LineaA:1073,LineaB:1086,40.0
diaria,LineaA:1073,LineaB:1087,25.0
diaria,LineaA:1073,LineaB:1088,13.0
diaria,LineaA:1073,LineaB:1089,6.0
diaria,LineaA:1073,LineaB:1090,4.0
diaria,LineaA:1073,LineaB:1091,10.0
diaria,LineaA:1073,LineaB:1092,2.0
diaria,LineaA:1073,LineaB:1093,4.0
diaria,LineaA:1073,LineaC:1094,260.0
diaria,LineaA:1073,LineaC:1095,26.0
diaria,LineaA:1073,LineaC:1096,14.0
diaria,LineaA:1073,LineaC:1097,10.0
diaria,LineaA:1073,LineaC:1098,2.0
diaria,LineaA:1073,LineaC:1099,1.0
diaria,LineaA:1073,LineaC:1100,22.0
diaria,LineaA:1073,LineaC:1101,26.0
diaria,LineaA:1073,LineaC:1102,180.0
diaria,LineaA:1073,LineaD:1103,77.0
diaria,LineaA:1073,LineaD:1104,18.0
diaria,LineaA:1073,LineaD:1105,23.0
diaria,LineaA:1073,LineaD:1106,11.0
diaria,LineaA:1073,LineaD:1107,14.0
diaria,LineaA:1073,LineaD:1108,32.0
diaria,LineaA:1073,LineaD:1109,27.0
diaria,LineaA:1073,LineaD:1110,12.0
diaria,LineaA:1073,LineaD:1111,12.0
diaria,LineaA:1073,LineaD:1112,19.0
diaria,LineaA:1073,LineaD:1113,6.0
diaria,LineaA:1073,LineaD:1114,17.0
diaria,LineaA:1073,LineaD:1115,17.0
diaria,LineaA:1073,LineaD:1116,4.0
diaria,LineaA:1073,LineaD:1117,1.0
diaria,LineaA:1073,LineaD:1118,16.0
diaria,LineaA:1073,LineaE:1133,30.0
diaria,LineaA:1073,LineaE:1132,2.0
diaria,LineaA:1073,LineaE:1131,6.0
diaria,LineaA:1073,LineaE:1130,32.0
diaria,LineaA:1073,LineaE:1129,38.0
diaria,LineaA:1073,LineaE:1128,16.0
diaria,LineaA:1073,LineaE:1127,16.0
diaria,LineaA:1073,LineaE:1125,3.0
diaria,LineaA:1073,LineaE:1123,5.0
diaria,LineaA:1073,LineaE:1122,4.0
diaria,LineaA:1073,LineaE:1121,6.0
diaria,LineaA:1073,LineaE:1120,4.0
diaria,LineaA:1073,LineaE:1119,15.0
diaria,LineaA:1073,LineaH:1134,32.0
diaria,LineaA:1073,LineaH:1135,14.0
diaria,LineaA:1073,LineaH:1136,16.0
diaria,LineaA:1073,LineaH:1137,27.0
diaria,LineaA:1073,LineaH:1138,7.0
diaria,LineaA:1073,LineaH:1139,5.0
diaria,LineaA:1073,LineaH:1140,82.0
diaria,LineaA:1073,LineaH:1141,7.0
diaria,LineaA:1073,LineaH:1160,27.0
diaria,LineaA:1073,LineaH:1161,13.0
diaria,LineaA:1073,LineaH:1162,18.0
diaria,LineaA:1073,LineaH:1163,18.0
diaria,LineaA:1073,LineaE:1166,12.0
diaria,LineaA:1073,LineaE:1165,2.0
diaria,LineaA:1073,LineaE:1164,9.0
diaria,LineaA:1074,LineaA:1059,986.0
diaria,LineaA:1074,LineaA:1060,421.0
diaria,LineaA:1074,LineaA:1061,373.0
diaria,LineaA:1074,LineaA:1062,242.0
diaria,LineaA:1074,LineaA:1063,437.0
diaria,LineaA:1074,LineaA:1064,479.0
diaria,LineaA:1074,LineaA:1065,314.0
diaria,LineaA:1074,LineaA:1066,181.0
diaria,LineaA:1074,LineaA:1067,156.0
diaria,LineaA:1074,LineaA:1068,624.0
diaria,LineaA:1074,LineaA:1069,21.0
diaria,LineaA:1074,LineaA:1070,122.0
diaria,LineaA:1074,LineaA:1071,181.0
diaria,LineaA:1074,LineaA:1072,60.0
diaria,LineaA:1074,LineaA:1073,16.0
diaria,LineaA:1074,LineaA:1075,3.0
diaria,LineaA:1074,LineaA:1076,41.0
diaria,LineaA:1074,LineaB:1077,20.0
diaria,LineaA:1074,LineaB:1078,2.0
diaria,LineaA:1074,LineaB:1079,5.0
diaria,LineaA:1074,LineaB:1080,2.0
diaria,LineaA:1074,LineaB:1081,20.0
diaria,LineaA:1074,LineaB:1082,12.0
diaria,LineaA:1074,LineaB:1084,11.0
diaria,LineaA:1074,LineaB:1083,15.0
diaria,LineaA:1074,LineaB:1085,22.0
diaria,LineaA:1074,LineaB:1086,17.0
diaria,LineaA:1074,LineaB:1087,21.0
diaria,LineaA:1074,LineaB:1088,25.0
diaria,LineaA:1074,LineaB:1089,11.0
diaria,LineaA:1074,LineaB:1091,6.0
diaria,LineaA:1074,LineaB:1092,3.0
diaria,LineaA:1074,LineaB:1093,3.0
diaria,LineaA:1074,LineaC:1094,93.0
diaria,LineaA:1074,LineaC:1095,7.0
diaria,LineaA:1074,LineaC:1096,2.0
diaria,LineaA:1074,LineaC:1097,8.0
diaria,LineaA:1074,LineaC:1098,15.0
diaria,LineaA:1074,LineaC:1099,1.0
diaria,LineaA:1074,LineaC:1101,1.0
diaria,LineaA:1074,LineaC:1102,42.0
diaria,LineaA:1074,LineaD:1103,27.0
diaria,LineaA:1074,LineaD:1104,7.0
diaria,LineaA:1074,LineaD:1105,6.0
diaria,LineaA:1074,LineaD:1106,9.0
diaria,LineaA:1074,LineaD:1107,3.0
diaria,LineaA:1074,LineaD:1108,10.0
diaria,LineaA:1074,LineaD:1109,8.0
diaria,LineaA:1074,LineaD:1110,16.0
diaria,LineaA:1074,LineaD:1111,7.0
diaria,LineaA:1074,LineaD:1112,8.0
diaria,LineaA:1074,LineaD:1113,17.0
diaria,LineaA:1074,LineaD:1114,5.0
diaria,LineaA:1074,LineaD:1115,9.0
diaria,LineaA:1074,LineaD:1116,3.0
diaria,LineaA:1074,LineaD:1117,4.0
diaria,LineaA:1074,LineaD:1118,15.0
diaria,LineaA:1074,LineaE:1133,52.0
diaria,LineaA:1074,LineaE:1132,4.0
diaria,LineaA:1074,LineaE:1131,7.0
diaria,LineaA:1074,LineaE:1130,13.0
diaria,LineaA:1074,LineaE:1129,20.0
diaria,LineaA:1074,LineaE:1128,14.0
diaria,LineaA:1074,LineaE:1127,19.0
diaria,LineaA:1074,LineaE:1126,9.0
diaria,LineaA:1074,LineaE:1125,1.0
diaria,LineaA:1074,LineaE:1124,4.0
diaria,LineaA:1074,LineaE:1123,4.0
diaria,LineaA:1074,LineaE:1122,2.0
diaria,LineaA:1074,LineaE:1121,5.0
diaria,LineaA:1074,LineaE:1120,13.0
diaria,LineaA:1074,LineaH:1134,47.0
diaria,LineaA:1074,LineaH:1135,23.0
diaria,LineaA:1074,LineaH:1136,7.0
diaria,LineaA:1074,LineaH:1137,35.0
diaria,LineaA:1074,LineaH:1138,15.0
diaria,LineaA:1074,LineaH:1139,19.0
diaria,LineaA:1074,LineaH:1140,40.0
diaria,LineaA:1074,LineaH:1141,7.0
diaria,LineaA:1074,LineaH:1160,17.0
diaria,LineaA:1074,LineaH:1161,6.0
diaria,LineaA:1074,LineaH:1162,8.0
diaria,LineaA:1074,LineaH:1163,5.0
diaria,LineaA:1074,LineaE:1166,3.0
diaria,LineaA:1074,LineaE:1165,1.0
diaria,LineaA:1075,LineaA:1059,1202.0
diaria,LineaA:1075,LineaA:1060,547.0
diaria,LineaA:1075,LineaA:1061,502.0
diaria,LineaA:1075,LineaA:1062,277.0
diaria,LineaA:1075,LineaA:1063,581.0
diaria,LineaA:1075,LineaA:1064,528.0
diaria,LineaA:1075,LineaA:1065,378.0
diaria,LineaA:1075,LineaA:1066,250.0
diaria,LineaA:1075,LineaA:1067,190.0
diaria,LineaA:1075,LineaA:1068,736.0
diaria,LineaA:1075,LineaA:1069,22.0
diaria,LineaA:1075,LineaA:1070,124.0
diaria,LineaA:1075,LineaA:1071,200.0
diaria,LineaA:1075,LineaA:1072,93.0
diaria,LineaA:1075,LineaA:1073,33.0
diaria,LineaA:1075,LineaA:1074,4.0
diaria,LineaA:1075,LineaA:1076,10.0
diaria,LineaA:1075,LineaB:1077,28.0
diaria,LineaA:1075,LineaB:1079,4.0
diaria,LineaA:1075,LineaB:1081,48.0
diaria,LineaA:1075,LineaB:1082,19.0
diaria,LineaA:1075,LineaB:1084,43.0
diaria,LineaA:1075,LineaB:1083,36.0
diaria,LineaA:1075,LineaB:1085,36.0
diaria,LineaA:1075,LineaB:1086,16.0
diaria,LineaA:1075,LineaB:1087,45.0
diaria,LineaA:1075,LineaB:1088,17.0
diaria,LineaA:1075,LineaB:1089,14.0
diaria,LineaA:1075,LineaB:1091,4.0
diaria,LineaA:1075,LineaB:1092,5.0
diaria,LineaA:1075,LineaC:1094,161.0
diaria,LineaA:1075,LineaC:1095,8.0
diaria,LineaA:1075,LineaC:1100,8.0
diaria,LineaA:1075,LineaC:1102,16.0
diaria,LineaA:1075,LineaD:1103,49.0
diaria,LineaA:1075,LineaD:1104,23.0
diaria,LineaA:1075,LineaD:1105,18.0
diaria,LineaA:1075,LineaD:1106,20.0
diaria,LineaA:1075,LineaD:1107,17.0
diaria,LineaA:1075,LineaD:1108,36.0
diaria,LineaA:1075,LineaD:1109,8.0
diaria,LineaA:1075,LineaD:1110,12.0
diaria,LineaA:1075,LineaD:1111,35.0
diaria,LineaA:1075,LineaD:1112,10.0
diaria,LineaA:1075,LineaD:1113,5.0
diaria,LineaA:1075,LineaD:1114,24.0
diaria,LineaA:1075,LineaD:1115,22.0
diaria,LineaA:1075,LineaD:1116,10.0
diaria,LineaA:1075,LineaD:1118,16.0
diaria,LineaA:1075,LineaE:1133,76.0
diaria,LineaA:1075,LineaE:1132,21.0
diaria,LineaA:1075,LineaE:1131,12.0
diaria,LineaA:1075,LineaE:1130,40.0
diaria,LineaA:1075,LineaE:1129,42.0
diaria,LineaA:1075,LineaE:1128,41.0
diaria,LineaA:1075,LineaE:1127,37.0
diaria,LineaA:1075,LineaE:1126,18.0
diaria,LineaA:1075,LineaE:1125,6.0
diaria,LineaA:1075,LineaE:1124,8.0
diaria,LineaA:1075,LineaE:1123,17.0
diaria,LineaA:1075,LineaE:1121,16.0
diaria,LineaA:1075,LineaH:1134,46.0
diaria,LineaA:1075,LineaH:1135,34.0
diaria,LineaA:1075,LineaH:1136,17.0
diaria,LineaA:1075,LineaH:1137,20.0
diaria,LineaA:1075,LineaH:1138,2.0
diaria,LineaA:1075,LineaH:1139,21.0
diaria,LineaA:1075,LineaH:1140,66.0
diaria,LineaA:1075,LineaH:1141,4.0
diaria,LineaA:1075,LineaH:1160,6.0
diaria,LineaA:1075,LineaH:1162,6.0
diaria,LineaA:1075,LineaH:1163,5.0
diaria,LineaA:1075,LineaE:1166,1.0
diaria,LineaA:1075,LineaE:1165,4.0
diaria,LineaA:1075,LineaE:1164,17.0
diaria,LineaA:1076,LineaA:1059,2453.0
diaria,LineaA:1076,LineaA:1060,1062.0
diaria,LineaA:1076,LineaA:1061,1043.0
diaria,LineaA:1076,LineaA:1062,616.0
diaria,LineaA:1076,LineaA:1063,1100.0
diaria,LineaA:1076,LineaA:1064,1091.0
diaria,LineaA:1076,LineaA:1065,777.0
diaria,LineaA:1076,LineaA:1066,483.0
diaria,LineaA:1076,LineaA:1067,440.0
diaria,LineaA:1076,LineaA:1068,1302.0
diaria,LineaA:1076,LineaA:1069,54.0
diaria,LineaA:1076,LineaA:1070,241.0
diaria,LineaA:1076,LineaA:1071,396.0
diaria,LineaA:1076,LineaA:1072,231.0
diaria,LineaA:1076,LineaA:1073,92.0
diaria,LineaA:1076,LineaA:1074,34.0
diaria,LineaA:1076,LineaA:1075,8.0
diaria,LineaA:1076,LineaB:1077,59.0
diaria,LineaA:1076,LineaB:1078,11.0
diaria,LineaA:1076,LineaB:1079,4.0
diaria,LineaA:1076,LineaB:1081,61.0
diaria,LineaA:1076,LineaB:1082,31.0
diaria,LineaA:1076,LineaB:1084,64.0
diaria,LineaA:1076,LineaB:1083,67.0
diaria,LineaA:1076,LineaB:1085,68.0
diaria,LineaA:1076,LineaB:1086,35.0
diaria,LineaA:1076,LineaB:1087,98.0
diaria,LineaA:1076,LineaB:1088,46.0
diaria,LineaA:1076,LineaB:1089,72.0
diaria,LineaA:1076,LineaB:1090,44.0
diaria,LineaA:1076,LineaB:1091,17.0
diaria,LineaA:1076,LineaB:1092,4.0
diaria,LineaA:1076,LineaB:1093,1.0
diaria,LineaA:1076,LineaC:1094,405.0
diaria,LineaA:1076,LineaC:1095,16.0
diaria,LineaA:1076,LineaC:1096,6.0
diaria,LineaA:1076,LineaC:1097,9.0
diaria,LineaA:1076,LineaC:1098,24.0
diaria,LineaA:1076,LineaC:1099,1.0
diaria,LineaA:1076,LineaC:1101,18.0
diaria,LineaA:1076,LineaC:1102,27.0
diaria,LineaA:1076,LineaD:1103,74.0
diaria,LineaA:1076,LineaD:1104,55.0
diaria,LineaA:1076,LineaD:1105,31.0
diaria,LineaA:1076,LineaD:1106,27.0
diaria,LineaA:1076,LineaD:1107,27.0
diaria,LineaA:1076,LineaD:1108,54.0
diaria,LineaA:1076,LineaD:1109,46.0
diaria,LineaA:1076,LineaD:1110,26.0
diaria,LineaA:1076,LineaD:1111,41.0
diaria,LineaA:1076,LineaD:1112,34.0
diaria,LineaA:1076,LineaD:1113,25.0
diaria,LineaA:1076,LineaD:1114,40.0
diaria,LineaA:1076,LineaD:1115,41.0
diaria,LineaA:1076,LineaD:1116,21.0
diaria,LineaA:1076,LineaD:1117,5.0
diaria,LineaA:1076,LineaD:1118,35.0
diaria,LineaA:1076,LineaE:1133,84.0
diaria,LineaA:1076,LineaE:1132,34.0
diaria,LineaA:1076,LineaE:1131,25.0
diaria,LineaA:1076,LineaE:1130,66.0
diaria,LineaA:1076,LineaE:1129,83.0
diaria,LineaA:1076,LineaE:1128,41.0
diaria,LineaA:1076,LineaE:1127,35.0
diaria,LineaA:1076,LineaE:1126,17.0
diaria,LineaA:1076,LineaE:1125,11.0
diaria,LineaA:1076,LineaE:1124,5.0
diaria,LineaA:1076,LineaE:1123,12.0
diaria,LineaA:1076,LineaE:1122,2.0
diaria,LineaA:1076,LineaE:1121,2.0
diaria,LineaA:1076,LineaE:1120,1.0
diaria,LineaA:1076,LineaE:1119,7.0
diaria,LineaA:1076,LineaH:1134,101.0
diaria,LineaA:1076,LineaH:1135,61.0
diaria,LineaA:1076,LineaH:1136,31.0
diaria,LineaA:1076,LineaH:1137,16.0
diaria,LineaA:1076,LineaH:1138,6.0
diaria,LineaA:1076,LineaH:1139,37.0
diaria,LineaA:1076,LineaH:1140,177.0
diaria,LineaA:1076,LineaH:1141,16.0
diaria,LineaA:1076,LineaH:1160,17.0
diaria,LineaA:1076,LineaH:1161,25.0
diaria,LineaA:1076,LineaH:1162,24.0
diaria,LineaA:1076,LineaH:1163,10.0
diaria,LineaA:1076,LineaE:1166,5.0
diaria,LineaA:1076,LineaE:1165,4.0
diaria,LineaA:1076,LineaE:1164,2.0
diaria,LineaB:1077,LineaA:1059,35.0
diaria,LineaB:1077,LineaA:1060,20.0
diaria,LineaB:1077,LineaA:1061,15.0
diaria,LineaB:1077,LineaA:1062,18.0
diaria,LineaB:1077,LineaA:1063,74.0
diaria,LineaB:1077,LineaA:1064,81.0
diaria,LineaB:1077,LineaA:1065,63.0
diaria,LineaB:1077,LineaA:1066,12.0
diaria,LineaB:1077,LineaA:1067,49.0
diaria,LineaB:1077,LineaA:1068,27.0
diaria,LineaB:1077,LineaA:1069,33.0
diaria,LineaB:1077,LineaA:1070,22.0
diaria,LineaB:1077,LineaA:1071,65.0
diaria,LineaB:1077,LineaA:1072,35.0
diaria,LineaB:1077,LineaA:1073,18.0
diaria,LineaB:1077,LineaA:1074,23.0
diaria,LineaB:1077,LineaA:1075,57.0
diaria,LineaB:1077,LineaA:1076,82.0
diaria,LineaB:1077,LineaB:1078,26.0
diaria,LineaB:1077,LineaB:1079,222.0
diaria,LineaB:1077,LineaB:1080,179.0
diaria,LineaB:1077,LineaB:1081,332.0
diaria,LineaB:1077,LineaB:1082,280.0
diaria,LineaB:1077,LineaB:1084,721.0
diaria,LineaB:1077,LineaB:1083,657.0
diaria,LineaB:1077,LineaB:1085,1001.0
diaria,LineaB:1077,LineaB:1086,811.0
diaria,LineaB:1077,LineaB:1087,1074.0
diaria,LineaB:1077,LineaB:1088,891.0
diaria,LineaB:1077,LineaB:1089,1748.0
diaria,LineaB:1077,LineaB:1090,1566.0
diaria,LineaB:1077,LineaB:1091,1349.0
diaria,LineaB:1077,LineaB:1092,1689.0
diaria,LineaB:1077,LineaB:1093,2275.0
diaria,LineaB:1077,LineaC:1094,1187.0
diaria,LineaB:1077,LineaC:1095,138.0
diaria,LineaB:1077,LineaC:1096,123.0
diaria,LineaB:1077,LineaC:1097,147.0
diaria,LineaB:1077,LineaC:1098,47.0
diaria,LineaB:1077,LineaC:1099,112.0
diaria,LineaB:1077,LineaC:1100,38.0
diaria,LineaB:1077,LineaC:1101,29.0
diaria,LineaB:1077,LineaC:1102,23.0
diaria,LineaB:1077,LineaD:1103,5.0
diaria,LineaB:1077,LineaD:1104,7.0
diaria,LineaB:1077,LineaD:1105,2.0
diaria,LineaB:1077,LineaD:1106,5.0
diaria,LineaB:1077,LineaD:1107,6.0
diaria,LineaB:1077,LineaD:1108,19.0
diaria,LineaB:1077,LineaD:1109,20.0
diaria,LineaB:1077,LineaD:1110,29.0
diaria,LineaB:1077,LineaD:1111,72.0
diaria,LineaB:1077,LineaD:1112,31.0
diaria,LineaB:1077,LineaD:1113,51.0
diaria,LineaB:1077,LineaD:1114,136.0
diaria,LineaB:1077,LineaD:1115,145.0
diaria,LineaB:1077,LineaD:1116,108.0
diaria,LineaB:1077,LineaD:1117,141.0
diaria,LineaB:1077,LineaD:1118,355.0
diaria,LineaB:1077,LineaE:1133,46.0
diaria,LineaB:1077,LineaE:1132,8.0
diaria,LineaB:1077,LineaE:1131,7.0
diaria,LineaB:1077,LineaE:1130,23.0
diaria,LineaB:1077,LineaE:1129,13.0
diaria,LineaB:1077,LineaE:1128,45.0
diaria,LineaB:1077,LineaE:1127,27.0
diaria,LineaB:1077,LineaE:1126,23.0
diaria,LineaB:1077,LineaE:1125,28.0
diaria,LineaB:1077,LineaE:1124,20.0
diaria,LineaB:1077,LineaE:1123,69.0
diaria,LineaB:1077,LineaE:1122,28.0
diaria,LineaB:1077,LineaE:1121,573.0
diaria,LineaB:1077,LineaE:1120,154.0
diaria,LineaB:1077,LineaE:1119,251.0
diaria,LineaB:1077,LineaH:1134,391.0
diaria,LineaB:1077,LineaH:1135,431.0
diaria,LineaB:1077,LineaH:1136,258.0
diaria,LineaB:1077,LineaH:1137,128.0
diaria,LineaB:1077,LineaH:1138,164.0
diaria,LineaB:1077,LineaH:1139,250.0
diaria,LineaB:1077,LineaH:1140,176.0
diaria,LineaB:1077,LineaH:1141,67.0
diaria,LineaB:1077,LineaH:1160,152.0
diaria,LineaB:1077,LineaH:1161,261.0
diaria,LineaB:1077,LineaH:1162,205.0
diaria,LineaB:1077,LineaH:1163,118.0
diaria,LineaB:1077,LineaE:1166,200.0
diaria,LineaB:1077,LineaE:1165,126.0
diaria,LineaB:1077,LineaE:1164,29.0
diaria,LineaB:1078,LineaA:1059,17.0
diaria,LineaB:1078,LineaA:1060,9.0
diaria,LineaB:1078,LineaA:1061,2.0
diaria,LineaB:1078,LineaA:1062,4.0
diaria,LineaB:1078,LineaA:1063,11.0
diaria,LineaB:1078,LineaA:1064,11.0
diaria,LineaB:1078,LineaA:1065,7.0
diaria,LineaB:1078,LineaA:1066,9.0
diaria,LineaB:1078,LineaA:1067,10.0
diaria,LineaB:1078,LineaA:1068,3.0
diaria,LineaB:1078,LineaA:1069,4.0
diaria,LineaB:1078,LineaA:1070,3.0
diaria,LineaB:1078,LineaA:1071,11.0
diaria,LineaB:1078,LineaA:1072,10.0
diaria,LineaB:1078,LineaA:1075,1.0
diaria,LineaB:1078,LineaA:1076,10.0
diaria,LineaB:1078,LineaB:1077,35.0
diaria,LineaB:1078,LineaB:1079,25.0
diaria,LineaB:1078,LineaB:1080,49.0
diaria,LineaB:1078,LineaB:1081,123.0
diaria,LineaB:1078,LineaB:1082,94.0
diaria,LineaB:1078,LineaB:1084,211.0
diaria,LineaB:1078,LineaB:1083,173.0
diaria,LineaB:1078,LineaB:1085,224.0
diaria,LineaB:1078,LineaB:1086,163.0
diaria,LineaB:1078,LineaB:1087,210.0
diaria,LineaB:1078,LineaB:1088,169.0
diaria,LineaB:1078,LineaB:1089,419.0
diaria,LineaB:1078,LineaB:1090,376.0
diaria,LineaB:1078,LineaB:1091,325.0
diaria,LineaB:1078,LineaB:1092,453.0
diaria,LineaB:1078,LineaB:1093,605.0
diaria,LineaB:1078,LineaC:1094,267.0
diaria,LineaB:1078,LineaC:1095,9.0
diaria,LineaB:1078,LineaC:1096,30.0
diaria,LineaB:1078,LineaC:1097,47.0
diaria,LineaB:1078,LineaC:1098,11.0
diaria,LineaB:1078,LineaC:1099,23.0
diaria,LineaB:1078,LineaC:1100,5.0
diaria,LineaB:1078,LineaC:1101,30.0
diaria,LineaB:1078,LineaC:1102,21.0
diaria,LineaB:1078,LineaD:1103,1.0
diaria,LineaB:1078,LineaD:1104,4.0
diaria,LineaB:1078,LineaD:1105,4.0
diaria,LineaB:1078,LineaD:1106,8.0
diaria,LineaB:1078,LineaD:1107,1.0
diaria,LineaB:1078,LineaD:1109,4.0
diaria,LineaB:1078,LineaD:1110,10.0
diaria,LineaB:1078,LineaD:1111,23.0
diaria,LineaB:1078,LineaD:1112,1.0
diaria,LineaB:1078,LineaD:1113,8.0
diaria,LineaB:1078,LineaD:1114,14.0
diaria,LineaB:1078,LineaD:1115,43.0
diaria,LineaB:1078,LineaD:1116,7.0
diaria,LineaB:1078,LineaD:1117,35.0
diaria,LineaB:1078,LineaD:1118,59.0
diaria,LineaB:1078,LineaE:1133,7.0
diaria,LineaB:1078,LineaE:1131,4.0
diaria,LineaB:1078,LineaE:1130,3.0
diaria,LineaB:1078,LineaE:1129,8.0
diaria,LineaB:1078,LineaE:1128,12.0
diaria,LineaB:1078,LineaE:1127,7.0
diaria,LineaB:1078,LineaE:1126,1.0
diaria,LineaB:1078,LineaE:1125,9.0
diaria,LineaB:1078,LineaE:1124,4.0
diaria,LineaB:1078,LineaE:1123,20.0
diaria,LineaB:1078,LineaE:1122,6.0
diaria,LineaB:1078,LineaE:1121,182.0
diaria,LineaB:1078,LineaE:1120,49.0
diaria,LineaB:1078,LineaE:1119,61.0
diaria,LineaB:1078,LineaH:1134,97.0
diaria,LineaB:1078,LineaH:1135,93.0
diaria,LineaB:1078,LineaH:1136,63.0
diaria,LineaB:1078,LineaH:1137,28.0
diaria,LineaB:1078,LineaH:1138,18.0
diaria,LineaB:1078,LineaH:1139,39.0
diaria,LineaB:1078,LineaH:1140,33.0
diaria,LineaB:1078,LineaH:1141,9.0
diaria,LineaB:1078,LineaH:1160,25.0
diaria,LineaB:1078,LineaH:1161,101.0
diaria,LineaB:1078,LineaH:1162,52.0
diaria,LineaB:1078,LineaH:1163,44.0
diaria,LineaB:1078,LineaE:1166,45.0
diaria,LineaB:1078,LineaE:1165,47.0
diaria,LineaB:1078,LineaE:1164,4.0
diaria,LineaB:1079,LineaA:1059,12.0
diaria,LineaB:1079,LineaA:1060,1.0
diaria,LineaB:1079,LineaA:1062,9.0
diaria,LineaB:1079,LineaA:1063,26.0
diaria,LineaB:1079,LineaA:1064,16.0
diaria,LineaB:1079,LineaA:1065,4.0
diaria,LineaB:1079,LineaA:1066,6.0
diaria,LineaB:1079,LineaA:1067,4.0
diaria,LineaB:1079,LineaA:1068,8.0
diaria,LineaB:1079,LineaA:1069,3.0
diaria,LineaB:1079,LineaA:1070,3.0
diaria,LineaB:1079,LineaA:1071,17.0
diaria,LineaB:1079,LineaA:1072,14.0
diaria,LineaB:1079,LineaA:1073,9.0
diaria,LineaB:1079,LineaA:1075,12.0
diaria,LineaB:1079,LineaA:1076,7.0
diaria,LineaB:1079,LineaB:1077,283.0
diaria,LineaB:1079,LineaB:1078,35.0
diaria,LineaB:1079,LineaB:1080,32.0
diaria,LineaB:1079,LineaB:1081,156.0
diaria,LineaB:1079,LineaB:1082,98.0
diaria,LineaB:1079,LineaB:1084,248.0
diaria,LineaB:1079,LineaB:1083,252.0
diaria,LineaB:1079,LineaB:1085,313.0
diaria,LineaB:1079,LineaB:1086,263.0
diaria,LineaB:1079,LineaB:1087,253.0
diaria,LineaB:1079,LineaB:1088,255.0
diaria,LineaB:1079,LineaB:1089,483.0
diaria,LineaB:1079,LineaB:1090,485.0
diaria,LineaB:1079,LineaB:1091,434.0
diaria,LineaB:1079,LineaB:1092,483.0
diaria,LineaB:1079,LineaB:1093,690.0
diaria,LineaB:1079,LineaC:1094,543.0
diaria,LineaB:1079,LineaC:1095,37.0
diaria,LineaB:1079,LineaC:1096,47.0
diaria,LineaB:1079,LineaC:1097,41.0
diaria,LineaB:1079,LineaC:1098,7.0
diaria,LineaB:1079,LineaC:1099,20.0
diaria,LineaB:1079,LineaC:1100,6.0
diaria,LineaB:1079,LineaC:1101,24.0
diaria,LineaB:1079,LineaC:1102,44.0
diaria,LineaB:1079,LineaD:1103,4.0
diaria,LineaB:1079,LineaD:1104,6.0
diaria,LineaB:1079,LineaD:1105,7.0
diaria,LineaB:1079,LineaD:1106,6.0
diaria,LineaB:1079,LineaD:1108,4.0
diaria,LineaB:1079,LineaD:1109,2.0
diaria,LineaB:1079,LineaD:1110,12.0
diaria,LineaB:1079,LineaD:1111,30.0
diaria,LineaB:1079,LineaD:1112,7.0
diaria,LineaB:1079,LineaD:1113,23.0
diaria,LineaB:1079,LineaD:1114,16.0
diaria,LineaB:1079,LineaD:1115,39.0
diaria,LineaB:1079,LineaD:1116,34.0
diaria,LineaB:1079,LineaD:1117,65.0
diaria,LineaB:1079,LineaD:1118,88.0
diaria,LineaB:1079,LineaE:1133,11.0
diaria,LineaB:1079,LineaE:1132,4.0
diaria,LineaB:1079,LineaE:1131,3.0
diaria,LineaB:1079,LineaE:1130,5.0
diaria,LineaB:1079,LineaE:1129,5.0
diaria,LineaB:1079,LineaE:1128,23.0
diaria,LineaB:1079,LineaE:1127,5.0
diaria,LineaB:1079,LineaE:1125,11.0
diaria,LineaB:1079,LineaE:1124,5.0
diaria,LineaB:1079,LineaE:1123,20.0
diaria,LineaB:1079,LineaE:1122,3.0
diaria,LineaB:1079,LineaE:1121,196.0
diaria,LineaB:1079,LineaE:1120,56.0
diaria,LineaB:1079,LineaE:1119,65.0
diaria,LineaB:1079,LineaH:1134,97.0
diaria,LineaB:1079,LineaH:1135,119.0
diaria,LineaB:1079,LineaH:1136,85.0
diaria,LineaB:1079,LineaH:1137,29.0
diaria,LineaB:1079,LineaH:1138,35.0
diaria,LineaB:1079,LineaH:1139,78.0
diaria,LineaB:1079,LineaH:1140,37.0
diaria,LineaB:1079,LineaH:1141,18.0
diaria,LineaB:1079,LineaH:1160,47.0
diaria,LineaB:1079,LineaH:1161,96.0
diaria,LineaB:1079,LineaH:1162,80.0
diaria,LineaB:1079,LineaH:1163,42.0
diaria,LineaB:1079,LineaE:1166,55.0
diaria,LineaB:1079,LineaE:1165,42.0
diaria,LineaB:1079,LineaE:1164,26.0
diaria,LineaB:1080,LineaA:1059,6.0
diaria,LineaB:1080,LineaA:1060,7.0
diaria,LineaB:1080,LineaA:1063,22.0
diaria,LineaB:1080,LineaA:1064,4.0
diaria,LineaB:1080,LineaA:1065,3.0
diaria,LineaB:1080,LineaA:1066,5.0
diaria,LineaB:1080,LineaA:1067,2.0
diaria,LineaB:1080,LineaA:1069,6.0
diaria,LineaB:1080,LineaA:1071,12.0
diaria,LineaB:1080,LineaA:1072,9.0
diaria,LineaB:1080,LineaA:1074,3.0
diaria,LineaB:1080,LineaA:1075,3.0
diaria,LineaB:1080,LineaA:1076,13.0
diaria,LineaB:1080,LineaB:1077,178.0
diaria,LineaB:1080,LineaB:1078,43.0
diaria,LineaB:1080,LineaB:1079,41.0
diaria,LineaB:1080,LineaB:1081,81.0
diaria,LineaB:1080,LineaB:1082,81.0
diaria,LineaB:1080,LineaB:1084,145.0
diaria,LineaB:1080,LineaB:1083,137.0
diaria,LineaB:1080,LineaB:1085,191.0
diaria,LineaB:1080,LineaB:1086,116.0
diaria,LineaB:1080,LineaB:1087,182.0
diaria,LineaB:1080,LineaB:1088,139.0
diaria,LineaB:1080,LineaB:1089,228.0
diaria,LineaB:1080,LineaB:1090,243.0
diaria,LineaB:1080,LineaB:1091,263.0
diaria,LineaB:1080,LineaB:1092,222.0
diaria,LineaB:1080,LineaB:1093,434.0
diaria,LineaB:1080,LineaC:1094,481.0
diaria,LineaB:1080,LineaC:1095,18.0
diaria,LineaB:1080,LineaC:1096,28.0
diaria,LineaB:1080,LineaC:1097,20.0
diaria,LineaB:1080,LineaC:1098,3.0
diaria,LineaB:1080,LineaC:1099,15.0
diaria,LineaB:1080,LineaC:1100,2.0
diaria,LineaB:1080,LineaC:1101,17.0
diaria,LineaB:1080,LineaC:1102,45.0
diaria,LineaB:1080,LineaD:1103,3.0
diaria,LineaB:1080,LineaD:1105,2.0
diaria,LineaB:1080,LineaD:1107,3.0
diaria,LineaB:1080,LineaD:1110,7.0
diaria,LineaB:1080,LineaD:1111,12.0
diaria,LineaB:1080,LineaD:1112,5.0
diaria,LineaB:1080,LineaD:1113,6.0
diaria,LineaB:1080,LineaD:1114,6.0
diaria,LineaB:1080,LineaD:1115,7.0
diaria,LineaB:1080,LineaD:1116,8.0
diaria,LineaB:1080,LineaD:1117,23.0
diaria,LineaB:1080,LineaD:1118,29.0
diaria,LineaB:1080,LineaE:1133,12.0
diaria,LineaB:1080,LineaE:1130,10.0
diaria,LineaB:1080,LineaE:1128,9.0
diaria,LineaB:1080,LineaE:1127,6.0
diaria,LineaB:1080,LineaE:1125,3.0
diaria,LineaB:1080,LineaE:1124,2.0
diaria,LineaB:1080,LineaE:1123,14.0
diaria,LineaB:1080,LineaE:1122,15.0
diaria,LineaB:1080,LineaE:1121,63.0
diaria,LineaB:1080,LineaE:1120,45.0
diaria,LineaB:1080,LineaE:1119,20.0
diaria,LineaB:1080,LineaH:1134,97.0
diaria,LineaB:1080,LineaH:1135,72.0
diaria,LineaB:1080,LineaH:1136,70.0
diaria,LineaB:1080,LineaH:1137,38.0
diaria,LineaB:1080,LineaH:1138,23.0
diaria,LineaB:1080,LineaH:1139,44.0
diaria,LineaB:1080,LineaH:1140,34.0
diaria,LineaB:1080,LineaH:1141,5.0
diaria,LineaB:1080,LineaH:1160,14.0
diaria,LineaB:1080,LineaH:1161,43.0
diaria,LineaB:1080,LineaH:1162,18.0
diaria,LineaB:1080,LineaH:1163,14.0
diaria,LineaB:1080,LineaE:1166,35.0
diaria,LineaB:1080,LineaE:1165,16.0
diaria,LineaB:1080,LineaE:1164,9.0
diaria,LineaB:1081,LineaA:1059,21.0
diaria,LineaB:1081,LineaA:1060,16.0
diaria,LineaB:1081,LineaA:1061,8.0
diaria,LineaB:1081,LineaA:1062,4.0
diaria,LineaB:1081,LineaA:1063,24.0
diaria,LineaB:1081,LineaA:1064,16.0
diaria,LineaB:1081,LineaA:1065,21.0
diaria,LineaB:1081,LineaA:1066,24.0
diaria,LineaB:1081,LineaA:1067,24.0
diaria,LineaB:1081,LineaA:1068,31.0
diaria,LineaB:1081,LineaA:1069,45.0
diaria,LineaB:1081,LineaA:1070,12.0
diaria,LineaB:1081,LineaA:1071,80.0
diaria,LineaB:1081,LineaA:1072,37.0
diaria,LineaB:1081,LineaA:1073,37.0
diaria,LineaB:1081,LineaA:1074,28.0
diaria,LineaB:1081,LineaA:1075,56.0
diaria,LineaB:1081,LineaA:1076,81.0
diaria,LineaB:1081,LineaB:1077,326.0
diaria,LineaB:1081,LineaB:1078,119.0
diaria,LineaB:1081,LineaB:1079,153.0
diaria,LineaB:1081,LineaB:1080,85.0
diaria,LineaB:1081,LineaB:1082,79.0
diaria,LineaB:1081,LineaB:1084,455.0
diaria,LineaB:1081,LineaB:1083,517.0
diaria,LineaB:1081,LineaB:1085,938.0
diaria,LineaB:1081,LineaB:1086,835.0
diaria,LineaB:1081,LineaB:1087,1129.0
diaria,LineaB:1081,LineaB:1088,943.0
diaria,LineaB:1081,LineaB:1089,1606.0
diaria,LineaB:1081,LineaB:1090,1435.0
diaria,LineaB:1081,LineaB:1091,1401.0
diaria,LineaB:1081,LineaB:1092,1680.0
diaria,LineaB:1081,LineaB:1093,1992.0
diaria,LineaB:1081,LineaC:1094,1314.0
diaria,LineaB:1081,LineaC:1095,110.0
diaria,LineaB:1081,LineaC:1096,131.0
diaria,LineaB:1081,LineaC:1097,151.0
diaria,LineaB:1081,LineaC:1098,64.0
diaria,LineaB:1081,LineaC:1099,113.0
diaria,LineaB:1081,LineaC:1100,54.0
diaria,LineaB:1081,LineaC:1101,50.0
diaria,LineaB:1081,LineaC:1102,90.0
diaria,LineaB:1081,LineaD:1104,12.0
diaria,LineaB:1081,LineaD:1105,8.0
diaria,LineaB:1081,LineaD:1106,12.0
diaria,LineaB:1081,LineaD:1107,13.0
diaria,LineaB:1081,LineaD:1108,31.0
diaria,LineaB:1081,LineaD:1109,5.0
diaria,LineaB:1081,LineaD:1110,9.0
diaria,LineaB:1081,LineaD:1111,34.0
diaria,LineaB:1081,LineaD:1112,23.0
diaria,LineaB:1081,LineaD:1113,40.0
diaria,LineaB:1081,LineaD:1114,101.0
diaria,LineaB:1081,LineaD:1115,107.0
diaria,LineaB:1081,LineaD:1116,110.0
diaria,LineaB:1081,LineaD:1117,142.0
diaria,LineaB:1081,LineaD:1118,325.0
diaria,LineaB:1081,LineaE:1133,32.0
diaria,LineaB:1081,LineaE:1132,14.0
diaria,LineaB:1081,LineaE:1130,9.0
diaria,LineaB:1081,LineaE:1129,2.0
diaria,LineaB:1081,LineaE:1128,8.0
diaria,LineaB:1081,LineaE:1127,24.0
diaria,LineaB:1081,LineaE:1126,24.0
diaria,LineaB:1081,LineaE:1125,45.0
diaria,LineaB:1081,LineaE:1124,20.0
diaria,LineaB:1081,LineaE:1123,49.0
diaria,LineaB:1081,LineaE:1122,26.0
diaria,LineaB:1081,LineaE:1121,590.0
diaria,LineaB:1081,LineaE:1120,129.0
diaria,LineaB:1081,LineaE:1119,280.0
diaria,LineaB:1081,LineaH:1134,284.0
diaria,LineaB:1081,LineaH:1135,275.0
diaria,LineaB:1081,LineaH:1136,237.0
diaria,LineaB:1081,LineaH:1137,122.0
diaria,LineaB:1081,LineaH:1138,187.0
diaria,LineaB:1081,LineaH:1139,183.0
diaria,LineaB:1081,LineaH:1140,149.0
diaria,LineaB:1081,LineaH:1141,95.0
diaria,LineaB:1081,LineaH:1160,187.0
diaria,LineaB:1081,LineaH:1161,221.0
diaria,LineaB:1081,LineaH:1162,142.0
diaria,LineaB:1081,LineaH:1163,157.0
diaria,LineaB:1081,LineaE:1166,155.0
diaria,LineaB:1081,LineaE:1165,124.0
diaria,LineaB:1081,LineaE:1164,40.0
diaria,LineaB:1082,LineaA:1059,31.0
diaria,LineaB:1082,LineaA:1060,18.0
diaria,LineaB:1082,LineaA:1061,17.0
diaria,LineaB:1082,LineaA:1062,5.0
diaria,LineaB:1082,LineaA:1063,8.0
diaria,LineaB:1082,LineaA:1064,20.0
diaria,LineaB:1082,LineaA:1065,20.0
diaria,LineaB:1082,LineaA:1066,8.0
diaria,LineaB:1082,LineaA:1067,20.0
diaria,LineaB:1082,LineaA:1068,30.0
diaria,LineaB:1082,LineaA:1069,33.0
diaria,LineaB:1082,LineaA:1070,3.0
diaria,LineaB:1082,LineaA:1071,48.0
diaria,LineaB:1082,LineaA:1072,33.0
diaria,LineaB:1082,LineaA:1073,25.0
diaria,LineaB:1082,LineaA:1074,7.0
diaria,LineaB:1082,LineaA:1075,30.0
diaria,LineaB:1082,LineaA:1076,36.0
diaria,LineaB:1082,LineaB:1077,322.0
diaria,LineaB:1082,LineaB:1078,94.0
diaria,LineaB:1082,LineaB:1079,106.0
diaria,LineaB:1082,LineaB:1080,97.0
diaria,LineaB:1082,LineaB:1081,92.0
diaria,LineaB:1082,LineaB:1084,205.0
diaria,LineaB:1082,LineaB:1083,323.0
diaria,LineaB:1082,LineaB:1085,448.0
diaria,LineaB:1082,LineaB:1086,452.0
diaria,LineaB:1082,LineaB:1087,506.0
diaria,LineaB:1082,LineaB:1088,389.0
diaria,LineaB:1082,LineaB:1089,615.0
diaria,LineaB:1082,LineaB:1090,501.0
diaria,LineaB:1082,LineaB:1091,562.0
diaria,LineaB:1082,LineaB:1092,587.0
diaria,LineaB:1082,LineaB:1093,837.0
diaria,LineaB:1082,LineaC:1094,1047.0
diaria,LineaB:1082,LineaC:1095,46.0
diaria,LineaB:1082,LineaC:1096,70.0
diaria,LineaB:1082,LineaC:1097,43.0
diaria,LineaB:1082,LineaC:1098,7.0
diaria,LineaB:1082,LineaC:1099,33.0
diaria,LineaB:1082,LineaC:1100,30.0
diaria,LineaB:1082,LineaC:1101,18.0
diaria,LineaB:1082,LineaC:1102,16.0
diaria,LineaB:1082,LineaD:1103,16.0
diaria,LineaB:1082,LineaD:1104,10.0
diaria,LineaB:1082,LineaD:1105,6.0
diaria,LineaB:1082,LineaD:1106,10.0
diaria,LineaB:1082,LineaD:1107,6.0
diaria,LineaB:1082,LineaD:1108,10.0
diaria,LineaB:1082,LineaD:1109,10.0
diaria,LineaB:1082,LineaD:1110,5.0
diaria,LineaB:1082,LineaD:1111,22.0
diaria,LineaB:1082,LineaD:1112,17.0
diaria,LineaB:1082,LineaD:1113,5.0
diaria,LineaB:1082,LineaD:1114,29.0
diaria,LineaB:1082,LineaD:1115,55.0
diaria,LineaB:1082,LineaD:1116,46.0
diaria,LineaB:1082,LineaD:1117,61.0
diaria,LineaB:1082,LineaD:1118,131.0
diaria,LineaB:1082,LineaE:1133,43.0
diaria,LineaB:1082,LineaE:1132,8.0
diaria,LineaB:1082,LineaE:1131,2.0
diaria,LineaB:1082,LineaE:1130,15.0
diaria,LineaB:1082,LineaE:1129,8.0
diaria,LineaB:1082,LineaE:1128,10.0
diaria,LineaB:1082,LineaE:1127,11.0
diaria,LineaB:1082,LineaE:1126,18.0
diaria,LineaB:1082,LineaE:1125,26.0
diaria,LineaB:1082,LineaE:1124,7.0
diaria,LineaB:1082,LineaE:1123,31.0
diaria,LineaB:1082,LineaE:1122,28.0
diaria,LineaB:1082,LineaE:1121,121.0
diaria,LineaB:1082,LineaE:1120,46.0
diaria,LineaB:1082,LineaE:1119,104.0
diaria,LineaB:1082,LineaH:1134,207.0
diaria,LineaB:1082,LineaH:1135,177.0
diaria,LineaB:1082,LineaH:1136,106.0
diaria,LineaB:1082,LineaH:1137,103.0
diaria,LineaB:1082,LineaH:1138,84.0
diaria,LineaB:1082,LineaH:1139,105.0
diaria,LineaB:1082,LineaH:1140,86.0
diaria,LineaB:1082,LineaH:1141,57.0
diaria,LineaB:1082,LineaH:1160,51.0
diaria,LineaB:1082,LineaH:1161,51.0
diaria,LineaB:1082,LineaH:1162,89.0
diaria,LineaB:1082,LineaH:1163,43.0
diaria,LineaB:1082,LineaE:1166,92.0
diaria,LineaB:1082,LineaE:1165,41.0
diaria,LineaB:1082,LineaE:1164,13.0
diaria,LineaB:1084,LineaA:1059,47.0
diaria,LineaB:1084,LineaA:1060,9.0
diaria,LineaB:1084,LineaA:1061,11.0
diaria,LineaB:1084,LineaA:1062,5.0
diaria,LineaB:1084,LineaA:1063,19.0
diaria,LineaB:1084,LineaA:1064,19.0
diaria,LineaB:1084,LineaA:1065,4.0
diaria,LineaB:1084,LineaA:1066,14.0
diaria,LineaB:1084,LineaA:1067,23.0
diaria,LineaB:1084,LineaA:1068,22.0
diaria,LineaB:1084,LineaA:1069,20.0
diaria,LineaB:1084,LineaA:1070,12.0
diaria,LineaB:1084,LineaA:1071,60.0
diaria,LineaB:1084,LineaA:1072,54.0
diaria,LineaB:1084,LineaA:1073,35.0
diaria,LineaB:1084,LineaA:1074,16.0
diaria,LineaB:1084,LineaA:1075,64.0
diaria,LineaB:1084,LineaA:1076,87.0
diaria,LineaB:1084,LineaB:1077,752.0
diaria,LineaB:1084,LineaB:1078,234.0
diaria,LineaB:1084,LineaB:1079,259.0
diaria,LineaB:1084,LineaB:1080,137.0
diaria,LineaB:1084,LineaB:1081,485.0
diaria,LineaB:1084,LineaB:1082,187.0
diaria,LineaB:1084,LineaB:1083,134.0
diaria,LineaB:1084,LineaB:1085,293.0
diaria,LineaB:1084,LineaB:1086,520.0
diaria,LineaB:1084,LineaB:1087,527.0
diaria,LineaB:1084,LineaB:1088,459.0
diaria,LineaB:1084,LineaB:1089,816.0
diaria,LineaB:1084,LineaB:1090,802.0
diaria,LineaB:1084,LineaB:1091,746.0
diaria,LineaB:1084,LineaB:1092,856.0
diaria,LineaB:1084,LineaB:1093,1276.0
diaria,LineaB:1084,LineaC:1094,1373.0
diaria,LineaB:1084,LineaC:1095,61.0
diaria,LineaB:1084,LineaC:1096,82.0
diaria,LineaB:1084,LineaC:1097,83.0
diaria,LineaB:1084,LineaC:1098,19.0
diaria,LineaB:1084,LineaC:1099,65.0
diaria,LineaB:1084,LineaC:1100,26.0
diaria,LineaB:1084,LineaC:1101,29.0
diaria,LineaB:1084,LineaC:1102,92.0
diaria,LineaB:1084,LineaD:1103,38.0
diaria,LineaB:1084,LineaD:1104,9.0
diaria,LineaB:1084,LineaD:1105,13.0
diaria,LineaB:1084,LineaD:1106,6.0
diaria,LineaB:1084,LineaD:1107,10.0
diaria,LineaB:1084,LineaD:1108,8.0
diaria,LineaB:1084,LineaD:1109,13.0
diaria,LineaB:1084,LineaD:1110,7.0
diaria,LineaB:1084,LineaD:1111,22.0
diaria,LineaB:1084,LineaD:1112,1.0
diaria,LineaB:1084,LineaD:1113,18.0
diaria,LineaB:1084,LineaD:1114,39.0
diaria,LineaB:1084,LineaD:1115,36.0
diaria,LineaB:1084,LineaD:1116,58.0
diaria,LineaB:1084,LineaD:1117,86.0
diaria,LineaB:1084,LineaD:1118,183.0
diaria,LineaB:1084,LineaE:1133,37.0
diaria,LineaB:1084,LineaE:1132,7.0
diaria,LineaB:1084,LineaE:1131,6.0
diaria,LineaB:1084,LineaE:1130,11.0
diaria,LineaB:1084,LineaE:1129,7.0
diaria,LineaB:1084,LineaE:1128,4.0
diaria,LineaB:1084,LineaE:1127,18.0
diaria,LineaB:1084,LineaE:1126,30.0
diaria,LineaB:1084,LineaE:1125,20.0
diaria,LineaB:1084,LineaE:1124,14.0
diaria,LineaB:1084,LineaE:1123,38.0
diaria,LineaB:1084,LineaE:1122,14.0
diaria,LineaB:1084,LineaE:1121,342.0
diaria,LineaB:1084,LineaE:1120,100.0
diaria,LineaB:1084,LineaE:1119,120.0
diaria,LineaB:1084,LineaH:1134,189.0
diaria,LineaB:1084,LineaH:1135,238.0
diaria,LineaB:1084,LineaH:1136,140.0
diaria,LineaB:1084,LineaH:1137,112.0
diaria,LineaB:1084,LineaH:1138,109.0
diaria,LineaB:1084,LineaH:1139,140.0
diaria,LineaB:1084,LineaH:1140,88.0
diaria,LineaB:1084,LineaH:1141,69.0
diaria,LineaB:1084,LineaH:1160,50.0
diaria,LineaB:1084,LineaH:1161,136.0
diaria,LineaB:1084,LineaH:1162,102.0
diaria,LineaB:1084,LineaH:1163,62.0
diaria,LineaB:1084,LineaE:1166,111.0
diaria,LineaB:1084,LineaE:1165,107.0
diaria,LineaB:1084,LineaE:1164,50.0
diaria,LineaB:1083,LineaA:1059,22.0
diaria,LineaB:1083,LineaA:1060,21.0
diaria,LineaB:1083,LineaA:1061,21.0
diaria,LineaB:1083,LineaA:1063,11.0
diaria,LineaB:1083,LineaA:1064,12.0
diaria,LineaB:1083,LineaA:1065,9.0
diaria,LineaB:1083,LineaA:1066,10.0
diaria,LineaB:1083,LineaA:1067,11.0
diaria,LineaB:1083,LineaA:1068,24.0
diaria,LineaB:1083,LineaA:1069,10.0
diaria,LineaB:1083,LineaA:1070,6.0
diaria,LineaB:1083,LineaA:1071,50.0
diaria,LineaB:1083,LineaA:1072,39.0
diaria,LineaB:1083,LineaA:1073,19.0
diaria,LineaB:1083,LineaA:1074,7.0
diaria,LineaB:1083,LineaA:1075,45.0
diaria,LineaB:1083,LineaA:1076,72.0
diaria,LineaB:1083,LineaB:1077,668.0
diaria,LineaB:1083,LineaB:1078,189.0
diaria,LineaB:1083,LineaB:1079,249.0
diaria,LineaB:1083,LineaB:1080,133.0
diaria,LineaB:1083,LineaB:1081,532.0
diaria,LineaB:1083,LineaB:1082,306.0
diaria,LineaB:1083,LineaB:1084,147.0
diaria,LineaB:1083,LineaB:1085,138.0
diaria,LineaB:1083,LineaB:1086,391.0
diaria,LineaB:1083,LineaB:1087,344.0
diaria,LineaB:1083,LineaB:1088,324.0
diaria,LineaB:1083,LineaB:1089,568.0
diaria,LineaB:1083,LineaB:1090,558.0
diaria,LineaB:1083,LineaB:1091,595.0
diaria,LineaB:1083,LineaB:1092,709.0
diaria,LineaB:1083,LineaB:1093,976.0
diaria,LineaB:1083,LineaC:1094,883.0
diaria,LineaB:1083,LineaC:1095,61.0
diaria,LineaB:1083,LineaC:1096,84.0
diaria,LineaB:1083,LineaC:1097,48.0
diaria,LineaB:1083,LineaC:1098,16.0
diaria,LineaB:1083,LineaC:1099,19.0
diaria,LineaB:1083,LineaC:1100,26.0
diaria,LineaB:1083,LineaC:1101,35.0
diaria,LineaB:1083,LineaC:1102,155.0
diaria,LineaB:1083,LineaD:1103,31.0
diaria,LineaB:1083,LineaD:1104,23.0
diaria,LineaB:1083,LineaD:1105,14.0
diaria,LineaB:1083,LineaD:1106,22.0
diaria,LineaB:1083,LineaD:1107,14.0
diaria,LineaB:1083,LineaD:1108,17.0
diaria,LineaB:1083,LineaD:1109,9.0
diaria,LineaB:1083,LineaD:1110,22.0
diaria,LineaB:1083,LineaD:1111,12.0
diaria,LineaB:1083,LineaD:1112,13.0
diaria,LineaB:1083,LineaD:1113,36.0
diaria,LineaB:1083,LineaD:1114,18.0
diaria,LineaB:1083,LineaD:1115,32.0
diaria,LineaB:1083,LineaD:1116,47.0
diaria,LineaB:1083,LineaD:1117,58.0
diaria,LineaB:1083,LineaD:1118,136.0
diaria,LineaB:1083,LineaE:1133,33.0
diaria,LineaB:1083,LineaE:1132,9.0
diaria,LineaB:1083,LineaE:1131,5.0
diaria,LineaB:1083,LineaE:1130,6.0
diaria,LineaB:1083,LineaE:1129,12.0
diaria,LineaB:1083,LineaE:1128,8.0
diaria,LineaB:1083,LineaE:1127,7.0
diaria,LineaB:1083,LineaE:1126,5.0
diaria,LineaB:1083,LineaE:1125,18.0
diaria,LineaB:1083,LineaE:1124,15.0
diaria,LineaB:1083,LineaE:1123,31.0
diaria,LineaB:1083,LineaE:1122,35.0
diaria,LineaB:1083,LineaE:1121,251.0
diaria,LineaB:1083,LineaE:1120,48.0
diaria,LineaB:1083,LineaE:1119,84.0
diaria,LineaB:1083,LineaH:1134,146.0
diaria,LineaB:1083,LineaH:1135,147.0
diaria,LineaB:1083,LineaH:1136,112.0
diaria,LineaB:1083,LineaH:1137,103.0
diaria,LineaB:1083,LineaH:1138,119.0
diaria,LineaB:1083,LineaH:1139,94.0
diaria,LineaB:1083,LineaH:1140,72.0
diaria,LineaB:1083,LineaH:1141,42.0
diaria,LineaB:1083,LineaH:1160,32.0
diaria,LineaB:1083,LineaH:1161,139.0
diaria,LineaB:1083,LineaH:1162,144.0
diaria,LineaB:1083,LineaH:1163,56.0
diaria,LineaB:1083,LineaE:1166,95.0
diaria,LineaB:1083,LineaE:1165,83.0
diaria,LineaB:1083,LineaE:1164,36.0
diaria,LineaB:1085,LineaA:1059,66.0
diaria,LineaB:1085,LineaA:1060,36.0
diaria,LineaB:1085,LineaA:1061,16.0
diaria,LineaB:1085,LineaA:1062,4.0
diaria,LineaB:1085,LineaA:1063,24.0
diaria,LineaB:1085,LineaA:1064,23.0
diaria,LineaB:1085,LineaA:1065,15.0
diaria,LineaB:1085,LineaA:1066,53.0
diaria,LineaB:1085,LineaA:1067,8.0
diaria,LineaB:1085,LineaA:1068,22.0
diaria,LineaB:1085,LineaA:1069,20.0
diaria,LineaB:1085,LineaA:1070,6.0
diaria,LineaB:1085,LineaA:1071,53.0
diaria,LineaB:1085,LineaA:1072,31.0
diaria,LineaB:1085,LineaA:1073,27.0
diaria,LineaB:1085,LineaA:1074,21.0
diaria,LineaB:1085,LineaA:1075,55.0
diaria,LineaB:1085,LineaA:1076,83.0
diaria,LineaB:1085,LineaB:1077,1095.0
diaria,LineaB:1085,LineaB:1078,241.0
diaria,LineaB:1085,LineaB:1079,329.0
diaria,LineaB:1085,LineaB:1080,204.0
diaria,LineaB:1085,LineaB:1081,1022.0
diaria,LineaB:1085,LineaB:1082,444.0
diaria,LineaB:1085,LineaB:1084,380.0
diaria,LineaB:1085,LineaB:1083,159.0
diaria,LineaB:1085,LineaB:1086,243.0
diaria,LineaB:1085,LineaB:1087,304.0
diaria,LineaB:1085,LineaB:1088,285.0
diaria,LineaB:1085,LineaB:1089,510.0
diaria,LineaB:1085,LineaB:1090,500.0
diaria,LineaB:1085,LineaB:1091,562.0
diaria,LineaB:1085,LineaB:1092,604.0
diaria,LineaB:1085,LineaB:1093,867.0
diaria,LineaB:1085,LineaC:1094,1004.0
diaria,LineaB:1085,LineaC:1095,92.0
diaria,LineaB:1085,LineaC:1096,96.0
diaria,LineaB:1085,LineaC:1097,93.0
diaria,LineaB:1085,LineaC:1098,25.0
diaria,LineaB:1085,LineaC:1099,44.0
diaria,LineaB:1085,LineaC:1100,29.0
diaria,LineaB:1085,LineaC:1101,40.0
diaria,LineaB:1085,LineaC:1102,130.0
diaria,LineaB:1085,LineaD:1103,78.0
diaria,LineaB:1085,LineaD:1104,41.0
diaria,LineaB:1085,LineaD:1105,22.0
diaria,LineaB:1085,LineaD:1106,39.0
diaria,LineaB:1085,LineaD:1107,32.0
diaria,LineaB:1085,LineaD:1108,45.0
diaria,LineaB:1085,LineaD:1109,28.0
diaria,LineaB:1085,LineaD:1110,15.0
diaria,LineaB:1085,LineaD:1111,31.0
diaria,LineaB:1085,LineaD:1112,14.0
diaria,LineaB:1085,LineaD:1113,40.0
diaria,LineaB:1085,LineaD:1114,62.0
diaria,LineaB:1085,LineaD:1115,29.0
diaria,LineaB:1085,LineaD:1116,38.0
diaria,LineaB:1085,LineaD:1117,79.0
diaria,LineaB:1085,LineaD:1118,137.0
diaria,LineaB:1085,LineaE:1133,85.0
diaria,LineaB:1085,LineaE:1132,8.0
diaria,LineaB:1085,LineaE:1131,9.0
diaria,LineaB:1085,LineaE:1130,6.0
diaria,LineaB:1085,LineaE:1129,10.0
diaria,LineaB:1085,LineaE:1128,15.0
diaria,LineaB:1085,LineaE:1127,9.0
diaria,LineaB:1085,LineaE:1126,10.0
diaria,LineaB:1085,LineaE:1125,30.0
diaria,LineaB:1085,LineaE:1124,24.0
diaria,LineaB:1085,LineaE:1123,22.0
diaria,LineaB:1085,LineaE:1122,22.0
diaria,LineaB:1085,LineaE:1121,251.0
diaria,LineaB:1085,LineaE:1120,50.0
diaria,LineaB:1085,LineaE:1119,79.0
diaria,LineaB:1085,LineaH:1134,173.0
diaria,LineaB:1085,LineaH:1135,210.0
diaria,LineaB:1085,LineaH:1136,158.0
diaria,LineaB:1085,LineaH:1137,126.0
diaria,LineaB:1085,LineaH:1138,134.0
diaria,LineaB:1085,LineaH:1139,140.0
diaria,LineaB:1085,LineaH:1140,111.0
diaria,LineaB:1085,LineaH:1141,42.0
diaria,LineaB:1085,LineaH:1160,82.0
diaria,LineaB:1085,LineaH:1161,198.0
diaria,LineaB:1085,LineaH:1162,144.0
diaria,LineaB:1085,LineaH:1163,74.0
diaria,LineaB:1085,LineaE:1166,88.0
diaria,LineaB:1085,LineaE:1165,64.0
diaria,LineaB:1085,LineaE:1164,37.0
diaria,LineaB:1086,LineaA:1059,133.0
diaria,LineaB:1086,LineaA:1060,56.0
diaria,LineaB:1086,LineaA:1061,36.0
diaria,LineaB:1086,LineaA:1062,12.0
diaria,LineaB:1086,LineaA:1063,30.0
diaria,LineaB:1086,LineaA:1064,23.0
diaria,LineaB:1086,LineaA:1065,30.0
diaria,LineaB:1086,LineaA:1066,23.0
diaria,LineaB:1086,LineaA:1067,14.0
diaria,LineaB:1086,LineaA:1068,21.0
diaria,LineaB:1086,LineaA:1069,18.0
diaria,LineaB:1086,LineaA:1070,1.0
diaria,LineaB:1086,LineaA:1071,54.0
diaria,LineaB:1086,LineaA:1072,40.0
diaria,LineaB:1086,LineaA:1073,50.0
diaria,LineaB:1086,LineaA:1074,16.0
diaria,LineaB:1086,LineaA:1075,18.0
diaria,LineaB:1086,LineaA:1076,59.0
diaria,LineaB:1086,LineaB:1077,905.0
diaria,LineaB:1086,LineaB:1078,209.0
diaria,LineaB:1086,LineaB:1079,265.0
diaria,LineaB:1086,LineaB:1080,132.0
diaria,LineaB:1086,LineaB:1081,903.0
diaria,LineaB:1086,LineaB:1082,447.0
diaria,LineaB:1086,LineaB:1084,548.0
diaria,LineaB:1086,LineaB:1083,386.0
diaria,LineaB:1086,LineaB:1085,223.0
diaria,LineaB:1086,LineaB:1087,173.0
diaria,LineaB:1086,LineaB:1088,228.0
diaria,LineaB:1086,LineaB:1089,448.0
diaria,LineaB:1086,LineaB:1090,414.0
diaria,LineaB:1086,LineaB:1091,468.0
diaria,LineaB:1086,LineaB:1092,418.0
diaria,LineaB:1086,LineaB:1093,577.0
diaria,LineaB:1086,LineaC:1094,944.0
diaria,LineaB:1086,LineaC:1095,73.0
diaria,LineaB:1086,LineaC:1096,57.0
diaria,LineaB:1086,LineaC:1097,49.0
diaria,LineaB:1086,LineaC:1098,6.0
diaria,LineaB:1086,LineaC:1099,16.0
diaria,LineaB:1086,LineaC:1100,13.0
diaria,LineaB:1086,LineaC:1101,22.0
diaria,LineaB:1086,LineaC:1102,105.0
diaria,LineaB:1086,LineaD:1103,82.0
diaria,LineaB:1086,LineaD:1104,75.0
diaria,LineaB:1086,LineaD:1105,27.0
diaria,LineaB:1086,LineaD:1106,28.0
diaria,LineaB:1086,LineaD:1107,21.0
diaria,LineaB:1086,LineaD:1108,55.0
diaria,LineaB:1086,LineaD:1109,51.0
diaria,LineaB:1086,LineaD:1110,23.0
diaria,LineaB:1086,LineaD:1111,39.0
diaria,LineaB:1086,LineaD:1112,12.0
diaria,LineaB:1086,LineaD:1113,30.0
diaria,LineaB:1086,LineaD:1114,26.0
diaria,LineaB:1086,LineaD:1115,35.0
diaria,LineaB:1086,LineaD:1116,51.0
diaria,LineaB:1086,LineaD:1117,68.0
diaria,LineaB:1086,LineaD:1118,84.0
diaria,LineaB:1086,LineaE:1133,98.0
diaria,LineaB:1086,LineaE:1132,14.0
diaria,LineaB:1086,LineaE:1131,11.0
diaria,LineaB:1086,LineaE:1130,22.0
diaria,LineaB:1086,LineaE:1129,23.0
diaria,LineaB:1086,LineaE:1128,35.0
diaria,LineaB:1086,LineaE:1127,23.0
diaria,LineaB:1086,LineaE:1126,20.0
diaria,LineaB:1086,LineaE:1125,33.0
diaria,LineaB:1086,LineaE:1124,22.0
diaria,LineaB:1086,LineaE:1123,26.0
diaria,LineaB:1086,LineaE:1122,16.0
diaria,LineaB:1086,LineaE:1121,168.0
diaria,LineaB:1086,LineaE:1120,34.0
diaria,LineaB:1086,LineaE:1119,20.0
diaria,LineaB:1086,LineaH:1134,175.0
diaria,LineaB:1086,LineaH:1135,241.0
diaria,LineaB:1086,LineaH:1136,115.0
diaria,LineaB:1086,LineaH:1137,114.0
diaria,LineaB:1086,LineaH:1138,121.0
diaria,LineaB:1086,LineaH:1139,123.0
diaria,LineaB:1086,LineaH:1140,93.0
diaria,LineaB:1086,LineaH:1141,23.0
diaria,LineaB:1086,LineaH:1160,38.0
diaria,LineaB:1086,LineaH:1161,81.0
diaria,LineaB:1086,LineaH:1162,81.0
diaria,LineaB:1086,LineaH:1163,50.0
diaria,LineaB:1086,LineaE:1166,66.0
diaria,LineaB:1086,LineaE:1165,30.0
diaria,LineaB:1086,LineaE:1164,39.0
diaria,LineaB:1087,LineaA:1059,78.0
diaria,LineaB:1087,LineaA:1060,24.0
diaria,LineaB:1087,LineaA:1061,7.0
diaria,LineaB:1087,LineaA:1062,8.0
diaria,LineaB:1087,LineaA:1063,18.0
diaria,LineaB:1087,LineaA:1064,24.0
diaria,LineaB:1087,LineaA:1065,8.0
diaria,LineaB:1087,LineaA:1066,13.0
diaria,LineaB:1087,LineaA:1067,7.0
diaria,LineaB:1087,LineaA:1068,7.0
diaria,LineaB:1087,LineaA:1069,7.0
diaria,LineaB:1087,LineaA:1070,4.0
diaria,LineaB:1087,LineaA:1071,46.0
diaria,LineaB:1087,LineaA:1072,30.0
diaria,LineaB:1087,LineaA:1073,30.0
diaria,LineaB:1087,LineaA:1074,16.0
diaria,LineaB:1087,LineaA:1075,52.0
diaria,LineaB:1087,LineaA:1076,114.0
diaria,LineaB:1087,LineaB:1077,1277.0
diaria,LineaB:1087,LineaB:1078,246.0
diaria,LineaB:1087,LineaB:1079,292.0
diaria,LineaB:1087,LineaB:1080,198.0
diaria,LineaB:1087,LineaB:1081,1324.0
diaria,LineaB:1087,LineaB:1082,574.0
diaria,LineaB:1087,LineaB:1084,636.0
diaria,LineaB:1087,LineaB:1083,409.0
diaria,LineaB:1087,LineaB:1085,378.0
diaria,LineaB:1087,LineaB:1086,208.0
diaria,LineaB:1087,LineaB:1088,41.0
diaria,LineaB:1087,LineaB:1089,227.0
diaria,LineaB:1087,LineaB:1090,372.0
diaria,LineaB:1087,LineaB:1091,436.0
diaria,LineaB:1087,LineaB:1092,486.0
diaria,LineaB:1087,LineaB:1093,536.0
diaria,LineaB:1087,LineaC:1094,689.0
diaria,LineaB:1087,LineaC:1095,21.0
diaria,LineaB:1087,LineaC:1096,40.0
diaria,LineaB:1087,LineaC:1097,26.0
diaria,LineaB:1087,LineaC:1098,4.0
diaria,LineaB:1087,LineaC:1099,17.0
diaria,LineaB:1087,LineaC:1100,26.0
diaria,LineaB:1087,LineaC:1101,19.0
diaria,LineaB:1087,LineaC:1102,83.0
diaria,LineaB:1087,LineaD:1103,55.0
diaria,LineaB:1087,LineaD:1104,25.0
diaria,LineaB:1087,LineaD:1105,16.0
diaria,LineaB:1087,LineaD:1106,24.0
diaria,LineaB:1087,LineaD:1107,32.0
diaria,LineaB:1087,LineaD:1108,28.0
diaria,LineaB:1087,LineaD:1109,18.0
diaria,LineaB:1087,LineaD:1110,8.0
diaria,LineaB:1087,LineaD:1111,18.0
diaria,LineaB:1087,LineaD:1112,3.0
diaria,LineaB:1087,LineaD:1114,11.0
diaria,LineaB:1087,LineaD:1115,40.0
diaria,LineaB:1087,LineaD:1116,47.0
diaria,LineaB:1087,LineaD:1117,55.0
diaria,LineaB:1087,LineaD:1118,73.0
diaria,LineaB:1087,LineaE:1133,20.0
diaria,LineaB:1087,LineaE:1132,2.0
diaria,LineaB:1087,LineaE:1131,4.0
diaria,LineaB:1087,LineaE:1129,5.0
diaria,LineaB:1087,LineaE:1128,14.0
diaria,LineaB:1087,LineaE:1127,8.0
diaria,LineaB:1087,LineaE:1125,1.0
diaria,LineaB:1087,LineaE:1124,3.0
diaria,LineaB:1087,LineaE:1123,5.0
diaria,LineaB:1087,LineaE:1122,3.0
diaria,LineaB:1087,LineaE:1121,26.0
diaria,LineaB:1087,LineaE:1120,8.0
diaria,LineaB:1087,LineaE:1119,11.0
diaria,LineaB:1087,LineaH:1134,51.0
diaria,LineaB:1087,LineaH:1135,25.0
diaria,LineaB:1087,LineaH:1136,11.0
diaria,LineaB:1087,LineaH:1137,4.0
diaria,LineaB:1087,LineaH:1138,10.0
diaria,LineaB:1087,LineaH:1139,16.0
diaria,LineaB:1087,LineaH:1140,40.0
diaria,LineaB:1087,LineaH:1141,55.0
diaria,LineaB:1087,LineaH:1160,14.0
diaria,LineaB:1087,LineaH:1161,6.0
diaria,LineaB:1087,LineaH:1162,21.0
diaria,LineaB:1087,LineaH:1163,7.0
diaria,LineaB:1087,LineaE:1166,74.0
diaria,LineaB:1087,LineaE:1165,25.0
diaria,LineaB:1087,LineaE:1164,9.0
diaria,LineaB:1088,LineaA:1059,76.0
diaria,LineaB:1088,LineaA:1060,16.0
diaria,LineaB:1088,LineaA:1061,16.0
diaria,LineaB:1088,LineaA:1062,2.0
diaria,LineaB:1088,LineaA:1063,20.0
diaria,LineaB:1088,LineaA:1064,39.0
diaria,LineaB:1088,LineaA:1065,18.0
diaria,LineaB:1088,LineaA:1066,17.0
diaria,LineaB:1088,LineaA:1067,12.0
diaria,LineaB:1088,LineaA:1068,2.0
diaria,LineaB:1088,LineaA:1069,16.0
diaria,LineaB:1088,LineaA:1070,12.0
diaria,LineaB:1088,LineaA:1071,8.0
diaria,LineaB:1088,LineaA:1072,14.0
diaria,LineaB:1088,LineaA:1073,9.0
diaria,LineaB:1088,LineaA:1074,6.0
diaria,LineaB:1088,LineaA:1075,19.0
diaria,LineaB:1088,LineaA:1076,57.0
diaria,LineaB:1088,LineaB:1077,961.0
diaria,LineaB:1088,LineaB:1078,198.0
diaria,LineaB:1088,LineaB:1079,270.0
diaria,LineaB:1088,LineaB:1080,169.0
diaria,LineaB:1088,LineaB:1081,1034.0
diaria,LineaB:1088,LineaB:1082,421.0
diaria,LineaB:1088,LineaB:1084,491.0
diaria,LineaB:1088,LineaB:1083,358.0
diaria,LineaB:1088,LineaB:1085,323.0
diaria,LineaB:1088,LineaB:1086,260.0
diaria,LineaB:1088,LineaB:1087,57.0
diaria,LineaB:1088,LineaB:1089,66.0
diaria,LineaB:1088,LineaB:1090,185.0
diaria,LineaB:1088,LineaB:1091,198.0
diaria,LineaB:1088,LineaB:1092,315.0
diaria,LineaB:1088,LineaB:1093,297.0
diaria,LineaB:1088,LineaC:1094,540.0
diaria,LineaB:1088,LineaC:1095,25.0
diaria,LineaB:1088,LineaC:1096,25.0
diaria,LineaB:1088,LineaC:1097,14.0
diaria,LineaB:1088,LineaC:1098,11.0
diaria,LineaB:1088,LineaC:1099,16.0
diaria,LineaB:1088,LineaC:1100,24.0
diaria,LineaB:1088,LineaC:1101,19.0
diaria,LineaB:1088,LineaC:1102,113.0
diaria,LineaB:1088,LineaD:1103,107.0
diaria,LineaB:1088,LineaD:1104,31.0
diaria,LineaB:1088,LineaD:1105,22.0
diaria,LineaB:1088,LineaD:1106,16.0
diaria,LineaB:1088,LineaD:1107,17.0
diaria,LineaB:1088,LineaD:1108,50.0
diaria,LineaB:1088,LineaD:1109,8.0
diaria,LineaB:1088,LineaD:1110,24.0
diaria,LineaB:1088,LineaD:1111,15.0
diaria,LineaB:1088,LineaD:1112,6.0
diaria,LineaB:1088,LineaD:1113,1.0
diaria,LineaB:1088,LineaD:1114,41.0
diaria,LineaB:1088,LineaD:1115,1.0
diaria,LineaB:1088,LineaD:1116,25.0
diaria,LineaB:1088,LineaD:1117,42.0
diaria,LineaB:1088,LineaD:1118,41.0
diaria,LineaB:1088,LineaE:1133,27.0
diaria,LineaB:1088,LineaE:1132,3.0
diaria,LineaB:1088,LineaE:1131,4.0
diaria,LineaB:1088,LineaE:1130,2.0
diaria,LineaB:1088,LineaE:1129,14.0
diaria,LineaB:1088,LineaE:1128,11.0
diaria,LineaB:1088,LineaE:1127,13.0
diaria,LineaB:1088,LineaE:1126,9.0
diaria,LineaB:1088,LineaE:1125,9.0
diaria,LineaB:1088,LineaE:1124,8.0
diaria,LineaB:1088,LineaE:1123,5.0
diaria,LineaB:1088,LineaE:1122,5.0
diaria,LineaB:1088,LineaE:1121,41.0
diaria,LineaB:1088,LineaE:1120,8.0
diaria,LineaB:1088,LineaE:1119,7.0
diaria,LineaB:1088,LineaH:1134,77.0
diaria,LineaB:1088,LineaH:1135,62.0
diaria,LineaB:1088,LineaH:1136,26.0
diaria,LineaB:1088,LineaH:1137,48.0
diaria,LineaB:1088,LineaH:1138,15.0
diaria,LineaB:1088,LineaH:1139,30.0
diaria,LineaB:1088,LineaH:1140,61.0
diaria,LineaB:1088,LineaH:1141,17.0
diaria,LineaB:1088,LineaH:1160,16.0
diaria,LineaB:1088,LineaH:1161,45.0
diaria,LineaB:1088,LineaH:1162,27.0
diaria,LineaB:1088,LineaH:1163,10.0
diaria,LineaB:1088,LineaE:1166,48.0
diaria,LineaB:1088,LineaE:1165,5.0
diaria,LineaB:1088,LineaE:1164,7.0
diaria,LineaB:1089,LineaA:1059,102.0
diaria,LineaB:1089,LineaA:1060,28.0
diaria,LineaB:1089,LineaA:1061,35.0
diaria,LineaB:1089,LineaA:1062,9.0
diaria,LineaB:1089,LineaA:1063,56.0
diaria,LineaB:1089,LineaA:1064,67.0
diaria,LineaB:1089,LineaA:1065,38.0
diaria,LineaB:1089,LineaA:1066,27.0
diaria,LineaB:1089,LineaA:1067,21.0
diaria,LineaB:1089,LineaA:1068,50.0
diaria,LineaB:1089,LineaA:1069,5.0
diaria,LineaB:1089,LineaA:1071,35.0
diaria,LineaB:1089,LineaA:1072,3.0
diaria,LineaB:1089,LineaA:1073,8.0
diaria,LineaB:1089,LineaA:1074,7.0
diaria,LineaB:1089,LineaA:1075,27.0
diaria,LineaB:1089,LineaA:1076,86.0
diaria,LineaB:1089,LineaB:1077,1936.0
diaria,LineaB:1089,LineaB:1078,475.0
diaria,LineaB:1089,LineaB:1079,551.0
diaria,LineaB:1089,LineaB:1080,269.0
diaria,LineaB:1089,LineaB:1081,1761.0
diaria,LineaB:1089,LineaB:1082,663.0
diaria,LineaB:1089,LineaB:1084,864.0
diaria,LineaB:1089,LineaB:1083,657.0
diaria,LineaB:1089,LineaB:1085,546.0
diaria,LineaB:1089,LineaB:1086,538.0
diaria,LineaB:1089,LineaB:1087,229.0
diaria,LineaB:1089,LineaB:1088,91.0
diaria,LineaB:1089,LineaB:1090,43.0
diaria,LineaB:1089,LineaB:1091,187.0
diaria,LineaB:1089,LineaB:1092,376.0
diaria,LineaB:1089,LineaB:1093,520.0
diaria,LineaB:1089,LineaC:1094,531.0
diaria,LineaB:1089,LineaC:1095,65.0
diaria,LineaB:1089,LineaC:1096,37.0
diaria,LineaB:1089,LineaC:1097,20.0
diaria,LineaB:1089,LineaC:1098,7.0
diaria,LineaB:1089,LineaC:1099,30.0
diaria,LineaB:1089,LineaC:1100,16.0
diaria,LineaB:1089,LineaC:1101,16.0
diaria,LineaB:1089,LineaC:1102,150.0
diaria,LineaB:1089,LineaD:1103,153.0
diaria,LineaB:1089,LineaD:1104,55.0
diaria,LineaB:1089,LineaD:1105,26.0
diaria,LineaB:1089,LineaD:1106,25.0
diaria,LineaB:1089,LineaD:1107,81.0
diaria,LineaB:1089,LineaD:1108,64.0
diaria,LineaB:1089,LineaD:1109,19.0
diaria,LineaB:1089,LineaD:1110,50.0
diaria,LineaB:1089,LineaD:1111,14.0
diaria,LineaB:1089,LineaD:1112,22.0
diaria,LineaB:1089,LineaD:1113,19.0
diaria,LineaB:1089,LineaD:1114,22.0
diaria,LineaB:1089,LineaD:1115,42.0
diaria,LineaB:1089,LineaD:1116,3.0
diaria,LineaB:1089,LineaD:1117,25.0
diaria,LineaB:1089,LineaD:1118,83.0
diaria,LineaB:1089,LineaE:1133,66.0
diaria,LineaB:1089,LineaE:1132,18.0
diaria,LineaB:1089,LineaE:1131,26.0
diaria,LineaB:1089,LineaE:1130,20.0
diaria,LineaB:1089,LineaE:1129,28.0
diaria,LineaB:1089,LineaE:1128,35.0
diaria,LineaB:1089,LineaE:1127,23.0
diaria,LineaB:1089,LineaE:1126,27.0
diaria,LineaB:1089,LineaE:1125,28.0
diaria,LineaB:1089,LineaE:1124,6.0
diaria,LineaB:1089,LineaE:1123,4.0
diaria,LineaB:1089,LineaE:1122,13.0
diaria,LineaB:1089,LineaE:1121,89.0
diaria,LineaB:1089,LineaE:1120,20.0
diaria,LineaB:1089,LineaE:1119,43.0
diaria,LineaB:1089,LineaH:1134,146.0
diaria,LineaB:1089,LineaH:1135,69.0
diaria,LineaB:1089,LineaH:1136,49.0
diaria,LineaB:1089,LineaH:1137,64.0
diaria,LineaB:1089,LineaH:1138,64.0
diaria,LineaB:1089,LineaH:1139,68.0
diaria,LineaB:1089,LineaH:1140,138.0
diaria,LineaB:1089,LineaH:1141,62.0
diaria,LineaB:1089,LineaH:1160,49.0
diaria,LineaB:1089,LineaH:1161,41.0
diaria,LineaB:1089,LineaH:1162,21.0
diaria,LineaB:1089,LineaH:1163,23.0
diaria,LineaB:1089,LineaE:1166,97.0
diaria,LineaB:1089,LineaE:1165,27.0
diaria,LineaB:1089,LineaE:1164,48.0
diaria,LineaB:1090,LineaA:1059,99.0
diaria,LineaB:1090,LineaA:1060,28.0
diaria,LineaB:1090,LineaA:1061,44.0
diaria,LineaB:1090,LineaA:1062,20.0
diaria,LineaB:1090,LineaA:1063,45.0
diaria,LineaB:1090,LineaA:1064,64.0
diaria,LineaB:1090,LineaA:1065,44.0
diaria,LineaB:1090,LineaA:1066,36.0
diaria,LineaB:1090,LineaA:1067,31.0
diaria,LineaB:1090,LineaA:1068,46.0
diaria,LineaB:1090,LineaA:1069,5.0
diaria,LineaB:1090,LineaA:1071,2.0
diaria,LineaB:1090,LineaA:1072,14.0
diaria,LineaB:1090,LineaA:1073,6.0
diaria,LineaB:1090,LineaA:1074,1.0
diaria,LineaB:1090,LineaA:1075,12.0
diaria,LineaB:1090,LineaA:1076,45.0
diaria,LineaB:1090,LineaB:1077,1550.0
diaria,LineaB:1090,LineaB:1078,418.0
diaria,LineaB:1090,LineaB:1079,506.0
diaria,LineaB:1090,LineaB:1080,253.0
diaria,LineaB:1090,LineaB:1081,1450.0
diaria,LineaB:1090,LineaB:1082,455.0
diaria,LineaB:1090,LineaB:1084,802.0
diaria,LineaB:1090,LineaB:1083,571.0
diaria,LineaB:1090,LineaB:1085,516.0
diaria,LineaB:1090,LineaB:1086,459.0
diaria,LineaB:1090,LineaB:1087,345.0
diaria,LineaB:1090,LineaB:1088,174.0
diaria,LineaB:1090,LineaB:1089,47.0
diaria,LineaB:1090,LineaB:1091,35.0
diaria,LineaB:1090,LineaB:1092,237.0
diaria,LineaB:1090,LineaB:1093,312.0
diaria,LineaB:1090,LineaC:1094,231.0
diaria,LineaB:1090,LineaC:1095,25.0
diaria,LineaB:1090,LineaC:1096,13.0
diaria,LineaB:1090,LineaC:1097,4.0
diaria,LineaB:1090,LineaC:1100,4.0
diaria,LineaB:1090,LineaC:1101,16.0
diaria,LineaB:1090,LineaC:1102,88.0
diaria,LineaB:1090,LineaD:1103,110.0
diaria,LineaB:1090,LineaD:1104,34.0
diaria,LineaB:1090,LineaD:1105,27.0
diaria,LineaB:1090,LineaD:1106,43.0
diaria,LineaB:1090,LineaD:1107,42.0
diaria,LineaB:1090,LineaD:1108,71.0
diaria,LineaB:1090,LineaD:1109,31.0
diaria,LineaB:1090,LineaD:1110,37.0
diaria,LineaB:1090,LineaD:1111,24.0
diaria,LineaB:1090,LineaD:1112,17.0
diaria,LineaB:1090,LineaD:1113,16.0
diaria,LineaB:1090,LineaD:1114,18.0
diaria,LineaB:1090,LineaD:1115,8.0
diaria,LineaB:1090,LineaD:1116,41.0
diaria,LineaB:1090,LineaD:1117,9.0
diaria,LineaB:1090,LineaD:1118,48.0
diaria,LineaB:1090,LineaE:1133,66.0
diaria,LineaB:1090,LineaE:1132,27.0
diaria,LineaB:1090,LineaE:1131,13.0
diaria,LineaB:1090,LineaE:1130,33.0
diaria,LineaB:1090,LineaE:1129,45.0
diaria,LineaB:1090,LineaE:1128,56.0
diaria,LineaB:1090,LineaE:1127,19.0
diaria,LineaB:1090,LineaE:1126,15.0
diaria,LineaB:1090,LineaE:1125,21.0
diaria,LineaB:1090,LineaE:1124,11.0
diaria,LineaB:1090,LineaE:1123,4.0
diaria,LineaB:1090,LineaE:1121,16.0
diaria,LineaB:1090,LineaE:1120,9.0
diaria,LineaB:1090,LineaE:1119,23.0
diaria,LineaB:1090,LineaH:1134,125.0
diaria,LineaB:1090,LineaH:1135,69.0
diaria,LineaB:1090,LineaH:1136,29.0
diaria,LineaB:1090,LineaH:1137,48.0
diaria,LineaB:1090,LineaH:1138,65.0
diaria,LineaB:1090,LineaH:1139,55.0
diaria,LineaB:1090,LineaH:1140,99.0
diaria,LineaB:1090,LineaH:1141,33.0
diaria,LineaB:1090,LineaH:1160,26.0
diaria,LineaB:1090,LineaH:1161,24.0
diaria,LineaB:1090,LineaH:1162,27.0
diaria,LineaB:1090,LineaH:1163,37.0
diaria,LineaB:1090,LineaE:1166,62.0
diaria,LineaB:1090,LineaE:1165,17.0
diaria,LineaB:1090,LineaE:1164,2.0
diaria,LineaB:1091,LineaA:1059,158.0
diaria,LineaB:1091,LineaA:1060,66.0
diaria,LineaB:1091,LineaA:1061,42.0
diaria,LineaB:1091,LineaA:1062,14.0
diaria,LineaB:1091,LineaA:1063,54.0
diaria,LineaB:1091,LineaA:1064,63.0
diaria,LineaB:1091,LineaA:1065,58.0
diaria,LineaB:1091,LineaA:1066,30.0
diaria,LineaB:1091,LineaA:1067,31.0
diaria,LineaB:1091,LineaA:1068,89.0
diaria,LineaB:1091,LineaA:1069,7.0
diaria,LineaB:1091,LineaA:1070,33.0
diaria,LineaB:1091,LineaA:1071,32.0
diaria,LineaB:1091,LineaA:1072,4.0
diaria,LineaB:1091,LineaA:1073,5.0
diaria,LineaB:1091,LineaA:1074,9.0
diaria,LineaB:1091,LineaA:1076,24.0
diaria,LineaB:1091,LineaB:1077,1347.0
diaria,LineaB:1091,LineaB:1078,344.0
diaria,LineaB:1091,LineaB:1079,460.0
diaria,LineaB:1091,LineaB:1080,267.0
diaria,LineaB:1091,LineaB:1081,1415.0
diaria,LineaB:1091,LineaB:1082,527.0
diaria,LineaB:1091,LineaB:1084,759.0
diaria,LineaB:1091,LineaB:1083,597.0
diaria,LineaB:1091,LineaB:1085,564.0
diaria,LineaB:1091,LineaB:1086,473.0
diaria,LineaB:1091,LineaB:1087,375.0
diaria,LineaB:1091,LineaB:1088,206.0
diaria,LineaB:1091,LineaB:1089,169.0
diaria,LineaB:1091,LineaB:1090,42.0
diaria,LineaB:1091,LineaB:1092,40.0
diaria,LineaB:1091,LineaB:1093,142.0
diaria,LineaB:1091,LineaC:1094,828.0
diaria,LineaB:1091,LineaC:1095,53.0
diaria,LineaB:1091,LineaC:1096,43.0
diaria,LineaB:1091,LineaC:1097,25.0
diaria,LineaB:1091,LineaC:1098,7.0
diaria,LineaB:1091,LineaC:1099,14.0
diaria,LineaB:1091,LineaC:1100,7.0
diaria,LineaB:1091,LineaC:1101,13.0
diaria,LineaB:1091,LineaC:1102,380.0
diaria,LineaB:1091,LineaD:1103,688.0
diaria,LineaB:1091,LineaD:1104,318.0
diaria,LineaB:1091,LineaD:1105,187.0
diaria,LineaB:1091,LineaD:1106,209.0
diaria,LineaB:1091,LineaD:1107,183.0
diaria,LineaB:1091,LineaD:1108,337.0
diaria,LineaB:1091,LineaD:1109,225.0
diaria,LineaB:1091,LineaD:1110,201.0
diaria,LineaB:1091,LineaD:1111,246.0
diaria,LineaB:1091,LineaD:1112,206.0
diaria,LineaB:1091,LineaD:1113,134.0
diaria,LineaB:1091,LineaD:1114,113.0
diaria,LineaB:1091,LineaD:1115,75.0
diaria,LineaB:1091,LineaD:1116,11.0
diaria,LineaB:1091,LineaD:1117,3.0
diaria,LineaB:1091,LineaD:1118,45.0
diaria,LineaB:1091,LineaE:1133,77.0
diaria,LineaB:1091,LineaE:1132,10.0
diaria,LineaB:1091,LineaE:1131,17.0
diaria,LineaB:1091,LineaE:1130,34.0
diaria,LineaB:1091,LineaE:1129,18.0
diaria,LineaB:1091,LineaE:1128,33.0
diaria,LineaB:1091,LineaE:1127,37.0
diaria,LineaB:1091,LineaE:1126,12.0
diaria,LineaB:1091,LineaE:1125,11.0
diaria,LineaB:1091,LineaE:1124,5.0
diaria,LineaB:1091,LineaE:1123,20.0
diaria,LineaB:1091,LineaE:1122,4.0
diaria,LineaB:1091,LineaE:1121,50.0
diaria,LineaB:1091,LineaE:1120,1.0
diaria,LineaB:1091,LineaE:1119,18.0
diaria,LineaB:1091,LineaH:1134,97.0
diaria,LineaB:1091,LineaH:1135,61.0
diaria,LineaB:1091,LineaH:1136,45.0
diaria,LineaB:1091,LineaH:1137,55.0
diaria,LineaB:1091,LineaH:1138,39.0
diaria,LineaB:1091,LineaH:1139,68.0
diaria,LineaB:1091,LineaH:1140,137.0
diaria,LineaB:1091,LineaH:1141,78.0
diaria,LineaB:1091,LineaH:1160,26.0
diaria,LineaB:1091,LineaH:1161,66.0
diaria,LineaB:1091,LineaH:1162,66.0
diaria,LineaB:1091,LineaH:1163,35.0
diaria,LineaB:1091,LineaE:1166,37.0
diaria,LineaB:1091,LineaE:1165,9.0
diaria,LineaB:1091,LineaE:1164,29.0
diaria,LineaB:1092,LineaA:1059,127.0
diaria,LineaB:1092,LineaA:1060,46.0
diaria,LineaB:1092,LineaA:1061,25.0
diaria,LineaB:1092,LineaA:1062,14.0
diaria,LineaB:1092,LineaA:1063,58.0
diaria,LineaB:1092,LineaA:1064,65.0
diaria,LineaB:1092,LineaA:1065,35.0
diaria,LineaB:1092,LineaA:1066,50.0
diaria,LineaB:1092,LineaA:1067,18.0
diaria,LineaB:1092,LineaA:1068,95.0
diaria,LineaB:1092,LineaA:1069,17.0
diaria,LineaB:1092,LineaA:1070,15.0
diaria,LineaB:1092,LineaA:1071,63.0
diaria,LineaB:1092,LineaA:1072,29.0
diaria,LineaB:1092,LineaA:1074,10.0
diaria,LineaB:1092,LineaA:1075,6.0
diaria,LineaB:1092,LineaA:1076,4.0
diaria,LineaB:1092,LineaB:1077,1597.0
diaria,LineaB:1092,LineaB:1078,452.0
diaria,LineaB:1092,LineaB:1079,494.0
diaria,LineaB:1092,LineaB:1080,190.0
diaria,LineaB:1092,LineaB:1081,1581.0
diaria,LineaB:1092,LineaB:1082,520.0
diaria,LineaB:1092,LineaB:1084,828.0
diaria,LineaB:1092,LineaB:1083,692.0
diaria,LineaB:1092,LineaB:1085,563.0
diaria,LineaB:1092,LineaB:1086,437.0
diaria,LineaB:1092,LineaB:1087,444.0
diaria,LineaB:1092,LineaB:1088,306.0
diaria,LineaB:1092,LineaB:1089,322.0
diaria,LineaB:1092,LineaB:1090,229.0
diaria,LineaB:1092,LineaB:1091,31.0
diaria,LineaB:1092,LineaB:1093,24.0
diaria,LineaB:1092,LineaC:1094,161.0
diaria,LineaB:1092,LineaC:1095,10.0
diaria,LineaB:1092,LineaC:1096,12.0
diaria,LineaB:1092,LineaC:1098,15.0
diaria,LineaB:1092,LineaC:1100,8.0
diaria,LineaB:1092,LineaC:1102,100.0
diaria,LineaB:1092,LineaD:1103,155.0
diaria,LineaB:1092,LineaD:1104,67.0
diaria,LineaB:1092,LineaD:1105,28.0
diaria,LineaB:1092,LineaD:1106,53.0
diaria,LineaB:1092,LineaD:1107,38.0
diaria,LineaB:1092,LineaD:1108,94.0
diaria,LineaB:1092,LineaD:1109,40.0
diaria,LineaB:1092,LineaD:1110,74.0
diaria,LineaB:1092,LineaD:1111,78.0
diaria,LineaB:1092,LineaD:1112,68.0
diaria,LineaB:1092,LineaD:1113,31.0
diaria,LineaB:1092,LineaD:1114,53.0
diaria,LineaB:1092,LineaD:1115,62.0
diaria,LineaB:1092,LineaD:1116,38.0
diaria,LineaB:1092,LineaD:1117,4.0
diaria,LineaB:1092,LineaD:1118,27.0
diaria,LineaB:1092,LineaE:1133,70.0
diaria,LineaB:1092,LineaE:1132,6.0
diaria,LineaB:1092,LineaE:1131,4.0
diaria,LineaB:1092,LineaE:1130,27.0
diaria,LineaB:1092,LineaE:1129,25.0
diaria,LineaB:1092,LineaE:1128,33.0
diaria,LineaB:1092,LineaE:1127,24.0
diaria,LineaB:1092,LineaE:1126,25.0
diaria,LineaB:1092,LineaE:1125,13.0
diaria,LineaB:1092,LineaE:1124,12.0
diaria,LineaB:1092,LineaE:1123,13.0
diaria,LineaB:1092,LineaE:1122,10.0
diaria,LineaB:1092,LineaE:1121,37.0
diaria,LineaB:1092,LineaE:1120,10.0
diaria,LineaB:1092,LineaH:1134,148.0
diaria,LineaB:1092,LineaH:1135,93.0
diaria,LineaB:1092,LineaH:1136,54.0
diaria,LineaB:1092,LineaH:1137,49.0
diaria,LineaB:1092,LineaH:1138,29.0
diaria,LineaB:1092,LineaH:1139,83.0
diaria,LineaB:1092,LineaH:1140,136.0
diaria,LineaB:1092,LineaH:1141,44.0
diaria,LineaB:1092,LineaH:1160,32.0
diaria,LineaB:1092,LineaH:1161,41.0
diaria,LineaB:1092,LineaH:1162,63.0
diaria,LineaB:1092,LineaH:1163,15.0
diaria,LineaB:1092,LineaE:1166,19.0
diaria,LineaB:1092,LineaE:1164,24.0
diaria,LineaB:1093,LineaA:1059,102.0
diaria,LineaB:1093,LineaA:1060,40.0
diaria,LineaB:1093,LineaA:1061,28.0
diaria,LineaB:1093,LineaA:1062,23.0
diaria,LineaB:1093,LineaA:1063,28.0
diaria,LineaB:1093,LineaA:1064,48.0
diaria,LineaB:1093,LineaA:1065,42.0
diaria,LineaB:1093,LineaA:1066,44.0
diaria,LineaB:1093,LineaA:1067,27.0
diaria,LineaB:1093,LineaA:1068,85.0
diaria,LineaB:1093,LineaA:1069,8.0
diaria,LineaB:1093,LineaA:1070,5.0
diaria,LineaB:1093,LineaA:1071,18.0
diaria,LineaB:1093,LineaA:1072,17.0
diaria,LineaB:1093,LineaA:1073,6.0
diaria,LineaB:1093,LineaA:1075,4.0
diaria,LineaB:1093,LineaA:1076,6.0
diaria,LineaB:1093,LineaB:1077,2206.0
diaria,LineaB:1093,LineaB:1078,622.0
diaria,LineaB:1093,LineaB:1079,711.0
diaria,LineaB:1093,LineaB:1080,417.0
diaria,LineaB:1093,LineaB:1081,1958.0
diaria,LineaB:1093,LineaB:1082,778.0
diaria,LineaB:1093,LineaB:1084,1267.0
diaria,LineaB:1093,LineaB:1083,946.0
diaria,LineaB:1093,LineaB:1085,817.0
diaria,LineaB:1093,LineaB:1086,589.0
diaria,LineaB:1093,LineaB:1087,497.0
diaria,LineaB:1093,LineaB:1088,267.0
diaria,LineaB:1093,LineaB:1089,509.0
diaria,LineaB:1093,LineaB:1090,334.0
diaria,LineaB:1093,LineaB:1091,146.0
diaria,LineaB:1093,LineaB:1092,29.0
diaria,LineaB:1093,LineaC:1094,184.0
diaria,LineaB:1093,LineaC:1095,4.0
diaria,LineaB:1093,LineaC:1096,17.0
diaria,LineaB:1093,LineaC:1097,1.0
diaria,LineaB:1093,LineaC:1098,1.0
diaria,LineaB:1093,LineaC:1099,9.0
diaria,LineaB:1093,LineaC:1100,13.0
diaria,LineaB:1093,LineaC:1101,10.0
diaria,LineaB:1093,LineaC:1102,43.0
diaria,LineaB:1093,LineaD:1103,287.0
diaria,LineaB:1093,LineaD:1104,108.0
diaria,LineaB:1093,LineaD:1105,129.0
diaria,LineaB:1093,LineaD:1106,107.0
diaria,LineaB:1093,LineaD:1107,81.0
diaria,LineaB:1093,LineaD:1108,129.0
diaria,LineaB:1093,LineaD:1109,105.0
diaria,LineaB:1093,LineaD:1110,116.0
diaria,LineaB:1093,LineaD:1111,158.0
diaria,LineaB:1093,LineaD:1112,71.0
diaria,LineaB:1093,LineaD:1113,48.0
diaria,LineaB:1093,LineaD:1114,65.0
diaria,LineaB:1093,LineaD:1115,73.0
diaria,LineaB:1093,LineaD:1116,48.0
diaria,LineaB:1093,LineaD:1117,32.0
diaria,LineaB:1093,LineaD:1118,11.0
diaria,LineaB:1093,LineaE:1133,26.0
diaria,LineaB:1093,LineaE:1132,4.0
diaria,LineaB:1093,LineaE:1131,6.0
diaria,LineaB:1093,LineaE:1130,20.0
diaria,LineaB:1093,LineaE:1129,8.0
diaria,LineaB:1093,LineaE:1128,27.0
diaria,LineaB:1093,LineaE:1127,18.0
diaria,LineaB:1093,LineaE:1126,11.0
diaria,LineaB:1093,LineaE:1124,11.0
diaria,LineaB:1093,LineaE:1123,9.0
diaria,LineaB:1093,LineaE:1121,9.0
diaria,LineaB:1093,LineaE:1120,4.0
diaria,LineaB:1093,LineaH:1134,55.0
diaria,LineaB:1093,LineaH:1135,37.0
diaria,LineaB:1093,LineaH:1136,32.0
diaria,LineaB:1093,LineaH:1137,14.0
diaria,LineaB:1093,LineaH:1138,8.0
diaria,LineaB:1093,LineaH:1139,48.0
diaria,LineaB:1093,LineaH:1140,109.0
diaria,LineaB:1093,LineaH:1141,48.0
diaria,LineaB:1093,LineaH:1160,67.0
diaria,LineaB:1093,LineaH:1161,41.0
diaria,LineaB:1093,LineaH:1162,83.0
diaria,LineaB:1093,LineaH:1163,6.0
diaria,LineaB:1093,LineaE:1166,23.0
diaria,LineaB:1093,LineaE:1164,41.0
diaria,LineaC:1094,LineaA:1059,2609.0
diaria,LineaC:1094,LineaA:1060,811.0
diaria,LineaC:1094,LineaA:1061,528.0
diaria,LineaC:1094,LineaA:1062,362.0
diaria,LineaC:1094,LineaA:1063,693.0
diaria,LineaC:1094,LineaA:1064,970.0
diaria,LineaC:1094,LineaA:1065,527.0
diaria,LineaC:1094,LineaA:1066,479.0
diaria,LineaC:1094,LineaA:1067,524.0
diaria,LineaC:1094,LineaA:1068,1356.0
diaria,LineaC:1094,LineaA:1069,88.0
diaria,LineaC:1094,LineaA:1070,496.0
diaria,LineaC:1094,LineaA:1071,510.0
diaria,LineaC:1094,LineaA:1072,266.0
diaria,LineaC:1094,LineaA:1073,318.0
diaria,LineaC:1094,LineaA:1074,137.0
diaria,LineaC:1094,LineaA:1075,262.0
diaria,LineaC:1094,LineaA:1076,472.0
diaria,LineaC:1094,LineaB:1077,1415.0
diaria,LineaC:1094,LineaB:1078,337.0
diaria,LineaC:1094,LineaB:1079,627.0
diaria,LineaC:1094,LineaB:1080,590.0
diaria,LineaC:1094,LineaB:1081,1661.0
diaria,LineaC:1094,LineaB:1082,1308.0
diaria,LineaC:1094,LineaB:1084,1680.0
diaria,LineaC:1094,LineaB:1083,1127.0
diaria,LineaC:1094,LineaB:1085,1212.0
diaria,LineaC:1094,LineaB:1086,1108.0
diaria,LineaC:1094,LineaB:1087,705.0
diaria,LineaC:1094,LineaB:1088,631.0
diaria,LineaC:1094,LineaB:1089,625.0
diaria,LineaC:1094,LineaB:1090,370.0
diaria,LineaC:1094,LineaB:1091,1126.0
diaria,LineaC:1094,LineaB:1092,321.0
diaria,LineaC:1094,LineaB:1093,291.0
diaria,LineaC:1094,LineaC:1095,454.0
diaria,LineaC:1094,LineaC:1096,552.0
diaria,LineaC:1094,LineaC:1097,1286.0
diaria,LineaC:1094,LineaC:1098,1255.0
diaria,LineaC:1094,LineaC:1099,1799.0
diaria,LineaC:1094,LineaC:1100,3428.0
diaria,LineaC:1094,LineaC:1101,1896.0
diaria,LineaC:1094,LineaC:1102,9433.0
diaria,LineaC:1094,LineaD:1103,1853.0
diaria,LineaC:1094,LineaD:1104,1067.0
diaria,LineaC:1094,LineaD:1105,923.0
diaria,LineaC:1094,LineaD:1106,917.0
diaria,LineaC:1094,LineaD:1107,854.0
diaria,LineaC:1094,LineaD:1108,1867.0
diaria,LineaC:1094,LineaD:1109,1215.0
diaria,LineaC:1094,LineaD:1110,793.0
diaria,LineaC:1094,LineaD:1111,1150.0
diaria,LineaC:1094,LineaD:1112,769.0
diaria,LineaC:1094,LineaD:1113,668.0
diaria,LineaC:1094,LineaD:1114,1253.0
diaria,LineaC:1094,LineaD:1115,974.0
diaria,LineaC:1094,LineaD:1116,452.0
diaria,LineaC:1094,LineaD:1117,412.0
diaria,LineaC:1094,LineaD:1118,539.0
diaria,LineaC:1094,LineaE:1133,365.0
diaria,LineaC:1094,LineaE:1132,165.0
diaria,LineaC:1094,LineaE:1131,118.0
diaria,LineaC:1094,LineaE:1130,221.0
diaria,LineaC:1094,LineaE:1129,242.0
diaria,LineaC:1094,LineaE:1128,271.0
diaria,LineaC:1094,LineaE:1127,227.0
diaria,LineaC:1094,LineaE:1126,148.0
diaria,LineaC:1094,LineaE:1125,141.0
diaria,LineaC:1094,LineaE:1124,101.0
diaria,LineaC:1094,LineaE:1123,81.0
diaria,LineaC:1094,LineaE:1122,17.0
diaria,LineaC:1094,LineaE:1121,1919.0
diaria,LineaC:1094,LineaE:1120,129.0
diaria,LineaC:1094,LineaE:1119,614.0
diaria,LineaC:1094,LineaH:1134,38.0
diaria,LineaC:1094,LineaH:1135,41.0
diaria,LineaC:1094,LineaH:1136,36.0
diaria,LineaC:1094,LineaH:1137,16.0
diaria,LineaC:1094,LineaH:1138,81.0
diaria,LineaC:1094,LineaH:1139,57.0
diaria,LineaC:1094,LineaH:1140,543.0
diaria,LineaC:1094,LineaH:1141,141.0
diaria,LineaC:1094,LineaH:1160,167.0
diaria,LineaC:1094,LineaH:1161,215.0
diaria,LineaC:1094,LineaH:1162,224.0
diaria,LineaC:1094,LineaH:1163,197.0
diaria,LineaC:1094,LineaE:1166,497.0
diaria,LineaC:1094,LineaE:1165,357.0
diaria,LineaC:1094,LineaE:1164,323.0
diaria,LineaC:1095,LineaA:1059,99.0
diaria,LineaC:1095,LineaA:1060,48.0
diaria,LineaC:1095,LineaA:1061,49.0
diaria,LineaC:1095,LineaA:1062,21.0
diaria,LineaC:1095,LineaA:1063,76.0
diaria,LineaC:1095,LineaA:1064,68.0
diaria,LineaC:1095,LineaA:1065,44.0
diaria,LineaC:1095,LineaA:1066,37.0
diaria,LineaC:1095,LineaA:1067,33.0
diaria,LineaC:1095,LineaA:1068,159.0
diaria,LineaC:1095,LineaA:1069,1.0
diaria,LineaC:1095,LineaA:1070,43.0
diaria,LineaC:1095,LineaA:1071,41.0
diaria,LineaC:1095,LineaA:1072,31.0
diaria,LineaC:1095,LineaA:1073,31.0
diaria,LineaC:1095,LineaA:1074,10.0
diaria,LineaC:1095,LineaA:1075,13.0
diaria,LineaC:1095,LineaA:1076,16.0
diaria,LineaC:1095,LineaB:1077,146.0
diaria,LineaC:1095,LineaB:1078,18.0
diaria,LineaC:1095,LineaB:1079,32.0
diaria,LineaC:1095,LineaB:1080,19.0
diaria,LineaC:1095,LineaB:1081,115.0
diaria,LineaC:1095,LineaB:1082,46.0
diaria,LineaC:1095,LineaB:1084,62.0
diaria,LineaC:1095,LineaB:1083,64.0
diaria,LineaC:1095,LineaB:1085,87.0
diaria,LineaC:1095,LineaB:1086,63.0
diaria,LineaC:1095,LineaB:1087,23.0
diaria,LineaC:1095,LineaB:1088,28.0
diaria,LineaC:1095,LineaB:1089,68.0
diaria,LineaC:1095,LineaB:1090,36.0
diaria,LineaC:1095,LineaB:1091,74.0
diaria,LineaC:1095,LineaB:1092,25.0
diaria,LineaC:1095,LineaB:1093,10.0
diaria,LineaC:1095,LineaC:1094,349.0
diaria,LineaC:1095,LineaC:1096,22.0
diaria,LineaC:1095,LineaC:1097,50.0
diaria,LineaC:1095,LineaC:1098,65.0
diaria,LineaC:1095,LineaC:1099,74.0
diaria,LineaC:1095,LineaC:1100,163.0
diaria,LineaC:1095,LineaC:1101,106.0
diaria,LineaC:1095,LineaC:1102,460.0
diaria,LineaC:1095,LineaD:1103,139.0
diaria,LineaC:1095,LineaD:1104,63.0
diaria,LineaC:1095,LineaD:1105,64.0
diaria,LineaC:1095,LineaD:1106,39.0
diaria,LineaC:1095,LineaD:1107,38.0
diaria,LineaC:1095,LineaD:1108,57.0
diaria,LineaC:1095,LineaD:1109,48.0
diaria,LineaC:1095,LineaD:1110,66.0
diaria,LineaC:1095,LineaD:1111,47.0
diaria,LineaC:1095,LineaD:1112,64.0
diaria,LineaC:1095,LineaD:1113,21.0
diaria,LineaC:1095,LineaD:1114,93.0
diaria,LineaC:1095,LineaD:1115,68.0
diaria,LineaC:1095,LineaD:1116,40.0
diaria,LineaC:1095,LineaD:1117,30.0
diaria,LineaC:1095,LineaD:1118,24.0
diaria,LineaC:1095,LineaE:1133,41.0
diaria,LineaC:1095,LineaE:1132,7.0
diaria,LineaC:1095,LineaE:1131,5.0
diaria,LineaC:1095,LineaE:1130,10.0
diaria,LineaC:1095,LineaE:1129,14.0
diaria,LineaC:1095,LineaE:1128,12.0
diaria,LineaC:1095,LineaE:1127,10.0
diaria,LineaC:1095,LineaE:1126,15.0
diaria,LineaC:1095,LineaE:1125,1.0
diaria,LineaC:1095,LineaE:1124,16.0
diaria,LineaC:1095,LineaE:1123,5.0
diaria,LineaC:1095,LineaE:1121,25.0
diaria,LineaC:1095,LineaE:1120,2.0
diaria,LineaC:1095,LineaE:1119,9.0
diaria,LineaC:1095,LineaH:1134,5.0
diaria,LineaC:1095,LineaH:1135,10.0
diaria,LineaC:1095,LineaH:1136,11.0
diaria,LineaC:1095,LineaH:1137,2.0
diaria,LineaC:1095,LineaH:1138,6.0
diaria,LineaC:1095,LineaH:1139,3.0
diaria,LineaC:1095,LineaH:1140,28.0
diaria,LineaC:1095,LineaH:1141,11.0
diaria,LineaC:1095,LineaH:1160,26.0
diaria,LineaC:1095,LineaH:1161,17.0
diaria,LineaC:1095,LineaH:1162,16.0
diaria,LineaC:1095,LineaH:1163,5.0
diaria,LineaC:1095,LineaE:1166,15.0
diaria,LineaC:1095,LineaE:1165,10.0
diaria,LineaC:1095,LineaE:1164,18.0
diaria,LineaC:1096,LineaA:1059,121.0
diaria,LineaC:1096,LineaA:1060,60.0
diaria,LineaC:1096,LineaA:1061,52.0
diaria,LineaC:1096,LineaA:1062,17.0
diaria,LineaC:1096,LineaA:1063,64.0
diaria,LineaC:1096,LineaA:1064,62.0
diaria,LineaC:1096,LineaA:1065,46.0
diaria,LineaC:1096,LineaA:1066,19.0
diaria,LineaC:1096,LineaA:1067,32.0
diaria,LineaC:1096,LineaA:1068,103.0
diaria,LineaC:1096,LineaA:1069,1.0
diaria,LineaC:1096,LineaA:1070,14.0
diaria,LineaC:1096,LineaA:1071,47.0
diaria,LineaC:1096,LineaA:1072,18.0
diaria,LineaC:1096,LineaA:1073,25.0
diaria,LineaC:1096,LineaA:1074,4.0
diaria,LineaC:1096,LineaA:1075,12.0
diaria,LineaC:1096,LineaA:1076,17.0
diaria,LineaC:1096,LineaB:1077,149.0
diaria,LineaC:1096,LineaB:1078,39.0
diaria,LineaC:1096,LineaB:1079,55.0
diaria,LineaC:1096,LineaB:1080,31.0
diaria,LineaC:1096,LineaB:1081,142.0
diaria,LineaC:1096,LineaB:1082,81.0
diaria,LineaC:1096,LineaB:1084,90.0
diaria,LineaC:1096,LineaB:1083,76.0
diaria,LineaC:1096,LineaB:1085,89.0
diaria,LineaC:1096,LineaB:1086,57.0
diaria,LineaC:1096,LineaB:1087,49.0
diaria,LineaC:1096,LineaB:1088,27.0
diaria,LineaC:1096,LineaB:1089,50.0
diaria,LineaC:1096,LineaB:1090,17.0
diaria,LineaC:1096,LineaB:1091,50.0
diaria,LineaC:1096,LineaB:1092,33.0
diaria,LineaC:1096,LineaB:1093,33.0
diaria,LineaC:1096,LineaC:1094,456.0
diaria,LineaC:1096,LineaC:1095,21.0
diaria,LineaC:1096,LineaC:1097,28.0
diaria,LineaC:1096,LineaC:1098,36.0
diaria,LineaC:1096,LineaC:1099,17.0
diaria,LineaC:1096,LineaC:1100,98.0
diaria,LineaC:1096,LineaC:1101,55.0
diaria,LineaC:1096,LineaC:1102,507.0
diaria,LineaC:1096,LineaD:1103,188.0
diaria,LineaC:1096,LineaD:1104,77.0
diaria,LineaC:1096,LineaD:1105,47.0
diaria,LineaC:1096,LineaD:1106,37.0
diaria,LineaC:1096,LineaD:1107,39.0
diaria,LineaC:1096,LineaD:1108,62.0
diaria,LineaC:1096,LineaD:1109,60.0
diaria,LineaC:1096,LineaD:1110,34.0
diaria,LineaC:1096,LineaD:1111,60.0
diaria,LineaC:1096,LineaD:1112,43.0
diaria,LineaC:1096,LineaD:1113,39.0
diaria,LineaC:1096,LineaD:1114,77.0
diaria,LineaC:1096,LineaD:1115,75.0
diaria,LineaC:1096,LineaD:1116,22.0
diaria,LineaC:1096,LineaD:1117,15.0
diaria,LineaC:1096,LineaD:1118,22.0
diaria,LineaC:1096,LineaE:1133,137.0
diaria,LineaC:1096,LineaE:1132,45.0
diaria,LineaC:1096,LineaE:1131,52.0
diaria,LineaC:1096,LineaE:1130,108.0
diaria,LineaC:1096,LineaE:1129,102.0
diaria,LineaC:1096,LineaE:1128,128.0
diaria,LineaC:1096,LineaE:1127,83.0
diaria,LineaC:1096,LineaE:1126,54.0
diaria,LineaC:1096,LineaE:1125,54.0
diaria,LineaC:1096,LineaE:1124,50.0
diaria,LineaC:1096,LineaE:1123,47.0
diaria,LineaC:1096,LineaE:1122,2.0
diaria,LineaC:1096,LineaE:1121,34.0
diaria,LineaC:1096,LineaE:1120,11.0
diaria,LineaC:1096,LineaE:1119,48.0
diaria,LineaC:1096,LineaH:1134,54.0
diaria,LineaC:1096,LineaH:1135,34.0
diaria,LineaC:1096,LineaH:1136,29.0
diaria,LineaC:1096,LineaH:1137,32.0
diaria,LineaC:1096,LineaH:1138,37.0
diaria,LineaC:1096,LineaH:1139,9.0
diaria,LineaC:1096,LineaH:1140,27.0
diaria,LineaC:1096,LineaH:1141,15.0
diaria,LineaC:1096,LineaH:1160,43.0
diaria,LineaC:1096,LineaH:1161,22.0
diaria,LineaC:1096,LineaH:1162,14.0
diaria,LineaC:1096,LineaH:1163,18.0
diaria,LineaC:1096,LineaE:1166,106.0
diaria,LineaC:1096,LineaE:1165,93.0
diaria,LineaC:1096,LineaE:1164,20.0
diaria,LineaC:1097,LineaA:1059,37.0
diaria,LineaC:1097,LineaA:1060,22.0
diaria,LineaC:1097,LineaA:1061,27.0
diaria,LineaC:1097,LineaA:1062,8.0
diaria,LineaC:1097,LineaA:1063,10.0
diaria,LineaC:1097,LineaA:1064,18.0
diaria,LineaC:1097,LineaA:1065,7.0
diaria,LineaC:1097,LineaA:1066,12.0
diaria,LineaC:1097,LineaA:1068,42.0
diaria,LineaC:1097,LineaA:1071,12.0
diaria,LineaC:1097,LineaA:1072,8.0
diaria,LineaC:1097,LineaA:1073,12.0
diaria,LineaC:1097,LineaA:1074,8.0
diaria,LineaC:1097,LineaB:1077,155.0
diaria,LineaC:1097,LineaB:1078,58.0
diaria,LineaC:1097,LineaB:1079,53.0
diaria,LineaC:1097,LineaB:1080,12.0
diaria,LineaC:1097,LineaB:1081,150.0
diaria,LineaC:1097,LineaB:1082,35.0
diaria,LineaC:1097,LineaB:1084,90.0
diaria,LineaC:1097,LineaB:1083,46.0
diaria,LineaC:1097,LineaB:1085,77.0
diaria,LineaC:1097,LineaB:1086,39.0
diaria,LineaC:1097,LineaB:1087,22.0
diaria,LineaC:1097,LineaB:1088,18.0
diaria,LineaC:1097,LineaB:1089,9.0
diaria,LineaC:1097,LineaB:1091,21.0
diaria,LineaC:1097,LineaB:1092,20.0
diaria,LineaC:1097,LineaC:1094,1002.0
diaria,LineaC:1097,LineaC:1095,44.0
diaria,LineaC:1097,LineaC:1096,24.0
diaria,LineaC:1097,LineaC:1098,5.0
diaria,LineaC:1097,LineaC:1099,27.0
diaria,LineaC:1097,LineaC:1100,126.0
diaria,LineaC:1097,LineaC:1101,68.0
diaria,LineaC:1097,LineaC:1102,911.0
diaria,LineaC:1097,LineaD:1103,182.0
diaria,LineaC:1097,LineaD:1104,87.0
diaria,LineaC:1097,LineaD:1105,50.0
diaria,LineaC:1097,LineaD:1106,56.0
diaria,LineaC:1097,LineaD:1107,32.0
diaria,LineaC:1097,LineaD:1108,49.0
diaria,LineaC:1097,LineaD:1109,45.0
diaria,LineaC:1097,LineaD:1110,69.0
diaria,LineaC:1097,LineaD:1111,87.0
diaria,LineaC:1097,LineaD:1112,75.0
diaria,LineaC:1097,LineaD:1113,24.0
diaria,LineaC:1097,LineaD:1114,53.0
diaria,LineaC:1097,LineaD:1115,37.0
diaria,LineaC:1097,LineaD:1116,6.0
diaria,LineaC:1097,LineaD:1117,8.0
diaria,LineaC:1097,LineaE:1133,13.0
diaria,LineaC:1097,LineaE:1130,3.0
diaria,LineaC:1097,LineaE:1129,2.0
diaria,LineaC:1097,LineaE:1127,8.0
diaria,LineaC:1097,LineaE:1126,4.0
diaria,LineaC:1097,LineaE:1125,4.0
diaria,LineaC:1097,LineaE:1123,4.0
diaria,LineaC:1097,LineaE:1121,20.0
diaria,LineaC:1097,LineaE:1120,4.0
diaria,LineaC:1097,LineaH:1134,4.0
diaria,LineaC:1097,LineaH:1135,4.0
diaria,LineaC:1097,LineaH:1137,2.0
diaria,LineaC:1097,LineaH:1140,2.0
diaria,LineaC:1097,LineaH:1141,12.0
diaria,LineaC:1097,LineaH:1161,8.0
diaria,LineaC:1097,LineaH:1162,5.0
diaria,LineaC:1097,LineaE:1166,9.0
diaria,LineaC:1097,LineaE:1165,5.0
diaria,LineaC:1097,LineaE:1164,16.0
diaria,LineaC:1098,LineaA:1059,222.0
diaria,LineaC:1098,LineaA:1060,91.0
diaria,LineaC:1098,LineaA:1061,60.0
diaria,LineaC:1098,LineaA:1062,19.0
diaria,LineaC:1098,LineaA:1063,101.0
diaria,LineaC:1098,LineaA:1064,92.0
diaria,LineaC:1098,LineaA:1065,68.0
diaria,LineaC:1098,LineaA:1066,41.0
diaria,LineaC:1098,LineaA:1067,31.0
diaria,LineaC:1098,LineaA:1068,152.0
diaria,LineaC:1098,LineaA:1069,2.0
diaria,LineaC:1098,LineaA:1070,24.0
diaria,LineaC:1098,LineaA:1071,58.0
diaria,LineaC:1098,LineaA:1072,7.0
diaria,LineaC:1098,LineaA:1073,13.0
diaria,LineaC:1098,LineaA:1074,7.0
diaria,LineaC:1098,LineaA:1076,18.0
diaria,LineaC:1098,LineaB:1077,51.0
diaria,LineaC:1098,LineaB:1078,12.0
diaria,LineaC:1098,LineaB:1079,15.0
diaria,LineaC:1098,LineaB:1080,7.0
diaria,LineaC:1098,LineaB:1081,69.0
diaria,LineaC:1098,LineaB:1082,2.0
diaria,LineaC:1098,LineaB:1084,21.0
diaria,LineaC:1098,LineaB:1083,6.0
diaria,LineaC:1098,LineaB:1085,36.0
diaria,LineaC:1098,LineaB:1086,10.0
diaria,LineaC:1098,LineaB:1087,5.0
diaria,LineaC:1098,LineaB:1088,12.0
diaria,LineaC:1098,LineaB:1089,9.0
diaria,LineaC:1098,LineaB:1091,13.0
diaria,LineaC:1098,LineaB:1092,9.0
diaria,LineaC:1098,LineaB:1093,2.0
diaria,LineaC:1098,LineaC:1094,1020.0
diaria,LineaC:1098,LineaC:1095,64.0
diaria,LineaC:1098,LineaC:1096,39.0
diaria,LineaC:1098,LineaC:1097,12.0
diaria,LineaC:1098,LineaC:1099,5.0
diaria,LineaC:1098,LineaC:1100,24.0
diaria,LineaC:1098,LineaC:1101,55.0
diaria,LineaC:1098,LineaC:1102,573.0
diaria,LineaC:1098,LineaD:1103,57.0
diaria,LineaC:1098,LineaD:1104,28.0
diaria,LineaC:1098,LineaD:1105,21.0
diaria,LineaC:1098,LineaD:1106,4.0
diaria,LineaC:1098,LineaD:1107,13.0
diaria,LineaC:1098,LineaD:1108,21.0
diaria,LineaC:1098,LineaD:1109,9.0
diaria,LineaC:1098,LineaD:1110,7.0
diaria,LineaC:1098,LineaD:1111,18.0
diaria,LineaC:1098,LineaD:1112,18.0
diaria,LineaC:1098,LineaD:1113,12.0
diaria,LineaC:1098,LineaD:1114,5.0
diaria,LineaC:1098,LineaD:1115,13.0
diaria,LineaC:1098,LineaD:1116,4.0
diaria,LineaC:1098,LineaD:1117,2.0
diaria,LineaC:1098,LineaD:1118,3.0
diaria,LineaC:1098,LineaE:1133,25.0
diaria,LineaC:1098,LineaE:1131,1.0
diaria,LineaC:1098,LineaE:1130,2.0
diaria,LineaC:1098,LineaE:1129,19.0
diaria,LineaC:1098,LineaE:1128,11.0
diaria,LineaC:1098,LineaE:1127,18.0
diaria,LineaC:1098,LineaE:1126,5.0
diaria,LineaC:1098,LineaE:1125,4.0
diaria,LineaC:1098,LineaE:1124,3.0
diaria,LineaC:1098,LineaE:1123,4.0
diaria,LineaC:1098,LineaE:1122,10.0
diaria,LineaC:1098,LineaE:1121,18.0
diaria,LineaC:1098,LineaE:1120,3.0
diaria,LineaC:1098,LineaE:1119,1.0
diaria,LineaC:1098,LineaH:1134,25.0
diaria,LineaC:1098,LineaH:1135,18.0
diaria,LineaC:1098,LineaH:1136,4.0
diaria,LineaC:1098,LineaH:1137,9.0
diaria,LineaC:1098,LineaH:1138,7.0
diaria,LineaC:1098,LineaH:1139,3.0
diaria,LineaC:1098,LineaH:1140,31.0
diaria,LineaC:1098,LineaH:1141,1.0
diaria,LineaC:1098,LineaH:1161,11.0
diaria,LineaC:1098,LineaH:1163,7.0
diaria,LineaC:1098,LineaE:1166,12.0
diaria,LineaC:1098,LineaE:1165,4.0
diaria,LineaC:1098,LineaE:1164,10.0
diaria,LineaC:1099,LineaA:1059,28.0
diaria,LineaC:1099,LineaA:1060,6.0
diaria,LineaC:1099,LineaA:1062,8.0
diaria,LineaC:1099,LineaA:1063,8.0
diaria,LineaC:1099,LineaA:1064,6.0
diaria,LineaC:1099,LineaA:1065,14.0
diaria,LineaC:1099,LineaA:1067,4.0
diaria,LineaC:1099,LineaA:1068,24.0
diaria,LineaC:1099,LineaA:1071,4.0
diaria,LineaC:1099,LineaA:1072,4.0
diaria,LineaC:1099,LineaA:1074,8.0
diaria,LineaC:1099,LineaB:1077,107.0
diaria,LineaC:1099,LineaB:1078,12.0
diaria,LineaC:1099,LineaB:1079,18.0
diaria,LineaC:1099,LineaB:1080,8.0
diaria,LineaC:1099,LineaB:1081,92.0
diaria,LineaC:1099,LineaB:1082,26.0
diaria,LineaC:1099,LineaB:1084,51.0
diaria,LineaC:1099,LineaB:1083,22.0
diaria,LineaC:1099,LineaB:1085,33.0
diaria,LineaC:1099,LineaB:1086,26.0
diaria,LineaC:1099,LineaB:1087,6.0
diaria,LineaC:1099,LineaB:1088,13.0
diaria,LineaC:1099,LineaB:1089,9.0
diaria,LineaC:1099,LineaB:1091,22.0
diaria,LineaC:1099,LineaC:1094,1331.0
diaria,LineaC:1099,LineaC:1095,59.0
diaria,LineaC:1099,LineaC:1096,12.0
diaria,LineaC:1099,LineaC:1097,21.0
diaria,LineaC:1099,LineaC:1101,31.0
diaria,LineaC:1099,LineaC:1102,599.0
diaria,LineaC:1099,LineaD:1103,233.0
diaria,LineaC:1099,LineaD:1104,76.0
diaria,LineaC:1099,LineaD:1105,44.0
diaria,LineaC:1099,LineaD:1106,52.0
diaria,LineaC:1099,LineaD:1107,61.0
diaria,LineaC:1099,LineaD:1108,96.0
diaria,LineaC:1099,LineaD:1109,71.0
diaria,LineaC:1099,LineaD:1110,67.0
diaria,LineaC:1099,LineaD:1111,113.0
diaria,LineaC:1099,LineaD:1112,76.0
diaria,LineaC:1099,LineaD:1113,74.0
diaria,LineaC:1099,LineaD:1114,74.0
diaria,LineaC:1099,LineaD:1115,55.0
diaria,LineaC:1099,LineaD:1116,16.0
diaria,LineaC:1099,LineaD:1118,8.0
diaria,LineaC:1099,LineaE:1133,28.0
diaria,LineaC:1099,LineaE:1132,4.0
diaria,LineaC:1099,LineaE:1131,4.0
diaria,LineaC:1099,LineaE:1130,13.0
diaria,LineaC:1099,LineaE:1129,2.0
diaria,LineaC:1099,LineaE:1128,2.0
diaria,LineaC:1099,LineaE:1126,4.0
diaria,LineaC:1099,LineaE:1123,2.0
diaria,LineaC:1099,LineaE:1122,4.0
diaria,LineaC:1099,LineaE:1121,62.0
diaria,LineaC:1099,LineaH:1134,10.0
diaria,LineaC:1099,LineaH:1135,4.0
diaria,LineaC:1099,LineaH:1137,4.0
diaria,LineaC:1099,LineaH:1139,2.0
diaria,LineaC:1099,LineaH:1140,8.0
diaria,LineaC:1099,LineaH:1141,4.0
diaria,LineaC:1099,LineaH:1161,11.0
diaria,LineaC:1099,LineaH:1162,16.0
diaria,LineaC:1099,LineaH:1163,10.0
diaria,LineaC:1099,LineaE:1166,4.0
diaria,LineaC:1099,LineaE:1164,14.0
diaria,LineaC:1100,LineaA:1059,259.0
diaria,LineaC:1100,LineaA:1060,92.0
diaria,LineaC:1100,LineaA:1061,53.0
diaria,LineaC:1100,LineaA:1062,23.0
diaria,LineaC:1100,LineaA:1063,81.0
diaria,LineaC:1100,LineaA:1064,104.0
diaria,LineaC:1100,LineaA:1065,46.0
diaria,LineaC:1100,LineaA:1066,34.0
diaria,LineaC:1100,LineaA:1067,29.0
diaria,LineaC:1100,LineaA:1068,125.0
diaria,LineaC:1100,LineaA:1069,6.0
diaria,LineaC:1100,LineaA:1070,34.0
diaria,LineaC:1100,LineaA:1071,18.0
diaria,LineaC:1100,LineaA:1072,24.0
diaria,LineaC:1100,LineaA:1073,37.0
diaria,LineaC:1100,LineaA:1074,6.0
diaria,LineaC:1100,LineaA:1075,8.0
diaria,LineaC:1100,LineaA:1076,9.0
diaria,LineaC:1100,LineaB:1077,44.0
diaria,LineaC:1100,LineaB:1078,3.0
diaria,LineaC:1100,LineaB:1079,3.0
diaria,LineaC:1100,LineaB:1081,60.0
diaria,LineaC:1100,LineaB:1082,22.0
diaria,LineaC:1100,LineaB:1084,19.0
diaria,LineaC:1100,LineaB:1083,6.0
diaria,LineaC:1100,LineaB:1085,14.0
diaria,LineaC:1100,LineaB:1086,7.0
diaria,LineaC:1100,LineaB:1087,17.0
diaria,LineaC:1100,LineaB:1088,14.0
diaria,LineaC:1100,LineaB:1089,19.0
diaria,LineaC:1100,LineaB:1091,28.0
diaria,LineaC:1100,LineaB:1092,24.0
diaria,LineaC:1100,LineaB:1093,9.0
diaria,LineaC:1100,LineaC:1094,2875.0
diaria,LineaC:1100,LineaC:1095,179.0
diaria,LineaC:1100,LineaC:1096,114.0
diaria,LineaC:1100,LineaC:1097,137.0
diaria,LineaC:1100,LineaC:1098,27.0
diaria,LineaC:1100,LineaC:1099,3.0
diaria,LineaC:1100,LineaC:1101,30.0
diaria,LineaC:1100,LineaC:1102,781.0
diaria,LineaC:1100,LineaD:1103,53.0
diaria,LineaC:1100,LineaD:1104,19.0
diaria,LineaC:1100,LineaD:1105,16.0
diaria,LineaC:1100,LineaD:1106,8.0
diaria,LineaC:1100,LineaD:1107,21.0
diaria,LineaC:1100,LineaD:1108,40.0
diaria,LineaC:1100,LineaD:1109,6.0
diaria,LineaC:1100,LineaD:1110,20.0
diaria,LineaC:1100,LineaD:1111,26.0
diaria,LineaC:1100,LineaD:1112,12.0
diaria,LineaC:1100,LineaD:1113,10.0
diaria,LineaC:1100,LineaD:1114,9.0
diaria,LineaC:1100,LineaD:1115,9.0
diaria,LineaC:1100,LineaD:1116,9.0
diaria,LineaC:1100,LineaD:1117,6.0
diaria,LineaC:1100,LineaD:1118,7.0
diaria,LineaC:1100,LineaE:1133,81.0
diaria,LineaC:1100,LineaE:1132,21.0
diaria,LineaC:1100,LineaE:1131,25.0
diaria,LineaC:1100,LineaE:1130,27.0
diaria,LineaC:1100,LineaE:1129,42.0
diaria,LineaC:1100,LineaE:1128,43.0
diaria,LineaC:1100,LineaE:1127,34.0
diaria,LineaC:1100,LineaE:1126,39.0
diaria,LineaC:1100,LineaE:1125,16.0
diaria,LineaC:1100,LineaE:1124,27.0
diaria,LineaC:1100,LineaE:1123,18.0
diaria,LineaC:1100,LineaE:1122,5.0
diaria,LineaC:1100,LineaE:1121,118.0
diaria,LineaC:1100,LineaE:1120,3.0
diaria,LineaC:1100,LineaE:1119,2.0
diaria,LineaC:1100,LineaH:1134,26.0
diaria,LineaC:1100,LineaH:1135,17.0
diaria,LineaC:1100,LineaH:1137,2.0
diaria,LineaC:1100,LineaH:1138,12.0
diaria,LineaC:1100,LineaH:1139,17.0
diaria,LineaC:1100,LineaH:1140,15.0
diaria,LineaC:1100,LineaH:1160,3.0
diaria,LineaC:1100,LineaH:1161,3.0
diaria,LineaC:1100,LineaH:1162,7.0
diaria,LineaC:1100,LineaH:1163,4.0
diaria,LineaC:1100,LineaE:1166,3.0
diaria,LineaC:1100,LineaE:1165,3.0
diaria,LineaC:1100,LineaE:1164,15.0
diaria,LineaC:1101,LineaA:1059,208.0
diaria,LineaC:1101,LineaA:1060,102.0
diaria,LineaC:1101,LineaA:1061,66.0
diaria,LineaC:1101,LineaA:1062,24.0
diaria,LineaC:1101,LineaA:1063,113.0
diaria,LineaC:1101,LineaA:1064,96.0
diaria,LineaC:1101,LineaA:1065,49.0
diaria,LineaC:1101,LineaA:1066,48.0
diaria,LineaC:1101,LineaA:1067,34.0
diaria,LineaC:1101,LineaA:1068,199.0
diaria,LineaC:1101,LineaA:1069,4.0
diaria,LineaC:1101,LineaA:1070,18.0
diaria,LineaC:1101,LineaA:1071,29.0
diaria,LineaC:1101,LineaA:1072,12.0
diaria,LineaC:1101,LineaA:1073,26.0
diaria,LineaC:1101,LineaA:1074,8.0
diaria,LineaC:1101,LineaA:1075,3.0
diaria,LineaC:1101,LineaA:1076,8.0
diaria,LineaC:1101,LineaB:1077,41.0
diaria,LineaC:1101,LineaB:1078,25.0
diaria,LineaC:1101,LineaB:1079,26.0
diaria,LineaC:1101,LineaB:1080,17.0
diaria,LineaC:1101,LineaB:1081,40.0
diaria,LineaC:1101,LineaB:1082,18.0
diaria,LineaC:1101,LineaB:1084,29.0
diaria,LineaC:1101,LineaB:1083,47.0
diaria,LineaC:1101,LineaB:1085,45.0
diaria,LineaC:1101,LineaB:1086,29.0
diaria,LineaC:1101,LineaB:1087,20.0
diaria,LineaC:1101,LineaB:1088,15.0
diaria,LineaC:1101,LineaB:1089,24.0
diaria,LineaC:1101,LineaB:1090,2.0
diaria,LineaC:1101,LineaB:1091,32.0
diaria,LineaC:1101,LineaB:1092,9.0
diaria,LineaC:1101,LineaB:1093,7.0
diaria,LineaC:1101,LineaC:1094,1564.0
diaria,LineaC:1101,LineaC:1095,97.0
diaria,LineaC:1101,LineaC:1096,52.0
diaria,LineaC:1101,LineaC:1097,55.0
diaria,LineaC:1101,LineaC:1098,64.0
diaria,LineaC:1101,LineaC:1099,38.0
diaria,LineaC:1101,LineaC:1100,15.0
diaria,LineaC:1101,LineaC:1102,133.0
diaria,LineaC:1101,LineaD:1103,70.0
diaria,LineaC:1101,LineaD:1104,53.0
diaria,LineaC:1101,LineaD:1105,49.0
diaria,LineaC:1101,LineaD:1106,52.0
diaria,LineaC:1101,LineaD:1107,15.0
diaria,LineaC:1101,LineaD:1108,24.0
diaria,LineaC:1101,LineaD:1109,13.0
diaria,LineaC:1101,LineaD:1110,34.0
diaria,LineaC:1101,LineaD:1111,24.0
diaria,LineaC:1101,LineaD:1112,23.0
diaria,LineaC:1101,LineaD:1113,5.0
diaria,LineaC:1101,LineaD:1114,11.0
diaria,LineaC:1101,LineaD:1115,3.0
diaria,LineaC:1101,LineaD:1116,1.0
diaria,LineaC:1101,LineaD:1117,6.0
diaria,LineaC:1101,LineaD:1118,23.0
diaria,LineaC:1101,LineaE:1133,50.0
diaria,LineaC:1101,LineaE:1132,1.0
diaria,LineaC:1101,LineaE:1131,9.0
diaria,LineaC:1101,LineaE:1130,16.0
diaria,LineaC:1101,LineaE:1129,15.0
diaria,LineaC:1101,LineaE:1128,21.0
diaria,LineaC:1101,LineaE:1127,16.0
diaria,LineaC:1101,LineaE:1126,8.0
diaria,LineaC:1101,LineaE:1125,5.0
diaria,LineaC:1101,LineaE:1124,12.0
diaria,LineaC:1101,LineaE:1123,9.0
diaria,LineaC:1101,LineaE:1122,6.0
diaria,LineaC:1101,LineaE:1121,94.0
diaria,LineaC:1101,LineaE:1120,9.0
diaria,LineaC:1101,LineaE:1119,6.0
diaria,LineaC:1101,LineaH:1134,4.0
diaria,LineaC:1101,LineaH:1135,9.0
diaria,LineaC:1101,LineaH:1137,2.0
diaria,LineaC:1101,LineaH:1138,2.0
diaria,LineaC:1101,LineaH:1139,18.0
diaria,LineaC:1101,LineaH:1140,3.0
diaria,LineaC:1101,LineaH:1141,6.0
diaria,LineaC:1101,LineaH:1160,5.0
diaria,LineaC:1101,LineaH:1161,9.0
diaria,LineaC:1101,LineaH:1162,3.0
diaria,LineaC:1101,LineaH:1163,8.0
diaria,LineaC:1101,LineaE:1166,5.0
diaria,LineaC:1101,LineaE:1165,5.0
diaria,LineaC:1101,LineaE:1164,1.0
diaria,LineaC:1102,LineaA:1059,471.0
diaria,LineaC:1102,LineaA:1060,200.0
diaria,LineaC:1102,LineaA:1061,105.0
diaria,LineaC:1102,LineaA:1062,109.0
diaria,LineaC:1102,LineaA:1063,167.0
diaria,LineaC:1102,LineaA:1064,212.0
diaria,LineaC:1102,LineaA:1065,163.0
diaria,LineaC:1102,LineaA:1066,176.0
diaria,LineaC:1102,LineaA:1067,157.0
diaria,LineaC:1102,LineaA:1068,411.0
diaria,LineaC:1102,LineaA:1069,28.0
diaria,LineaC:1102,LineaA:1070,112.0
diaria,LineaC:1102,LineaA:1071,334.0
diaria,LineaC:1102,LineaA:1072,206.0
diaria,LineaC:1102,LineaA:1073,215.0
diaria,LineaC:1102,LineaA:1074,67.0
diaria,LineaC:1102,LineaA:1075,41.0
diaria,LineaC:1102,LineaA:1076,47.0
diaria,LineaC:1102,LineaB:1077,33.0
diaria,LineaC:1102,LineaB:1078,11.0
diaria,LineaC:1102,LineaB:1079,58.0
diaria,LineaC:1102,LineaB:1080,49.0
diaria,LineaC:1102,LineaB:1081,98.0
diaria,LineaC:1102,LineaB:1082,23.0
diaria,LineaC:1102,LineaB:1084,88.0
diaria,LineaC:1102,LineaB:1083,181.0
diaria,LineaC:1102,LineaB:1085,152.0
diaria,LineaC:1102,LineaB:1086,119.0
diaria,LineaC:1102,LineaB:1087,77.0
diaria,LineaC:1102,LineaB:1088,108.0
diaria,LineaC:1102,LineaB:1089,145.0
diaria,LineaC:1102,LineaB:1090,129.0
diaria,LineaC:1102,LineaB:1091,468.0
diaria,LineaC:1102,LineaB:1092,162.0
diaria,LineaC:1102,LineaB:1093,69.0
diaria,LineaC:1102,LineaC:1094,8707.0
diaria,LineaC:1102,LineaC:1095,521.0
diaria,LineaC:1102,LineaC:1096,593.0
diaria,LineaC:1102,LineaC:1097,1040.0
diaria,LineaC:1102,LineaC:1098,662.0
diaria,LineaC:1102,LineaC:1099,730.0
diaria,LineaC:1102,LineaC:1100,778.0
diaria,LineaC:1102,LineaC:1101,134.0
diaria,LineaC:1102,LineaD:1103,70.0
diaria,LineaC:1102,LineaD:1104,34.0
diaria,LineaC:1102,LineaD:1105,30.0
diaria,LineaC:1102,LineaD:1106,20.0
diaria,LineaC:1102,LineaD:1107,25.0
diaria,LineaC:1102,LineaD:1108,39.0
diaria,LineaC:1102,LineaD:1109,51.0
diaria,LineaC:1102,LineaD:1110,89.0
diaria,LineaC:1102,LineaD:1111,97.0
diaria,LineaC:1102,LineaD:1112,52.0
diaria,LineaC:1102,LineaD:1113,43.0
diaria,LineaC:1102,LineaD:1114,117.0
diaria,LineaC:1102,LineaD:1115,131.0
diaria,LineaC:1102,LineaD:1116,102.0
diaria,LineaC:1102,LineaD:1117,182.0
diaria,LineaC:1102,LineaD:1118,287.0
diaria,LineaC:1102,LineaE:1133,198.0
diaria,LineaC:1102,LineaE:1132,35.0
diaria,LineaC:1102,LineaE:1131,22.0
diaria,LineaC:1102,LineaE:1130,71.0
diaria,LineaC:1102,LineaE:1129,85.0
diaria,LineaC:1102,LineaE:1128,111.0
diaria,LineaC:1102,LineaE:1127,113.0
diaria,LineaC:1102,LineaE:1126,76.0
diaria,LineaC:1102,LineaE:1125,81.0
diaria,LineaC:1102,LineaE:1124,85.0
diaria,LineaC:1102,LineaE:1123,84.0
diaria,LineaC:1102,LineaE:1122,85.0
diaria,LineaC:1102,LineaE:1121,1950.0
diaria,LineaC:1102,LineaE:1120,126.0
diaria,LineaC:1102,LineaE:1119,209.0
diaria,LineaC:1102,LineaH:1134,65.0
diaria,LineaC:1102,LineaH:1135,62.0
diaria,LineaC:1102,LineaH:1136,34.0
diaria,LineaC:1102,LineaH:1137,29.0
diaria,LineaC:1102,LineaH:1138,38.0
diaria,LineaC:1102,LineaH:1139,40.0
diaria,LineaC:1102,LineaH:1140,122.0
diaria,LineaC:1102,LineaH:1141,31.0
diaria,LineaC:1102,LineaH:1160,17.0
diaria,LineaC:1102,LineaH:1161,26.0
diaria,LineaC:1102,LineaH:1162,26.0
diaria,LineaC:1102,LineaH:1163,22.0
diaria,LineaC:1102,LineaE:1166,168.0
diaria,LineaC:1102,LineaE:1165,16.0
diaria,LineaC:1102,LineaE:1164,29.0
diaria,LineaD:1103,LineaA:1059,150.0
diaria,LineaD:1103,LineaA:1060,85.0
diaria,LineaD:1103,LineaA:1061,75.0
diaria,LineaD:1103,LineaA:1062,64.0
diaria,LineaD:1103,LineaA:1063,140.0
diaria,LineaD:1103,LineaA:1064,127.0
diaria,LineaD:1103,LineaA:1065,101.0
diaria,LineaD:1103,LineaA:1066,87.0
diaria,LineaD:1103,LineaA:1067,95.0
diaria,LineaD:1103,LineaA:1068,30.0
diaria,LineaD:1103,LineaA:1069,50.0
diaria,LineaD:1103,LineaA:1070,19.0
diaria,LineaD:1103,LineaA:1071,154.0
diaria,LineaD:1103,LineaA:1072,107.0
diaria,LineaD:1103,LineaA:1073,70.0
diaria,LineaD:1103,LineaA:1074,50.0
diaria,LineaD:1103,LineaA:1075,86.0
diaria,LineaD:1103,LineaA:1076,117.0
diaria,LineaD:1103,LineaB:1077,13.0
diaria,LineaD:1103,LineaB:1078,4.0
diaria,LineaD:1103,LineaB:1079,6.0
diaria,LineaD:1103,LineaB:1080,6.0
diaria,LineaD:1103,LineaB:1081,23.0
diaria,LineaD:1103,LineaB:1082,19.0
diaria,LineaD:1103,LineaB:1084,48.0
diaria,LineaD:1103,LineaB:1083,39.0
diaria,LineaD:1103,LineaB:1085,76.0
diaria,LineaD:1103,LineaB:1086,83.0
diaria,LineaD:1103,LineaB:1087,56.0
diaria,LineaD:1103,LineaB:1088,124.0
diaria,LineaD:1103,LineaB:1089,182.0
diaria,LineaD:1103,LineaB:1090,152.0
diaria,LineaD:1103,LineaB:1091,824.0
diaria,LineaD:1103,LineaB:1092,202.0
diaria,LineaD:1103,LineaB:1093,321.0
diaria,LineaD:1103,LineaC:1094,1648.0
diaria,LineaD:1103,LineaC:1095,133.0
diaria,LineaD:1103,LineaC:1096,197.0
diaria,LineaD:1103,LineaC:1097,219.0
diaria,LineaD:1103,LineaC:1098,61.0
diaria,LineaD:1103,LineaC:1099,274.0
diaria,LineaD:1103,LineaC:1100,59.0
diaria,LineaD:1103,LineaC:1101,84.0
diaria,LineaD:1103,LineaC:1102,64.0
diaria,LineaD:1103,LineaD:1104,206.0
diaria,LineaD:1103,LineaD:1105,322.0
diaria,LineaD:1103,LineaD:1106,354.0
diaria,LineaD:1103,LineaD:1107,378.0
diaria,LineaD:1103,LineaD:1108,706.0
diaria,LineaD:1103,LineaD:1109,416.0
diaria,LineaD:1103,LineaD:1110,523.0
diaria,LineaD:1103,LineaD:1111,826.0
diaria,LineaD:1103,LineaD:1112,601.0
diaria,LineaD:1103,LineaD:1113,655.0
diaria,LineaD:1103,LineaD:1114,1322.0
diaria,LineaD:1103,LineaD:1115,1747.0
diaria,LineaD:1103,LineaD:1116,1509.0
diaria,LineaD:1103,LineaD:1117,420.0
diaria,LineaD:1103,LineaD:1118,3215.0
diaria,LineaD:1103,LineaE:1133,85.0
diaria,LineaD:1103,LineaE:1132,40.0
diaria,LineaD:1103,LineaE:1131,25.0
diaria,LineaD:1103,LineaE:1130,45.0
diaria,LineaD:1103,LineaE:1129,76.0
diaria,LineaD:1103,LineaE:1128,72.0
diaria,LineaD:1103,LineaE:1127,74.0
diaria,LineaD:1103,LineaE:1126,28.0
diaria,LineaD:1103,LineaE:1125,55.0
diaria,LineaD:1103,LineaE:1124,40.0
diaria,LineaD:1103,LineaE:1123,76.0
diaria,LineaD:1103,LineaE:1122,40.0
diaria,LineaD:1103,LineaE:1121,748.0
diaria,LineaD:1103,LineaE:1120,61.0
diaria,LineaD:1103,LineaE:1119,336.0
diaria,LineaD:1103,LineaH:1134,593.0
diaria,LineaD:1103,LineaH:1135,597.0
diaria,LineaD:1103,LineaH:1136,310.0
diaria,LineaD:1103,LineaH:1137,158.0
diaria,LineaD:1103,LineaH:1138,194.0
diaria,LineaD:1103,LineaH:1139,223.0
diaria,LineaD:1103,LineaH:1140,265.0
diaria,LineaD:1103,LineaH:1141,165.0
diaria,LineaD:1103,LineaH:1160,95.0
diaria,LineaD:1103,LineaH:1161,244.0
diaria,LineaD:1103,LineaH:1162,88.0
diaria,LineaD:1103,LineaH:1163,112.0
diaria,LineaD:1103,LineaE:1166,77.0
diaria,LineaD:1103,LineaE:1165,113.0
diaria,LineaD:1103,LineaE:1164,25.0
diaria,LineaD:1104,LineaA:1059,62.0
diaria,LineaD:1104,LineaA:1060,43.0
diaria,LineaD:1104,LineaA:1061,27.0
diaria,LineaD:1104,LineaA:1062,28.0
diaria,LineaD:1104,LineaA:1063,80.0
diaria,LineaD:1104,LineaA:1064,70.0
diaria,LineaD:1104,LineaA:1065,31.0
diaria,LineaD:1104,LineaA:1066,53.0
diaria,LineaD:1104,LineaA:1067,51.0
diaria,LineaD:1104,LineaA:1068,9.0
diaria,LineaD:1104,LineaA:1069,21.0
diaria,LineaD:1104,LineaA:1070,19.0
diaria,LineaD:1104,LineaA:1071,71.0
diaria,LineaD:1104,LineaA:1072,46.0
diaria,LineaD:1104,LineaA:1073,23.0
diaria,LineaD:1104,LineaA:1074,4.0
diaria,LineaD:1104,LineaA:1075,42.0
diaria,LineaD:1104,LineaA:1076,67.0
diaria,LineaD:1104,LineaB:1077,9.0
diaria,LineaD:1104,LineaB:1078,4.0
diaria,LineaD:1104,LineaB:1079,7.0
diaria,LineaD:1104,LineaB:1080,2.0
diaria,LineaD:1104,LineaB:1081,32.0
diaria,LineaD:1104,LineaB:1082,25.0
diaria,LineaD:1104,LineaB:1084,17.0
diaria,LineaD:1104,LineaB:1083,24.0
diaria,LineaD:1104,LineaB:1085,42.0
diaria,LineaD:1104,LineaB:1086,85.0
diaria,LineaD:1104,LineaB:1087,22.0
diaria,LineaD:1104,LineaB:1088,29.0
diaria,LineaD:1104,LineaB:1089,70.0
diaria,LineaD:1104,LineaB:1090,62.0
diaria,LineaD:1104,LineaB:1091,341.0
diaria,LineaD:1104,LineaB:1092,91.0
diaria,LineaD:1104,LineaB:1093,120.0
diaria,LineaD:1104,LineaC:1094,899.0
diaria,LineaD:1104,LineaC:1095,74.0
diaria,LineaD:1104,LineaC:1096,68.0
diaria,LineaD:1104,LineaC:1097,97.0
diaria,LineaD:1104,LineaC:1098,31.0
diaria,LineaD:1104,LineaC:1099,82.0
diaria,LineaD:1104,LineaC:1100,22.0
diaria,LineaD:1104,LineaC:1101,36.0
diaria,LineaD:1104,LineaC:1102,41.0
diaria,LineaD:1104,LineaD:1103,175.0
diaria,LineaD:1104,LineaD:1105,65.0
diaria,LineaD:1104,LineaD:1106,252.0
diaria,LineaD:1104,LineaD:1107,360.0
diaria,LineaD:1104,LineaD:1108,563.0
diaria,LineaD:1104,LineaD:1109,347.0
diaria,LineaD:1104,LineaD:1110,388.0
diaria,LineaD:1104,LineaD:1111,596.0
diaria,LineaD:1104,LineaD:1112,372.0
diaria,LineaD:1104,LineaD:1113,379.0
diaria,LineaD:1104,LineaD:1114,573.0
diaria,LineaD:1104,LineaD:1115,780.0
diaria,LineaD:1104,LineaD:1116,639.0
diaria,LineaD:1104,LineaD:1117,174.0
diaria,LineaD:1104,LineaD:1118,1200.0
diaria,LineaD:1104,LineaE:1133,84.0
diaria,LineaD:1104,LineaE:1132,10.0
diaria,LineaD:1104,LineaE:1131,4.0
diaria,LineaD:1104,LineaE:1130,42.0
diaria,LineaD:1104,LineaE:1129,18.0
diaria,LineaD:1104,LineaE:1128,34.0
diaria,LineaD:1104,LineaE:1127,50.0
diaria,LineaD:1104,LineaE:1126,17.0
diaria,LineaD:1104,LineaE:1125,18.0
diaria,LineaD:1104,LineaE:1124,9.0
diaria,LineaD:1104,LineaE:1123,64.0
diaria,LineaD:1104,LineaE:1122,21.0
diaria,LineaD:1104,LineaE:1121,205.0
diaria,LineaD:1104,LineaE:1120,20.0
diaria,LineaD:1104,LineaE:1119,128.0
diaria,LineaD:1104,LineaH:1134,282.0
diaria,LineaD:1104,LineaH:1135,255.0
diaria,LineaD:1104,LineaH:1136,132.0
diaria,LineaD:1104,LineaH:1137,100.0
diaria,LineaD:1104,LineaH:1138,91.0
diaria,LineaD:1104,LineaH:1139,101.0
diaria,LineaD:1104,LineaH:1140,238.0
diaria,LineaD:1104,LineaH:1141,116.0
diaria,LineaD:1104,LineaH:1160,68.0
diaria,LineaD:1104,LineaH:1161,126.0
diaria,LineaD:1104,LineaH:1162,50.0
diaria,LineaD:1104,LineaH:1163,56.0
diaria,LineaD:1104,LineaE:1166,35.0
diaria,LineaD:1104,LineaE:1165,32.0
diaria,LineaD:1104,LineaE:1164,16.0
diaria,LineaD:1105,LineaA:1059,38.0
diaria,LineaD:1105,LineaA:1060,21.0
diaria,LineaD:1105,LineaA:1061,10.0
diaria,LineaD:1105,LineaA:1062,12.0
diaria,LineaD:1105,LineaA:1063,17.0
diaria,LineaD:1105,LineaA:1064,25.0
diaria,LineaD:1105,LineaA:1065,6.0
diaria,LineaD:1105,LineaA:1066,9.0
diaria,LineaD:1105,LineaA:1067,13.0
diaria,LineaD:1105,LineaA:1068,8.0
diaria,LineaD:1105,LineaA:1069,11.0
diaria,LineaD:1105,LineaA:1070,7.0
diaria,LineaD:1105,LineaA:1071,51.0
diaria,LineaD:1105,LineaA:1072,41.0
diaria,LineaD:1105,LineaA:1073,15.0
diaria,LineaD:1105,LineaA:1074,4.0
diaria,LineaD:1105,LineaA:1075,37.0
diaria,LineaD:1105,LineaA:1076,35.0
diaria,LineaD:1105,LineaB:1077,9.0
diaria,LineaD:1105,LineaB:1078,4.0
diaria,LineaD:1105,LineaB:1079,4.0
diaria,LineaD:1105,LineaB:1080,4.0
diaria,LineaD:1105,LineaB:1081,6.0
diaria,LineaD:1105,LineaB:1082,4.0
diaria,LineaD:1105,LineaB:1084,9.0
diaria,LineaD:1105,LineaB:1083,24.0
diaria,LineaD:1105,LineaB:1085,21.0
diaria,LineaD:1105,LineaB:1086,33.0
diaria,LineaD:1105,LineaB:1087,6.0
diaria,LineaD:1105,LineaB:1088,14.0
diaria,LineaD:1105,LineaB:1089,42.0
diaria,LineaD:1105,LineaB:1090,30.0
diaria,LineaD:1105,LineaB:1091,195.0
diaria,LineaD:1105,LineaB:1092,34.0
diaria,LineaD:1105,LineaB:1093,124.0
diaria,LineaD:1105,LineaC:1094,736.0
diaria,LineaD:1105,LineaC:1095,45.0
diaria,LineaD:1105,LineaC:1096,44.0
diaria,LineaD:1105,LineaC:1097,52.0
diaria,LineaD:1105,LineaC:1098,10.0
diaria,LineaD:1105,LineaC:1099,49.0
diaria,LineaD:1105,LineaC:1100,18.0
diaria,LineaD:1105,LineaC:1101,42.0
diaria,LineaD:1105,LineaC:1102,22.0
diaria,LineaD:1105,LineaD:1103,301.0
diaria,LineaD:1105,LineaD:1104,73.0
diaria,LineaD:1105,LineaD:1106,129.0
diaria,LineaD:1105,LineaD:1107,235.0
diaria,LineaD:1105,LineaD:1108,392.0
diaria,LineaD:1105,LineaD:1109,183.0
diaria,LineaD:1105,LineaD:1110,254.0
diaria,LineaD:1105,LineaD:1111,372.0
diaria,LineaD:1105,LineaD:1112,268.0
diaria,LineaD:1105,LineaD:1113,259.0
diaria,LineaD:1105,LineaD:1114,373.0
diaria,LineaD:1105,LineaD:1115,562.0
diaria,LineaD:1105,LineaD:1116,528.0
diaria,LineaD:1105,LineaD:1117,129.0
diaria,LineaD:1105,LineaD:1118,1032.0
diaria,LineaD:1105,LineaE:1133,50.0
diaria,LineaD:1105,LineaE:1132,12.0
diaria,LineaD:1105,LineaE:1131,9.0
diaria,LineaD:1105,LineaE:1130,13.0
diaria,LineaD:1105,LineaE:1129,20.0
diaria,LineaD:1105,LineaE:1128,24.0
diaria,LineaD:1105,LineaE:1127,17.0
diaria,LineaD:1105,LineaE:1126,8.0
diaria,LineaD:1105,LineaE:1125,9.0
diaria,LineaD:1105,LineaE:1124,4.0
diaria,LineaD:1105,LineaE:1123,28.0
diaria,LineaD:1105,LineaE:1122,18.0
diaria,LineaD:1105,LineaE:1121,199.0
diaria,LineaD:1105,LineaE:1120,14.0
diaria,LineaD:1105,LineaE:1119,91.0
diaria,LineaD:1105,LineaH:1134,192.0
diaria,LineaD:1105,LineaH:1135,159.0
diaria,LineaD:1105,LineaH:1136,47.0
diaria,LineaD:1105,LineaH:1137,71.0
diaria,LineaD:1105,LineaH:1138,43.0
diaria,LineaD:1105,LineaH:1139,66.0
diaria,LineaD:1105,LineaH:1140,100.0
diaria,LineaD:1105,LineaH:1141,67.0
diaria,LineaD:1105,LineaH:1160,18.0
diaria,LineaD:1105,LineaH:1161,86.0
diaria,LineaD:1105,LineaH:1162,48.0
diaria,LineaD:1105,LineaH:1163,33.0
diaria,LineaD:1105,LineaE:1166,14.0
diaria,LineaD:1105,LineaE:1165,27.0
diaria,LineaD:1105,LineaE:1164,4.0
diaria,LineaD:1106,LineaA:1059,59.0
diaria,LineaD:1106,LineaA:1060,45.0
diaria,LineaD:1106,LineaA:1061,41.0
diaria,LineaD:1106,LineaA:1062,21.0
diaria,LineaD:1106,LineaA:1063,41.0
diaria,LineaD:1106,LineaA:1064,23.0
diaria,LineaD:1106,LineaA:1065,18.0
diaria,LineaD:1106,LineaA:1066,26.0
diaria,LineaD:1106,LineaA:1067,35.0
diaria,LineaD:1106,LineaA:1068,8.0
diaria,LineaD:1106,LineaA:1069,10.0
diaria,LineaD:1106,LineaA:1070,4.0
diaria,LineaD:1106,LineaA:1071,40.0
diaria,LineaD:1106,LineaA:1072,35.0
diaria,LineaD:1106,LineaA:1073,18.0
diaria,LineaD:1106,LineaA:1074,4.0
diaria,LineaD:1106,LineaA:1075,19.0
diaria,LineaD:1106,LineaA:1076,41.0
diaria,LineaD:1106,LineaB:1077,14.0
diaria,LineaD:1106,LineaB:1079,7.0
diaria,LineaD:1106,LineaB:1081,16.0
diaria,LineaD:1106,LineaB:1082,6.0
diaria,LineaD:1106,LineaB:1084,17.0
diaria,LineaD:1106,LineaB:1083,27.0
diaria,LineaD:1106,LineaB:1085,58.0
diaria,LineaD:1106,LineaB:1086,32.0
diaria,LineaD:1106,LineaB:1087,10.0
diaria,LineaD:1106,LineaB:1088,20.0
diaria,LineaD:1106,LineaB:1089,25.0
diaria,LineaD:1106,LineaB:1090,59.0
diaria,LineaD:1106,LineaB:1091,201.0
diaria,LineaD:1106,LineaB:1092,61.0
diaria,LineaD:1106,LineaB:1093,118.0
diaria,LineaD:1106,LineaC:1094,709.0
diaria,LineaD:1106,LineaC:1095,37.0
diaria,LineaD:1106,LineaC:1096,31.0
diaria,LineaD:1106,LineaC:1097,49.0
diaria,LineaD:1106,LineaC:1098,1.0
diaria,LineaD:1106,LineaC:1099,64.0
diaria,LineaD:1106,LineaC:1100,21.0
diaria,LineaD:1106,LineaC:1101,33.0
diaria,LineaD:1106,LineaC:1102,14.0
diaria,LineaD:1106,LineaD:1103,320.0
diaria,LineaD:1106,LineaD:1104,239.0
diaria,LineaD:1106,LineaD:1105,128.0
diaria,LineaD:1106,LineaD:1107,106.0
diaria,LineaD:1106,LineaD:1108,293.0
diaria,LineaD:1106,LineaD:1109,192.0
diaria,LineaD:1106,LineaD:1110,224.0
diaria,LineaD:1106,LineaD:1111,390.0
diaria,LineaD:1106,LineaD:1112,271.0
diaria,LineaD:1106,LineaD:1113,229.0
diaria,LineaD:1106,LineaD:1114,337.0
diaria,LineaD:1106,LineaD:1115,505.0
diaria,LineaD:1106,LineaD:1116,555.0
diaria,LineaD:1106,LineaD:1117,145.0
diaria,LineaD:1106,LineaD:1118,981.0
diaria,LineaD:1106,LineaE:1133,41.0
diaria,LineaD:1106,LineaE:1132,10.0
diaria,LineaD:1106,LineaE:1131,19.0
diaria,LineaD:1106,LineaE:1130,10.0
diaria,LineaD:1106,LineaE:1129,5.0
diaria,LineaD:1106,LineaE:1128,22.0
diaria,LineaD:1106,LineaE:1127,46.0
diaria,LineaD:1106,LineaE:1126,16.0
diaria,LineaD:1106,LineaE:1125,9.0
diaria,LineaD:1106,LineaE:1123,34.0
diaria,LineaD:1106,LineaE:1122,8.0
diaria,LineaD:1106,LineaE:1121,187.0
diaria,LineaD:1106,LineaE:1120,19.0
diaria,LineaD:1106,LineaE:1119,83.0
diaria,LineaD:1106,LineaH:1134,229.0
diaria,LineaD:1106,LineaH:1135,202.0
diaria,LineaD:1106,LineaH:1136,84.0
diaria,LineaD:1106,LineaH:1137,47.0
diaria,LineaD:1106,LineaH:1138,72.0
diaria,LineaD:1106,LineaH:1139,61.0
diaria,LineaD:1106,LineaH:1140,127.0
diaria,LineaD:1106,LineaH:1141,51.0
diaria,LineaD:1106,LineaH:1160,45.0
diaria,LineaD:1106,LineaH:1161,73.0
diaria,LineaD:1106,LineaH:1162,34.0
diaria,LineaD:1106,LineaH:1163,30.0
diaria,LineaD:1106,LineaE:1166,28.0
diaria,LineaD:1106,LineaE:1165,32.0
diaria,LineaD:1106,LineaE:1164,4.0
diaria,LineaD:1107,LineaA:1059,58.0
diaria,LineaD:1107,LineaA:1060,36.0
diaria,LineaD:1107,LineaA:1061,26.0
diaria,LineaD:1107,LineaA:1062,22.0
diaria,LineaD:1107,LineaA:1063,41.0
diaria,LineaD:1107,LineaA:1064,22.0
diaria,LineaD:1107,LineaA:1065,32.0
diaria,LineaD:1107,LineaA:1066,1.0
diaria,LineaD:1107,LineaA:1067,26.0
diaria,LineaD:1107,LineaA:1068,15.0
diaria,LineaD:1107,LineaA:1069,4.0
diaria,LineaD:1107,LineaA:1070,3.0
diaria,LineaD:1107,LineaA:1071,44.0
diaria,LineaD:1107,LineaA:1072,17.0
diaria,LineaD:1107,LineaA:1073,15.0
diaria,LineaD:1107,LineaA:1074,4.0
diaria,LineaD:1107,LineaA:1075,22.0
diaria,LineaD:1107,LineaA:1076,36.0
diaria,LineaD:1107,LineaB:1077,19.0
diaria,LineaD:1107,LineaB:1078,1.0
diaria,LineaD:1107,LineaB:1079,4.0
diaria,LineaD:1107,LineaB:1080,5.0
diaria,LineaD:1107,LineaB:1081,8.0
diaria,LineaD:1107,LineaB:1082,10.0
diaria,LineaD:1107,LineaB:1084,6.0
diaria,LineaD:1107,LineaB:1083,16.0
diaria,LineaD:1107,LineaB:1085,20.0
diaria,LineaD:1107,LineaB:1086,28.0
diaria,LineaD:1107,LineaB:1087,20.0
diaria,LineaD:1107,LineaB:1088,23.0
diaria,LineaD:1107,LineaB:1089,71.0
diaria,LineaD:1107,LineaB:1090,34.0
diaria,LineaD:1107,LineaB:1091,184.0
diaria,LineaD:1107,LineaB:1092,54.0
diaria,LineaD:1107,LineaB:1093,86.0
diaria,LineaD:1107,LineaC:1094,723.0
diaria,LineaD:1107,LineaC:1095,47.0
diaria,LineaD:1107,LineaC:1096,40.0
diaria,LineaD:1107,LineaC:1097,40.0
diaria,LineaD:1107,LineaC:1098,9.0
diaria,LineaD:1107,LineaC:1099,65.0
diaria,LineaD:1107,LineaC:1100,24.0
diaria,LineaD:1107,LineaC:1101,13.0
diaria,LineaD:1107,LineaC:1102,22.0
diaria,LineaD:1107,LineaD:1103,342.0
diaria,LineaD:1107,LineaD:1104,346.0
diaria,LineaD:1107,LineaD:1105,226.0
diaria,LineaD:1107,LineaD:1106,108.0
diaria,LineaD:1107,LineaD:1108,170.0
diaria,LineaD:1107,LineaD:1109,196.0
diaria,LineaD:1107,LineaD:1110,299.0
diaria,LineaD:1107,LineaD:1111,550.0
diaria,LineaD:1107,LineaD:1112,295.0
diaria,LineaD:1107,LineaD:1113,288.0
diaria,LineaD:1107,LineaD:1114,353.0
diaria,LineaD:1107,LineaD:1115,474.0
diaria,LineaD:1107,LineaD:1116,413.0
diaria,LineaD:1107,LineaD:1117,138.0
diaria,LineaD:1107,LineaD:1118,836.0
diaria,LineaD:1107,LineaE:1133,73.0
diaria,LineaD:1107,LineaE:1132,13.0
diaria,LineaD:1107,LineaE:1131,13.0
diaria,LineaD:1107,LineaE:1130,24.0
diaria,LineaD:1107,LineaE:1129,28.0
diaria,LineaD:1107,LineaE:1128,15.0
diaria,LineaD:1107,LineaE:1127,29.0
diaria,LineaD:1107,LineaE:1126,9.0
diaria,LineaD:1107,LineaE:1125,9.0
diaria,LineaD:1107,LineaE:1124,5.0
diaria,LineaD:1107,LineaE:1123,10.0
diaria,LineaD:1107,LineaE:1122,7.0
diaria,LineaD:1107,LineaE:1121,121.0
diaria,LineaD:1107,LineaE:1120,9.0
diaria,LineaD:1107,LineaE:1119,86.0
diaria,LineaD:1107,LineaH:1134,230.0
diaria,LineaD:1107,LineaH:1135,192.0
diaria,LineaD:1107,LineaH:1136,78.0
diaria,LineaD:1107,LineaH:1137,41.0
diaria,LineaD:1107,LineaH:1138,33.0
diaria,LineaD:1107,LineaH:1139,72.0
diaria,LineaD:1107,LineaH:1140,142.0
diaria,LineaD:1107,LineaH:1141,53.0
diaria,LineaD:1107,LineaH:1160,25.0
diaria,LineaD:1107,LineaH:1161,119.0
diaria,LineaD:1107,LineaH:1162,63.0
diaria,LineaD:1107,LineaH:1163,76.0
diaria,LineaD:1107,LineaE:1166,10.0
diaria,LineaD:1107,LineaE:1165,15.0
diaria,LineaD:1108,LineaA:1059,100.0
diaria,LineaD:1108,LineaA:1060,72.0
diaria,LineaD:1108,LineaA:1061,45.0
diaria,LineaD:1108,LineaA:1062,16.0
diaria,LineaD:1108,LineaA:1063,89.0
diaria,LineaD:1108,LineaA:1064,32.0
diaria,LineaD:1108,LineaA:1065,39.0
diaria,LineaD:1108,LineaA:1066,31.0
diaria,LineaD:1108,LineaA:1067,39.0
diaria,LineaD:1108,LineaA:1068,21.0
diaria,LineaD:1108,LineaA:1069,8.0
diaria,LineaD:1108,LineaA:1070,3.0
diaria,LineaD:1108,LineaA:1071,41.0
diaria,LineaD:1108,LineaA:1072,41.0
diaria,LineaD:1108,LineaA:1073,36.0
diaria,LineaD:1108,LineaA:1074,10.0
diaria,LineaD:1108,LineaA:1075,50.0
diaria,LineaD:1108,LineaA:1076,49.0
diaria,LineaD:1108,LineaB:1077,26.0
diaria,LineaD:1108,LineaB:1078,4.0
diaria,LineaD:1108,LineaB:1079,11.0
diaria,LineaD:1108,LineaB:1081,33.0
diaria,LineaD:1108,LineaB:1082,6.0
diaria,LineaD:1108,LineaB:1084,15.0
diaria,LineaD:1108,LineaB:1083,9.0
diaria,LineaD:1108,LineaB:1085,29.0
diaria,LineaD:1108,LineaB:1086,84.0
diaria,LineaD:1108,LineaB:1087,25.0
diaria,LineaD:1108,LineaB:1088,51.0
diaria,LineaD:1108,LineaB:1089,68.0
diaria,LineaD:1108,LineaB:1090,93.0
diaria,LineaD:1108,LineaB:1091,348.0
diaria,LineaD:1108,LineaB:1092,121.0
diaria,LineaD:1108,LineaB:1093,140.0
diaria,LineaD:1108,LineaC:1094,1517.0
diaria,LineaD:1108,LineaC:1095,52.0
diaria,LineaD:1108,LineaC:1096,62.0
diaria,LineaD:1108,LineaC:1097,68.0
diaria,LineaD:1108,LineaC:1098,25.0
diaria,LineaD:1108,LineaC:1099,112.0
diaria,LineaD:1108,LineaC:1100,35.0
diaria,LineaD:1108,LineaC:1101,12.0
diaria,LineaD:1108,LineaC:1102,55.0
diaria,LineaD:1108,LineaD:1103,720.0
diaria,LineaD:1108,LineaD:1104,578.0
diaria,LineaD:1108,LineaD:1105,390.0
diaria,LineaD:1108,LineaD:1106,305.0
diaria,LineaD:1108,LineaD:1107,175.0
diaria,LineaD:1108,LineaD:1109,61.0
diaria,LineaD:1108,LineaD:1110,186.0
diaria,LineaD:1108,LineaD:1111,656.0
diaria,LineaD:1108,LineaD:1112,397.0
diaria,LineaD:1108,LineaD:1113,348.0
diaria,LineaD:1108,LineaD:1114,485.0
diaria,LineaD:1108,LineaD:1115,497.0
diaria,LineaD:1108,LineaD:1116,501.0
diaria,LineaD:1108,LineaD:1117,168.0
diaria,LineaD:1108,LineaD:1118,938.0
diaria,LineaD:1108,LineaE:1133,113.0
diaria,LineaD:1108,LineaE:1132,27.0
diaria,LineaD:1108,LineaE:1131,18.0
diaria,LineaD:1108,LineaE:1130,46.0
diaria,LineaD:1108,LineaE:1129,31.0
diaria,LineaD:1108,LineaE:1128,35.0
diaria,LineaD:1108,LineaE:1127,30.0
diaria,LineaD:1108,LineaE:1126,13.0
diaria,LineaD:1108,LineaE:1125,14.0
diaria,LineaD:1108,LineaE:1124,8.0
diaria,LineaD:1108,LineaE:1123,24.0
diaria,LineaD:1108,LineaE:1122,16.0
diaria,LineaD:1108,LineaE:1121,165.0
diaria,LineaD:1108,LineaE:1120,15.0
diaria,LineaD:1108,LineaE:1119,138.0
diaria,LineaD:1108,LineaH:1134,319.0
diaria,LineaD:1108,LineaH:1135,234.0
diaria,LineaD:1108,LineaH:1136,117.0
diaria,LineaD:1108,LineaH:1137,88.0
diaria,LineaD:1108,LineaH:1138,99.0
diaria,LineaD:1108,LineaH:1139,85.0
diaria,LineaD:1108,LineaH:1140,128.0
diaria,LineaD:1108,LineaH:1141,66.0
diaria,LineaD:1108,LineaH:1160,59.0
diaria,LineaD:1108,LineaH:1161,177.0
diaria,LineaD:1108,LineaH:1162,58.0
diaria,LineaD:1108,LineaH:1163,63.0
diaria,LineaD:1108,LineaE:1166,18.0
diaria,LineaD:1108,LineaE:1165,29.0
diaria,LineaD:1108,LineaE:1164,7.0
diaria,LineaD:1109,LineaA:1059,79.0
diaria,LineaD:1109,LineaA:1060,53.0
diaria,LineaD:1109,LineaA:1061,45.0
diaria,LineaD:1109,LineaA:1062,9.0
diaria,LineaD:1109,LineaA:1063,51.0
diaria,LineaD:1109,LineaA:1064,54.0
diaria,LineaD:1109,LineaA:1065,24.0
diaria,LineaD:1109,LineaA:1066,33.0
diaria,LineaD:1109,LineaA:1067,32.0
diaria,LineaD:1109,LineaA:1068,17.0
diaria,LineaD:1109,LineaA:1069,21.0
diaria,LineaD:1109,LineaA:1070,12.0
diaria,LineaD:1109,LineaA:1071,39.0
diaria,LineaD:1109,LineaA:1072,40.0
diaria,LineaD:1109,LineaA:1073,39.0
diaria,LineaD:1109,LineaA:1074,16.0
diaria,LineaD:1109,LineaA:1075,32.0
diaria,LineaD:1109,LineaA:1076,93.0
diaria,LineaD:1109,LineaB:1077,52.0
diaria,LineaD:1109,LineaB:1078,3.0
diaria,LineaD:1109,LineaB:1079,4.0
diaria,LineaD:1109,LineaB:1081,19.0
diaria,LineaD:1109,LineaB:1082,10.0
diaria,LineaD:1109,LineaB:1084,13.0
diaria,LineaD:1109,LineaB:1083,22.0
diaria,LineaD:1109,LineaB:1085,38.0
diaria,LineaD:1109,LineaB:1086,77.0
diaria,LineaD:1109,LineaB:1087,45.0
diaria,LineaD:1109,LineaB:1088,40.0
diaria,LineaD:1109,LineaB:1089,48.0
diaria,LineaD:1109,LineaB:1090,59.0
diaria,LineaD:1109,LineaB:1091,278.0
diaria,LineaD:1109,LineaB:1092,64.0
diaria,LineaD:1109,LineaB:1093,133.0
diaria,LineaD:1109,LineaC:1094,1191.0
diaria,LineaD:1109,LineaC:1095,52.0
diaria,LineaD:1109,LineaC:1096,73.0
diaria,LineaD:1109,LineaC:1097,74.0
diaria,LineaD:1109,LineaC:1098,33.0
diaria,LineaD:1109,LineaC:1099,103.0
diaria,LineaD:1109,LineaC:1100,23.0
diaria,LineaD:1109,LineaC:1101,22.0
diaria,LineaD:1109,LineaC:1102,78.0
diaria,LineaD:1109,LineaD:1103,443.0
diaria,LineaD:1109,LineaD:1104,403.0
diaria,LineaD:1109,LineaD:1105,231.0
diaria,LineaD:1109,LineaD:1106,242.0
diaria,LineaD:1109,LineaD:1107,244.0
diaria,LineaD:1109,LineaD:1108,80.0
diaria,LineaD:1109,LineaD:1110,47.0
diaria,LineaD:1109,LineaD:1111,257.0
diaria,LineaD:1109,LineaD:1112,225.0
diaria,LineaD:1109,LineaD:1113,213.0
diaria,LineaD:1109,LineaD:1114,273.0
diaria,LineaD:1109,LineaD:1115,362.0
diaria,LineaD:1109,LineaD:1116,422.0
diaria,LineaD:1109,LineaD:1117,130.0
diaria,LineaD:1109,LineaD:1118,879.0
diaria,LineaD:1109,LineaE:1133,93.0
diaria,LineaD:1109,LineaE:1132,25.0
diaria,LineaD:1109,LineaE:1131,18.0
diaria,LineaD:1109,LineaE:1130,28.0
diaria,LineaD:1109,LineaE:1129,33.0
diaria,LineaD:1109,LineaE:1128,35.0
diaria,LineaD:1109,LineaE:1127,18.0
diaria,LineaD:1109,LineaE:1126,17.0
diaria,LineaD:1109,LineaE:1125,24.0
diaria,LineaD:1109,LineaE:1124,9.0
diaria,LineaD:1109,LineaE:1123,22.0
diaria,LineaD:1109,LineaE:1122,17.0
diaria,LineaD:1109,LineaE:1121,185.0
diaria,LineaD:1109,LineaE:1120,28.0
diaria,LineaD:1109,LineaE:1119,107.0
diaria,LineaD:1109,LineaH:1134,243.0
diaria,LineaD:1109,LineaH:1135,171.0
diaria,LineaD:1109,LineaH:1136,88.0
diaria,LineaD:1109,LineaH:1137,87.0
diaria,LineaD:1109,LineaH:1138,104.0
diaria,LineaD:1109,LineaH:1139,98.0
diaria,LineaD:1109,LineaH:1140,211.0
diaria,LineaD:1109,LineaH:1141,69.0
diaria,LineaD:1109,LineaH:1160,37.0
diaria,LineaD:1109,LineaH:1161,95.0
diaria,LineaD:1109,LineaH:1162,52.0
diaria,LineaD:1109,LineaH:1163,61.0
diaria,LineaD:1109,LineaE:1166,36.0
diaria,LineaD:1109,LineaE:1165,42.0
diaria,LineaD:1109,LineaE:1164,16.0
diaria,LineaD:1110,LineaA:1059,93.0
diaria,LineaD:1110,LineaA:1060,27.0
diaria,LineaD:1110,LineaA:1061,25.0
diaria,LineaD:1110,LineaA:1062,22.0
diaria,LineaD:1110,LineaA:1063,33.0
diaria,LineaD:1110,LineaA:1064,19.0
diaria,LineaD:1110,LineaA:1065,40.0
diaria,LineaD:1110,LineaA:1066,14.0
diaria,LineaD:1110,LineaA:1067,14.0
diaria,LineaD:1110,LineaA:1068,11.0
diaria,LineaD:1110,LineaA:1069,6.0
diaria,LineaD:1110,LineaA:1070,2.0
diaria,LineaD:1110,LineaA:1071,16.0
diaria,LineaD:1110,LineaA:1072,23.0
diaria,LineaD:1110,LineaA:1073,12.0
diaria,LineaD:1110,LineaA:1074,11.0
diaria,LineaD:1110,LineaA:1075,21.0
diaria,LineaD:1110,LineaA:1076,29.0
diaria,LineaD:1110,LineaB:1077,42.0
diaria,LineaD:1110,LineaB:1078,12.0
diaria,LineaD:1110,LineaB:1079,14.0
diaria,LineaD:1110,LineaB:1080,3.0
diaria,LineaD:1110,LineaB:1081,17.0
diaria,LineaD:1110,LineaB:1082,5.0
diaria,LineaD:1110,LineaB:1084,11.0
diaria,LineaD:1110,LineaB:1083,16.0
diaria,LineaD:1110,LineaB:1085,22.0
diaria,LineaD:1110,LineaB:1086,26.0
diaria,LineaD:1110,LineaB:1087,8.0
diaria,LineaD:1110,LineaB:1088,26.0
diaria,LineaD:1110,LineaB:1089,46.0
diaria,LineaD:1110,LineaB:1090,55.0
diaria,LineaD:1110,LineaB:1091,199.0
diaria,LineaD:1110,LineaB:1092,81.0
diaria,LineaD:1110,LineaB:1093,115.0
diaria,LineaD:1110,LineaC:1094,619.0
diaria,LineaD:1110,LineaC:1095,73.0
diaria,LineaD:1110,LineaC:1096,35.0
diaria,LineaD:1110,LineaC:1097,74.0
diaria,LineaD:1110,LineaC:1098,18.0
diaria,LineaD:1110,LineaC:1099,95.0
diaria,LineaD:1110,LineaC:1100,11.0
diaria,LineaD:1110,LineaC:1101,26.0
diaria,LineaD:1110,LineaC:1102,75.0
diaria,LineaD:1110,LineaD:1103,525.0
diaria,LineaD:1110,LineaD:1104,377.0
diaria,LineaD:1110,LineaD:1105,286.0
diaria,LineaD:1110,LineaD:1106,246.0
diaria,LineaD:1110,LineaD:1107,312.0
diaria,LineaD:1110,LineaD:1108,199.0
diaria,LineaD:1110,LineaD:1109,31.0
diaria,LineaD:1110,LineaD:1111,64.0
diaria,LineaD:1110,LineaD:1112,76.0
diaria,LineaD:1110,LineaD:1113,119.0
diaria,LineaD:1110,LineaD:1114,248.0
diaria,LineaD:1110,LineaD:1115,362.0
diaria,LineaD:1110,LineaD:1116,498.0
diaria,LineaD:1110,LineaD:1117,130.0
diaria,LineaD:1110,LineaD:1118,951.0
diaria,LineaD:1110,LineaE:1133,72.0
diaria,LineaD:1110,LineaE:1132,12.0
diaria,LineaD:1110,LineaE:1131,21.0
diaria,LineaD:1110,LineaE:1130,20.0
diaria,LineaD:1110,LineaE:1129,19.0
diaria,LineaD:1110,LineaE:1128,19.0
diaria,LineaD:1110,LineaE:1127,12.0
diaria,LineaD:1110,LineaE:1126,15.0
diaria,LineaD:1110,LineaE:1125,10.0
diaria,LineaD:1110,LineaE:1124,7.0
diaria,LineaD:1110,LineaE:1123,5.0
diaria,LineaD:1110,LineaE:1122,10.0
diaria,LineaD:1110,LineaE:1121,166.0
diaria,LineaD:1110,LineaE:1120,12.0
diaria,LineaD:1110,LineaE:1119,74.0
diaria,LineaD:1110,LineaH:1134,206.0
diaria,LineaD:1110,LineaH:1135,163.0
diaria,LineaD:1110,LineaH:1136,86.0
diaria,LineaD:1110,LineaH:1137,78.0
diaria,LineaD:1110,LineaH:1138,45.0
diaria,LineaD:1110,LineaH:1139,63.0
diaria,LineaD:1110,LineaH:1140,102.0
diaria,LineaD:1110,LineaH:1141,34.0
diaria,LineaD:1110,LineaH:1160,16.0
diaria,LineaD:1110,LineaH:1161,56.0
diaria,LineaD:1110,LineaH:1162,37.0
diaria,LineaD:1110,LineaH:1163,32.0
diaria,LineaD:1110,LineaE:1166,22.0
diaria,LineaD:1110,LineaE:1165,15.0
diaria,LineaD:1110,LineaE:1164,5.0
diaria,LineaD:1111,LineaA:1059,174.0
diaria,LineaD:1111,LineaA:1060,57.0
diaria,LineaD:1111,LineaA:1061,69.0
diaria,LineaD:1111,LineaA:1062,54.0
diaria,LineaD:1111,LineaA:1063,69.0
diaria,LineaD:1111,LineaA:1064,84.0
diaria,LineaD:1111,LineaA:1065,50.0
diaria,LineaD:1111,LineaA:1066,13.0
diaria,LineaD:1111,LineaA:1067,36.0
diaria,LineaD:1111,LineaA:1068,14.0
diaria,LineaD:1111,LineaA:1069,3.0
diaria,LineaD:1111,LineaA:1070,3.0
diaria,LineaD:1111,LineaA:1071,36.0
diaria,LineaD:1111,LineaA:1072,29.0
diaria,LineaD:1111,LineaA:1073,26.0
diaria,LineaD:1111,LineaA:1074,25.0
diaria,LineaD:1111,LineaA:1075,45.0
diaria,LineaD:1111,LineaA:1076,58.0
diaria,LineaD:1111,LineaB:1077,74.0
diaria,LineaD:1111,LineaB:1078,23.0
diaria,LineaD:1111,LineaB:1079,22.0
diaria,LineaD:1111,LineaB:1080,8.0
diaria,LineaD:1111,LineaB:1081,41.0
diaria,LineaD:1111,LineaB:1082,28.0
diaria,LineaD:1111,LineaB:1084,18.0
diaria,LineaD:1111,LineaB:1083,25.0
diaria,LineaD:1111,LineaB:1085,33.0
diaria,LineaD:1111,LineaB:1086,42.0
diaria,LineaD:1111,LineaB:1087,27.0
diaria,LineaD:1111,LineaB:1088,24.0
diaria,LineaD:1111,LineaB:1089,44.0
diaria,LineaD:1111,LineaB:1090,44.0
diaria,LineaD:1111,LineaB:1091,235.0
diaria,LineaD:1111,LineaB:1092,102.0
diaria,LineaD:1111,LineaB:1093,165.0
diaria,LineaD:1111,LineaC:1094,931.0
diaria,LineaD:1111,LineaC:1095,51.0
diaria,LineaD:1111,LineaC:1096,51.0
diaria,LineaD:1111,LineaC:1097,73.0
diaria,LineaD:1111,LineaC:1098,9.0
diaria,LineaD:1111,LineaC:1099,125.0
diaria,LineaD:1111,LineaC:1100,19.0
diaria,LineaD:1111,LineaC:1101,13.0
diaria,LineaD:1111,LineaC:1102,82.0
diaria,LineaD:1111,LineaD:1103,744.0
diaria,LineaD:1111,LineaD:1104,562.0
diaria,LineaD:1111,LineaD:1105,418.0
diaria,LineaD:1111,LineaD:1106,433.0
diaria,LineaD:1111,LineaD:1107,517.0
diaria,LineaD:1111,LineaD:1108,608.0
diaria,LineaD:1111,LineaD:1109,204.0
diaria,LineaD:1111,LineaD:1110,73.0
diaria,LineaD:1111,LineaD:1112,38.0
diaria,LineaD:1111,LineaD:1113,73.0
diaria,LineaD:1111,LineaD:1114,252.0
diaria,LineaD:1111,LineaD:1115,310.0
diaria,LineaD:1111,LineaD:1116,472.0
diaria,LineaD:1111,LineaD:1117,142.0
diaria,LineaD:1111,LineaD:1118,1052.0
diaria,LineaD:1111,LineaE:1133,88.0
diaria,LineaD:1111,LineaE:1132,19.0
diaria,LineaD:1111,LineaE:1131,22.0
diaria,LineaD:1111,LineaE:1130,54.0
diaria,LineaD:1111,LineaE:1129,52.0
diaria,LineaD:1111,LineaE:1128,32.0
diaria,LineaD:1111,LineaE:1127,11.0
diaria,LineaD:1111,LineaE:1126,11.0
diaria,LineaD:1111,LineaE:1125,18.0
diaria,LineaD:1111,LineaE:1124,4.0
diaria,LineaD:1111,LineaE:1123,11.0
diaria,LineaD:1111,LineaE:1122,15.0
diaria,LineaD:1111,LineaE:1121,214.0
diaria,LineaD:1111,LineaE:1120,6.0
diaria,LineaD:1111,LineaE:1119,124.0
diaria,LineaD:1111,LineaH:1134,210.0
diaria,LineaD:1111,LineaH:1135,224.0
diaria,LineaD:1111,LineaH:1136,117.0
diaria,LineaD:1111,LineaH:1137,84.0
diaria,LineaD:1111,LineaH:1138,73.0
diaria,LineaD:1111,LineaH:1139,124.0
diaria,LineaD:1111,LineaH:1140,148.0
diaria,LineaD:1111,LineaH:1141,47.0
diaria,LineaD:1111,LineaH:1160,27.0
diaria,LineaD:1111,LineaH:1161,55.0
diaria,LineaD:1111,LineaH:1162,43.0
diaria,LineaD:1111,LineaH:1163,50.0
diaria,LineaD:1111,LineaE:1166,33.0
diaria,LineaD:1111,LineaE:1165,22.0
diaria,LineaD:1111,LineaE:1164,11.0
diaria,LineaD:1112,LineaA:1059,69.0
diaria,LineaD:1112,LineaA:1060,18.0
diaria,LineaD:1112,LineaA:1061,8.0
diaria,LineaD:1112,LineaA:1062,17.0
diaria,LineaD:1112,LineaA:1063,35.0
diaria,LineaD:1112,LineaA:1064,44.0
diaria,LineaD:1112,LineaA:1065,17.0
diaria,LineaD:1112,LineaA:1066,3.0
diaria,LineaD:1112,LineaA:1067,3.0
diaria,LineaD:1112,LineaA:1068,4.0
diaria,LineaD:1112,LineaA:1069,5.0
diaria,LineaD:1112,LineaA:1070,2.0
diaria,LineaD:1112,LineaA:1071,14.0
diaria,LineaD:1112,LineaA:1072,19.0
diaria,LineaD:1112,LineaA:1073,14.0
diaria,LineaD:1112,LineaA:1074,13.0
diaria,LineaD:1112,LineaA:1075,19.0
diaria,LineaD:1112,LineaA:1076,53.0
diaria,LineaD:1112,LineaB:1077,32.0
diaria,LineaD:1112,LineaB:1078,3.0
diaria,LineaD:1112,LineaB:1079,13.0
diaria,LineaD:1112,LineaB:1080,1.0
diaria,LineaD:1112,LineaB:1081,28.0
diaria,LineaD:1112,LineaB:1082,14.0
diaria,LineaD:1112,LineaB:1084,16.0
diaria,LineaD:1112,LineaB:1083,12.0
diaria,LineaD:1112,LineaB:1085,8.0
diaria,LineaD:1112,LineaB:1086,15.0
diaria,LineaD:1112,LineaB:1087,5.0
diaria,LineaD:1112,LineaB:1088,5.0
diaria,LineaD:1112,LineaB:1089,12.0
diaria,LineaD:1112,LineaB:1090,14.0
diaria,LineaD:1112,LineaB:1091,203.0
diaria,LineaD:1112,LineaB:1092,68.0
diaria,LineaD:1112,LineaB:1093,80.0
diaria,LineaD:1112,LineaC:1094,662.0
diaria,LineaD:1112,LineaC:1095,54.0
diaria,LineaD:1112,LineaC:1096,36.0
diaria,LineaD:1112,LineaC:1097,72.0
diaria,LineaD:1112,LineaC:1098,10.0
diaria,LineaD:1112,LineaC:1099,74.0
diaria,LineaD:1112,LineaC:1100,14.0
diaria,LineaD:1112,LineaC:1101,24.0
diaria,LineaD:1112,LineaC:1102,38.0
diaria,LineaD:1112,LineaD:1103,572.0
diaria,LineaD:1112,LineaD:1104,366.0
diaria,LineaD:1112,LineaD:1105,282.0
diaria,LineaD:1112,LineaD:1106,269.0
diaria,LineaD:1112,LineaD:1107,286.0
diaria,LineaD:1112,LineaD:1108,374.0
diaria,LineaD:1112,LineaD:1109,163.0
diaria,LineaD:1112,LineaD:1110,79.0
diaria,LineaD:1112,LineaD:1111,59.0
diaria,LineaD:1112,LineaD:1113,20.0
diaria,LineaD:1112,LineaD:1114,157.0
diaria,LineaD:1112,LineaD:1115,242.0
diaria,LineaD:1112,LineaD:1116,410.0
diaria,LineaD:1112,LineaD:1117,89.0
diaria,LineaD:1112,LineaD:1118,833.0
diaria,LineaD:1112,LineaE:1133,68.0
diaria,LineaD:1112,LineaE:1132,9.0
diaria,LineaD:1112,LineaE:1131,6.0
diaria,LineaD:1112,LineaE:1130,7.0
diaria,LineaD:1112,LineaE:1129,24.0
diaria,LineaD:1112,LineaE:1128,12.0
diaria,LineaD:1112,LineaE:1127,8.0
diaria,LineaD:1112,LineaE:1126,17.0
diaria,LineaD:1112,LineaE:1125,3.0
diaria,LineaD:1112,LineaE:1124,4.0
diaria,LineaD:1112,LineaE:1123,9.0
diaria,LineaD:1112,LineaE:1122,1.0
diaria,LineaD:1112,LineaE:1121,181.0
diaria,LineaD:1112,LineaE:1120,3.0
diaria,LineaD:1112,LineaE:1119,56.0
diaria,LineaD:1112,LineaH:1134,105.0
diaria,LineaD:1112,LineaH:1135,89.0
diaria,LineaD:1112,LineaH:1136,32.0
diaria,LineaD:1112,LineaH:1137,25.0
diaria,LineaD:1112,LineaH:1138,21.0
diaria,LineaD:1112,LineaH:1139,39.0
diaria,LineaD:1112,LineaH:1140,98.0
diaria,LineaD:1112,LineaH:1141,10.0
diaria,LineaD:1112,LineaH:1160,8.0
diaria,LineaD:1112,LineaH:1161,28.0
diaria,LineaD:1112,LineaH:1162,12.0
diaria,LineaD:1112,LineaH:1163,22.0
diaria,LineaD:1112,LineaE:1166,16.0
diaria,LineaD:1112,LineaE:1165,5.0
diaria,LineaD:1112,LineaE:1164,9.0
diaria,LineaD:1113,LineaA:1059,39.0
diaria,LineaD:1113,LineaA:1060,14.0
diaria,LineaD:1113,LineaA:1061,25.0
diaria,LineaD:1113,LineaA:1062,8.0
diaria,LineaD:1113,LineaA:1063,6.0
diaria,LineaD:1113,LineaA:1064,16.0
diaria,LineaD:1113,LineaA:1065,19.0
diaria,LineaD:1113,LineaA:1066,2.0
diaria,LineaD:1113,LineaA:1068,4.0
diaria,LineaD:1113,LineaA:1071,5.0
diaria,LineaD:1113,LineaA:1072,8.0
diaria,LineaD:1113,LineaA:1073,5.0
diaria,LineaD:1113,LineaA:1074,13.0
diaria,LineaD:1113,LineaA:1075,27.0
diaria,LineaD:1113,LineaA:1076,43.0
diaria,LineaD:1113,LineaB:1077,49.0
diaria,LineaD:1113,LineaB:1079,12.0
diaria,LineaD:1113,LineaB:1081,39.0
diaria,LineaD:1113,LineaB:1082,4.0
diaria,LineaD:1113,LineaB:1084,17.0
diaria,LineaD:1113,LineaB:1083,27.0
diaria,LineaD:1113,LineaB:1085,18.0
diaria,LineaD:1113,LineaB:1086,9.0
diaria,LineaD:1113,LineaB:1088,4.0
diaria,LineaD:1113,LineaB:1089,23.0
diaria,LineaD:1113,LineaB:1090,29.0
diaria,LineaD:1113,LineaB:1091,154.0
diaria,LineaD:1113,LineaB:1092,32.0
diaria,LineaD:1113,LineaB:1093,51.0
diaria,LineaD:1113,LineaC:1094,503.0
diaria,LineaD:1113,LineaC:1095,23.0
diaria,LineaD:1113,LineaC:1096,39.0
diaria,LineaD:1113,LineaC:1097,30.0
diaria,LineaD:1113,LineaC:1098,14.0
diaria,LineaD:1113,LineaC:1099,68.0
diaria,LineaD:1113,LineaC:1100,15.0
diaria,LineaD:1113,LineaC:1101,12.0
diaria,LineaD:1113,LineaC:1102,46.0
diaria,LineaD:1113,LineaD:1103,574.0
diaria,LineaD:1113,LineaD:1104,362.0
diaria,LineaD:1113,LineaD:1105,256.0
diaria,LineaD:1113,LineaD:1106,250.0
diaria,LineaD:1113,LineaD:1107,288.0
diaria,LineaD:1113,LineaD:1108,334.0
diaria,LineaD:1113,LineaD:1109,174.0
diaria,LineaD:1113,LineaD:1110,131.0
diaria,LineaD:1113,LineaD:1111,85.0
diaria,LineaD:1113,LineaD:1112,19.0
diaria,LineaD:1113,LineaD:1114,38.0
diaria,LineaD:1113,LineaD:1115,111.0
diaria,LineaD:1113,LineaD:1116,253.0
diaria,LineaD:1113,LineaD:1117,97.0
diaria,LineaD:1113,LineaD:1118,643.0
diaria,LineaD:1113,LineaE:1133,18.0
diaria,LineaD:1113,LineaE:1132,3.0
diaria,LineaD:1113,LineaE:1131,2.0
diaria,LineaD:1113,LineaE:1130,8.0
diaria,LineaD:1113,LineaE:1129,4.0
diaria,LineaD:1113,LineaE:1128,5.0
diaria,LineaD:1113,LineaE:1127,15.0
diaria,LineaD:1113,LineaE:1126,2.0
diaria,LineaD:1113,LineaE:1122,4.0
diaria,LineaD:1113,LineaE:1121,95.0
diaria,LineaD:1113,LineaE:1120,12.0
diaria,LineaD:1113,LineaE:1119,64.0
diaria,LineaD:1113,LineaH:1134,50.0
diaria,LineaD:1113,LineaH:1135,42.0
diaria,LineaD:1113,LineaH:1136,9.0
diaria,LineaD:1113,LineaH:1137,10.0
diaria,LineaD:1113,LineaH:1138,6.0
diaria,LineaD:1113,LineaH:1139,5.0
diaria,LineaD:1113,LineaH:1140,50.0
diaria,LineaD:1113,LineaH:1141,16.0
diaria,LineaD:1113,LineaH:1160,6.0
diaria,LineaD:1113,LineaH:1161,47.0
diaria,LineaD:1113,LineaH:1162,6.0
diaria,LineaD:1113,LineaH:1163,20.0
diaria,LineaD:1113,LineaE:1166,12.0
diaria,LineaD:1113,LineaE:1165,8.0
diaria,LineaD:1113,LineaE:1164,4.0
diaria,LineaD:1114,LineaA:1059,94.0
diaria,LineaD:1114,LineaA:1060,17.0
diaria,LineaD:1114,LineaA:1061,14.0
diaria,LineaD:1114,LineaA:1062,10.0
diaria,LineaD:1114,LineaA:1063,18.0
diaria,LineaD:1114,LineaA:1064,16.0
diaria,LineaD:1114,LineaA:1065,9.0
diaria,LineaD:1114,LineaA:1066,5.0
diaria,LineaD:1114,LineaA:1067,6.0
diaria,LineaD:1114,LineaA:1071,14.0
diaria,LineaD:1114,LineaA:1072,10.0
diaria,LineaD:1114,LineaA:1073,20.0
diaria,LineaD:1114,LineaA:1074,9.0
diaria,LineaD:1114,LineaA:1075,34.0
diaria,LineaD:1114,LineaA:1076,38.0
diaria,LineaD:1114,LineaB:1077,120.0
diaria,LineaD:1114,LineaB:1078,14.0
diaria,LineaD:1114,LineaB:1079,13.0
diaria,LineaD:1114,LineaB:1080,3.0
diaria,LineaD:1114,LineaB:1081,95.0
diaria,LineaD:1114,LineaB:1082,18.0
diaria,LineaD:1114,LineaB:1084,24.0
diaria,LineaD:1114,LineaB:1083,2.0
diaria,LineaD:1114,LineaB:1085,17.0
diaria,LineaD:1114,LineaB:1086,29.0
diaria,LineaD:1114,LineaB:1087,13.0
diaria,LineaD:1114,LineaB:1088,13.0
diaria,LineaD:1114,LineaB:1089,10.0
diaria,LineaD:1114,LineaB:1090,24.0
diaria,LineaD:1114,LineaB:1091,110.0
diaria,LineaD:1114,LineaB:1092,56.0
diaria,LineaD:1114,LineaB:1093,49.0
diaria,LineaD:1114,LineaC:1094,955.0
diaria,LineaD:1114,LineaC:1095,83.0
diaria,LineaD:1114,LineaC:1096,77.0
diaria,LineaD:1114,LineaC:1097,38.0
diaria,LineaD:1114,LineaC:1098,11.0
diaria,LineaD:1114,LineaC:1099,72.0
diaria,LineaD:1114,LineaC:1100,12.0
diaria,LineaD:1114,LineaC:1101,9.0
diaria,LineaD:1114,LineaC:1102,105.0
diaria,LineaD:1114,LineaD:1103,1133.0
diaria,LineaD:1114,LineaD:1104,566.0
diaria,LineaD:1114,LineaD:1105,384.0
diaria,LineaD:1114,LineaD:1106,337.0
diaria,LineaD:1114,LineaD:1107,355.0
diaria,LineaD:1114,LineaD:1108,443.0
diaria,LineaD:1114,LineaD:1109,242.0
diaria,LineaD:1114,LineaD:1110,230.0
diaria,LineaD:1114,LineaD:1111,258.0
diaria,LineaD:1114,LineaD:1112,153.0
diaria,LineaD:1114,LineaD:1113,33.0
diaria,LineaD:1114,LineaD:1115,21.0
diaria,LineaD:1114,LineaD:1116,108.0
diaria,LineaD:1114,LineaD:1117,112.0
diaria,LineaD:1114,LineaD:1118,434.0
diaria,LineaD:1114,LineaE:1133,48.0
diaria,LineaD:1114,LineaE:1132,2.0
diaria,LineaD:1114,LineaE:1131,2.0
diaria,LineaD:1114,LineaE:1130,9.0
diaria,LineaD:1114,LineaE:1129,8.0
diaria,LineaD:1114,LineaE:1128,12.0
diaria,LineaD:1114,LineaE:1127,9.0
diaria,LineaD:1114,LineaE:1126,4.0
diaria,LineaD:1114,LineaE:1123,1.0
diaria,LineaD:1114,LineaE:1122,4.0
diaria,LineaD:1114,LineaE:1121,110.0
diaria,LineaD:1114,LineaE:1120,14.0
diaria,LineaD:1114,LineaE:1119,71.0
diaria,LineaD:1114,LineaH:1134,65.0
diaria,LineaD:1114,LineaH:1135,61.0
diaria,LineaD:1114,LineaH:1136,13.0
diaria,LineaD:1114,LineaH:1137,23.0
diaria,LineaD:1114,LineaH:1138,23.0
diaria,LineaD:1114,LineaH:1139,18.0
diaria,LineaD:1114,LineaH:1140,53.0
diaria,LineaD:1114,LineaH:1141,9.0
diaria,LineaD:1114,LineaH:1160,9.0
diaria,LineaD:1114,LineaH:1161,7.0
diaria,LineaD:1114,LineaH:1162,20.0
diaria,LineaD:1114,LineaH:1163,34.0
diaria,LineaD:1114,LineaE:1166,7.0
diaria,LineaD:1114,LineaE:1165,1.0
diaria,LineaD:1114,LineaE:1164,13.0
diaria,LineaD:1115,LineaA:1059,171.0
diaria,LineaD:1115,LineaA:1060,62.0
diaria,LineaD:1115,LineaA:1061,51.0
diaria,LineaD:1115,LineaA:1062,38.0
diaria,LineaD:1115,LineaA:1063,44.0
diaria,LineaD:1115,LineaA:1064,59.0
diaria,LineaD:1115,LineaA:1065,36.0
diaria,LineaD:1115,LineaA:1066,26.0
diaria,LineaD:1115,LineaA:1067,11.0
diaria,LineaD:1115,LineaA:1068,12.0
diaria,LineaD:1115,LineaA:1069,2.0
diaria,LineaD:1115,LineaA:1070,6.0
diaria,LineaD:1115,LineaA:1071,15.0
diaria,LineaD:1115,LineaA:1072,7.0
diaria,LineaD:1115,LineaA:1073,13.0
diaria,LineaD:1115,LineaA:1074,12.0
diaria,LineaD:1115,LineaA:1075,43.0
diaria,LineaD:1115,LineaA:1076,66.0
diaria,LineaD:1115,LineaB:1077,155.0
diaria,LineaD:1115,LineaB:1078,34.0
diaria,LineaD:1115,LineaB:1079,36.0
diaria,LineaD:1115,LineaB:1080,11.0
diaria,LineaD:1115,LineaB:1081,118.0
diaria,LineaD:1115,LineaB:1082,43.0
diaria,LineaD:1115,LineaB:1084,38.0
diaria,LineaD:1115,LineaB:1083,19.0
diaria,LineaD:1115,LineaB:1085,33.0
diaria,LineaD:1115,LineaB:1086,15.0
diaria,LineaD:1115,LineaB:1087,12.0
diaria,LineaD:1115,LineaB:1088,5.0
diaria,LineaD:1115,LineaB:1089,39.0
diaria,LineaD:1115,LineaB:1090,8.0
diaria,LineaD:1115,LineaB:1091,76.0
diaria,LineaD:1115,LineaB:1092,52.0
diaria,LineaD:1115,LineaB:1093,54.0
diaria,LineaD:1115,LineaC:1094,771.0
diaria,LineaD:1115,LineaC:1095,70.0
diaria,LineaD:1115,LineaC:1096,61.0
diaria,LineaD:1115,LineaC:1097,35.0
diaria,LineaD:1115,LineaC:1098,12.0
diaria,LineaD:1115,LineaC:1099,79.0
diaria,LineaD:1115,LineaC:1100,11.0
diaria,LineaD:1115,LineaC:1101,6.0
diaria,LineaD:1115,LineaC:1102,123.0
diaria,LineaD:1115,LineaD:1103,1672.0
diaria,LineaD:1115,LineaD:1104,848.0
diaria,LineaD:1115,LineaD:1105,602.0
diaria,LineaD:1115,LineaD:1106,568.0
diaria,LineaD:1115,LineaD:1107,504.0
diaria,LineaD:1115,LineaD:1108,466.0
diaria,LineaD:1115,LineaD:1109,299.0
diaria,LineaD:1115,LineaD:1110,341.0
diaria,LineaD:1115,LineaD:1111,379.0
diaria,LineaD:1115,LineaD:1112,270.0
diaria,LineaD:1115,LineaD:1113,120.0
diaria,LineaD:1115,LineaD:1114,36.0
diaria,LineaD:1115,LineaD:1116,56.0
diaria,LineaD:1115,LineaD:1117,92.0
diaria,LineaD:1115,LineaD:1118,489.0
diaria,LineaD:1115,LineaE:1133,89.0
diaria,LineaD:1115,LineaE:1132,14.0
diaria,LineaD:1115,LineaE:1131,15.0
diaria,LineaD:1115,LineaE:1130,35.0
diaria,LineaD:1115,LineaE:1129,55.0
diaria,LineaD:1115,LineaE:1128,63.0
diaria,LineaD:1115,LineaE:1127,33.0
diaria,LineaD:1115,LineaE:1126,19.0
diaria,LineaD:1115,LineaE:1125,6.0
diaria,LineaD:1115,LineaE:1124,8.0
diaria,LineaD:1115,LineaE:1122,5.0
diaria,LineaD:1115,LineaE:1121,71.0
diaria,LineaD:1115,LineaE:1120,10.0
diaria,LineaD:1115,LineaE:1119,100.0
diaria,LineaD:1115,LineaH:1134,123.0
diaria,LineaD:1115,LineaH:1135,96.0
diaria,LineaD:1115,LineaH:1136,24.0
diaria,LineaD:1115,LineaH:1137,61.0
diaria,LineaD:1115,LineaH:1138,64.0
diaria,LineaD:1115,LineaH:1139,64.0
diaria,LineaD:1115,LineaH:1140,112.0
diaria,LineaD:1115,LineaH:1141,15.0
diaria,LineaD:1115,LineaH:1160,5.0
diaria,LineaD:1115,LineaH:1161,65.0
diaria,LineaD:1115,LineaH:1162,23.0
diaria,LineaD:1115,LineaH:1163,29.0
diaria,LineaD:1115,LineaE:1166,27.0
diaria,LineaD:1115,LineaE:1165,4.0
diaria,LineaD:1115,LineaE:1164,11.0
diaria,LineaD:1116,LineaA:1059,236.0
diaria,LineaD:1116,LineaA:1060,73.0
diaria,LineaD:1116,LineaA:1061,69.0
diaria,LineaD:1116,LineaA:1062,52.0
diaria,LineaD:1116,LineaA:1063,86.0
diaria,LineaD:1116,LineaA:1064,100.0
diaria,LineaD:1116,LineaA:1065,41.0
diaria,LineaD:1116,LineaA:1066,22.0
diaria,LineaD:1116,LineaA:1067,20.0
diaria,LineaD:1116,LineaA:1068,26.0
diaria,LineaD:1116,LineaA:1070,8.0
diaria,LineaD:1116,LineaA:1071,10.0
diaria,LineaD:1116,LineaA:1072,8.0
diaria,LineaD:1116,LineaA:1073,8.0
diaria,LineaD:1116,LineaA:1074,4.0
diaria,LineaD:1116,LineaA:1075,24.0
diaria,LineaD:1116,LineaA:1076,51.0
diaria,LineaD:1116,LineaB:1077,92.0
diaria,LineaD:1116,LineaB:1078,4.0
diaria,LineaD:1116,LineaB:1079,33.0
diaria,LineaD:1116,LineaB:1080,8.0
diaria,LineaD:1116,LineaB:1081,97.0
diaria,LineaD:1116,LineaB:1082,23.0
diaria,LineaD:1116,LineaB:1084,31.0
diaria,LineaD:1116,LineaB:1083,28.0
diaria,LineaD:1116,LineaB:1085,28.0
diaria,LineaD:1116,LineaB:1086,12.0
diaria,LineaD:1116,LineaB:1087,18.0
diaria,LineaD:1116,LineaB:1089,6.0
diaria,LineaD:1116,LineaB:1090,29.0
diaria,LineaD:1116,LineaB:1091,20.0
diaria,LineaD:1116,LineaB:1092,16.0
diaria,LineaD:1116,LineaB:1093,28.0
diaria,LineaD:1116,LineaC:1094,304.0
diaria,LineaD:1116,LineaC:1095,18.0
diaria,LineaD:1116,LineaC:1096,16.0
diaria,LineaD:1116,LineaC:1097,16.0
diaria,LineaD:1116,LineaC:1098,8.0
diaria,LineaD:1116,LineaC:1099,16.0
diaria,LineaD:1116,LineaC:1100,2.0
diaria,LineaD:1116,LineaC:1101,4.0
diaria,LineaD:1116,LineaC:1102,100.0
diaria,LineaD:1116,LineaD:1103,1288.0
diaria,LineaD:1116,LineaD:1104,632.0
diaria,LineaD:1116,LineaD:1105,540.0
diaria,LineaD:1116,LineaD:1106,550.0
diaria,LineaD:1116,LineaD:1107,417.0
diaria,LineaD:1116,LineaD:1108,474.0
diaria,LineaD:1116,LineaD:1109,344.0
diaria,LineaD:1116,LineaD:1110,475.0
diaria,LineaD:1116,LineaD:1111,472.0
diaria,LineaD:1116,LineaD:1112,387.0
diaria,LineaD:1116,LineaD:1113,254.0
diaria,LineaD:1116,LineaD:1114,121.0
diaria,LineaD:1116,LineaD:1115,68.0
diaria,LineaD:1116,LineaD:1117,2.0
diaria,LineaD:1116,LineaD:1118,278.0
diaria,LineaD:1116,LineaE:1133,94.0
diaria,LineaD:1116,LineaE:1132,23.0
diaria,LineaD:1116,LineaE:1131,28.0
diaria,LineaD:1116,LineaE:1130,57.0
diaria,LineaD:1116,LineaE:1129,58.0
diaria,LineaD:1116,LineaE:1128,72.0
diaria,LineaD:1116,LineaE:1127,25.0
diaria,LineaD:1116,LineaE:1126,15.0
diaria,LineaD:1116,LineaE:1125,4.0
diaria,LineaD:1116,LineaE:1122,4.0
diaria,LineaD:1116,LineaE:1121,23.0
diaria,LineaD:1116,LineaE:1120,12.0
diaria,LineaD:1116,LineaE:1119,43.0
diaria,LineaD:1116,LineaH:1134,66.0
diaria,LineaD:1116,LineaH:1135,36.0
diaria,LineaD:1116,LineaH:1136,7.0
diaria,LineaD:1116,LineaH:1137,29.0
diaria,LineaD:1116,LineaH:1138,18.0
diaria,LineaD:1116,LineaH:1139,35.0
diaria,LineaD:1116,LineaH:1140,60.0
diaria,LineaD:1116,LineaH:1141,1.0
diaria,LineaD:1116,LineaH:1160,8.0
diaria,LineaD:1116,LineaH:1161,74.0
diaria,LineaD:1116,LineaH:1162,46.0
diaria,LineaD:1116,LineaH:1163,28.0
diaria,LineaD:1116,LineaE:1166,6.0
diaria,LineaD:1116,LineaE:1164,4.0
diaria,LineaD:1117,LineaA:1059,27.0
diaria,LineaD:1117,LineaA:1060,4.0
diaria,LineaD:1117,LineaA:1063,6.0
diaria,LineaD:1117,LineaA:1064,10.0
diaria,LineaD:1117,LineaA:1065,7.0
diaria,LineaD:1117,LineaA:1066,9.0
diaria,LineaD:1117,LineaA:1067,8.0
diaria,LineaD:1117,LineaA:1068,18.0
diaria,LineaD:1117,LineaA:1070,4.0
diaria,LineaD:1117,LineaA:1071,10.0
diaria,LineaD:1117,LineaA:1073,4.0
diaria,LineaD:1117,LineaA:1076,2.0
diaria,LineaD:1117,LineaB:1077,144.0
diaria,LineaD:1117,LineaB:1078,29.0
diaria,LineaD:1117,LineaB:1079,51.0
diaria,LineaD:1117,LineaB:1080,14.0
diaria,LineaD:1117,LineaB:1081,143.0
diaria,LineaD:1117,LineaB:1082,54.0
diaria,LineaD:1117,LineaB:1084,96.0
diaria,LineaD:1117,LineaB:1083,65.0
diaria,LineaD:1117,LineaB:1085,69.0
diaria,LineaD:1117,LineaB:1086,68.0
diaria,LineaD:1117,LineaB:1087,48.0
diaria,LineaD:1117,LineaB:1088,40.0
diaria,LineaD:1117,LineaB:1089,14.0
diaria,LineaD:1117,LineaB:1090,9.0
diaria,LineaD:1117,LineaB:1092,1.0
diaria,LineaD:1117,LineaB:1093,42.0
diaria,LineaD:1117,LineaC:1094,295.0
diaria,LineaD:1117,LineaC:1095,7.0
diaria,LineaD:1117,LineaC:1096,17.0
diaria,LineaD:1117,LineaC:1097,4.0
diaria,LineaD:1117,LineaC:1099,1.0
diaria,LineaD:1117,LineaC:1101,6.0
diaria,LineaD:1117,LineaC:1102,147.0
diaria,LineaD:1117,LineaD:1103,397.0
diaria,LineaD:1117,LineaD:1104,180.0
diaria,LineaD:1117,LineaD:1105,143.0
diaria,LineaD:1117,LineaD:1106,155.0
diaria,LineaD:1117,LineaD:1107,134.0
diaria,LineaD:1117,LineaD:1108,178.0
diaria,LineaD:1117,LineaD:1109,108.0
diaria,LineaD:1117,LineaD:1110,151.0
diaria,LineaD:1117,LineaD:1111,162.0
diaria,LineaD:1117,LineaD:1112,95.0
diaria,LineaD:1117,LineaD:1113,104.0
diaria,LineaD:1117,LineaD:1114,127.0
diaria,LineaD:1117,LineaD:1115,99.0
diaria,LineaD:1117,LineaD:1116,6.0
diaria,LineaD:1117,LineaD:1118,26.0
diaria,LineaD:1117,LineaE:1133,4.0
diaria,LineaD:1117,LineaE:1132,1.0
diaria,LineaD:1117,LineaE:1131,1.0
diaria,LineaD:1117,LineaE:1129,6.0
diaria,LineaD:1117,LineaE:1128,5.0
diaria,LineaD:1117,LineaE:1127,1.0
diaria,LineaD:1117,LineaE:1126,6.0
diaria,LineaD:1117,LineaE:1125,1.0
diaria,LineaD:1117,LineaE:1124,2.0
diaria,LineaD:1117,LineaE:1122,1.0
diaria,LineaD:1117,LineaE:1121,25.0
diaria,LineaD:1117,LineaE:1120,4.0
diaria,LineaD:1117,LineaE:1119,5.0
diaria,LineaD:1117,LineaH:1134,4.0
diaria,LineaD:1117,LineaH:1135,12.0
diaria,LineaD:1117,LineaH:1138,2.0
diaria,LineaD:1117,LineaH:1139,6.0
diaria,LineaD:1117,LineaH:1140,13.0
diaria,LineaD:1117,LineaH:1160,20.0
diaria,LineaD:1117,LineaH:1161,22.0
diaria,LineaD:1117,LineaH:1162,7.0
diaria,LineaD:1117,LineaH:1163,8.0
diaria,LineaD:1117,LineaE:1166,3.0
diaria,LineaD:1117,LineaE:1165,5.0
diaria,LineaD:1117,LineaE:1164,15.0
diaria,LineaD:1118,LineaA:1059,146.0
diaria,LineaD:1118,LineaA:1060,77.0
diaria,LineaD:1118,LineaA:1061,78.0
diaria,LineaD:1118,LineaA:1062,15.0
diaria,LineaD:1118,LineaA:1063,75.0
diaria,LineaD:1118,LineaA:1064,92.0
diaria,LineaD:1118,LineaA:1065,50.0
diaria,LineaD:1118,LineaA:1066,30.0
diaria,LineaD:1118,LineaA:1067,32.0
diaria,LineaD:1118,LineaA:1068,97.0
diaria,LineaD:1118,LineaA:1069,8.0
diaria,LineaD:1118,LineaA:1070,22.0
diaria,LineaD:1118,LineaA:1071,67.0
diaria,LineaD:1118,LineaA:1072,30.0
diaria,LineaD:1118,LineaA:1073,8.0
diaria,LineaD:1118,LineaA:1074,9.0
diaria,LineaD:1118,LineaA:1075,24.0
diaria,LineaD:1118,LineaA:1076,21.0
diaria,LineaD:1118,LineaB:1077,324.0
diaria,LineaD:1118,LineaB:1078,65.0
diaria,LineaD:1118,LineaB:1079,69.0
diaria,LineaD:1118,LineaB:1080,20.0
diaria,LineaD:1118,LineaB:1081,278.0
diaria,LineaD:1118,LineaB:1082,107.0
diaria,LineaD:1118,LineaB:1084,160.0
diaria,LineaD:1118,LineaB:1083,109.0
diaria,LineaD:1118,LineaB:1085,119.0
diaria,LineaD:1118,LineaB:1086,49.0
diaria,LineaD:1118,LineaB:1087,26.0
diaria,LineaD:1118,LineaB:1088,37.0
diaria,LineaD:1118,LineaB:1089,71.0
diaria,LineaD:1118,LineaB:1090,59.0
diaria,LineaD:1118,LineaB:1091,64.0
diaria,LineaD:1118,LineaB:1092,23.0
diaria,LineaD:1118,LineaB:1093,18.0
diaria,LineaD:1118,LineaC:1094,298.0
diaria,LineaD:1118,LineaC:1095,18.0
diaria,LineaD:1118,LineaC:1096,4.0
diaria,LineaD:1118,LineaC:1097,2.0
diaria,LineaD:1118,LineaC:1098,1.0
diaria,LineaD:1118,LineaC:1099,4.0
diaria,LineaD:1118,LineaC:1100,5.0
diaria,LineaD:1118,LineaC:1101,4.0
diaria,LineaD:1118,LineaC:1102,204.0
diaria,LineaD:1118,LineaD:1103,2728.0
diaria,LineaD:1118,LineaD:1104,1174.0
diaria,LineaD:1118,LineaD:1105,1014.0
diaria,LineaD:1118,LineaD:1106,941.0
diaria,LineaD:1118,LineaD:1107,824.0
diaria,LineaD:1118,LineaD:1108,844.0
diaria,LineaD:1118,LineaD:1109,712.0
diaria,LineaD:1118,LineaD:1110,872.0
diaria,LineaD:1118,LineaD:1111,1058.0
diaria,LineaD:1118,LineaD:1112,818.0
diaria,LineaD:1118,LineaD:1113,634.0
diaria,LineaD:1118,LineaD:1114,451.0
diaria,LineaD:1118,LineaD:1115,548.0
diaria,LineaD:1118,LineaD:1116,318.0
diaria,LineaD:1118,LineaD:1117,28.0
diaria,LineaD:1118,LineaE:1133,39.0
diaria,LineaD:1118,LineaE:1132,4.0
diaria,LineaD:1118,LineaE:1131,4.0
diaria,LineaD:1118,LineaE:1130,20.0
diaria,LineaD:1118,LineaE:1129,18.0
diaria,LineaD:1118,LineaE:1128,35.0
diaria,LineaD:1118,LineaE:1127,30.0
diaria,LineaD:1118,LineaE:1126,9.0
diaria,LineaD:1118,LineaE:1125,4.0
diaria,LineaD:1118,LineaE:1124,13.0
diaria,LineaD:1118,LineaE:1123,22.0
diaria,LineaD:1118,LineaE:1122,5.0
diaria,LineaD:1118,LineaE:1121,24.0
diaria,LineaD:1118,LineaE:1120,6.0
diaria,LineaD:1118,LineaE:1119,18.0
diaria,LineaD:1118,LineaH:1134,32.0
diaria,LineaD:1118,LineaH:1135,36.0
diaria,LineaD:1118,LineaH:1136,33.0
diaria,LineaD:1118,LineaH:1137,15.0
diaria,LineaD:1118,LineaH:1138,8.0
diaria,LineaD:1118,LineaH:1139,4.0
diaria,LineaD:1118,LineaH:1140,22.0
diaria,LineaD:1118,LineaH:1141,4.0
diaria,LineaD:1118,LineaH:1160,51.0
diaria,LineaD:1118,LineaH:1161,205.0
diaria,LineaD:1118,LineaH:1162,141.0
diaria,LineaD:1118,LineaH:1163,40.0
diaria,LineaD:1118,LineaE:1166,4.0
diaria,LineaD:1118,LineaE:1165,8.0
diaria,LineaD:1118,LineaE:1164,67.0
diaria,LineaE:1133,LineaA:1059,8.0
diaria,LineaE:1133,LineaA:1062,1.0
diaria,LineaE:1133,LineaA:1063,7.0
diaria,LineaE:1133,LineaA:1064,8.0
diaria,LineaE:1133,LineaA:1065,6.0
diaria,LineaE:1133,LineaA:1066,13.0
diaria,LineaE:1133,LineaA:1067,16.0
diaria,LineaE:1133,LineaA:1068,50.0
diaria,LineaE:1133,LineaA:1069,16.0
diaria,LineaE:1133,LineaA:1070,1.0
diaria,LineaE:1133,LineaA:1071,66.0
diaria,LineaE:1133,LineaA:1072,50.0
diaria,LineaE:1133,LineaA:1073,42.0
diaria,LineaE:1133,LineaA:1074,59.0
diaria,LineaE:1133,LineaA:1075,115.0
diaria,LineaE:1133,LineaA:1076,102.0
diaria,LineaE:1133,LineaB:1077,47.0
diaria,LineaE:1133,LineaB:1078,5.0
diaria,LineaE:1133,LineaB:1079,11.0
diaria,LineaE:1133,LineaB:1080,16.0
diaria,LineaE:1133,LineaB:1081,44.0
diaria,LineaE:1133,LineaB:1082,42.0
diaria,LineaE:1133,LineaB:1084,50.0
diaria,LineaE:1133,LineaB:1083,48.0
diaria,LineaE:1133,LineaB:1085,84.0
diaria,LineaE:1133,LineaB:1086,92.0
diaria,LineaE:1133,LineaB:1087,22.0
diaria,LineaE:1133,LineaB:1088,46.0
diaria,LineaE:1133,LineaB:1089,66.0
diaria,LineaE:1133,LineaB:1090,94.0
diaria,LineaE:1133,LineaB:1091,102.0
diaria,LineaE:1133,LineaB:1092,91.0
diaria,LineaE:1133,LineaB:1093,60.0
diaria,LineaE:1133,LineaC:1094,320.0
diaria,LineaE:1133,LineaC:1095,54.0
diaria,LineaE:1133,LineaC:1096,151.0
diaria,LineaE:1133,LineaC:1097,27.0
diaria,LineaE:1133,LineaC:1098,26.0
diaria,LineaE:1133,LineaC:1099,41.0
diaria,LineaE:1133,LineaC:1100,91.0
diaria,LineaE:1133,LineaC:1101,51.0
diaria,LineaE:1133,LineaC:1102,165.0
diaria,LineaE:1133,LineaD:1103,85.0
diaria,LineaE:1133,LineaD:1104,87.0
diaria,LineaE:1133,LineaD:1105,41.0
diaria,LineaE:1133,LineaD:1106,57.0
diaria,LineaE:1133,LineaD:1107,79.0
diaria,LineaE:1133,LineaD:1108,115.0
diaria,LineaE:1133,LineaD:1109,80.0
diaria,LineaE:1133,LineaD:1110,85.0
diaria,LineaE:1133,LineaD:1111,104.0
diaria,LineaE:1133,LineaD:1112,77.0
diaria,LineaE:1133,LineaD:1113,25.0
diaria,LineaE:1133,LineaD:1114,76.0
diaria,LineaE:1133,LineaD:1115,99.0
diaria,LineaE:1133,LineaD:1116,107.0
diaria,LineaE:1133,LineaD:1117,14.0
diaria,LineaE:1133,LineaD:1118,84.0
diaria,LineaE:1133,LineaE:1131,20.0
diaria,LineaE:1133,LineaE:1130,84.0
diaria,LineaE:1133,LineaE:1129,73.0
diaria,LineaE:1133,LineaE:1128,75.0
diaria,LineaE:1133,LineaE:1127,115.0
diaria,LineaE:1133,LineaE:1126,80.0
diaria,LineaE:1133,LineaE:1125,89.0
diaria,LineaE:1133,LineaE:1124,108.0
diaria,LineaE:1133,LineaE:1123,168.0
diaria,LineaE:1133,LineaE:1122,88.0
diaria,LineaE:1133,LineaE:1121,541.0
diaria,LineaE:1133,LineaE:1120,322.0
diaria,LineaE:1133,LineaE:1119,631.0
diaria,LineaE:1133,LineaH:1134,20.0
diaria,LineaE:1133,LineaH:1135,38.0
diaria,LineaE:1133,LineaH:1136,35.0
diaria,LineaE:1133,LineaH:1137,21.0
diaria,LineaE:1133,LineaH:1138,45.0
diaria,LineaE:1133,LineaH:1139,38.0
diaria,LineaE:1133,LineaH:1140,112.0
diaria,LineaE:1133,LineaH:1141,150.0
diaria,LineaE:1133,LineaH:1160,199.0
diaria,LineaE:1133,LineaH:1161,238.0
diaria,LineaE:1133,LineaH:1162,262.0
diaria,LineaE:1133,LineaH:1163,111.0
diaria,LineaE:1133,LineaE:1166,509.0
diaria,LineaE:1133,LineaE:1165,363.0
diaria,LineaE:1133,LineaE:1164,307.0
diaria,LineaE:1132,LineaA:1060,5.0
diaria,LineaE:1132,LineaA:1061,4.0
diaria,LineaE:1132,LineaA:1063,2.0
diaria,LineaE:1132,LineaA:1064,4.0
diaria,LineaE:1132,LineaA:1071,25.0
diaria,LineaE:1132,LineaA:1072,18.0
diaria,LineaE:1132,LineaA:1073,3.0
diaria,LineaE:1132,LineaA:1074,4.0
diaria,LineaE:1132,LineaA:1075,16.0
diaria,LineaE:1132,LineaA:1076,27.0
diaria,LineaE:1132,LineaB:1077,4.0
diaria,LineaE:1132,LineaB:1081,9.0
diaria,LineaE:1132,LineaB:1082,10.0
diaria,LineaE:1132,LineaB:1084,4.0
diaria,LineaE:1132,LineaB:1083,1.0
diaria,LineaE:1132,LineaB:1085,2.0
diaria,LineaE:1132,LineaB:1086,5.0
diaria,LineaE:1132,LineaB:1088,5.0
diaria,LineaE:1132,LineaB:1089,12.0
diaria,LineaE:1132,LineaB:1090,28.0
diaria,LineaE:1132,LineaB:1091,21.0
diaria,LineaE:1132,LineaB:1092,6.0
diaria,LineaE:1132,LineaB:1093,4.0
diaria,LineaE:1132,LineaC:1094,111.0
diaria,LineaE:1132,LineaC:1095,6.0
diaria,LineaE:1132,LineaC:1096,31.0
diaria,LineaE:1132,LineaC:1100,18.0
diaria,LineaE:1132,LineaC:1101,4.0
diaria,LineaE:1132,LineaC:1102,18.0
diaria,LineaE:1132,LineaD:1103,29.0
diaria,LineaE:1132,LineaD:1104,5.0
diaria,LineaE:1132,LineaD:1105,8.0
diaria,LineaE:1132,LineaD:1106,8.0
diaria,LineaE:1132,LineaD:1107,6.0
diaria,LineaE:1132,LineaD:1108,9.0
diaria,LineaE:1132,LineaD:1109,10.0
diaria,LineaE:1132,LineaD:1110,1.0
diaria,LineaE:1132,LineaD:1111,15.0
diaria,LineaE:1132,LineaD:1112,10.0
diaria,LineaE:1132,LineaD:1113,3.0
diaria,LineaE:1132,LineaD:1115,14.0
diaria,LineaE:1132,LineaD:1116,32.0
diaria,LineaE:1132,LineaD:1118,10.0
diaria,LineaE:1132,LineaE:1131,4.0
diaria,LineaE:1132,LineaE:1130,25.0
diaria,LineaE:1132,LineaE:1129,41.0
diaria,LineaE:1132,LineaE:1128,30.0
diaria,LineaE:1132,LineaE:1127,23.0
diaria,LineaE:1132,LineaE:1126,18.0
diaria,LineaE:1132,LineaE:1125,14.0
diaria,LineaE:1132,LineaE:1124,20.0
diaria,LineaE:1132,LineaE:1123,60.0
diaria,LineaE:1132,LineaE:1122,13.0
diaria,LineaE:1132,LineaE:1121,135.0
diaria,LineaE:1132,LineaE:1120,58.0
diaria,LineaE:1132,LineaE:1119,174.0
diaria,LineaE:1132,LineaH:1134,8.0
diaria,LineaE:1132,LineaH:1135,12.0
diaria,LineaE:1132,LineaH:1136,4.0
diaria,LineaE:1132,LineaH:1137,4.0
diaria,LineaE:1132,LineaH:1138,3.0
diaria,LineaE:1132,LineaH:1139,5.0
diaria,LineaE:1132,LineaH:1140,18.0
diaria,LineaE:1132,LineaH:1141,24.0
diaria,LineaE:1132,LineaH:1160,30.0
diaria,LineaE:1132,LineaH:1161,38.0
diaria,LineaE:1132,LineaH:1162,57.0
diaria,LineaE:1132,LineaH:1163,23.0
diaria,LineaE:1132,LineaE:1166,131.0
diaria,LineaE:1132,LineaE:1165,75.0
diaria,LineaE:1132,LineaE:1164,99.0
diaria,LineaE:1131,LineaA:1059,1.0
diaria,LineaE:1131,LineaA:1060,1.0
diaria,LineaE:1131,LineaA:1063,1.0
diaria,LineaE:1131,LineaA:1064,3.0
diaria,LineaE:1131,LineaA:1065,1.0
diaria,LineaE:1131,LineaA:1067,4.0
diaria,LineaE:1131,LineaA:1068,1.0
diaria,LineaE:1131,LineaA:1069,5.0
diaria,LineaE:1131,LineaA:1071,6.0
diaria,LineaE:1131,LineaA:1072,18.0
diaria,LineaE:1131,LineaA:1073,5.0
diaria,LineaE:1131,LineaA:1074,4.0
diaria,LineaE:1131,LineaA:1075,16.0
diaria,LineaE:1131,LineaA:1076,24.0
diaria,LineaE:1131,LineaB:1077,5.0
diaria,LineaE:1131,LineaB:1082,5.0
diaria,LineaE:1131,LineaB:1084,2.0
diaria,LineaE:1131,LineaB:1083,6.0
diaria,LineaE:1131,LineaB:1085,3.0
diaria,LineaE:1131,LineaB:1086,1.0
diaria,LineaE:1131,LineaB:1087,1.0
diaria,LineaE:1131,LineaB:1088,1.0
diaria,LineaE:1131,LineaB:1089,26.0
diaria,LineaE:1131,LineaB:1090,15.0
diaria,LineaE:1131,LineaB:1091,17.0
diaria,LineaE:1131,LineaB:1092,14.0
diaria,LineaE:1131,LineaB:1093,14.0
diaria,LineaE:1131,LineaC:1094,93.0
diaria,LineaE:1131,LineaC:1096,40.0
diaria,LineaE:1131,LineaC:1098,2.0
diaria,LineaE:1131,LineaC:1099,4.0
diaria,LineaE:1131,LineaC:1100,21.0
diaria,LineaE:1131,LineaC:1101,5.0
diaria,LineaE:1131,LineaC:1102,17.0
diaria,LineaE:1131,LineaD:1103,8.0
diaria,LineaE:1131,LineaD:1104,6.0
diaria,LineaE:1131,LineaD:1105,5.0
diaria,LineaE:1131,LineaD:1106,12.0
diaria,LineaE:1131,LineaD:1107,5.0
diaria,LineaE:1131,LineaD:1108,17.0
diaria,LineaE:1131,LineaD:1109,6.0
diaria,LineaE:1131,LineaD:1110,16.0
diaria,LineaE:1131,LineaD:1111,25.0
diaria,LineaE:1131,LineaD:1112,3.0
diaria,LineaE:1131,LineaD:1113,6.0
diaria,LineaE:1131,LineaD:1115,17.0
diaria,LineaE:1131,LineaD:1116,25.0
diaria,LineaE:1131,LineaD:1117,1.0
diaria,LineaE:1131,LineaD:1118,18.0
diaria,LineaE:1131,LineaE:1133,21.0
diaria,LineaE:1131,LineaE:1132,1.0
diaria,LineaE:1131,LineaE:1130,12.0
diaria,LineaE:1131,LineaE:1129,31.0
diaria,LineaE:1131,LineaE:1128,29.0
diaria,LineaE:1131,LineaE:1127,52.0
diaria,LineaE:1131,LineaE:1126,35.0
diaria,LineaE:1131,LineaE:1125,23.0
diaria,LineaE:1131,LineaE:1124,21.0
diaria,LineaE:1131,LineaE:1123,42.0
diaria,LineaE:1131,LineaE:1122,21.0
diaria,LineaE:1131,LineaE:1121,173.0
diaria,LineaE:1131,LineaE:1120,70.0
diaria,LineaE:1131,LineaE:1119,145.0
diaria,LineaE:1131,LineaH:1134,10.0
diaria,LineaE:1131,LineaH:1135,17.0
diaria,LineaE:1131,LineaH:1136,1.0
diaria,LineaE:1131,LineaH:1138,11.0
diaria,LineaE:1131,LineaH:1139,8.0
diaria,LineaE:1131,LineaH:1140,5.0
diaria,LineaE:1131,LineaH:1141,34.0
diaria,LineaE:1131,LineaH:1160,29.0
diaria,LineaE:1131,LineaH:1161,33.0
diaria,LineaE:1131,LineaH:1162,25.0
diaria,LineaE:1131,LineaH:1163,3.0
diaria,LineaE:1131,LineaE:1166,150.0
diaria,LineaE:1131,LineaE:1165,87.0
diaria,LineaE:1131,LineaE:1164,73.0
diaria,LineaE:1130,LineaA:1059,7.0
diaria,LineaE:1130,LineaA:1060,10.0
diaria,LineaE:1130,LineaA:1061,4.0
diaria,LineaE:1130,LineaA:1062,10.0
diaria,LineaE:1130,LineaA:1063,5.0
diaria,LineaE:1130,LineaA:1065,9.0
diaria,LineaE:1130,LineaA:1066,1.0
diaria,LineaE:1130,LineaA:1067,4.0
diaria,LineaE:1130,LineaA:1068,17.0
diaria,LineaE:1130,LineaA:1069,9.0
diaria,LineaE:1130,LineaA:1070,5.0
diaria,LineaE:1130,LineaA:1071,32.0
diaria,LineaE:1130,LineaA:1072,18.0
diaria,LineaE:1130,LineaA:1073,25.0
diaria,LineaE:1130,LineaA:1074,12.0
diaria,LineaE:1130,LineaA:1075,57.0
diaria,LineaE:1130,LineaA:1076,69.0
diaria,LineaE:1130,LineaB:1077,26.0
diaria,LineaE:1130,LineaB:1078,5.0
diaria,LineaE:1130,LineaB:1079,3.0
diaria,LineaE:1130,LineaB:1080,9.0
diaria,LineaE:1130,LineaB:1081,11.0
diaria,LineaE:1130,LineaB:1082,14.0
diaria,LineaE:1130,LineaB:1084,13.0
diaria,LineaE:1130,LineaB:1083,10.0
diaria,LineaE:1130,LineaB:1085,13.0
diaria,LineaE:1130,LineaB:1086,12.0
diaria,LineaE:1130,LineaB:1088,12.0
diaria,LineaE:1130,LineaB:1089,33.0
diaria,LineaE:1130,LineaB:1090,46.0
diaria,LineaE:1130,LineaB:1091,46.0
diaria,LineaE:1130,LineaB:1092,43.0
diaria,LineaE:1130,LineaB:1093,37.0
diaria,LineaE:1130,LineaC:1094,180.0
diaria,LineaE:1130,LineaC:1095,17.0
diaria,LineaE:1130,LineaC:1096,103.0
diaria,LineaE:1130,LineaC:1097,10.0
diaria,LineaE:1130,LineaC:1098,4.0
diaria,LineaE:1130,LineaC:1099,17.0
diaria,LineaE:1130,LineaC:1100,26.0
diaria,LineaE:1130,LineaC:1101,14.0
diaria,LineaE:1130,LineaC:1102,56.0
diaria,LineaE:1130,LineaD:1103,36.0
diaria,LineaE:1130,LineaD:1104,28.0
diaria,LineaE:1130,LineaD:1105,11.0
diaria,LineaE:1130,LineaD:1106,15.0
diaria,LineaE:1130,LineaD:1107,32.0
diaria,LineaE:1130,LineaD:1108,41.0
diaria,LineaE:1130,LineaD:1109,21.0
diaria,LineaE:1130,LineaD:1110,18.0
diaria,LineaE:1130,LineaD:1111,51.0
diaria,LineaE:1130,LineaD:1112,6.0
diaria,LineaE:1130,LineaD:1113,10.0
diaria,LineaE:1130,LineaD:1114,13.0
diaria,LineaE:1130,LineaD:1115,40.0
diaria,LineaE:1130,LineaD:1116,70.0
diaria,LineaE:1130,LineaD:1117,5.0
diaria,LineaE:1130,LineaD:1118,43.0
diaria,LineaE:1130,LineaE:1133,69.0
diaria,LineaE:1130,LineaE:1132,19.0
diaria,LineaE:1130,LineaE:1131,11.0
diaria,LineaE:1130,LineaE:1129,37.0
diaria,LineaE:1130,LineaE:1128,92.0
diaria,LineaE:1130,LineaE:1127,103.0
diaria,LineaE:1130,LineaE:1126,76.0
diaria,LineaE:1130,LineaE:1125,39.0
diaria,LineaE:1130,LineaE:1124,52.0
diaria,LineaE:1130,LineaE:1123,134.0
diaria,LineaE:1130,LineaE:1122,63.0
diaria,LineaE:1130,LineaE:1121,418.0
diaria,LineaE:1130,LineaE:1120,149.0
diaria,LineaE:1130,LineaE:1119,349.0
diaria,LineaE:1130,LineaH:1134,30.0
diaria,LineaE:1130,LineaH:1135,29.0
diaria,LineaE:1130,LineaH:1136,19.0
diaria,LineaE:1130,LineaH:1137,19.0
diaria,LineaE:1130,LineaH:1138,24.0
diaria,LineaE:1130,LineaH:1139,18.0
diaria,LineaE:1130,LineaH:1140,31.0
diaria,LineaE:1130,LineaH:1141,36.0
diaria,LineaE:1130,LineaH:1160,67.0
diaria,LineaE:1130,LineaH:1161,129.0
diaria,LineaE:1130,LineaH:1162,99.0
diaria,LineaE:1130,LineaH:1163,26.0
diaria,LineaE:1130,LineaE:1166,301.0
diaria,LineaE:1130,LineaE:1165,214.0
diaria,LineaE:1130,LineaE:1164,161.0
diaria,LineaE:1129,LineaA:1059,16.0
diaria,LineaE:1129,LineaA:1060,7.0
diaria,LineaE:1129,LineaA:1061,4.0
diaria,LineaE:1129,LineaA:1062,4.0
diaria,LineaE:1129,LineaA:1063,9.0
diaria,LineaE:1129,LineaA:1064,24.0
diaria,LineaE:1129,LineaA:1065,2.0
diaria,LineaE:1129,LineaA:1066,6.0
diaria,LineaE:1129,LineaA:1067,1.0
diaria,LineaE:1129,LineaA:1068,7.0
diaria,LineaE:1129,LineaA:1069,22.0
diaria,LineaE:1129,LineaA:1071,40.0
diaria,LineaE:1129,LineaA:1072,24.0
diaria,LineaE:1129,LineaA:1073,34.0
diaria,LineaE:1129,LineaA:1074,23.0
diaria,LineaE:1129,LineaA:1075,47.0
diaria,LineaE:1129,LineaA:1076,87.0
diaria,LineaE:1129,LineaB:1077,6.0
diaria,LineaE:1129,LineaB:1078,9.0
diaria,LineaE:1129,LineaB:1079,8.0
diaria,LineaE:1129,LineaB:1084,4.0
diaria,LineaE:1129,LineaB:1083,2.0
diaria,LineaE:1129,LineaB:1085,9.0
diaria,LineaE:1129,LineaB:1086,8.0
diaria,LineaE:1129,LineaB:1087,11.0
diaria,LineaE:1129,LineaB:1088,4.0
diaria,LineaE:1129,LineaB:1089,23.0
diaria,LineaE:1129,LineaB:1090,39.0
diaria,LineaE:1129,LineaB:1091,32.0
diaria,LineaE:1129,LineaB:1092,22.0
diaria,LineaE:1129,LineaB:1093,12.0
diaria,LineaE:1129,LineaC:1094,208.0
diaria,LineaE:1129,LineaC:1095,16.0
diaria,LineaE:1129,LineaC:1096,95.0
diaria,LineaE:1129,LineaC:1097,4.0
diaria,LineaE:1129,LineaC:1098,11.0
diaria,LineaE:1129,LineaC:1099,8.0
diaria,LineaE:1129,LineaC:1100,25.0
diaria,LineaE:1129,LineaC:1101,12.0
diaria,LineaE:1129,LineaC:1102,54.0
diaria,LineaE:1129,LineaD:1103,45.0
diaria,LineaE:1129,LineaD:1104,16.0
diaria,LineaE:1129,LineaD:1105,16.0
diaria,LineaE:1129,LineaD:1106,2.0
diaria,LineaE:1129,LineaD:1107,24.0
diaria,LineaE:1129,LineaD:1108,16.0
diaria,LineaE:1129,LineaD:1109,14.0
diaria,LineaE:1129,LineaD:1110,11.0
diaria,LineaE:1129,LineaD:1111,42.0
diaria,LineaE:1129,LineaD:1112,14.0
diaria,LineaE:1129,LineaD:1113,9.0
diaria,LineaE:1129,LineaD:1114,9.0
diaria,LineaE:1129,LineaD:1115,41.0
diaria,LineaE:1129,LineaD:1116,64.0
diaria,LineaE:1129,LineaD:1117,4.0
diaria,LineaE:1129,LineaD:1118,29.0
diaria,LineaE:1129,LineaE:1133,68.0
diaria,LineaE:1129,LineaE:1132,50.0
diaria,LineaE:1129,LineaE:1131,43.0
diaria,LineaE:1129,LineaE:1130,38.0
diaria,LineaE:1129,LineaE:1128,19.0
diaria,LineaE:1129,LineaE:1127,79.0
diaria,LineaE:1129,LineaE:1126,70.0
diaria,LineaE:1129,LineaE:1125,21.0
diaria,LineaE:1129,LineaE:1124,41.0
diaria,LineaE:1129,LineaE:1123,80.0
diaria,LineaE:1129,LineaE:1122,55.0
diaria,LineaE:1129,LineaE:1121,527.0
diaria,LineaE:1129,LineaE:1120,152.0
diaria,LineaE:1129,LineaE:1119,284.0
diaria,LineaE:1129,LineaH:1134,14.0
diaria,LineaE:1129,LineaH:1135,25.0
diaria,LineaE:1129,LineaH:1136,17.0
diaria,LineaE:1129,LineaH:1137,9.0
diaria,LineaE:1129,LineaH:1138,27.0
diaria,LineaE:1129,LineaH:1139,27.0
diaria,LineaE:1129,LineaH:1140,35.0
diaria,LineaE:1129,LineaH:1141,39.0
diaria,LineaE:1129,LineaH:1160,94.0
diaria,LineaE:1129,LineaH:1161,115.0
diaria,LineaE:1129,LineaH:1162,77.0
diaria,LineaE:1129,LineaH:1163,23.0
diaria,LineaE:1129,LineaE:1166,231.0
diaria,LineaE:1129,LineaE:1165,224.0
diaria,LineaE:1129,LineaE:1164,148.0
diaria,LineaE:1128,LineaA:1059,8.0
diaria,LineaE:1128,LineaA:1060,2.0
diaria,LineaE:1128,LineaA:1061,7.0
diaria,LineaE:1128,LineaA:1063,4.0
diaria,LineaE:1128,LineaA:1064,5.0
diaria,LineaE:1128,LineaA:1065,7.0
diaria,LineaE:1128,LineaA:1066,5.0
diaria,LineaE:1128,LineaA:1067,6.0
diaria,LineaE:1128,LineaA:1068,6.0
diaria,LineaE:1128,LineaA:1069,11.0
diaria,LineaE:1128,LineaA:1070,1.0
diaria,LineaE:1128,LineaA:1071,29.0
diaria,LineaE:1128,LineaA:1072,29.0
diaria,LineaE:1128,LineaA:1073,13.0
diaria,LineaE:1128,LineaA:1074,15.0
diaria,LineaE:1128,LineaA:1075,41.0
diaria,LineaE:1128,LineaA:1076,53.0
diaria,LineaE:1128,LineaB:1077,36.0
diaria,LineaE:1128,LineaB:1078,5.0
diaria,LineaE:1128,LineaB:1079,15.0
diaria,LineaE:1128,LineaB:1080,5.0
diaria,LineaE:1128,LineaB:1081,5.0
diaria,LineaE:1128,LineaB:1082,4.0
diaria,LineaE:1128,LineaB:1084,8.0
diaria,LineaE:1128,LineaB:1083,8.0
diaria,LineaE:1128,LineaB:1085,8.0
diaria,LineaE:1128,LineaB:1086,21.0
diaria,LineaE:1128,LineaB:1087,4.0
diaria,LineaE:1128,LineaB:1088,9.0
diaria,LineaE:1128,LineaB:1089,32.0
diaria,LineaE:1128,LineaB:1090,52.0
diaria,LineaE:1128,LineaB:1091,52.0
diaria,LineaE:1128,LineaB:1092,46.0
diaria,LineaE:1128,LineaB:1093,31.0
diaria,LineaE:1128,LineaC:1094,211.0
diaria,LineaE:1128,LineaC:1095,11.0
diaria,LineaE:1128,LineaC:1096,123.0
diaria,LineaE:1128,LineaC:1098,15.0
diaria,LineaE:1128,LineaC:1099,7.0
diaria,LineaE:1128,LineaC:1100,40.0
diaria,LineaE:1128,LineaC:1101,17.0
diaria,LineaE:1128,LineaC:1102,88.0
diaria,LineaE:1128,LineaD:1103,62.0
diaria,LineaE:1128,LineaD:1104,27.0
diaria,LineaE:1128,LineaD:1105,20.0
diaria,LineaE:1128,LineaD:1106,22.0
diaria,LineaE:1128,LineaD:1107,15.0
diaria,LineaE:1128,LineaD:1108,33.0
diaria,LineaE:1128,LineaD:1109,17.0
diaria,LineaE:1128,LineaD:1110,16.0
diaria,LineaE:1128,LineaD:1111,38.0
diaria,LineaE:1128,LineaD:1112,15.0
diaria,LineaE:1128,LineaD:1113,13.0
diaria,LineaE:1128,LineaD:1114,20.0
diaria,LineaE:1128,LineaD:1115,62.0
diaria,LineaE:1128,LineaD:1116,82.0
diaria,LineaE:1128,LineaD:1117,10.0
diaria,LineaE:1128,LineaD:1118,50.0
diaria,LineaE:1128,LineaE:1133,65.0
diaria,LineaE:1128,LineaE:1132,44.0
diaria,LineaE:1128,LineaE:1131,42.0
diaria,LineaE:1128,LineaE:1130,82.0
diaria,LineaE:1128,LineaE:1129,19.0
diaria,LineaE:1128,LineaE:1127,53.0
diaria,LineaE:1128,LineaE:1126,110.0
diaria,LineaE:1128,LineaE:1125,56.0
diaria,LineaE:1128,LineaE:1124,57.0
diaria,LineaE:1128,LineaE:1123,112.0
diaria,LineaE:1128,LineaE:1122,57.0
diaria,LineaE:1128,LineaE:1121,399.0
diaria,LineaE:1128,LineaE:1120,184.0
diaria,LineaE:1128,LineaE:1119,379.0
diaria,LineaE:1128,LineaH:1134,6.0
diaria,LineaE:1128,LineaH:1135,23.0
diaria,LineaE:1128,LineaH:1136,18.0
diaria,LineaE:1128,LineaH:1137,52.0
diaria,LineaE:1128,LineaH:1138,31.0
diaria,LineaE:1128,LineaH:1139,22.0
diaria,LineaE:1128,LineaH:1140,25.0
diaria,LineaE:1128,LineaH:1141,55.0
diaria,LineaE:1128,LineaH:1160,93.0
diaria,LineaE:1128,LineaH:1161,143.0
diaria,LineaE:1128,LineaH:1162,89.0
diaria,LineaE:1128,LineaH:1163,22.0
diaria,LineaE:1128,LineaE:1166,317.0
diaria,LineaE:1128,LineaE:1165,203.0
diaria,LineaE:1128,LineaE:1164,215.0
diaria,LineaE:1127,LineaA:1059,26.0
diaria,LineaE:1127,LineaA:1060,13.0
diaria,LineaE:1127,LineaA:1061,7.0
diaria,LineaE:1127,LineaA:1062,5.0
diaria,LineaE:1127,LineaA:1063,18.0
diaria,LineaE:1127,LineaA:1064,17.0
diaria,LineaE:1127,LineaA:1065,8.0
diaria,LineaE:1127,LineaA:1066,2.0
diaria,LineaE:1127,LineaA:1067,2.0
diaria,LineaE:1127,LineaA:1068,4.0
diaria,LineaE:1127,LineaA:1069,11.0
diaria,LineaE:1127,LineaA:1070,7.0
diaria,LineaE:1127,LineaA:1071,24.0
diaria,LineaE:1127,LineaA:1072,16.0
diaria,LineaE:1127,LineaA:1073,28.0
diaria,LineaE:1127,LineaA:1074,24.0
diaria,LineaE:1127,LineaA:1075,45.0
diaria,LineaE:1127,LineaA:1076,47.0
diaria,LineaE:1127,LineaB:1077,31.0
diaria,LineaE:1127,LineaB:1078,5.0
diaria,LineaE:1127,LineaB:1079,2.0
diaria,LineaE:1127,LineaB:1080,5.0
diaria,LineaE:1127,LineaB:1081,23.0
diaria,LineaE:1127,LineaB:1082,9.0
diaria,LineaE:1127,LineaB:1084,24.0
diaria,LineaE:1127,LineaB:1083,14.0
diaria,LineaE:1127,LineaB:1085,10.0
diaria,LineaE:1127,LineaB:1086,8.0
diaria,LineaE:1127,LineaB:1087,4.0
diaria,LineaE:1127,LineaB:1088,14.0
diaria,LineaE:1127,LineaB:1089,34.0
diaria,LineaE:1127,LineaB:1090,20.0
diaria,LineaE:1127,LineaB:1091,47.0
diaria,LineaE:1127,LineaB:1092,35.0
diaria,LineaE:1127,LineaB:1093,27.0
diaria,LineaE:1127,LineaC:1094,180.0
diaria,LineaE:1127,LineaC:1095,27.0
diaria,LineaE:1127,LineaC:1096,80.0
diaria,LineaE:1127,LineaC:1097,11.0
diaria,LineaE:1127,LineaC:1098,20.0
diaria,LineaE:1127,LineaC:1099,11.0
diaria,LineaE:1127,LineaC:1100,29.0
diaria,LineaE:1127,LineaC:1101,24.0
diaria,LineaE:1127,LineaC:1102,94.0
diaria,LineaE:1127,LineaD:1103,62.0
diaria,LineaE:1127,LineaD:1104,51.0
diaria,LineaE:1127,LineaD:1105,33.0
diaria,LineaE:1127,LineaD:1106,48.0
diaria,LineaE:1127,LineaD:1107,28.0
diaria,LineaE:1127,LineaD:1108,25.0
diaria,LineaE:1127,LineaD:1109,13.0
diaria,LineaE:1127,LineaD:1110,17.0
diaria,LineaE:1127,LineaD:1111,13.0
diaria,LineaE:1127,LineaD:1112,28.0
diaria,LineaE:1127,LineaD:1113,20.0
diaria,LineaE:1127,LineaD:1114,23.0
diaria,LineaE:1127,LineaD:1115,26.0
diaria,LineaE:1127,LineaD:1116,25.0
diaria,LineaE:1127,LineaD:1117,6.0
diaria,LineaE:1127,LineaD:1118,58.0
diaria,LineaE:1127,LineaE:1133,118.0
diaria,LineaE:1127,LineaE:1132,39.0
diaria,LineaE:1127,LineaE:1131,61.0
diaria,LineaE:1127,LineaE:1130,86.0
diaria,LineaE:1127,LineaE:1129,84.0
diaria,LineaE:1127,LineaE:1128,76.0
diaria,LineaE:1127,LineaE:1126,27.0
diaria,LineaE:1127,LineaE:1125,52.0
diaria,LineaE:1127,LineaE:1124,75.0
diaria,LineaE:1127,LineaE:1123,77.0
diaria,LineaE:1127,LineaE:1122,68.0
diaria,LineaE:1127,LineaE:1121,287.0
diaria,LineaE:1127,LineaE:1120,183.0
diaria,LineaE:1127,LineaE:1119,408.0
diaria,LineaE:1127,LineaH:1134,11.0
diaria,LineaE:1127,LineaH:1135,35.0
diaria,LineaE:1127,LineaH:1136,69.0
diaria,LineaE:1127,LineaH:1137,36.0
diaria,LineaE:1127,LineaH:1138,38.0
diaria,LineaE:1127,LineaH:1139,28.0
diaria,LineaE:1127,LineaH:1140,46.0
diaria,LineaE:1127,LineaH:1141,45.0
diaria,LineaE:1127,LineaH:1160,82.0
diaria,LineaE:1127,LineaH:1161,118.0
diaria,LineaE:1127,LineaH:1162,71.0
diaria,LineaE:1127,LineaH:1163,52.0
diaria,LineaE:1127,LineaE:1166,277.0
diaria,LineaE:1127,LineaE:1165,171.0
diaria,LineaE:1127,LineaE:1164,164.0
diaria,LineaE:1126,LineaA:1059,20.0
diaria,LineaE:1126,LineaA:1060,6.0
diaria,LineaE:1126,LineaA:1061,4.0
diaria,LineaE:1126,LineaA:1062,5.0
diaria,LineaE:1126,LineaA:1063,12.0
diaria,LineaE:1126,LineaA:1064,17.0
diaria,LineaE:1126,LineaA:1065,11.0
diaria,LineaE:1126,LineaA:1066,9.0
diaria,LineaE:1126,LineaA:1067,3.0
diaria,LineaE:1126,LineaA:1068,12.0
diaria,LineaE:1126,LineaA:1069,10.0
diaria,LineaE:1126,LineaA:1070,8.0
diaria,LineaE:1126,LineaA:1071,10.0
diaria,LineaE:1126,LineaA:1072,11.0
diaria,LineaE:1126,LineaA:1073,13.0
diaria,LineaE:1126,LineaA:1074,9.0
diaria,LineaE:1126,LineaA:1075,27.0
diaria,LineaE:1126,LineaA:1076,17.0
diaria,LineaE:1126,LineaB:1077,28.0
diaria,LineaE:1126,LineaB:1078,4.0
diaria,LineaE:1126,LineaB:1080,4.0
diaria,LineaE:1126,LineaB:1081,28.0
diaria,LineaE:1126,LineaB:1082,13.0
diaria,LineaE:1126,LineaB:1084,25.0
diaria,LineaE:1126,LineaB:1083,15.0
diaria,LineaE:1126,LineaB:1085,9.0
diaria,LineaE:1126,LineaB:1086,8.0
diaria,LineaE:1126,LineaB:1087,1.0
diaria,LineaE:1126,LineaB:1088,14.0
diaria,LineaE:1126,LineaB:1089,23.0
diaria,LineaE:1126,LineaB:1090,20.0
diaria,LineaE:1126,LineaB:1091,15.0
diaria,LineaE:1126,LineaB:1092,37.0
diaria,LineaE:1126,LineaB:1093,17.0
diaria,LineaE:1126,LineaC:1094,121.0
diaria,LineaE:1126,LineaC:1095,14.0
diaria,LineaE:1126,LineaC:1096,55.0
diaria,LineaE:1126,LineaC:1097,5.0
diaria,LineaE:1126,LineaC:1098,8.0
diaria,LineaE:1126,LineaC:1099,2.0
diaria,LineaE:1126,LineaC:1100,45.0
diaria,LineaE:1126,LineaC:1101,19.0
diaria,LineaE:1126,LineaC:1102,62.0
diaria,LineaE:1126,LineaD:1103,20.0
diaria,LineaE:1126,LineaD:1104,14.0
diaria,LineaE:1126,LineaD:1105,11.0
diaria,LineaE:1126,LineaD:1106,13.0
diaria,LineaE:1126,LineaD:1107,4.0
diaria,LineaE:1126,LineaD:1108,14.0
diaria,LineaE:1126,LineaD:1109,4.0
diaria,LineaE:1126,LineaD:1110,17.0
diaria,LineaE:1126,LineaD:1111,14.0
diaria,LineaE:1126,LineaD:1112,10.0
diaria,LineaE:1126,LineaD:1113,13.0
diaria,LineaE:1126,LineaD:1114,5.0
diaria,LineaE:1126,LineaD:1115,17.0
diaria,LineaE:1126,LineaD:1116,30.0
diaria,LineaE:1126,LineaD:1117,10.0
diaria,LineaE:1126,LineaD:1118,31.0
diaria,LineaE:1126,LineaE:1133,84.0
diaria,LineaE:1126,LineaE:1132,39.0
diaria,LineaE:1126,LineaE:1131,45.0
diaria,LineaE:1126,LineaE:1130,72.0
diaria,LineaE:1126,LineaE:1129,67.0
diaria,LineaE:1126,LineaE:1128,120.0
diaria,LineaE:1126,LineaE:1127,29.0
diaria,LineaE:1126,LineaE:1125,9.0
diaria,LineaE:1126,LineaE:1124,36.0
diaria,LineaE:1126,LineaE:1123,80.0
diaria,LineaE:1126,LineaE:1122,30.0
diaria,LineaE:1126,LineaE:1121,134.0
diaria,LineaE:1126,LineaE:1120,121.0
diaria,LineaE:1126,LineaE:1119,255.0
diaria,LineaE:1126,LineaH:1134,6.0
diaria,LineaE:1126,LineaH:1135,12.0
diaria,LineaE:1126,LineaH:1136,7.0
diaria,LineaE:1126,LineaH:1137,14.0
diaria,LineaE:1126,LineaH:1138,28.0
diaria,LineaE:1126,LineaH:1139,6.0
diaria,LineaE:1126,LineaH:1140,20.0
diaria,LineaE:1126,LineaH:1141,27.0
diaria,LineaE:1126,LineaH:1160,16.0
diaria,LineaE:1126,LineaH:1161,31.0
diaria,LineaE:1126,LineaH:1162,37.0
diaria,LineaE:1126,LineaH:1163,16.0
diaria,LineaE:1126,LineaE:1166,174.0
diaria,LineaE:1126,LineaE:1165,139.0
diaria,LineaE:1126,LineaE:1164,165.0
diaria,LineaE:1125,LineaA:1059,16.0
diaria,LineaE:1125,LineaA:1060,7.0
diaria,LineaE:1125,LineaA:1061,7.0
diaria,LineaE:1125,LineaA:1062,14.0
diaria,LineaE:1125,LineaA:1063,20.0
diaria,LineaE:1125,LineaA:1064,23.0
diaria,LineaE:1125,LineaA:1065,14.0
diaria,LineaE:1125,LineaA:1066,11.0
diaria,LineaE:1125,LineaA:1067,7.0
diaria,LineaE:1125,LineaA:1068,5.0
diaria,LineaE:1125,LineaA:1069,4.0
diaria,LineaE:1125,LineaA:1070,10.0
diaria,LineaE:1125,LineaA:1071,12.0
diaria,LineaE:1125,LineaA:1072,19.0
diaria,LineaE:1125,LineaA:1073,4.0
diaria,LineaE:1125,LineaA:1074,4.0
diaria,LineaE:1125,LineaA:1075,12.0
diaria,LineaE:1125,LineaA:1076,19.0
diaria,LineaE:1125,LineaB:1077,38.0
diaria,LineaE:1125,LineaB:1078,7.0
diaria,LineaE:1125,LineaB:1079,14.0
diaria,LineaE:1125,LineaB:1080,4.0
diaria,LineaE:1125,LineaB:1081,39.0
diaria,LineaE:1125,LineaB:1082,23.0
diaria,LineaE:1125,LineaB:1084,20.0
diaria,LineaE:1125,LineaB:1083,19.0
diaria,LineaE:1125,LineaB:1085,29.0
diaria,LineaE:1125,LineaB:1086,39.0
diaria,LineaE:1125,LineaB:1087,5.0
diaria,LineaE:1125,LineaB:1088,18.0
diaria,LineaE:1125,LineaB:1089,26.0
diaria,LineaE:1125,LineaB:1090,18.0
diaria,LineaE:1125,LineaB:1091,24.0
diaria,LineaE:1125,LineaB:1092,33.0
diaria,LineaE:1125,LineaB:1093,10.0
diaria,LineaE:1125,LineaC:1094,115.0
diaria,LineaE:1125,LineaC:1095,10.0
diaria,LineaE:1125,LineaC:1096,49.0
diaria,LineaE:1125,LineaC:1097,6.0
diaria,LineaE:1125,LineaC:1098,7.0
diaria,LineaE:1125,LineaC:1099,1.0
diaria,LineaE:1125,LineaC:1100,15.0
diaria,LineaE:1125,LineaC:1101,6.0
diaria,LineaE:1125,LineaC:1102,77.0
diaria,LineaE:1125,LineaD:1103,40.0
diaria,LineaE:1125,LineaD:1104,18.0
diaria,LineaE:1125,LineaD:1105,12.0
diaria,LineaE:1125,LineaD:1106,13.0
diaria,LineaE:1125,LineaD:1107,2.0
diaria,LineaE:1125,LineaD:1108,16.0
diaria,LineaE:1125,LineaD:1109,22.0
diaria,LineaE:1125,LineaD:1110,11.0
diaria,LineaE:1125,LineaD:1111,22.0
diaria,LineaE:1125,LineaD:1112,4.0
diaria,LineaE:1125,LineaD:1113,5.0
diaria,LineaE:1125,LineaD:1114,4.0
diaria,LineaE:1125,LineaD:1115,9.0
diaria,LineaE:1125,LineaD:1116,10.0
diaria,LineaE:1125,LineaD:1118,12.0
diaria,LineaE:1125,LineaE:1133,87.0
diaria,LineaE:1125,LineaE:1132,16.0
diaria,LineaE:1125,LineaE:1131,39.0
diaria,LineaE:1125,LineaE:1130,48.0
diaria,LineaE:1125,LineaE:1129,33.0
diaria,LineaE:1125,LineaE:1128,53.0
diaria,LineaE:1125,LineaE:1127,40.0
diaria,LineaE:1125,LineaE:1126,10.0
diaria,LineaE:1125,LineaE:1124,2.0
diaria,LineaE:1125,LineaE:1123,38.0
diaria,LineaE:1125,LineaE:1122,48.0
diaria,LineaE:1125,LineaE:1121,46.0
diaria,LineaE:1125,LineaE:1120,47.0
diaria,LineaE:1125,LineaE:1119,136.0
diaria,LineaE:1125,LineaH:1134,34.0
diaria,LineaE:1125,LineaH:1135,13.0
diaria,LineaE:1125,LineaH:1136,26.0
diaria,LineaE:1125,LineaH:1137,8.0
diaria,LineaE:1125,LineaH:1138,25.0
diaria,LineaE:1125,LineaH:1139,4.0
diaria,LineaE:1125,LineaH:1140,55.0
diaria,LineaE:1125,LineaH:1141,43.0
diaria,LineaE:1125,LineaH:1160,31.0
diaria,LineaE:1125,LineaH:1161,65.0
diaria,LineaE:1125,LineaH:1162,52.0
diaria,LineaE:1125,LineaH:1163,16.0
diaria,LineaE:1125,LineaE:1166,101.0
diaria,LineaE:1125,LineaE:1165,54.0
diaria,LineaE:1125,LineaE:1164,85.0
diaria,LineaE:1124,LineaA:1059,23.0
diaria,LineaE:1124,LineaA:1060,8.0
diaria,LineaE:1124,LineaA:1061,6.0
diaria,LineaE:1124,LineaA:1062,5.0
diaria,LineaE:1124,LineaA:1063,9.0
diaria,LineaE:1124,LineaA:1064,19.0
diaria,LineaE:1124,LineaA:1065,5.0
diaria,LineaE:1124,LineaA:1066,8.0
diaria,LineaE:1124,LineaA:1067,6.0
diaria,LineaE:1124,LineaA:1069,3.0
diaria,LineaE:1124,LineaA:1070,4.0
diaria,LineaE:1124,LineaA:1071,4.0
diaria,LineaE:1124,LineaA:1072,6.0
diaria,LineaE:1124,LineaA:1073,6.0
diaria,LineaE:1124,LineaA:1074,4.0
diaria,LineaE:1124,LineaA:1075,34.0
diaria,LineaE:1124,LineaA:1076,16.0
diaria,LineaE:1124,LineaB:1077,31.0
diaria,LineaE:1124,LineaB:1078,5.0
diaria,LineaE:1124,LineaB:1079,7.0
diaria,LineaE:1124,LineaB:1080,3.0
diaria,LineaE:1124,LineaB:1081,26.0
diaria,LineaE:1124,LineaB:1084,14.0
diaria,LineaE:1124,LineaB:1083,24.0
diaria,LineaE:1124,LineaB:1085,23.0
diaria,LineaE:1124,LineaB:1086,19.0
diaria,LineaE:1124,LineaB:1087,11.0
diaria,LineaE:1124,LineaB:1088,3.0
diaria,LineaE:1124,LineaB:1089,8.0
diaria,LineaE:1124,LineaB:1090,13.0
diaria,LineaE:1124,LineaB:1091,19.0
diaria,LineaE:1124,LineaB:1092,21.0
diaria,LineaE:1124,LineaB:1093,24.0
diaria,LineaE:1124,LineaC:1094,101.0
diaria,LineaE:1124,LineaC:1095,13.0
diaria,LineaE:1124,LineaC:1096,55.0
diaria,LineaE:1124,LineaC:1097,10.0
diaria,LineaE:1124,LineaC:1098,7.0
diaria,LineaE:1124,LineaC:1099,2.0
diaria,LineaE:1124,LineaC:1100,29.0
diaria,LineaE:1124,LineaC:1101,19.0
diaria,LineaE:1124,LineaC:1102,67.0
diaria,LineaE:1124,LineaD:1103,34.0
diaria,LineaE:1124,LineaD:1104,14.0
diaria,LineaE:1124,LineaD:1105,3.0
diaria,LineaE:1124,LineaD:1106,1.0
diaria,LineaE:1124,LineaD:1107,3.0
diaria,LineaE:1124,LineaD:1110,3.0
diaria,LineaE:1124,LineaD:1112,4.0
diaria,LineaE:1124,LineaD:1113,2.0
diaria,LineaE:1124,LineaD:1114,4.0
diaria,LineaE:1124,LineaD:1115,15.0
diaria,LineaE:1124,LineaD:1116,7.0
diaria,LineaE:1124,LineaD:1117,1.0
diaria,LineaE:1124,LineaD:1118,29.0
diaria,LineaE:1124,LineaE:1133,105.0
diaria,LineaE:1124,LineaE:1132,40.0
diaria,LineaE:1124,LineaE:1131,25.0
diaria,LineaE:1124,LineaE:1130,59.0
diaria,LineaE:1124,LineaE:1129,46.0
diaria,LineaE:1124,LineaE:1128,40.0
diaria,LineaE:1124,LineaE:1127,76.0
diaria,LineaE:1124,LineaE:1126,32.0
diaria,LineaE:1124,LineaE:1125,10.0
diaria,LineaE:1124,LineaE:1123,6.0
diaria,LineaE:1124,LineaE:1122,44.0
diaria,LineaE:1124,LineaE:1121,71.0
diaria,LineaE:1124,LineaE:1120,102.0
diaria,LineaE:1124,LineaE:1119,209.0
diaria,LineaE:1124,LineaH:1134,28.0
diaria,LineaE:1124,LineaH:1135,27.0
diaria,LineaE:1124,LineaH:1136,17.0
diaria,LineaE:1124,LineaH:1137,11.0
diaria,LineaE:1124,LineaH:1138,20.0
diaria,LineaE:1124,LineaH:1139,16.0
diaria,LineaE:1124,LineaH:1140,25.0
diaria,LineaE:1124,LineaH:1141,19.0
diaria,LineaE:1124,LineaH:1160,19.0
diaria,LineaE:1124,LineaH:1161,25.0
diaria,LineaE:1124,LineaH:1162,15.0
diaria,LineaE:1124,LineaH:1163,4.0
diaria,LineaE:1124,LineaE:1166,132.0
diaria,LineaE:1124,LineaE:1165,70.0
diaria,LineaE:1124,LineaE:1164,109.0
diaria,LineaE:1123,LineaA:1059,44.0
diaria,LineaE:1123,LineaA:1060,25.0
diaria,LineaE:1123,LineaA:1061,7.0
diaria,LineaE:1123,LineaA:1062,11.0
diaria,LineaE:1123,LineaA:1063,17.0
diaria,LineaE:1123,LineaA:1064,34.0
diaria,LineaE:1123,LineaA:1065,18.0
diaria,LineaE:1123,LineaA:1066,12.0
diaria,LineaE:1123,LineaA:1067,13.0
diaria,LineaE:1123,LineaA:1068,21.0
diaria,LineaE:1123,LineaA:1069,2.0
diaria,LineaE:1123,LineaA:1071,8.0
diaria,LineaE:1123,LineaA:1072,15.0
diaria,LineaE:1123,LineaA:1073,5.0
diaria,LineaE:1123,LineaA:1074,4.0
diaria,LineaE:1123,LineaA:1075,37.0
diaria,LineaE:1123,LineaA:1076,22.0
diaria,LineaE:1123,LineaB:1077,65.0
diaria,LineaE:1123,LineaB:1078,21.0
diaria,LineaE:1123,LineaB:1079,20.0
diaria,LineaE:1123,LineaB:1080,18.0
diaria,LineaE:1123,LineaB:1081,67.0
diaria,LineaE:1123,LineaB:1082,33.0
diaria,LineaE:1123,LineaB:1084,34.0
diaria,LineaE:1123,LineaB:1083,31.0
diaria,LineaE:1123,LineaB:1085,31.0
diaria,LineaE:1123,LineaB:1086,45.0
diaria,LineaE:1123,LineaB:1087,11.0
diaria,LineaE:1123,LineaB:1088,6.0
diaria,LineaE:1123,LineaB:1089,4.0
diaria,LineaE:1123,LineaB:1090,8.0
diaria,LineaE:1123,LineaB:1091,29.0
diaria,LineaE:1123,LineaB:1092,32.0
diaria,LineaE:1123,LineaB:1093,21.0
diaria,LineaE:1123,LineaC:1094,71.0
diaria,LineaE:1123,LineaC:1095,6.0
diaria,LineaE:1123,LineaC:1096,46.0
diaria,LineaE:1123,LineaC:1098,10.0
diaria,LineaE:1123,LineaC:1099,7.0
diaria,LineaE:1123,LineaC:1100,26.0
diaria,LineaE:1123,LineaC:1101,8.0
diaria,LineaE:1123,LineaC:1102,77.0
diaria,LineaE:1123,LineaD:1103,70.0
diaria,LineaE:1123,LineaD:1104,58.0
diaria,LineaE:1123,LineaD:1105,21.0
diaria,LineaE:1123,LineaD:1106,35.0
diaria,LineaE:1123,LineaD:1107,21.0
diaria,LineaE:1123,LineaD:1108,22.0
diaria,LineaE:1123,LineaD:1109,19.0
diaria,LineaE:1123,LineaD:1110,5.0
diaria,LineaE:1123,LineaD:1111,11.0
diaria,LineaE:1123,LineaD:1112,8.0
diaria,LineaE:1123,LineaD:1113,14.0
diaria,LineaE:1123,LineaD:1114,10.0
diaria,LineaE:1123,LineaD:1116,1.0
diaria,LineaE:1123,LineaD:1117,3.0
diaria,LineaE:1123,LineaD:1118,39.0
diaria,LineaE:1123,LineaE:1133,159.0
diaria,LineaE:1123,LineaE:1132,55.0
diaria,LineaE:1123,LineaE:1131,52.0
diaria,LineaE:1123,LineaE:1130,137.0
diaria,LineaE:1123,LineaE:1129,98.0
diaria,LineaE:1123,LineaE:1128,122.0
diaria,LineaE:1123,LineaE:1127,77.0
diaria,LineaE:1123,LineaE:1126,83.0
diaria,LineaE:1123,LineaE:1125,42.0
diaria,LineaE:1123,LineaE:1124,21.0
diaria,LineaE:1123,LineaE:1122,19.0
diaria,LineaE:1123,LineaE:1121,71.0
diaria,LineaE:1123,LineaE:1120,92.0
diaria,LineaE:1123,LineaE:1119,227.0
diaria,LineaE:1123,LineaH:1134,22.0
diaria,LineaE:1123,LineaH:1135,26.0
diaria,LineaE:1123,LineaH:1136,12.0
diaria,LineaE:1123,LineaH:1137,12.0
diaria,LineaE:1123,LineaH:1138,16.0
diaria,LineaE:1123,LineaH:1139,12.0
diaria,LineaE:1123,LineaH:1140,55.0
diaria,LineaE:1123,LineaH:1141,24.0
diaria,LineaE:1123,LineaH:1160,44.0
diaria,LineaE:1123,LineaH:1161,17.0
diaria,LineaE:1123,LineaH:1162,13.0
diaria,LineaE:1123,LineaH:1163,16.0
diaria,LineaE:1123,LineaE:1166,110.0
diaria,LineaE:1123,LineaE:1165,99.0
diaria,LineaE:1123,LineaE:1164,154.0
diaria,LineaE:1122,LineaA:1059,25.0
diaria,LineaE:1122,LineaA:1060,16.0
diaria,LineaE:1122,LineaA:1061,4.0
diaria,LineaE:1122,LineaA:1062,8.0
diaria,LineaE:1122,LineaA:1063,9.0
diaria,LineaE:1122,LineaA:1064,9.0
diaria,LineaE:1122,LineaA:1065,19.0
diaria,LineaE:1122,LineaA:1066,11.0
diaria,LineaE:1122,LineaA:1067,3.0
diaria,LineaE:1122,LineaA:1068,20.0
diaria,LineaE:1122,LineaA:1069,1.0
diaria,LineaE:1122,LineaA:1070,6.0
diaria,LineaE:1122,LineaA:1071,2.0
diaria,LineaE:1122,LineaA:1072,1.0
diaria,LineaE:1122,LineaA:1073,5.0
diaria,LineaE:1122,LineaA:1074,1.0
diaria,LineaE:1122,LineaA:1075,8.0
diaria,LineaE:1122,LineaA:1076,6.0
diaria,LineaE:1122,LineaB:1077,41.0
diaria,LineaE:1122,LineaB:1078,10.0
diaria,LineaE:1122,LineaB:1079,8.0
diaria,LineaE:1122,LineaB:1080,14.0
diaria,LineaE:1122,LineaB:1081,34.0
diaria,LineaE:1122,LineaB:1082,35.0
diaria,LineaE:1122,LineaB:1084,24.0
diaria,LineaE:1122,LineaB:1083,32.0
diaria,LineaE:1122,LineaB:1085,29.0
diaria,LineaE:1122,LineaB:1086,16.0
diaria,LineaE:1122,LineaB:1087,4.0
diaria,LineaE:1122,LineaB:1088,5.0
diaria,LineaE:1122,LineaB:1089,5.0
diaria,LineaE:1122,LineaB:1090,1.0
diaria,LineaE:1122,LineaB:1091,10.0
diaria,LineaE:1122,LineaB:1092,14.0
diaria,LineaE:1122,LineaB:1093,5.0
diaria,LineaE:1122,LineaC:1094,13.0
diaria,LineaE:1122,LineaC:1095,1.0
diaria,LineaE:1122,LineaC:1096,1.0
diaria,LineaE:1122,LineaC:1097,1.0
diaria,LineaE:1122,LineaC:1098,3.0
diaria,LineaE:1122,LineaC:1099,10.0
diaria,LineaE:1122,LineaC:1100,8.0
diaria,LineaE:1122,LineaC:1101,1.0
diaria,LineaE:1122,LineaC:1102,83.0
diaria,LineaE:1122,LineaD:1103,40.0
diaria,LineaE:1122,LineaD:1104,17.0
diaria,LineaE:1122,LineaD:1105,13.0
diaria,LineaE:1122,LineaD:1106,8.0
diaria,LineaE:1122,LineaD:1107,7.0
diaria,LineaE:1122,LineaD:1108,6.0
diaria,LineaE:1122,LineaD:1109,8.0
diaria,LineaE:1122,LineaD:1110,15.0
diaria,LineaE:1122,LineaD:1111,16.0
diaria,LineaE:1122,LineaD:1113,6.0
diaria,LineaE:1122,LineaD:1114,7.0
diaria,LineaE:1122,LineaD:1115,11.0
diaria,LineaE:1122,LineaD:1116,4.0
diaria,LineaE:1122,LineaD:1117,4.0
diaria,LineaE:1122,LineaD:1118,12.0
diaria,LineaE:1122,LineaE:1133,79.0
diaria,LineaE:1122,LineaE:1132,19.0
diaria,LineaE:1122,LineaE:1131,24.0
diaria,LineaE:1122,LineaE:1130,59.0
diaria,LineaE:1122,LineaE:1129,67.0
diaria,LineaE:1122,LineaE:1128,59.0
diaria,LineaE:1122,LineaE:1127,48.0
diaria,LineaE:1122,LineaE:1126,18.0
diaria,LineaE:1122,LineaE:1125,43.0
diaria,LineaE:1122,LineaE:1124,35.0
diaria,LineaE:1122,LineaE:1123,19.0
diaria,LineaE:1122,LineaE:1121,1.0
diaria,LineaE:1122,LineaE:1120,45.0
diaria,LineaE:1122,LineaE:1119,84.0
diaria,LineaE:1122,LineaH:1134,24.0
diaria,LineaE:1122,LineaH:1135,12.0
diaria,LineaE:1122,LineaH:1136,22.0
diaria,LineaE:1122,LineaH:1137,8.0
diaria,LineaE:1122,LineaH:1138,22.0
diaria,LineaE:1122,LineaH:1139,3.0
diaria,LineaE:1122,LineaH:1140,39.0
diaria,LineaE:1122,LineaH:1141,25.0
diaria,LineaE:1122,LineaH:1160,39.0
diaria,LineaE:1122,LineaH:1161,18.0
diaria,LineaE:1122,LineaH:1162,14.0
diaria,LineaE:1122,LineaE:1166,92.0
diaria,LineaE:1122,LineaE:1165,30.0
diaria,LineaE:1122,LineaE:1164,64.0
diaria,LineaE:1121,LineaA:1059,287.0
diaria,LineaE:1121,LineaA:1060,130.0
diaria,LineaE:1121,LineaA:1061,130.0
diaria,LineaE:1121,LineaA:1062,89.0
diaria,LineaE:1121,LineaA:1063,151.0
diaria,LineaE:1121,LineaA:1064,179.0
diaria,LineaE:1121,LineaA:1065,134.0
diaria,LineaE:1121,LineaA:1066,89.0
diaria,LineaE:1121,LineaA:1067,52.0
diaria,LineaE:1121,LineaA:1068,153.0
diaria,LineaE:1121,LineaA:1070,18.0
diaria,LineaE:1121,LineaA:1071,24.0
diaria,LineaE:1121,LineaA:1072,4.0
diaria,LineaE:1121,LineaA:1073,8.0
diaria,LineaE:1121,LineaA:1074,4.0
diaria,LineaE:1121,LineaA:1075,19.0
diaria,LineaE:1121,LineaA:1076,8.0
diaria,LineaE:1121,LineaB:1077,515.0
diaria,LineaE:1121,LineaB:1078,155.0
diaria,LineaE:1121,LineaB:1079,164.0
diaria,LineaE:1121,LineaB:1080,55.0
diaria,LineaE:1121,LineaB:1081,533.0
diaria,LineaE:1121,LineaB:1082,94.0
diaria,LineaE:1121,LineaB:1084,293.0
diaria,LineaE:1121,LineaB:1083,214.0
diaria,LineaE:1121,LineaB:1085,209.0
diaria,LineaE:1121,LineaB:1086,132.0
diaria,LineaE:1121,LineaB:1087,21.0
diaria,LineaE:1121,LineaB:1088,32.0
diaria,LineaE:1121,LineaB:1089,72.0
diaria,LineaE:1121,LineaB:1090,34.0
diaria,LineaE:1121,LineaB:1091,45.0
diaria,LineaE:1121,LineaB:1092,41.0
diaria,LineaE:1121,LineaB:1093,22.0
diaria,LineaE:1121,LineaC:1094,1297.0
diaria,LineaE:1121,LineaC:1095,12.0
diaria,LineaE:1121,LineaC:1096,24.0
diaria,LineaE:1121,LineaC:1097,17.0
diaria,LineaE:1121,LineaC:1098,16.0
diaria,LineaE:1121,LineaC:1099,51.0
diaria,LineaE:1121,LineaC:1100,83.0
diaria,LineaE:1121,LineaC:1101,70.0
diaria,LineaE:1121,LineaC:1102,1420.0
diaria,LineaE:1121,LineaD:1103,602.0
diaria,LineaE:1121,LineaD:1104,186.0
diaria,LineaE:1121,LineaD:1105,173.0
diaria,LineaE:1121,LineaD:1106,166.0
diaria,LineaE:1121,LineaD:1107,104.0
diaria,LineaE:1121,LineaD:1108,151.0
diaria,LineaE:1121,LineaD:1109,133.0
diaria,LineaE:1121,LineaD:1110,145.0
diaria,LineaE:1121,LineaD:1111,202.0
diaria,LineaE:1121,LineaD:1112,147.0
diaria,LineaE:1121,LineaD:1113,72.0
diaria,LineaE:1121,LineaD:1114,101.0
diaria,LineaE:1121,LineaD:1115,68.0
diaria,LineaE:1121,LineaD:1116,20.0
diaria,LineaE:1121,LineaD:1117,17.0
diaria,LineaE:1121,LineaD:1118,44.0
diaria,LineaE:1121,LineaE:1133,405.0
diaria,LineaE:1121,LineaE:1132,121.0
diaria,LineaE:1121,LineaE:1131,158.0
diaria,LineaE:1121,LineaE:1130,343.0
diaria,LineaE:1121,LineaE:1129,465.0
diaria,LineaE:1121,LineaE:1128,340.0
diaria,LineaE:1121,LineaE:1127,217.0
diaria,LineaE:1121,LineaE:1126,112.0
diaria,LineaE:1121,LineaE:1125,39.0
diaria,LineaE:1121,LineaE:1124,48.0
diaria,LineaE:1121,LineaE:1123,48.0
diaria,LineaE:1121,LineaE:1122,1.0
diaria,LineaE:1121,LineaE:1120,8.0
diaria,LineaE:1121,LineaE:1119,103.0
diaria,LineaE:1121,LineaH:1134,57.0
diaria,LineaE:1121,LineaH:1135,29.0
diaria,LineaE:1121,LineaH:1136,13.0
diaria,LineaE:1121,LineaH:1137,29.0
diaria,LineaE:1121,LineaH:1138,42.0
diaria,LineaE:1121,LineaH:1140,104.0
diaria,LineaE:1121,LineaH:1141,51.0
diaria,LineaE:1121,LineaH:1160,100.0
diaria,LineaE:1121,LineaH:1161,33.0
diaria,LineaE:1121,LineaH:1162,34.0
diaria,LineaE:1121,LineaH:1163,12.0
diaria,LineaE:1121,LineaE:1166,213.0
diaria,LineaE:1121,LineaE:1165,79.0
diaria,LineaE:1121,LineaE:1164,112.0
diaria,LineaE:1120,LineaA:1059,53.0
diaria,LineaE:1120,LineaA:1060,35.0
diaria,LineaE:1120,LineaA:1061,22.0
diaria,LineaE:1120,LineaA:1062,10.0
diaria,LineaE:1120,LineaA:1063,18.0
diaria,LineaE:1120,LineaA:1064,30.0
diaria,LineaE:1120,LineaA:1065,4.0
diaria,LineaE:1120,LineaA:1066,12.0
diaria,LineaE:1120,LineaA:1067,9.0
diaria,LineaE:1120,LineaA:1068,16.0
diaria,LineaE:1120,LineaA:1069,1.0
diaria,LineaE:1120,LineaA:1070,8.0
diaria,LineaE:1120,LineaA:1071,4.0
diaria,LineaE:1120,LineaA:1072,2.0
diaria,LineaE:1120,LineaA:1073,1.0
diaria,LineaE:1120,LineaA:1074,3.0
diaria,LineaE:1120,LineaB:1077,153.0
diaria,LineaE:1120,LineaB:1078,39.0
diaria,LineaE:1120,LineaB:1079,48.0
diaria,LineaE:1120,LineaB:1080,28.0
diaria,LineaE:1120,LineaB:1081,119.0
diaria,LineaE:1120,LineaB:1082,30.0
diaria,LineaE:1120,LineaB:1084,93.0
diaria,LineaE:1120,LineaB:1083,41.0
diaria,LineaE:1120,LineaB:1085,43.0
diaria,LineaE:1120,LineaB:1086,46.0
diaria,LineaE:1120,LineaB:1087,12.0
diaria,LineaE:1120,LineaB:1088,4.0
diaria,LineaE:1120,LineaB:1089,10.0
diaria,LineaE:1120,LineaB:1090,13.0
diaria,LineaE:1120,LineaB:1092,13.0
diaria,LineaE:1120,LineaB:1093,9.0
diaria,LineaE:1120,LineaC:1094,79.0
diaria,LineaE:1120,LineaC:1097,5.0
diaria,LineaE:1120,LineaC:1099,2.0
diaria,LineaE:1120,LineaC:1101,5.0
diaria,LineaE:1120,LineaC:1102,93.0
diaria,LineaE:1120,LineaD:1103,49.0
diaria,LineaE:1120,LineaD:1104,16.0
diaria,LineaE:1120,LineaD:1105,13.0
diaria,LineaE:1120,LineaD:1106,16.0
diaria,LineaE:1120,LineaD:1107,4.0
diaria,LineaE:1120,LineaD:1108,7.0
diaria,LineaE:1120,LineaD:1109,6.0
diaria,LineaE:1120,LineaD:1110,5.0
diaria,LineaE:1120,LineaD:1111,2.0
diaria,LineaE:1120,LineaD:1112,8.0
diaria,LineaE:1120,LineaD:1113,6.0
diaria,LineaE:1120,LineaD:1114,2.0
diaria,LineaE:1120,LineaD:1115,13.0
diaria,LineaE:1120,LineaD:1116,14.0
diaria,LineaE:1120,LineaD:1117,5.0
diaria,LineaE:1120,LineaD:1118,9.0
diaria,LineaE:1120,LineaE:1133,263.0
diaria,LineaE:1120,LineaE:1132,61.0
diaria,LineaE:1120,LineaE:1131,76.0
diaria,LineaE:1120,LineaE:1130,142.0
diaria,LineaE:1120,LineaE:1129,153.0
diaria,LineaE:1120,LineaE:1128,172.0
diaria,LineaE:1120,LineaE:1127,154.0
diaria,LineaE:1120,LineaE:1126,103.0
diaria,LineaE:1120,LineaE:1125,51.0
diaria,LineaE:1120,LineaE:1124,80.0
diaria,LineaE:1120,LineaE:1123,87.0
diaria,LineaE:1120,LineaE:1122,32.0
diaria,LineaE:1120,LineaE:1121,13.0
diaria,LineaE:1120,LineaE:1119,7.0
diaria,LineaE:1120,LineaH:1134,58.0
diaria,LineaE:1120,LineaH:1135,71.0
diaria,LineaE:1120,LineaH:1136,30.0
diaria,LineaE:1120,LineaH:1137,47.0
diaria,LineaE:1120,LineaH:1138,34.0
diaria,LineaE:1120,LineaH:1139,14.0
diaria,LineaE:1120,LineaH:1140,9.0
diaria,LineaE:1120,LineaH:1141,1.0
diaria,LineaE:1120,LineaH:1160,13.0
diaria,LineaE:1120,LineaH:1162,9.0
diaria,LineaE:1120,LineaH:1163,8.0
diaria,LineaE:1120,LineaE:1166,70.0
diaria,LineaE:1120,LineaE:1165,68.0
diaria,LineaE:1120,LineaE:1164,91.0
diaria,LineaE:1119,LineaA:1059,201.0
diaria,LineaE:1119,LineaA:1060,76.0
diaria,LineaE:1119,LineaA:1061,73.0
diaria,LineaE:1119,LineaA:1062,35.0
diaria,LineaE:1119,LineaA:1063,71.0
diaria,LineaE:1119,LineaA:1064,87.0
diaria,LineaE:1119,LineaA:1065,84.0
diaria,LineaE:1119,LineaA:1066,35.0
diaria,LineaE:1119,LineaA:1067,24.0
diaria,LineaE:1119,LineaA:1068,112.0
diaria,LineaE:1119,LineaA:1069,4.0
diaria,LineaE:1119,LineaA:1070,20.0
diaria,LineaE:1119,LineaA:1071,65.0
diaria,LineaE:1119,LineaA:1072,30.0
diaria,LineaE:1119,LineaA:1073,1.0
diaria,LineaE:1119,LineaA:1075,16.0
diaria,LineaE:1119,LineaA:1076,9.0
diaria,LineaE:1119,LineaB:1077,246.0
diaria,LineaE:1119,LineaB:1078,69.0
diaria,LineaE:1119,LineaB:1079,61.0
diaria,LineaE:1119,LineaB:1080,9.0
diaria,LineaE:1119,LineaB:1081,257.0
diaria,LineaE:1119,LineaB:1082,80.0
diaria,LineaE:1119,LineaB:1084,102.0
diaria,LineaE:1119,LineaB:1083,62.0
diaria,LineaE:1119,LineaB:1085,58.0
diaria,LineaE:1119,LineaB:1086,32.0
diaria,LineaE:1119,LineaB:1087,9.0
diaria,LineaE:1119,LineaB:1088,16.0
diaria,LineaE:1119,LineaB:1089,35.0
diaria,LineaE:1119,LineaB:1090,18.0
diaria,LineaE:1119,LineaB:1091,5.0
diaria,LineaE:1119,LineaB:1092,1.0
diaria,LineaE:1119,LineaB:1093,1.0
diaria,LineaE:1119,LineaC:1094,430.0
diaria,LineaE:1119,LineaC:1095,5.0
diaria,LineaE:1119,LineaC:1096,44.0
diaria,LineaE:1119,LineaC:1101,16.0
diaria,LineaE:1119,LineaC:1102,156.0
diaria,LineaE:1119,LineaD:1103,264.0
diaria,LineaE:1119,LineaD:1104,116.0
diaria,LineaE:1119,LineaD:1105,78.0
diaria,LineaE:1119,LineaD:1106,70.0
diaria,LineaE:1119,LineaD:1107,85.0
diaria,LineaE:1119,LineaD:1108,116.0
diaria,LineaE:1119,LineaD:1109,68.0
diaria,LineaE:1119,LineaD:1110,67.0
diaria,LineaE:1119,LineaD:1111,110.0
diaria,LineaE:1119,LineaD:1112,44.0
diaria,LineaE:1119,LineaD:1113,56.0
diaria,LineaE:1119,LineaD:1114,59.0
diaria,LineaE:1119,LineaD:1115,72.0
diaria,LineaE:1119,LineaD:1116,33.0
diaria,LineaE:1119,LineaD:1118,11.0
diaria,LineaE:1119,LineaE:1133,529.0
diaria,LineaE:1119,LineaE:1132,175.0
diaria,LineaE:1119,LineaE:1131,146.0
diaria,LineaE:1119,LineaE:1130,320.0
diaria,LineaE:1119,LineaE:1129,289.0
diaria,LineaE:1119,LineaE:1128,371.0
diaria,LineaE:1119,LineaE:1127,348.0
diaria,LineaE:1119,LineaE:1126,206.0
diaria,LineaE:1119,LineaE:1125,137.0
diaria,LineaE:1119,LineaE:1124,171.0
diaria,LineaE:1119,LineaE:1123,172.0
diaria,LineaE:1119,LineaE:1122,79.0
diaria,LineaE:1119,LineaE:1121,121.0
diaria,LineaE:1119,LineaE:1120,15.0
diaria,LineaE:1119,LineaH:1134,90.0
diaria,LineaE:1119,LineaH:1135,61.0
diaria,LineaE:1119,LineaH:1136,40.0
diaria,LineaE:1119,LineaH:1137,46.0
diaria,LineaE:1119,LineaH:1138,53.0
diaria,LineaE:1119,LineaH:1139,5.0
diaria,LineaE:1119,LineaH:1140,18.0
diaria,LineaE:1119,LineaH:1141,4.0
diaria,LineaE:1119,LineaH:1160,9.0
diaria,LineaE:1119,LineaH:1161,25.0
diaria,LineaE:1119,LineaH:1162,20.0
diaria,LineaE:1119,LineaH:1163,4.0
diaria,LineaE:1119,LineaE:1166,31.0
diaria,LineaE:1119,LineaE:1165,90.0
diaria,LineaE:1119,LineaE:1164,244.0
diaria,LineaH:1134,LineaA:1059,168.0
diaria,LineaH:1134,LineaA:1060,50.0
diaria,LineaH:1134,LineaA:1061,59.0
diaria,LineaH:1134,LineaA:1062,29.0
diaria,LineaH:1134,LineaA:1063,64.0
diaria,LineaH:1134,LineaA:1064,107.0
diaria,LineaH:1134,LineaA:1065,59.0
diaria,LineaH:1134,LineaA:1066,52.0
diaria,LineaH:1134,LineaA:1067,67.0
diaria,LineaH:1134,LineaA:1068,81.0
diaria,LineaH:1134,LineaA:1069,110.0
diaria,LineaH:1134,LineaA:1070,18.0
diaria,LineaH:1134,LineaA:1071,97.0
diaria,LineaH:1134,LineaA:1072,90.0
diaria,LineaH:1134,LineaA:1073,50.0
diaria,LineaH:1134,LineaA:1074,68.0
diaria,LineaH:1134,LineaA:1075,94.0
diaria,LineaH:1134,LineaA:1076,139.0
diaria,LineaH:1134,LineaB:1077,473.0
diaria,LineaH:1134,LineaB:1078,105.0
diaria,LineaH:1134,LineaB:1079,108.0
diaria,LineaH:1134,LineaB:1080,118.0
diaria,LineaH:1134,LineaB:1081,336.0
diaria,LineaH:1134,LineaB:1082,242.0
diaria,LineaH:1134,LineaB:1084,218.0
diaria,LineaH:1134,LineaB:1083,178.0
diaria,LineaH:1134,LineaB:1085,182.0
diaria,LineaH:1134,LineaB:1086,212.0
diaria,LineaH:1134,LineaB:1087,92.0
diaria,LineaH:1134,LineaB:1088,96.0
diaria,LineaH:1134,LineaB:1089,196.0
diaria,LineaH:1134,LineaB:1090,156.0
diaria,LineaH:1134,LineaB:1091,141.0
diaria,LineaH:1134,LineaB:1092,218.0
diaria,LineaH:1134,LineaB:1093,87.0
diaria,LineaH:1134,LineaC:1094,38.0
diaria,LineaH:1134,LineaC:1095,18.0
diaria,LineaH:1134,LineaC:1096,64.0
diaria,LineaH:1134,LineaC:1097,8.0
diaria,LineaH:1134,LineaC:1098,34.0
diaria,LineaH:1134,LineaC:1099,12.0
diaria,LineaH:1134,LineaC:1100,32.0
diaria,LineaH:1134,LineaC:1101,18.0
diaria,LineaH:1134,LineaC:1102,58.0
diaria,LineaH:1134,LineaD:1103,644.0
diaria,LineaH:1134,LineaD:1104,355.0
diaria,LineaH:1134,LineaD:1105,245.0
diaria,LineaH:1134,LineaD:1106,278.0
diaria,LineaH:1134,LineaD:1107,279.0
diaria,LineaH:1134,LineaD:1108,399.0
diaria,LineaH:1134,LineaD:1109,237.0
diaria,LineaH:1134,LineaD:1110,251.0
diaria,LineaH:1134,LineaD:1111,257.0
diaria,LineaH:1134,LineaD:1112,151.0
diaria,LineaH:1134,LineaD:1113,84.0
diaria,LineaH:1134,LineaD:1114,107.0
diaria,LineaH:1134,LineaD:1115,177.0
diaria,LineaH:1134,LineaD:1116,91.0
diaria,LineaH:1134,LineaD:1117,4.0
diaria,LineaH:1134,LineaD:1118,46.0
diaria,LineaH:1134,LineaE:1133,26.0
diaria,LineaH:1134,LineaE:1132,12.0
diaria,LineaH:1134,LineaE:1131,15.0
diaria,LineaH:1134,LineaE:1130,42.0
diaria,LineaH:1134,LineaE:1129,17.0
diaria,LineaH:1134,LineaE:1128,12.0
diaria,LineaH:1134,LineaE:1127,14.0
diaria,LineaH:1134,LineaE:1126,14.0
diaria,LineaH:1134,LineaE:1125,40.0
diaria,LineaH:1134,LineaE:1124,42.0
diaria,LineaH:1134,LineaE:1123,30.0
diaria,LineaH:1134,LineaE:1122,45.0
diaria,LineaH:1134,LineaE:1121,86.0
diaria,LineaH:1134,LineaE:1120,95.0
diaria,LineaH:1134,LineaE:1119,141.0
diaria,LineaH:1134,LineaH:1135,38.0
diaria,LineaH:1134,LineaH:1136,94.0
diaria,LineaH:1134,LineaH:1137,92.0
diaria,LineaH:1134,LineaH:1138,154.0
diaria,LineaH:1134,LineaH:1139,242.0
diaria,LineaH:1134,LineaH:1140,810.0
diaria,LineaH:1134,LineaH:1141,524.0
diaria,LineaH:1134,LineaH:1160,622.0
diaria,LineaH:1134,LineaH:1161,865.0
diaria,LineaH:1134,LineaH:1162,1029.0
diaria,LineaH:1134,LineaH:1163,400.0
diaria,LineaH:1134,LineaE:1166,114.0
diaria,LineaH:1134,LineaE:1165,87.0
diaria,LineaH:1134,LineaE:1164,58.0
diaria,LineaH:1135,LineaA:1059,186.0
diaria,LineaH:1135,LineaA:1060,65.0
diaria,LineaH:1135,LineaA:1061,46.0
diaria,LineaH:1135,LineaA:1062,32.0
diaria,LineaH:1135,LineaA:1063,93.0
diaria,LineaH:1135,LineaA:1064,126.0
diaria,LineaH:1135,LineaA:1065,27.0
diaria,LineaH:1135,LineaA:1066,106.0
diaria,LineaH:1135,LineaA:1067,55.0
diaria,LineaH:1135,LineaA:1068,36.0
diaria,LineaH:1135,LineaA:1069,52.0
diaria,LineaH:1135,LineaA:1070,6.0
diaria,LineaH:1135,LineaA:1071,33.0
diaria,LineaH:1135,LineaA:1072,31.0
diaria,LineaH:1135,LineaA:1073,21.0
diaria,LineaH:1135,LineaA:1074,19.0
diaria,LineaH:1135,LineaA:1075,48.0
diaria,LineaH:1135,LineaA:1076,78.0
diaria,LineaH:1135,LineaB:1077,464.0
diaria,LineaH:1135,LineaB:1078,106.0
diaria,LineaH:1135,LineaB:1079,125.0
diaria,LineaH:1135,LineaB:1080,80.0
diaria,LineaH:1135,LineaB:1081,309.0
diaria,LineaH:1135,LineaB:1082,194.0
diaria,LineaH:1135,LineaB:1084,263.0
diaria,LineaH:1135,LineaB:1083,158.0
diaria,LineaH:1135,LineaB:1085,220.0
diaria,LineaH:1135,LineaB:1086,238.0
diaria,LineaH:1135,LineaB:1087,48.0
diaria,LineaH:1135,LineaB:1088,80.0
diaria,LineaH:1135,LineaB:1089,65.0
diaria,LineaH:1135,LineaB:1090,67.0
diaria,LineaH:1135,LineaB:1091,74.0
diaria,LineaH:1135,LineaB:1092,112.0
diaria,LineaH:1135,LineaB:1093,50.0
diaria,LineaH:1135,LineaC:1094,34.0
diaria,LineaH:1135,LineaC:1095,16.0
diaria,LineaH:1135,LineaC:1096,38.0
diaria,LineaH:1135,LineaC:1097,3.0
diaria,LineaH:1135,LineaC:1098,25.0
diaria,LineaH:1135,LineaC:1099,13.0
diaria,LineaH:1135,LineaC:1100,20.0
diaria,LineaH:1135,LineaC:1101,13.0
diaria,LineaH:1135,LineaC:1102,62.0
diaria,LineaH:1135,LineaD:1103,603.0
diaria,LineaH:1135,LineaD:1104,253.0
diaria,LineaH:1135,LineaD:1105,174.0
diaria,LineaH:1135,LineaD:1106,218.0
diaria,LineaH:1135,LineaD:1107,208.0
diaria,LineaH:1135,LineaD:1108,251.0
diaria,LineaH:1135,LineaD:1109,146.0
diaria,LineaH:1135,LineaD:1110,179.0
diaria,LineaH:1135,LineaD:1111,256.0
diaria,LineaH:1135,LineaD:1112,99.0
diaria,LineaH:1135,LineaD:1113,70.0
diaria,LineaH:1135,LineaD:1114,95.0
diaria,LineaH:1135,LineaD:1115,96.0
diaria,LineaH:1135,LineaD:1116,45.0
diaria,LineaH:1135,LineaD:1117,11.0
diaria,LineaH:1135,LineaD:1118,66.0
diaria,LineaH:1135,LineaE:1133,30.0
diaria,LineaH:1135,LineaE:1132,14.0
diaria,LineaH:1135,LineaE:1131,16.0
diaria,LineaH:1135,LineaE:1130,29.0
diaria,LineaH:1135,LineaE:1129,26.0
diaria,LineaH:1135,LineaE:1128,22.0
diaria,LineaH:1135,LineaE:1127,41.0
diaria,LineaH:1135,LineaE:1126,13.0
diaria,LineaH:1135,LineaE:1125,16.0
diaria,LineaH:1135,LineaE:1124,25.0
diaria,LineaH:1135,LineaE:1123,19.0
diaria,LineaH:1135,LineaE:1122,15.0
diaria,LineaH:1135,LineaE:1121,37.0
diaria,LineaH:1135,LineaE:1120,84.0
diaria,LineaH:1135,LineaE:1119,65.0
diaria,LineaH:1135,LineaH:1134,34.0
diaria,LineaH:1135,LineaH:1136,25.0
diaria,LineaH:1135,LineaH:1137,101.0
diaria,LineaH:1135,LineaH:1138,128.0
diaria,LineaH:1135,LineaH:1139,125.0
diaria,LineaH:1135,LineaH:1140,654.0
diaria,LineaH:1135,LineaH:1141,287.0
diaria,LineaH:1135,LineaH:1160,402.0
diaria,LineaH:1135,LineaH:1161,687.0
diaria,LineaH:1135,LineaH:1162,668.0
diaria,LineaH:1135,LineaH:1163,247.0
diaria,LineaH:1135,LineaE:1166,73.0
diaria,LineaH:1135,LineaE:1165,30.0
diaria,LineaH:1135,LineaE:1164,74.0
diaria,LineaH:1136,LineaA:1059,120.0
diaria,LineaH:1136,LineaA:1060,55.0
diaria,LineaH:1136,LineaA:1061,48.0
diaria,LineaH:1136,LineaA:1062,22.0
diaria,LineaH:1136,LineaA:1063,54.0
diaria,LineaH:1136,LineaA:1064,97.0
diaria,LineaH:1136,LineaA:1065,61.0
diaria,LineaH:1136,LineaA:1066,92.0
diaria,LineaH:1136,LineaA:1067,59.0
diaria,LineaH:1136,LineaA:1068,22.0
diaria,LineaH:1136,LineaA:1069,18.0
diaria,LineaH:1136,LineaA:1070,6.0
diaria,LineaH:1136,LineaA:1071,30.0
diaria,LineaH:1136,LineaA:1072,21.0
diaria,LineaH:1136,LineaA:1073,12.0
diaria,LineaH:1136,LineaA:1074,2.0
diaria,LineaH:1136,LineaA:1075,26.0
diaria,LineaH:1136,LineaA:1076,40.0
diaria,LineaH:1136,LineaB:1077,289.0
diaria,LineaH:1136,LineaB:1078,66.0
diaria,LineaH:1136,LineaB:1079,82.0
diaria,LineaH:1136,LineaB:1080,78.0
diaria,LineaH:1136,LineaB:1081,261.0
diaria,LineaH:1136,LineaB:1082,102.0
diaria,LineaH:1136,LineaB:1084,145.0
diaria,LineaH:1136,LineaB:1083,126.0
diaria,LineaH:1136,LineaB:1085,158.0
diaria,LineaH:1136,LineaB:1086,107.0
diaria,LineaH:1136,LineaB:1087,21.0
diaria,LineaH:1136,LineaB:1088,29.0
diaria,LineaH:1136,LineaB:1089,68.0
diaria,LineaH:1136,LineaB:1090,33.0
diaria,LineaH:1136,LineaB:1091,51.0
diaria,LineaH:1136,LineaB:1092,66.0
diaria,LineaH:1136,LineaB:1093,23.0
diaria,LineaH:1136,LineaC:1094,20.0
diaria,LineaH:1136,LineaC:1095,6.0
diaria,LineaH:1136,LineaC:1096,16.0
diaria,LineaH:1136,LineaC:1097,2.0
diaria,LineaH:1136,LineaC:1098,3.0
diaria,LineaH:1136,LineaC:1099,6.0
diaria,LineaH:1136,LineaC:1101,2.0
diaria,LineaH:1136,LineaC:1102,30.0
diaria,LineaH:1136,LineaD:1103,303.0
diaria,LineaH:1136,LineaD:1104,135.0
diaria,LineaH:1136,LineaD:1105,54.0
diaria,LineaH:1136,LineaD:1106,96.0
diaria,LineaH:1136,LineaD:1107,91.0
diaria,LineaH:1136,LineaD:1108,106.0
diaria,LineaH:1136,LineaD:1109,66.0
diaria,LineaH:1136,LineaD:1110,86.0
diaria,LineaH:1136,LineaD:1111,126.0
diaria,LineaH:1136,LineaD:1112,38.0
diaria,LineaH:1136,LineaD:1113,39.0
diaria,LineaH:1136,LineaD:1114,25.0
diaria,LineaH:1136,LineaD:1115,21.0
diaria,LineaH:1136,LineaD:1116,19.0
diaria,LineaH:1136,LineaD:1117,2.0
diaria,LineaH:1136,LineaD:1118,47.0
diaria,LineaH:1136,LineaE:1133,32.0
diaria,LineaH:1136,LineaE:1131,2.0
diaria,LineaH:1136,LineaE:1130,19.0
diaria,LineaH:1136,LineaE:1129,14.0
diaria,LineaH:1136,LineaE:1128,22.0
diaria,LineaH:1136,LineaE:1127,64.0
diaria,LineaH:1136,LineaE:1126,14.0
diaria,LineaH:1136,LineaE:1125,22.0
diaria,LineaH:1136,LineaE:1124,13.0
diaria,LineaH:1136,LineaE:1123,10.0
diaria,LineaH:1136,LineaE:1122,11.0
diaria,LineaH:1136,LineaE:1121,35.0
diaria,LineaH:1136,LineaE:1120,36.0
diaria,LineaH:1136,LineaE:1119,55.0
diaria,LineaH:1136,LineaH:1134,61.0
diaria,LineaH:1136,LineaH:1135,22.0
diaria,LineaH:1136,LineaH:1137,49.0
diaria,LineaH:1136,LineaH:1138,126.0
diaria,LineaH:1136,LineaH:1139,128.0
diaria,LineaH:1136,LineaH:1140,505.0
diaria,LineaH:1136,LineaH:1141,170.0
diaria,LineaH:1136,LineaH:1160,247.0
diaria,LineaH:1136,LineaH:1161,361.0
diaria,LineaH:1136,LineaH:1162,343.0
diaria,LineaH:1136,LineaH:1163,87.0
diaria,LineaH:1136,LineaE:1166,36.0
diaria,LineaH:1136,LineaE:1165,28.0
diaria,LineaH:1136,LineaE:1164,38.0
diaria,LineaH:1137,LineaA:1059,115.0
diaria,LineaH:1137,LineaA:1060,27.0
diaria,LineaH:1137,LineaA:1061,45.0
diaria,LineaH:1137,LineaA:1062,28.0
diaria,LineaH:1137,LineaA:1063,48.0
diaria,LineaH:1137,LineaA:1064,121.0
diaria,LineaH:1137,LineaA:1065,53.0
diaria,LineaH:1137,LineaA:1066,58.0
diaria,LineaH:1137,LineaA:1067,52.0
diaria,LineaH:1137,LineaA:1068,13.0
diaria,LineaH:1137,LineaA:1069,12.0
diaria,LineaH:1137,LineaA:1071,53.0
diaria,LineaH:1137,LineaA:1072,23.0
diaria,LineaH:1137,LineaA:1073,24.0
diaria,LineaH:1137,LineaA:1074,28.0
diaria,LineaH:1137,LineaA:1075,25.0
diaria,LineaH:1137,LineaA:1076,20.0
diaria,LineaH:1137,LineaB:1077,131.0
diaria,LineaH:1137,LineaB:1078,30.0
diaria,LineaH:1137,LineaB:1079,35.0
diaria,LineaH:1137,LineaB:1080,29.0
diaria,LineaH:1137,LineaB:1081,114.0
diaria,LineaH:1137,LineaB:1082,84.0
diaria,LineaH:1137,LineaB:1084,112.0
diaria,LineaH:1137,LineaB:1083,99.0
diaria,LineaH:1137,LineaB:1085,114.0
diaria,LineaH:1137,LineaB:1086,95.0
diaria,LineaH:1137,LineaB:1087,28.0
diaria,LineaH:1137,LineaB:1088,45.0
diaria,LineaH:1137,LineaB:1089,64.0
diaria,LineaH:1137,LineaB:1090,42.0
diaria,LineaH:1137,LineaB:1091,56.0
diaria,LineaH:1137,LineaB:1092,56.0
diaria,LineaH:1137,LineaB:1093,16.0
diaria,LineaH:1137,LineaC:1094,2.0
diaria,LineaH:1137,LineaC:1096,22.0
diaria,LineaH:1137,LineaC:1098,6.0
diaria,LineaH:1137,LineaC:1099,7.0
diaria,LineaH:1137,LineaC:1100,2.0
diaria,LineaH:1137,LineaC:1102,19.0
diaria,LineaH:1137,LineaD:1103,152.0
diaria,LineaH:1137,LineaD:1104,83.0
diaria,LineaH:1137,LineaD:1105,79.0
diaria,LineaH:1137,LineaD:1106,43.0
diaria,LineaH:1137,LineaD:1107,45.0
diaria,LineaH:1137,LineaD:1108,79.0
diaria,LineaH:1137,LineaD:1109,66.0
diaria,LineaH:1137,LineaD:1110,66.0
diaria,LineaH:1137,LineaD:1111,97.0
diaria,LineaH:1137,LineaD:1112,37.0
diaria,LineaH:1137,LineaD:1113,18.0
diaria,LineaH:1137,LineaD:1114,38.0
diaria,LineaH:1137,LineaD:1115,61.0
diaria,LineaH:1137,LineaD:1116,32.0
diaria,LineaH:1137,LineaD:1118,16.0
diaria,LineaH:1137,LineaE:1133,6.0
diaria,LineaH:1137,LineaE:1132,5.0
diaria,LineaH:1137,LineaE:1130,20.0
diaria,LineaH:1137,LineaE:1129,5.0
diaria,LineaH:1137,LineaE:1128,36.0
diaria,LineaH:1137,LineaE:1127,28.0
diaria,LineaH:1137,LineaE:1126,2.0
diaria,LineaH:1137,LineaE:1125,5.0
diaria,LineaH:1137,LineaE:1124,6.0
diaria,LineaH:1137,LineaE:1123,5.0
diaria,LineaH:1137,LineaE:1122,3.0
diaria,LineaH:1137,LineaE:1121,33.0
diaria,LineaH:1137,LineaE:1120,41.0
diaria,LineaH:1137,LineaE:1119,34.0
diaria,LineaH:1137,LineaH:1134,67.0
diaria,LineaH:1137,LineaH:1135,105.0
diaria,LineaH:1137,LineaH:1136,44.0
diaria,LineaH:1137,LineaH:1138,59.0
diaria,LineaH:1137,LineaH:1139,73.0
diaria,LineaH:1137,LineaH:1140,243.0
diaria,LineaH:1137,LineaH:1141,187.0
diaria,LineaH:1137,LineaH:1160,185.0
diaria,LineaH:1137,LineaH:1161,277.0
diaria,LineaH:1137,LineaH:1162,188.0
diaria,LineaH:1137,LineaH:1163,69.0
diaria,LineaH:1137,LineaE:1166,22.0
diaria,LineaH:1137,LineaE:1165,27.0
diaria,LineaH:1137,LineaE:1164,25.0
diaria,LineaH:1138,LineaA:1059,118.0
diaria,LineaH:1138,LineaA:1060,34.0
diaria,LineaH:1138,LineaA:1061,18.0
diaria,LineaH:1138,LineaA:1062,18.0
diaria,LineaH:1138,LineaA:1063,38.0
diaria,LineaH:1138,LineaA:1064,51.0
diaria,LineaH:1138,LineaA:1065,62.0
diaria,LineaH:1138,LineaA:1066,54.0
diaria,LineaH:1138,LineaA:1067,51.0
diaria,LineaH:1138,LineaA:1068,19.0
diaria,LineaH:1138,LineaA:1069,20.0
diaria,LineaH:1138,LineaA:1070,6.0
diaria,LineaH:1138,LineaA:1071,50.0
diaria,LineaH:1138,LineaA:1072,26.0
diaria,LineaH:1138,LineaA:1073,8.0
diaria,LineaH:1138,LineaA:1074,8.0
diaria,LineaH:1138,LineaA:1075,8.0
diaria,LineaH:1138,LineaA:1076,18.0
diaria,LineaH:1138,LineaB:1077,177.0
diaria,LineaH:1138,LineaB:1078,24.0
diaria,LineaH:1138,LineaB:1079,36.0
diaria,LineaH:1138,LineaB:1080,26.0
diaria,LineaH:1138,LineaB:1081,206.0
diaria,LineaH:1138,LineaB:1082,91.0
diaria,LineaH:1138,LineaB:1084,126.0
diaria,LineaH:1138,LineaB:1083,138.0
diaria,LineaH:1138,LineaB:1085,152.0
diaria,LineaH:1138,LineaB:1086,128.0
diaria,LineaH:1138,LineaB:1087,28.0
diaria,LineaH:1138,LineaB:1088,31.0
diaria,LineaH:1138,LineaB:1089,65.0
diaria,LineaH:1138,LineaB:1090,87.0
diaria,LineaH:1138,LineaB:1091,41.0
diaria,LineaH:1138,LineaB:1092,39.0
diaria,LineaH:1138,LineaB:1093,11.0
diaria,LineaH:1138,LineaC:1094,52.0
diaria,LineaH:1138,LineaC:1096,26.0
diaria,LineaH:1138,LineaC:1098,2.0
diaria,LineaH:1138,LineaC:1099,3.0
diaria,LineaH:1138,LineaC:1100,9.0
diaria,LineaH:1138,LineaC:1101,2.0
diaria,LineaH:1138,LineaC:1102,38.0
diaria,LineaH:1138,LineaD:1103,175.0
diaria,LineaH:1138,LineaD:1104,82.0
diaria,LineaH:1138,LineaD:1105,50.0
diaria,LineaH:1138,LineaD:1106,69.0
diaria,LineaH:1138,LineaD:1107,33.0
diaria,LineaH:1138,LineaD:1108,101.0
diaria,LineaH:1138,LineaD:1109,75.0
diaria,LineaH:1138,LineaD:1110,52.0
diaria,LineaH:1138,LineaD:1111,77.0
diaria,LineaH:1138,LineaD:1112,30.0
diaria,LineaH:1138,LineaD:1113,16.0
diaria,LineaH:1138,LineaD:1114,31.0
diaria,LineaH:1138,LineaD:1115,73.0
diaria,LineaH:1138,LineaD:1116,15.0
diaria,LineaH:1138,LineaD:1117,4.0
diaria,LineaH:1138,LineaD:1118,9.0
diaria,LineaH:1138,LineaE:1133,28.0
diaria,LineaH:1138,LineaE:1132,8.0
diaria,LineaH:1138,LineaE:1131,11.0
diaria,LineaH:1138,LineaE:1130,13.0
diaria,LineaH:1138,LineaE:1129,13.0
diaria,LineaH:1138,LineaE:1128,31.0
diaria,LineaH:1138,LineaE:1127,25.0
diaria,LineaH:1138,LineaE:1126,9.0
diaria,LineaH:1138,LineaE:1125,22.0
diaria,LineaH:1138,LineaE:1124,16.0
diaria,LineaH:1138,LineaE:1123,16.0
diaria,LineaH:1138,LineaE:1122,8.0
diaria,LineaH:1138,LineaE:1121,47.0
diaria,LineaH:1138,LineaE:1120,18.0
diaria,LineaH:1138,LineaE:1119,46.0
diaria,LineaH:1138,LineaH:1134,128.0
diaria,LineaH:1138,LineaH:1135,138.0
diaria,LineaH:1138,LineaH:1136,126.0
diaria,LineaH:1138,LineaH:1137,52.0
diaria,LineaH:1138,LineaH:1139,37.0
diaria,LineaH:1138,LineaH:1140,198.0
diaria,LineaH:1138,LineaH:1141,169.0
diaria,LineaH:1138,LineaH:1160,219.0
diaria,LineaH:1138,LineaH:1161,311.0
diaria,LineaH:1138,LineaH:1162,228.0
diaria,LineaH:1138,LineaH:1163,118.0
diaria,LineaH:1138,LineaE:1166,45.0
diaria,LineaH:1138,LineaE:1165,30.0
diaria,LineaH:1138,LineaE:1164,39.0
diaria,LineaH:1139,LineaA:1059,96.0
diaria,LineaH:1139,LineaA:1060,38.0
diaria,LineaH:1139,LineaA:1061,40.0
diaria,LineaH:1139,LineaA:1062,26.0
diaria,LineaH:1139,LineaA:1063,35.0
diaria,LineaH:1139,LineaA:1064,47.0
diaria,LineaH:1139,LineaA:1065,55.0
diaria,LineaH:1139,LineaA:1066,27.0
diaria,LineaH:1139,LineaA:1067,29.0
diaria,LineaH:1139,LineaA:1068,15.0
diaria,LineaH:1139,LineaA:1069,24.0
diaria,LineaH:1139,LineaA:1070,8.0
diaria,LineaH:1139,LineaA:1071,36.0
diaria,LineaH:1139,LineaA:1072,25.0
diaria,LineaH:1139,LineaA:1073,16.0
diaria,LineaH:1139,LineaA:1074,22.0
diaria,LineaH:1139,LineaA:1075,38.0
diaria,LineaH:1139,LineaA:1076,43.0
diaria,LineaH:1139,LineaB:1077,279.0
diaria,LineaH:1139,LineaB:1078,56.0
diaria,LineaH:1139,LineaB:1079,78.0
diaria,LineaH:1139,LineaB:1080,57.0
diaria,LineaH:1139,LineaB:1081,224.0
diaria,LineaH:1139,LineaB:1082,102.0
diaria,LineaH:1139,LineaB:1084,182.0
diaria,LineaH:1139,LineaB:1083,116.0
diaria,LineaH:1139,LineaB:1085,169.0
diaria,LineaH:1139,LineaB:1086,157.0
diaria,LineaH:1139,LineaB:1087,41.0
diaria,LineaH:1139,LineaB:1088,27.0
diaria,LineaH:1139,LineaB:1089,78.0
diaria,LineaH:1139,LineaB:1090,63.0
diaria,LineaH:1139,LineaB:1091,76.0
diaria,LineaH:1139,LineaB:1092,98.0
diaria,LineaH:1139,LineaB:1093,59.0
diaria,LineaH:1139,LineaC:1094,49.0
diaria,LineaH:1139,LineaC:1095,6.0
diaria,LineaH:1139,LineaC:1096,16.0
diaria,LineaH:1139,LineaC:1098,5.0
diaria,LineaH:1139,LineaC:1099,6.0
diaria,LineaH:1139,LineaC:1100,18.0
diaria,LineaH:1139,LineaC:1101,18.0
diaria,LineaH:1139,LineaC:1102,32.0
diaria,LineaH:1139,LineaD:1103,229.0
diaria,LineaH:1139,LineaD:1104,135.0
diaria,LineaH:1139,LineaD:1105,84.0
diaria,LineaH:1139,LineaD:1106,72.0
diaria,LineaH:1139,LineaD:1107,87.0
diaria,LineaH:1139,LineaD:1108,116.0
diaria,LineaH:1139,LineaD:1109,79.0
diaria,LineaH:1139,LineaD:1110,77.0
diaria,LineaH:1139,LineaD:1111,139.0
diaria,LineaH:1139,LineaD:1112,40.0
diaria,LineaH:1139,LineaD:1113,27.0
diaria,LineaH:1139,LineaD:1114,43.0
diaria,LineaH:1139,LineaD:1115,87.0
diaria,LineaH:1139,LineaD:1116,47.0
diaria,LineaH:1139,LineaD:1117,1.0
diaria,LineaH:1139,LineaD:1118,28.0
diaria,LineaH:1139,LineaE:1133,41.0
diaria,LineaH:1139,LineaE:1132,6.0
diaria,LineaH:1139,LineaE:1131,6.0
diaria,LineaH:1139,LineaE:1130,24.0
diaria,LineaH:1139,LineaE:1129,23.0
diaria,LineaH:1139,LineaE:1128,26.0
diaria,LineaH:1139,LineaE:1127,32.0
diaria,LineaH:1139,LineaE:1126,8.0
diaria,LineaH:1139,LineaE:1125,16.0
diaria,LineaH:1139,LineaE:1124,25.0
diaria,LineaH:1139,LineaE:1123,14.0
diaria,LineaH:1139,LineaE:1122,10.0
diaria,LineaH:1139,LineaE:1121,10.0
diaria,LineaH:1139,LineaE:1120,16.0
diaria,LineaH:1139,LineaE:1119,3.0
diaria,LineaH:1139,LineaH:1134,214.0
diaria,LineaH:1139,LineaH:1135,147.0
diaria,LineaH:1139,LineaH:1136,158.0
diaria,LineaH:1139,LineaH:1137,95.0
diaria,LineaH:1139,LineaH:1138,47.0
diaria,LineaH:1139,LineaH:1140,63.0
diaria,LineaH:1139,LineaH:1141,113.0
diaria,LineaH:1139,LineaH:1160,202.0
diaria,LineaH:1139,LineaH:1161,267.0
diaria,LineaH:1139,LineaH:1162,208.0
diaria,LineaH:1139,LineaH:1163,100.0
diaria,LineaH:1139,LineaE:1166,17.0
diaria,LineaH:1139,LineaE:1165,30.0
diaria,LineaH:1139,LineaE:1164,31.0
diaria,LineaH:1140,LineaA:1059,355.0
diaria,LineaH:1140,LineaA:1060,92.0
diaria,LineaH:1140,LineaA:1061,78.0
diaria,LineaH:1140,LineaA:1062,35.0
diaria,LineaH:1140,LineaA:1063,74.0
diaria,LineaH:1140,LineaA:1064,90.0
diaria,LineaH:1140,LineaA:1065,43.0
diaria,LineaH:1140,LineaA:1066,42.0
diaria,LineaH:1140,LineaA:1067,36.0
diaria,LineaH:1140,LineaA:1068,97.0
diaria,LineaH:1140,LineaA:1069,22.0
diaria,LineaH:1140,LineaA:1070,8.0
diaria,LineaH:1140,LineaA:1071,99.0
diaria,LineaH:1140,LineaA:1072,48.0
diaria,LineaH:1140,LineaA:1073,79.0
diaria,LineaH:1140,LineaA:1074,38.0
diaria,LineaH:1140,LineaA:1075,54.0
diaria,LineaH:1140,LineaA:1076,139.0
diaria,LineaH:1140,LineaB:1077,211.0
diaria,LineaH:1140,LineaB:1078,43.0
diaria,LineaH:1140,LineaB:1079,45.0
diaria,LineaH:1140,LineaB:1080,43.0
diaria,LineaH:1140,LineaB:1081,161.0
diaria,LineaH:1140,LineaB:1082,87.0
diaria,LineaH:1140,LineaB:1084,92.0
diaria,LineaH:1140,LineaB:1083,76.0
diaria,LineaH:1140,LineaB:1085,105.0
diaria,LineaH:1140,LineaB:1086,112.0
diaria,LineaH:1140,LineaB:1087,55.0
diaria,LineaH:1140,LineaB:1088,62.0
diaria,LineaH:1140,LineaB:1089,147.0
diaria,LineaH:1140,LineaB:1090,120.0
diaria,LineaH:1140,LineaB:1091,154.0
diaria,LineaH:1140,LineaB:1092,158.0
diaria,LineaH:1140,LineaB:1093,112.0
diaria,LineaH:1140,LineaC:1094,492.0
diaria,LineaH:1140,LineaC:1095,24.0
diaria,LineaH:1140,LineaC:1096,26.0
diaria,LineaH:1140,LineaC:1097,2.0
diaria,LineaH:1140,LineaC:1098,15.0
diaria,LineaH:1140,LineaC:1099,5.0
diaria,LineaH:1140,LineaC:1100,16.0
diaria,LineaH:1140,LineaC:1101,13.0
diaria,LineaH:1140,LineaC:1102,126.0
diaria,LineaH:1140,LineaD:1103,279.0
diaria,LineaH:1140,LineaD:1104,262.0
diaria,LineaH:1140,LineaD:1105,122.0
diaria,LineaH:1140,LineaD:1106,138.0
diaria,LineaH:1140,LineaD:1107,142.0
diaria,LineaH:1140,LineaD:1108,159.0
diaria,LineaH:1140,LineaD:1109,218.0
diaria,LineaH:1140,LineaD:1110,130.0
diaria,LineaH:1140,LineaD:1111,172.0
diaria,LineaH:1140,LineaD:1112,130.0
diaria,LineaH:1140,LineaD:1113,69.0
diaria,LineaH:1140,LineaD:1114,84.0
diaria,LineaH:1140,LineaD:1115,147.0
diaria,LineaH:1140,LineaD:1116,91.0
diaria,LineaH:1140,LineaD:1117,15.0
diaria,LineaH:1140,LineaD:1118,16.0
diaria,LineaH:1140,LineaE:1133,129.0
diaria,LineaH:1140,LineaE:1132,24.0
diaria,LineaH:1140,LineaE:1131,11.0
diaria,LineaH:1140,LineaE:1130,47.0
diaria,LineaH:1140,LineaE:1129,63.0
diaria,LineaH:1140,LineaE:1128,47.0
diaria,LineaH:1140,LineaE:1127,44.0
diaria,LineaH:1140,LineaE:1126,26.0
diaria,LineaH:1140,LineaE:1125,72.0
diaria,LineaH:1140,LineaE:1124,38.0
diaria,LineaH:1140,LineaE:1123,72.0
diaria,LineaH:1140,LineaE:1122,44.0
diaria,LineaH:1140,LineaE:1121,142.0
diaria,LineaH:1140,LineaE:1120,16.0
diaria,LineaH:1140,LineaE:1119,14.0
diaria,LineaH:1140,LineaH:1134,803.0
diaria,LineaH:1140,LineaH:1135,679.0
diaria,LineaH:1140,LineaH:1136,581.0
diaria,LineaH:1140,LineaH:1137,274.0
diaria,LineaH:1140,LineaH:1138,254.0
diaria,LineaH:1140,LineaH:1139,85.0
diaria,LineaH:1140,LineaH:1141,60.0
diaria,LineaH:1140,LineaH:1160,358.0
diaria,LineaH:1140,LineaH:1161,538.0
diaria,LineaH:1140,LineaH:1162,733.0
diaria,LineaH:1140,LineaH:1163,565.0
diaria,LineaH:1140,LineaE:1166,30.0
diaria,LineaH:1140,LineaE:1165,13.0
diaria,LineaH:1140,LineaE:1164,10.0
diaria,LineaH:1141,LineaA:1059,195.0
diaria,LineaH:1141,LineaA:1060,46.0
diaria,LineaH:1141,LineaA:1061,45.0
diaria,LineaH:1141,LineaA:1062,24.0
diaria,LineaH:1141,LineaA:1063,42.0
diaria,LineaH:1141,LineaA:1064,49.0
diaria,LineaH:1141,LineaA:1065,42.0
diaria,LineaH:1141,LineaA:1066,23.0
diaria,LineaH:1141,LineaA:1067,17.0
diaria,LineaH:1141,LineaA:1068,22.0
diaria,LineaH:1141,LineaA:1069,12.0
diaria,LineaH:1141,LineaA:1070,4.0
diaria,LineaH:1141,LineaA:1071,15.0
diaria,LineaH:1141,LineaA:1072,15.0
diaria,LineaH:1141,LineaA:1073,3.0
diaria,LineaH:1141,LineaA:1074,4.0
diaria,LineaH:1141,LineaA:1075,9.0
diaria,LineaH:1141,LineaA:1076,28.0
diaria,LineaH:1141,LineaB:1077,48.0
diaria,LineaH:1141,LineaB:1078,9.0
diaria,LineaH:1141,LineaB:1079,10.0
diaria,LineaH:1141,LineaB:1080,6.0
diaria,LineaH:1141,LineaB:1081,76.0
diaria,LineaH:1141,LineaB:1082,40.0
diaria,LineaH:1141,LineaB:1084,50.0
diaria,LineaH:1141,LineaB:1083,14.0
diaria,LineaH:1141,LineaB:1085,13.0
diaria,LineaH:1141,LineaB:1086,28.0
diaria,LineaH:1141,LineaB:1087,44.0
diaria,LineaH:1141,LineaB:1088,13.0
diaria,LineaH:1141,LineaB:1089,32.0
diaria,LineaH:1141,LineaB:1090,19.0
diaria,LineaH:1141,LineaB:1091,41.0
diaria,LineaH:1141,LineaB:1092,18.0
diaria,LineaH:1141,LineaB:1093,28.0
diaria,LineaH:1141,LineaC:1094,99.0
diaria,LineaH:1141,LineaC:1095,10.0
diaria,LineaH:1141,LineaC:1096,14.0
diaria,LineaH:1141,LineaC:1097,7.0
diaria,LineaH:1141,LineaC:1098,2.0
diaria,LineaH:1141,LineaC:1099,2.0
diaria,LineaH:1141,LineaC:1100,2.0
diaria,LineaH:1141,LineaC:1101,2.0
diaria,LineaH:1141,LineaC:1102,24.0
diaria,LineaH:1141,LineaD:1103,173.0
diaria,LineaH:1141,LineaD:1104,150.0
diaria,LineaH:1141,LineaD:1105,71.0
diaria,LineaH:1141,LineaD:1106,44.0
diaria,LineaH:1141,LineaD:1107,59.0
diaria,LineaH:1141,LineaD:1108,73.0
diaria,LineaH:1141,LineaD:1109,78.0
diaria,LineaH:1141,LineaD:1110,51.0
diaria,LineaH:1141,LineaD:1111,60.0
diaria,LineaH:1141,LineaD:1112,35.0
diaria,LineaH:1141,LineaD:1113,33.0
diaria,LineaH:1141,LineaD:1114,13.0
diaria,LineaH:1141,LineaD:1115,21.0
diaria,LineaH:1141,LineaD:1116,6.0
diaria,LineaH:1141,LineaD:1117,5.0
diaria,LineaH:1141,LineaD:1118,7.0
diaria,LineaH:1141,LineaE:1133,142.0
diaria,LineaH:1141,LineaE:1132,27.0
diaria,LineaH:1141,LineaE:1131,35.0
diaria,LineaH:1141,LineaE:1130,33.0
diaria,LineaH:1141,LineaE:1129,55.0
diaria,LineaH:1141,LineaE:1128,66.0
diaria,LineaH:1141,LineaE:1127,51.0
diaria,LineaH:1141,LineaE:1126,35.0
diaria,LineaH:1141,LineaE:1125,54.0
diaria,LineaH:1141,LineaE:1124,13.0
diaria,LineaH:1141,LineaE:1123,25.0
diaria,LineaH:1141,LineaE:1122,28.0
diaria,LineaH:1141,LineaE:1121,57.0
diaria,LineaH:1141,LineaE:1119,4.0
diaria,LineaH:1141,LineaH:1134,452.0
diaria,LineaH:1141,LineaH:1135,303.0
diaria,LineaH:1141,LineaH:1136,200.0
diaria,LineaH:1141,LineaH:1137,221.0
diaria,LineaH:1141,LineaH:1138,198.0
diaria,LineaH:1141,LineaH:1139,126.0
diaria,LineaH:1141,LineaH:1140,47.0
diaria,LineaH:1141,LineaH:1160,50.0
diaria,LineaH:1141,LineaH:1161,131.0
diaria,LineaH:1141,LineaH:1162,210.0
diaria,LineaH:1141,LineaH:1163,108.0
diaria,LineaH:1141,LineaE:1166,2.0
diaria,LineaH:1141,LineaE:1165,3.0
diaria,LineaH:1160,LineaA:1059,284.0
diaria,LineaH:1160,LineaA:1060,97.0
diaria,LineaH:1160,LineaA:1061,86.0
diaria,LineaH:1160,LineaA:1062,80.0
diaria,LineaH:1160,LineaA:1063,127.0
diaria,LineaH:1160,LineaA:1064,109.0
diaria,LineaH:1160,LineaA:1065,87.0
diaria,LineaH:1160,LineaA:1066,53.0
diaria,LineaH:1160,LineaA:1067,40.0
diaria,LineaH:1160,LineaA:1068,22.0
diaria,LineaH:1160,LineaA:1069,20.0
diaria,LineaH:1160,LineaA:1070,1.0
diaria,LineaH:1160,LineaA:1071,36.0
diaria,LineaH:1160,LineaA:1072,32.0
diaria,LineaH:1160,LineaA:1073,29.0
diaria,LineaH:1160,LineaA:1074,13.0
diaria,LineaH:1160,LineaA:1075,12.0
diaria,LineaH:1160,LineaA:1076,13.0
diaria,LineaH:1160,LineaB:1077,146.0
diaria,LineaH:1160,LineaB:1078,21.0
diaria,LineaH:1160,LineaB:1079,46.0
diaria,LineaH:1160,LineaB:1080,13.0
diaria,LineaH:1160,LineaB:1081,182.0
diaria,LineaH:1160,LineaB:1082,45.0
diaria,LineaH:1160,LineaB:1084,35.0
diaria,LineaH:1160,LineaB:1083,37.0
diaria,LineaH:1160,LineaB:1085,85.0
diaria,LineaH:1160,LineaB:1086,54.0
diaria,LineaH:1160,LineaB:1087,16.0
diaria,LineaH:1160,LineaB:1088,14.0
diaria,LineaH:1160,LineaB:1089,30.0
diaria,LineaH:1160,LineaB:1090,47.0
diaria,LineaH:1160,LineaB:1091,20.0
diaria,LineaH:1160,LineaB:1092,28.0
diaria,LineaH:1160,LineaB:1093,49.0
diaria,LineaH:1160,LineaC:1094,140.0
diaria,LineaH:1160,LineaC:1095,21.0
diaria,LineaH:1160,LineaC:1096,40.0
diaria,LineaH:1160,LineaC:1097,4.0
diaria,LineaH:1160,LineaC:1099,1.0
diaria,LineaH:1160,LineaC:1100,3.0
diaria,LineaH:1160,LineaC:1101,3.0
diaria,LineaH:1160,LineaC:1102,3.0
diaria,LineaH:1160,LineaD:1103,72.0
diaria,LineaH:1160,LineaD:1104,54.0
diaria,LineaH:1160,LineaD:1105,9.0
diaria,LineaH:1160,LineaD:1106,41.0
diaria,LineaH:1160,LineaD:1107,25.0
diaria,LineaH:1160,LineaD:1108,44.0
diaria,LineaH:1160,LineaD:1109,12.0
diaria,LineaH:1160,LineaD:1110,17.0
diaria,LineaH:1160,LineaD:1111,24.0
diaria,LineaH:1160,LineaD:1112,8.0
diaria,LineaH:1160,LineaD:1113,5.0
diaria,LineaH:1160,LineaD:1114,20.0
diaria,LineaH:1160,LineaD:1115,4.0
diaria,LineaH:1160,LineaD:1116,14.0
diaria,LineaH:1160,LineaD:1117,9.0
diaria,LineaH:1160,LineaD:1118,25.0
diaria,LineaH:1160,LineaE:1133,192.0
diaria,LineaH:1160,LineaE:1132,34.0
diaria,LineaH:1160,LineaE:1131,40.0
diaria,LineaH:1160,LineaE:1130,66.0
diaria,LineaH:1160,LineaE:1129,100.0
diaria,LineaH:1160,LineaE:1128,100.0
diaria,LineaH:1160,LineaE:1127,74.0
diaria,LineaH:1160,LineaE:1126,11.0
diaria,LineaH:1160,LineaE:1125,36.0
diaria,LineaH:1160,LineaE:1124,23.0
diaria,LineaH:1160,LineaE:1123,42.0
diaria,LineaH:1160,LineaE:1122,14.0
diaria,LineaH:1160,LineaE:1121,112.0
diaria,LineaH:1160,LineaE:1120,10.0
diaria,LineaH:1160,LineaE:1119,10.0
diaria,LineaH:1160,LineaH:1134,511.0
diaria,LineaH:1160,LineaH:1135,373.0
diaria,LineaH:1160,LineaH:1136,270.0
diaria,LineaH:1160,LineaH:1137,186.0
diaria,LineaH:1160,LineaH:1138,234.0
diaria,LineaH:1160,LineaH:1139,193.0
diaria,LineaH:1160,LineaH:1140,283.0
diaria,LineaH:1160,LineaH:1141,22.0
diaria,LineaH:1160,LineaH:1161,10.0
diaria,LineaH:1160,LineaH:1162,158.0
diaria,LineaH:1160,LineaH:1163,143.0
diaria,LineaH:1160,LineaE:1166,6.0
diaria,LineaH:1160,LineaE:1165,3.0
diaria,LineaH:1160,LineaE:1164,3.0
diaria,LineaH:1161,LineaA:1059,442.0
diaria,LineaH:1161,LineaA:1060,164.0
diaria,LineaH:1161,LineaA:1061,175.0
diaria,LineaH:1161,LineaA:1062,141.0
diaria,LineaH:1161,LineaA:1063,251.0
diaria,LineaH:1161,LineaA:1064,205.0
diaria,LineaH:1161,LineaA:1065,187.0
diaria,LineaH:1161,LineaA:1066,134.0
diaria,LineaH:1161,LineaA:1067,98.0
diaria,LineaH:1161,LineaA:1068,37.0
diaria,LineaH:1161,LineaA:1069,29.0
diaria,LineaH:1161,LineaA:1070,5.0
diaria,LineaH:1161,LineaA:1071,29.0
diaria,LineaH:1161,LineaA:1072,30.0
diaria,LineaH:1161,LineaA:1073,5.0
diaria,LineaH:1161,LineaA:1074,5.0
diaria,LineaH:1161,LineaA:1075,2.0
diaria,LineaH:1161,LineaA:1076,19.0
diaria,LineaH:1161,LineaB:1077,285.0
diaria,LineaH:1161,LineaB:1078,107.0
diaria,LineaH:1161,LineaB:1079,92.0
diaria,LineaH:1161,LineaB:1080,58.0
diaria,LineaH:1161,LineaB:1081,224.0
diaria,LineaH:1161,LineaB:1082,47.0
diaria,LineaH:1161,LineaB:1084,137.0
diaria,LineaH:1161,LineaB:1083,140.0
diaria,LineaH:1161,LineaB:1085,195.0
diaria,LineaH:1161,LineaB:1086,100.0
diaria,LineaH:1161,LineaB:1087,24.0
diaria,LineaH:1161,LineaB:1088,27.0
diaria,LineaH:1161,LineaB:1089,42.0
diaria,LineaH:1161,LineaB:1090,14.0
diaria,LineaH:1161,LineaB:1091,50.0
diaria,LineaH:1161,LineaB:1092,26.0
diaria,LineaH:1161,LineaB:1093,39.0
diaria,LineaH:1161,LineaC:1094,138.0
diaria,LineaH:1161,LineaC:1095,14.0
diaria,LineaH:1161,LineaC:1096,14.0
diaria,LineaH:1161,LineaC:1097,4.0
diaria,LineaH:1161,LineaC:1098,7.0
diaria,LineaH:1161,LineaC:1099,8.0
diaria,LineaH:1161,LineaC:1100,3.0
diaria,LineaH:1161,LineaC:1101,1.0
diaria,LineaH:1161,LineaC:1102,11.0
diaria,LineaH:1161,LineaD:1103,195.0
diaria,LineaH:1161,LineaD:1104,100.0
diaria,LineaH:1161,LineaD:1105,73.0
diaria,LineaH:1161,LineaD:1106,57.0
diaria,LineaH:1161,LineaD:1107,105.0
diaria,LineaH:1161,LineaD:1108,131.0
diaria,LineaH:1161,LineaD:1109,43.0
diaria,LineaH:1161,LineaD:1110,31.0
diaria,LineaH:1161,LineaD:1111,54.0
diaria,LineaH:1161,LineaD:1112,15.0
diaria,LineaH:1161,LineaD:1113,38.0
diaria,LineaH:1161,LineaD:1114,12.0
diaria,LineaH:1161,LineaD:1115,29.0
diaria,LineaH:1161,LineaD:1116,48.0
diaria,LineaH:1161,LineaD:1117,12.0
diaria,LineaH:1161,LineaD:1118,131.0
diaria,LineaH:1161,LineaE:1133,207.0
diaria,LineaH:1161,LineaE:1132,37.0
diaria,LineaH:1161,LineaE:1131,35.0
diaria,LineaH:1161,LineaE:1130,128.0
diaria,LineaH:1161,LineaE:1129,124.0
diaria,LineaH:1161,LineaE:1128,145.0
diaria,LineaH:1161,LineaE:1127,110.0
diaria,LineaH:1161,LineaE:1126,29.0
diaria,LineaH:1161,LineaE:1125,65.0
diaria,LineaH:1161,LineaE:1124,35.0
diaria,LineaH:1161,LineaE:1123,26.0
diaria,LineaH:1161,LineaE:1122,18.0
diaria,LineaH:1161,LineaE:1121,46.0
diaria,LineaH:1161,LineaE:1120,4.0
diaria,LineaH:1161,LineaE:1119,24.0
diaria,LineaH:1161,LineaH:1134,679.0
diaria,LineaH:1161,LineaH:1135,631.0
diaria,LineaH:1161,LineaH:1136,338.0
diaria,LineaH:1161,LineaH:1137,265.0
diaria,LineaH:1161,LineaH:1138,275.0
diaria,LineaH:1161,LineaH:1139,231.0
diaria,LineaH:1161,LineaH:1140,454.0
diaria,LineaH:1161,LineaH:1141,112.0
diaria,LineaH:1161,LineaH:1160,13.0
diaria,LineaH:1161,LineaH:1162,61.0
diaria,LineaH:1161,LineaH:1163,150.0
diaria,LineaH:1161,LineaE:1166,13.0
diaria,LineaH:1161,LineaE:1165,12.0
diaria,LineaH:1161,LineaE:1164,4.0
diaria,LineaH:1162,LineaA:1059,467.0
diaria,LineaH:1162,LineaA:1060,168.0
diaria,LineaH:1162,LineaA:1061,164.0
diaria,LineaH:1162,LineaA:1062,121.0
diaria,LineaH:1162,LineaA:1063,272.0
diaria,LineaH:1162,LineaA:1064,215.0
diaria,LineaH:1162,LineaA:1065,188.0
diaria,LineaH:1162,LineaA:1066,120.0
diaria,LineaH:1162,LineaA:1067,91.0
diaria,LineaH:1162,LineaA:1068,35.0
diaria,LineaH:1162,LineaA:1069,30.0
diaria,LineaH:1162,LineaA:1070,2.0
diaria,LineaH:1162,LineaA:1071,31.0
diaria,LineaH:1162,LineaA:1072,13.0
diaria,LineaH:1162,LineaA:1073,17.0
diaria,LineaH:1162,LineaA:1074,1.0
diaria,LineaH:1162,LineaA:1075,24.0
diaria,LineaH:1162,LineaA:1076,37.0
diaria,LineaH:1162,LineaB:1077,237.0
diaria,LineaH:1162,LineaB:1078,60.0
diaria,LineaH:1162,LineaB:1079,89.0
diaria,LineaH:1162,LineaB:1080,23.0
diaria,LineaH:1162,LineaB:1081,174.0
diaria,LineaH:1162,LineaB:1082,92.0
diaria,LineaH:1162,LineaB:1084,109.0
diaria,LineaH:1162,LineaB:1083,132.0
diaria,LineaH:1162,LineaB:1085,147.0
diaria,LineaH:1162,LineaB:1086,116.0
diaria,LineaH:1162,LineaB:1087,43.0
diaria,LineaH:1162,LineaB:1088,19.0
diaria,LineaH:1162,LineaB:1089,18.0
diaria,LineaH:1162,LineaB:1090,33.0
diaria,LineaH:1162,LineaB:1091,65.0
diaria,LineaH:1162,LineaB:1092,62.0
diaria,LineaH:1162,LineaB:1093,81.0
diaria,LineaH:1162,LineaC:1094,169.0
diaria,LineaH:1162,LineaC:1095,7.0
diaria,LineaH:1162,LineaC:1096,15.0
diaria,LineaH:1162,LineaC:1097,1.0
diaria,LineaH:1162,LineaC:1098,2.0
diaria,LineaH:1162,LineaC:1099,5.0
diaria,LineaH:1162,LineaC:1100,8.0
diaria,LineaH:1162,LineaC:1101,2.0
diaria,LineaH:1162,LineaC:1102,21.0
diaria,LineaH:1162,LineaD:1103,80.0
diaria,LineaH:1162,LineaD:1104,53.0
diaria,LineaH:1162,LineaD:1105,43.0
diaria,LineaH:1162,LineaD:1106,17.0
diaria,LineaH:1162,LineaD:1107,51.0
diaria,LineaH:1162,LineaD:1108,54.0
diaria,LineaH:1162,LineaD:1109,29.0
diaria,LineaH:1162,LineaD:1110,37.0
diaria,LineaH:1162,LineaD:1111,46.0
diaria,LineaH:1162,LineaD:1112,17.0
diaria,LineaH:1162,LineaD:1113,24.0
diaria,LineaH:1162,LineaD:1114,27.0
diaria,LineaH:1162,LineaD:1115,15.0
diaria,LineaH:1162,LineaD:1116,21.0
diaria,LineaH:1162,LineaD:1117,7.0
diaria,LineaH:1162,LineaD:1118,125.0
diaria,LineaH:1162,LineaE:1133,255.0
diaria,LineaH:1162,LineaE:1132,71.0
diaria,LineaH:1162,LineaE:1131,37.0
diaria,LineaH:1162,LineaE:1130,102.0
diaria,LineaH:1162,LineaE:1129,95.0
diaria,LineaH:1162,LineaE:1128,113.0
diaria,LineaH:1162,LineaE:1127,67.0
diaria,LineaH:1162,LineaE:1126,37.0
diaria,LineaH:1162,LineaE:1125,47.0
diaria,LineaH:1162,LineaE:1124,17.0
diaria,LineaH:1162,LineaE:1123,18.0
diaria,LineaH:1162,LineaE:1122,19.0
diaria,LineaH:1162,LineaE:1121,48.0
diaria,LineaH:1162,LineaE:1120,11.0
diaria,LineaH:1162,LineaE:1119,34.0
diaria,LineaH:1162,LineaH:1134,892.0
diaria,LineaH:1162,LineaH:1135,624.0
diaria,LineaH:1162,LineaH:1136,342.0
diaria,LineaH:1162,LineaH:1137,205.0
diaria,LineaH:1162,LineaH:1138,238.0
diaria,LineaH:1162,LineaH:1139,196.0
diaria,LineaH:1162,LineaH:1140,708.0
diaria,LineaH:1162,LineaH:1141,186.0
diaria,LineaH:1162,LineaH:1160,139.0
diaria,LineaH:1162,LineaH:1161,58.0
diaria,LineaH:1162,LineaH:1163,70.0
diaria,LineaH:1162,LineaE:1166,15.0
diaria,LineaH:1162,LineaE:1164,1.0
diaria,LineaH:1163,LineaA:1059,157.0
diaria,LineaH:1163,LineaA:1060,83.0
diaria,LineaH:1163,LineaA:1061,67.0
diaria,LineaH:1163,LineaA:1062,39.0
diaria,LineaH:1163,LineaA:1063,93.0
diaria,LineaH:1163,LineaA:1064,86.0
diaria,LineaH:1163,LineaA:1065,70.0
diaria,LineaH:1163,LineaA:1066,61.0
diaria,LineaH:1163,LineaA:1067,32.0
diaria,LineaH:1163,LineaA:1068,22.0
diaria,LineaH:1163,LineaA:1069,25.0
diaria,LineaH:1163,LineaA:1070,2.0
diaria,LineaH:1163,LineaA:1071,34.0
diaria,LineaH:1163,LineaA:1072,15.0
diaria,LineaH:1163,LineaA:1073,11.0
diaria,LineaH:1163,LineaA:1074,1.0
diaria,LineaH:1163,LineaA:1075,12.0
diaria,LineaH:1163,LineaA:1076,18.0
diaria,LineaH:1163,LineaB:1077,119.0
diaria,LineaH:1163,LineaB:1078,40.0
diaria,LineaH:1163,LineaB:1079,40.0
diaria,LineaH:1163,LineaB:1080,20.0
diaria,LineaH:1163,LineaB:1081,163.0
diaria,LineaH:1163,LineaB:1082,35.0
diaria,LineaH:1163,LineaB:1084,60.0
diaria,LineaH:1163,LineaB:1083,52.0
diaria,LineaH:1163,LineaB:1085,71.0
diaria,LineaH:1163,LineaB:1086,75.0
diaria,LineaH:1163,LineaB:1087,5.0
diaria,LineaH:1163,LineaB:1088,12.0
diaria,LineaH:1163,LineaB:1089,7.0
diaria,LineaH:1163,LineaB:1090,35.0
diaria,LineaH:1163,LineaB:1091,26.0
diaria,LineaH:1163,LineaB:1092,29.0
diaria,LineaH:1163,LineaB:1093,2.0
diaria,LineaH:1163,LineaC:1094,129.0
diaria,LineaH:1163,LineaC:1095,8.0
diaria,LineaH:1163,LineaC:1096,13.0
diaria,LineaH:1163,LineaC:1097,5.0
diaria,LineaH:1163,LineaC:1098,1.0
diaria,LineaH:1163,LineaC:1099,9.0
diaria,LineaH:1163,LineaC:1100,4.0
diaria,LineaH:1163,LineaC:1102,12.0
diaria,LineaH:1163,LineaD:1103,107.0
diaria,LineaH:1163,LineaD:1104,51.0
diaria,LineaH:1163,LineaD:1105,41.0
diaria,LineaH:1163,LineaD:1106,41.0
diaria,LineaH:1163,LineaD:1107,76.0
diaria,LineaH:1163,LineaD:1108,63.0
diaria,LineaH:1163,LineaD:1109,46.0
diaria,LineaH:1163,LineaD:1110,43.0
diaria,LineaH:1163,LineaD:1111,62.0
diaria,LineaH:1163,LineaD:1112,32.0
diaria,LineaH:1163,LineaD:1113,27.0
diaria,LineaH:1163,LineaD:1114,34.0
diaria,LineaH:1163,LineaD:1115,26.0
diaria,LineaH:1163,LineaD:1116,22.0
diaria,LineaH:1163,LineaD:1117,4.0
diaria,LineaH:1163,LineaD:1118,35.0
diaria,LineaH:1163,LineaE:1133,94.0
diaria,LineaH:1163,LineaE:1132,19.0
diaria,LineaH:1163,LineaE:1131,7.0
diaria,LineaH:1163,LineaE:1130,27.0
diaria,LineaH:1163,LineaE:1129,28.0
diaria,LineaH:1163,LineaE:1128,22.0
diaria,LineaH:1163,LineaE:1127,37.0
diaria,LineaH:1163,LineaE:1126,6.0
diaria,LineaH:1163,LineaE:1125,14.0
diaria,LineaH:1163,LineaE:1124,4.0
diaria,LineaH:1163,LineaE:1123,8.0
diaria,LineaH:1163,LineaE:1121,13.0
diaria,LineaH:1163,LineaE:1120,2.0
diaria,LineaH:1163,LineaE:1119,12.0
diaria,LineaH:1163,LineaH:1134,327.0
diaria,LineaH:1163,LineaH:1135,217.0
diaria,LineaH:1163,LineaH:1136,82.0
diaria,LineaH:1163,LineaH:1137,68.0
diaria,LineaH:1163,LineaH:1138,94.0
diaria,LineaH:1163,LineaH:1139,86.0
diaria,LineaH:1163,LineaH:1140,468.0
diaria,LineaH:1163,LineaH:1141,86.0
diaria,LineaH:1163,LineaH:1160,137.0
diaria,LineaH:1163,LineaH:1161,137.0
diaria,LineaH:1163,LineaH:1162,56.0
diaria,LineaH:1163,LineaE:1166,9.0
diaria,LineaH:1163,LineaE:1164,4.0
diaria,LineaE:1166,LineaA:1059,112.0
diaria,LineaE:1166,LineaA:1060,28.0
diaria,LineaE:1166,LineaA:1061,33.0
diaria,LineaE:1166,LineaA:1062,30.0
diaria,LineaE:1166,LineaA:1063,53.0
diaria,LineaE:1166,LineaA:1064,56.0
diaria,LineaE:1166,LineaA:1065,34.0
diaria,LineaE:1166,LineaA:1066,21.0
diaria,LineaE:1166,LineaA:1067,13.0
diaria,LineaE:1166,LineaA:1068,35.0
diaria,LineaE:1166,LineaA:1070,4.0
diaria,LineaE:1166,LineaA:1071,10.0
diaria,LineaE:1166,LineaA:1073,4.0
diaria,LineaE:1166,LineaA:1074,1.0
diaria,LineaE:1166,LineaA:1075,4.0
diaria,LineaE:1166,LineaA:1076,6.0
diaria,LineaE:1166,LineaB:1077,190.0
diaria,LineaE:1166,LineaB:1078,31.0
diaria,LineaE:1166,LineaB:1079,53.0
diaria,LineaE:1166,LineaB:1080,19.0
diaria,LineaE:1166,LineaB:1081,133.0
diaria,LineaE:1166,LineaB:1082,76.0
diaria,LineaE:1166,LineaB:1084,90.0
diaria,LineaE:1166,LineaB:1083,66.0
diaria,LineaE:1166,LineaB:1085,70.0
diaria,LineaE:1166,LineaB:1086,57.0
diaria,LineaE:1166,LineaB:1087,54.0
diaria,LineaE:1166,LineaB:1088,43.0
diaria,LineaE:1166,LineaB:1089,62.0
diaria,LineaE:1166,LineaB:1090,47.0
diaria,LineaE:1166,LineaB:1091,24.0
diaria,LineaE:1166,LineaB:1092,13.0
diaria,LineaE:1166,LineaB:1093,20.0
diaria,LineaE:1166,LineaC:1094,368.0
diaria,LineaE:1166,LineaC:1095,9.0
diaria,LineaE:1166,LineaC:1096,86.0
diaria,LineaE:1166,LineaC:1097,11.0
diaria,LineaE:1166,LineaC:1098,3.0
diaria,LineaE:1166,LineaC:1100,4.0
diaria,LineaE:1166,LineaC:1101,6.0
diaria,LineaE:1166,LineaC:1102,120.0
diaria,LineaE:1166,LineaD:1103,57.0
diaria,LineaE:1166,LineaD:1104,24.0
diaria,LineaE:1166,LineaD:1105,11.0
diaria,LineaE:1166,LineaD:1106,27.0
diaria,LineaE:1166,LineaD:1107,6.0
diaria,LineaE:1166,LineaD:1108,16.0
diaria,LineaE:1166,LineaD:1109,4.0
diaria,LineaE:1166,LineaD:1110,8.0
diaria,LineaE:1166,LineaD:1111,22.0
diaria,LineaE:1166,LineaD:1112,10.0
diaria,LineaE:1166,LineaD:1113,11.0
diaria,LineaE:1166,LineaD:1114,7.0
diaria,LineaE:1166,LineaD:1115,22.0
diaria,LineaE:1166,LineaD:1116,4.0
diaria,LineaE:1166,LineaD:1117,1.0
diaria,LineaE:1166,LineaE:1133,417.0
diaria,LineaE:1166,LineaE:1132,130.0
diaria,LineaE:1166,LineaE:1131,143.0
diaria,LineaE:1166,LineaE:1130,291.0
diaria,LineaE:1166,LineaE:1129,228.0
diaria,LineaE:1166,LineaE:1128,301.0
diaria,LineaE:1166,LineaE:1127,248.0
diaria,LineaE:1166,LineaE:1126,157.0
diaria,LineaE:1166,LineaE:1125,90.0
diaria,LineaE:1166,LineaE:1124,129.0
diaria,LineaE:1166,LineaE:1123,99.0
diaria,LineaE:1166,LineaE:1122,78.0
diaria,LineaE:1166,LineaE:1121,271.0
diaria,LineaE:1166,LineaE:1120,85.0
diaria,LineaE:1166,LineaE:1119,40.0
diaria,LineaE:1166,LineaH:1134,85.0
diaria,LineaE:1166,LineaH:1135,54.0
diaria,LineaE:1166,LineaH:1136,26.0
diaria,LineaE:1166,LineaH:1137,24.0
diaria,LineaE:1166,LineaH:1138,45.0
diaria,LineaE:1166,LineaH:1139,8.0
diaria,LineaE:1166,LineaH:1140,20.0
diaria,LineaE:1166,LineaH:1141,1.0
diaria,LineaE:1166,LineaH:1160,6.0
diaria,LineaE:1166,LineaH:1161,4.0
diaria,LineaE:1166,LineaH:1162,5.0
diaria,LineaE:1166,LineaH:1163,5.0
diaria,LineaE:1166,LineaE:1165,24.0
diaria,LineaE:1166,LineaE:1164,200.0
diaria,LineaE:1165,LineaA:1059,212.0
diaria,LineaE:1165,LineaA:1060,91.0
diaria,LineaE:1165,LineaA:1061,98.0
diaria,LineaE:1165,LineaA:1062,67.0
diaria,LineaE:1165,LineaA:1063,119.0
diaria,LineaE:1165,LineaA:1064,107.0
diaria,LineaE:1165,LineaA:1065,73.0
diaria,LineaE:1165,LineaA:1066,32.0
diaria,LineaE:1165,LineaA:1067,28.0
diaria,LineaE:1165,LineaA:1068,141.0
diaria,LineaE:1165,LineaA:1070,13.0
diaria,LineaE:1165,LineaA:1071,16.0
diaria,LineaE:1165,LineaA:1072,10.0
diaria,LineaE:1165,LineaA:1073,4.0
diaria,LineaE:1165,LineaA:1074,12.0
diaria,LineaE:1165,LineaA:1075,12.0
diaria,LineaE:1165,LineaB:1077,112.0
diaria,LineaE:1165,LineaB:1078,48.0
diaria,LineaE:1165,LineaB:1079,32.0
diaria,LineaE:1165,LineaB:1080,16.0
diaria,LineaE:1165,LineaB:1081,112.0
diaria,LineaE:1165,LineaB:1082,22.0
diaria,LineaE:1165,LineaB:1084,94.0
diaria,LineaE:1165,LineaB:1083,75.0
diaria,LineaE:1165,LineaB:1085,56.0
diaria,LineaE:1165,LineaB:1086,24.0
diaria,LineaE:1165,LineaB:1087,20.0
diaria,LineaE:1165,LineaB:1088,6.0
diaria,LineaE:1165,LineaB:1089,16.0
diaria,LineaE:1165,LineaB:1090,12.0
diaria,LineaE:1165,LineaB:1091,8.0
diaria,LineaE:1165,LineaC:1094,234.0
diaria,LineaE:1165,LineaC:1095,8.0
diaria,LineaE:1165,LineaC:1096,59.0
diaria,LineaE:1165,LineaC:1097,4.0
diaria,LineaE:1165,LineaC:1102,12.0
diaria,LineaE:1165,LineaD:1103,79.0
diaria,LineaE:1165,LineaD:1104,21.0
diaria,LineaE:1165,LineaD:1105,27.0
diaria,LineaE:1165,LineaD:1106,32.0
diaria,LineaE:1165,LineaD:1107,9.0
diaria,LineaE:1165,LineaD:1108,24.0
diaria,LineaE:1165,LineaD:1109,22.0
diaria,LineaE:1165,LineaD:1110,13.0
diaria,LineaE:1165,LineaD:1111,28.0
diaria,LineaE:1165,LineaD:1112,13.0
diaria,LineaE:1165,LineaD:1113,22.0
diaria,LineaE:1165,LineaD:1115,8.0
diaria,LineaE:1165,LineaD:1116,8.0
diaria,LineaE:1165,LineaD:1117,4.0
diaria,LineaE:1165,LineaD:1118,8.0
diaria,LineaE:1165,LineaE:1133,272.0
diaria,LineaE:1165,LineaE:1132,68.0
diaria,LineaE:1165,LineaE:1131,79.0
diaria,LineaE:1165,LineaE:1130,193.0
diaria,LineaE:1165,LineaE:1129,211.0
diaria,LineaE:1165,LineaE:1128,195.0
diaria,LineaE:1165,LineaE:1127,155.0
diaria,LineaE:1165,LineaE:1126,117.0
diaria,LineaE:1165,LineaE:1125,42.0
diaria,LineaE:1165,LineaE:1124,56.0
diaria,LineaE:1165,LineaE:1123,74.0
diaria,LineaE:1165,LineaE:1122,26.0
diaria,LineaE:1165,LineaE:1121,106.0
diaria,LineaE:1165,LineaE:1120,48.0
diaria,LineaE:1165,LineaE:1119,75.0
diaria,LineaE:1165,LineaH:1134,60.0
diaria,LineaE:1165,LineaH:1135,17.0
diaria,LineaE:1165,LineaH:1136,17.0
diaria,LineaE:1165,LineaH:1137,15.0
diaria,LineaE:1165,LineaH:1138,26.0
diaria,LineaE:1165,LineaH:1139,15.0
diaria,LineaE:1165,LineaH:1140,6.0
diaria,LineaE:1165,LineaH:1141,4.0
diaria,LineaE:1165,LineaH:1160,4.0
diaria,LineaE:1165,LineaE:1166,8.0
diaria,LineaE:1165,LineaE:1164,14.0
diaria,LineaE:1164,LineaA:1059,100.0
diaria,LineaE:1164,LineaA:1060,27.0
diaria,LineaE:1164,LineaA:1061,38.0
diaria,LineaE:1164,LineaA:1062,22.0
diaria,LineaE:1164,LineaA:1063,45.0
diaria,LineaE:1164,LineaA:1064,37.0
diaria,LineaE:1164,LineaA:1065,16.0
diaria,LineaE:1164,LineaA:1066,17.0
diaria,LineaE:1164,LineaA:1067,10.0
diaria,LineaE:1164,LineaA:1068,36.0
diaria,LineaE:1164,LineaA:1069,2.0
diaria,LineaE:1164,LineaA:1070,8.0
diaria,LineaE:1164,LineaA:1071,8.0
diaria,LineaE:1164,LineaA:1072,4.0
diaria,LineaE:1164,LineaA:1073,5.0
diaria,LineaE:1164,LineaA:1075,22.0
diaria,LineaE:1164,LineaA:1076,20.0
diaria,LineaE:1164,LineaB:1077,8.0
diaria,LineaE:1164,LineaB:1078,4.0
diaria,LineaE:1164,LineaB:1079,28.0
diaria,LineaE:1164,LineaB:1080,1.0
diaria,LineaE:1164,LineaB:1081,33.0
diaria,LineaE:1164,LineaB:1082,12.0
diaria,LineaE:1164,LineaB:1084,44.0
diaria,LineaE:1164,LineaB:1083,36.0
diaria,LineaE:1164,LineaB:1085,31.0
diaria,LineaE:1164,LineaB:1086,41.0
diaria,LineaE:1164,LineaB:1087,6.0
diaria,LineaE:1164,LineaB:1088,5.0
diaria,LineaE:1164,LineaB:1089,30.0
diaria,LineaE:1164,LineaB:1090,7.0
diaria,LineaE:1164,LineaB:1091,13.0
diaria,LineaE:1164,LineaB:1092,32.0
diaria,LineaE:1164,LineaB:1093,55.0
diaria,LineaE:1164,LineaC:1094,233.0
diaria,LineaE:1164,LineaC:1095,13.0
diaria,LineaE:1164,LineaC:1096,20.0
diaria,LineaE:1164,LineaC:1097,9.0
diaria,LineaE:1164,LineaC:1098,10.0
diaria,LineaE:1164,LineaC:1099,10.0
diaria,LineaE:1164,LineaC:1100,10.0
diaria,LineaE:1164,LineaC:1101,1.0
diaria,LineaE:1164,LineaC:1102,14.0
diaria,LineaE:1164,LineaD:1103,8.0
diaria,LineaE:1164,LineaD:1105,1.0
diaria,LineaE:1164,LineaD:1106,7.0
diaria,LineaE:1164,LineaD:1108,8.0
diaria,LineaE:1164,LineaD:1110,4.0
diaria,LineaE:1164,LineaD:1111,10.0
diaria,LineaE:1164,LineaD:1112,5.0
diaria,LineaE:1164,LineaD:1113,6.0
diaria,LineaE:1164,LineaD:1114,4.0
diaria,LineaE:1164,LineaD:1115,2.0
diaria,LineaE:1164,LineaD:1116,4.0
diaria,LineaE:1164,LineaD:1117,8.0
diaria,LineaE:1164,LineaD:1118,85.0
diaria,LineaE:1164,LineaE:1133,265.0
diaria,LineaE:1164,LineaE:1132,107.0
diaria,LineaE:1164,LineaE:1131,83.0
diaria,LineaE:1164,LineaE:1130,159.0
diaria,LineaE:1164,LineaE:1129,146.0
diaria,LineaE:1164,LineaE:1128,232.0
diaria,LineaE:1164,LineaE:1127,161.0
diaria,LineaE:1164,LineaE:1126,146.0
diaria,LineaE:1164,LineaE:1125,74.0
diaria,LineaE:1164,LineaE:1124,82.0
diaria,LineaE:1164,LineaE:1123,143.0
diaria,LineaE:1164,LineaE:1122,67.0
diaria,LineaE:1164,LineaE:1121,122.0
diaria,LineaE:1164,LineaE:1120,90.0
diaria,LineaE:1164,LineaE:1119,277.0
diaria,LineaE:1164,LineaH:1134,42.0
diaria,LineaE:1164,LineaH:1135,61.0
diaria,LineaE:1164,LineaH:1136,35.0
diaria,LineaE:1164,LineaH:1137,19.0
diaria,LineaE:1164,LineaH:1138,36.0
diaria,LineaE:1164,LineaH:1139,13.0
diaria,LineaE:1164,LineaH:1140,4.0
diaria,LineaE:1164,LineaH:1141,5.0
diaria,LineaE:1164,LineaH:1160,5.0
diaria,LineaE:1164,LineaH:1161,4.0
diaria,LineaE:1164,LineaH:1162,3.0
diaria,LineaE:1164,LineaH:1163,1.0
diaria,LineaE:1164,LineaE:1166,195.0
diaria,LineaE:1164,LineaE:1165,30.0
hpm,LineaA:1059,LineaA:1060,2.0
hpm,LineaA:1059,LineaA:1061,16.0
hpm,LineaA:1059,LineaA:1062,8.0
hpm,LineaA:1059,LineaA:1063,30.0
hpm,LineaA:1059,LineaA:1064,57.0
hpm,LineaA:1059,LineaA:1065,51.0
hpm,LineaA:1059,LineaA:1066,76.0
hpm,LineaA:1059,LineaA:1067,51.0
hpm,LineaA:1059,LineaA:1068,92.0
hpm,LineaA:1059,LineaA:1069,134.0
hpm,LineaA:1059,LineaA:1070,10.0
hpm,LineaA:1059,LineaA:1071,274.0
hpm,LineaA:1059,LineaA:1072,194.0
hpm,LineaA:1059,LineaA:1073,178.0
hpm,LineaA:1059,LineaA:1074,226.0
hpm,LineaA:1059,LineaA:1075,364.0
hpm,LineaA:1059,LineaA:1076,576.0
hpm,LineaA:1059,LineaB:1077,2.0
hpm,LineaA:1059,LineaB:1078,2.0
hpm,LineaA:1059,LineaB:1080,2.0
hpm,LineaA:1059,LineaB:1081,2.0
hpm,LineaA:1059,LineaB:1082,4.0
hpm,LineaA:1059,LineaB:1084,4.0
hpm,LineaA:1059,LineaB:1083,2.0
hpm,LineaA:1059,LineaB:1085,6.0
hpm,LineaA:1059,LineaB:1086,12.0
hpm,LineaA:1059,LineaB:1087,6.0
hpm,LineaA:1059,LineaB:1088,8.0
hpm,LineaA:1059,LineaB:1089,15.0
hpm,LineaA:1059,LineaB:1090,27.0
hpm,LineaA:1059,LineaB:1091,24.0
hpm,LineaA:1059,LineaB:1092,37.0
hpm,LineaA:1059,LineaB:1093,32.0
hpm,LineaA:1059,LineaC:1094,28.0
hpm,LineaA:1059,LineaC:1095,17.0
hpm,LineaA:1059,LineaC:1096,16.0
hpm,LineaA:1059,LineaC:1097,14.0
hpm,LineaA:1059,LineaC:1098,23.0
hpm,LineaA:1059,LineaC:1099,12.0
hpm,LineaA:1059,LineaC:1100,48.0
hpm,LineaA:1059,LineaC:1101,52.0
hpm,LineaA:1059,LineaC:1102,35.0
hpm,LineaA:1059,LineaD:1103,15.0
hpm,LineaA:1059,LineaD:1104,6.0
hpm,LineaA:1059,LineaD:1105,10.0
hpm,LineaA:1059,LineaD:1106,4.0
hpm,LineaA:1059,LineaD:1107,6.0
hpm,LineaA:1059,LineaD:1108,8.0
hpm,LineaA:1059,LineaD:1109,4.0
hpm,LineaA:1059,LineaD:1110,6.0
hpm,LineaA:1059,LineaD:1111,29.0
hpm,LineaA:1059,LineaD:1112,8.0
hpm,LineaA:1059,LineaD:1113,4.0
hpm,LineaA:1059,LineaD:1114,14.0
hpm,LineaA:1059,LineaD:1115,32.0
hpm,LineaA:1059,LineaD:1116,59.0
hpm,LineaA:1059,LineaD:1117,6.0
hpm,LineaA:1059,LineaD:1118,47.0
hpm,LineaA:1059,LineaE:1126,2.0
hpm,LineaA:1059,LineaE:1125,2.0
hpm,LineaA:1059,LineaE:1122,2.0
hpm,LineaA:1059,LineaE:1121,18.0
hpm,LineaA:1059,LineaE:1120,15.0
hpm,LineaA:1059,LineaE:1119,53.0
hpm,LineaA:1059,LineaH:1134,13.0
hpm,LineaA:1059,LineaH:1135,29.0
hpm,LineaA:1059,LineaH:1136,20.0
hpm,LineaA:1059,LineaH:1137,11.0
hpm,LineaA:1059,LineaH:1138,4.0
hpm,LineaA:1059,LineaH:1139,4.0
hpm,LineaA:1059,LineaH:1140,32.0
hpm,LineaA:1059,LineaH:1141,17.0
hpm,LineaA:1059,LineaH:1160,44.0
hpm,LineaA:1059,LineaH:1161,60.0
hpm,LineaA:1059,LineaH:1162,69.0
hpm,LineaA:1059,LineaH:1163,30.0
hpm,LineaA:1059,LineaE:1166,34.0
hpm,LineaA:1059,LineaE:1165,100.0
hpm,LineaA:1059,LineaE:1164,25.0
hpm,LineaA:1060,LineaA:1059,6.0
hpm,LineaA:1060,LineaA:1061,6.0
hpm,LineaA:1060,LineaA:1062,14.0
hpm,LineaA:1060,LineaA:1063,17.0
hpm,LineaA:1060,LineaA:1064,32.0
hpm,LineaA:1060,LineaA:1065,35.0
hpm,LineaA:1060,LineaA:1066,34.0
hpm,LineaA:1060,LineaA:1067,30.0
hpm,LineaA:1060,LineaA:1068,18.0
hpm,LineaA:1060,LineaA:1069,33.0
hpm,LineaA:1060,LineaA:1070,2.0
hpm,LineaA:1060,LineaA:1071,96.0
hpm,LineaA:1060,LineaA:1072,73.0
hpm,LineaA:1060,LineaA:1073,75.0
hpm,LineaA:1060,LineaA:1074,92.0
hpm,LineaA:1060,LineaA:1075,153.0
hpm,LineaA:1060,LineaA:1076,259.0
hpm,LineaA:1060,LineaB:1082,6.0
hpm,LineaA:1060,LineaB:1083,2.0
hpm,LineaA:1060,LineaB:1085,6.0
hpm,LineaA:1060,LineaB:1086,2.0
hpm,LineaA:1060,LineaB:1087,4.0
hpm,LineaA:1060,LineaB:1088,2.0
hpm,LineaA:1060,LineaB:1089,7.0
hpm,LineaA:1060,LineaB:1090,8.0
hpm,LineaA:1060,LineaB:1091,16.0
hpm,LineaA:1060,LineaB:1092,15.0
hpm,LineaA:1060,LineaB:1093,17.0
hpm,LineaA:1060,LineaC:1094,20.0
hpm,LineaA:1060,LineaC:1095,10.0
hpm,LineaA:1060,LineaC:1096,8.0
hpm,LineaA:1060,LineaC:1097,7.0
hpm,LineaA:1060,LineaC:1098,18.0
hpm,LineaA:1060,LineaC:1100,15.0
hpm,LineaA:1060,LineaC:1101,20.0
hpm,LineaA:1060,LineaC:1102,19.0
hpm,LineaA:1060,LineaD:1103,6.0
hpm,LineaA:1060,LineaD:1104,2.0
hpm,LineaA:1060,LineaD:1105,2.0
hpm,LineaA:1060,LineaD:1106,6.0
hpm,LineaA:1060,LineaD:1107,4.0
hpm,LineaA:1060,LineaD:1108,7.0
hpm,LineaA:1060,LineaD:1109,2.0
hpm,LineaA:1060,LineaD:1110,4.0
hpm,LineaA:1060,LineaD:1111,4.0
hpm,LineaA:1060,LineaD:1114,4.0
hpm,LineaA:1060,LineaD:1115,6.0
hpm,LineaA:1060,LineaD:1116,15.0
hpm,LineaA:1060,LineaD:1118,23.0
hpm,LineaA:1060,LineaE:1125,2.0
hpm,LineaA:1060,LineaE:1123,2.0
hpm,LineaA:1060,LineaE:1122,2.0
hpm,LineaA:1060,LineaE:1121,10.0
hpm,LineaA:1060,LineaE:1120,6.0
hpm,LineaA:1060,LineaE:1119,25.0
hpm,LineaA:1060,LineaH:1134,4.0
hpm,LineaA:1060,LineaH:1135,8.0
hpm,LineaA:1060,LineaH:1136,6.0
hpm,LineaA:1060,LineaH:1137,6.0
hpm,LineaA:1060,LineaH:1138,2.0
hpm,LineaA:1060,LineaH:1140,11.0
hpm,LineaA:1060,LineaH:1141,8.0
hpm,LineaA:1060,LineaH:1160,14.0
hpm,LineaA:1060,LineaH:1161,22.0
hpm,LineaA:1060,LineaH:1162,20.0
hpm,LineaA:1060,LineaH:1163,13.0
hpm,LineaA:1060,LineaE:1166,11.0
hpm,LineaA:1060,LineaE:1165,40.0
hpm,LineaA:1060,LineaE:1164,4.0
hpm,LineaA:1061,LineaA:1059,13.0
hpm,LineaA:1061,LineaA:1060,4.0
hpm,LineaA:1061,LineaA:1063,12.0
hpm,LineaA:1061,LineaA:1064,18.0
hpm,LineaA:1061,LineaA:1065,23.0
hpm,LineaA:1061,LineaA:1066,22.0
hpm,LineaA:1061,LineaA:1067,22.0
hpm,LineaA:1061,LineaA:1068,23.0
hpm,LineaA:1061,LineaA:1069,40.0
hpm,LineaA:1061,LineaA:1070,2.0
hpm,LineaA:1061,LineaA:1071,69.0
hpm,LineaA:1061,LineaA:1072,62.0
hpm,LineaA:1061,LineaA:1073,66.0
hpm,LineaA:1061,LineaA:1074,86.0
hpm,LineaA:1061,LineaA:1075,144.0
hpm,LineaA:1061,LineaA:1076,268.0
hpm,LineaA:1061,LineaB:1082,2.0
hpm,LineaA:1061,LineaB:1083,2.0
hpm,LineaA:1061,LineaB:1085,2.0
hpm,LineaA:1061,LineaB:1086,4.0
hpm,LineaA:1061,LineaB:1087,2.0
hpm,LineaA:1061,LineaB:1088,2.0
hpm,LineaA:1061,LineaB:1089,6.0
hpm,LineaA:1061,LineaB:1090,11.0
hpm,LineaA:1061,LineaB:1091,11.0
hpm,LineaA:1061,LineaB:1092,11.0
hpm,LineaA:1061,LineaB:1093,11.0
hpm,LineaA:1061,LineaC:1094,10.0
hpm,LineaA:1061,LineaC:1095,4.0
hpm,LineaA:1061,LineaC:1096,6.0
hpm,LineaA:1061,LineaC:1097,4.0
hpm,LineaA:1061,LineaC:1098,8.0
hpm,LineaA:1061,LineaC:1099,2.0
hpm,LineaA:1061,LineaC:1100,12.0
hpm,LineaA:1061,LineaC:1101,18.0
hpm,LineaA:1061,LineaC:1102,11.0
hpm,LineaA:1061,LineaD:1103,8.0
hpm,LineaA:1061,LineaD:1104,2.0
hpm,LineaA:1061,LineaD:1106,8.0
hpm,LineaA:1061,LineaD:1107,4.0
hpm,LineaA:1061,LineaD:1108,4.0
hpm,LineaA:1061,LineaD:1110,2.0
hpm,LineaA:1061,LineaD:1111,9.0
hpm,LineaA:1061,LineaD:1113,2.0
hpm,LineaA:1061,LineaD:1114,2.0
hpm,LineaA:1061,LineaD:1115,8.0
hpm,LineaA:1061,LineaD:1116,18.0
hpm,LineaA:1061,LineaD:1117,2.0
hpm,LineaA:1061,LineaD:1118,31.0
hpm,LineaA:1061,LineaE:1125,2.0
hpm,LineaA:1061,LineaE:1121,8.0
hpm,LineaA:1061,LineaE:1120,4.0
hpm,LineaA:1061,LineaE:1119,23.0
hpm,LineaA:1061,LineaH:1134,2.0
hpm,LineaA:1061,LineaH:1135,6.0
hpm,LineaA:1061,LineaH:1136,8.0
hpm,LineaA:1061,LineaH:1137,2.0
hpm,LineaA:1061,LineaH:1139,2.0
hpm,LineaA:1061,LineaH:1140,10.0
hpm,LineaA:1061,LineaH:1141,6.0
hpm,LineaA:1061,LineaH:1160,8.0
hpm,LineaA:1061,LineaH:1161,17.0
hpm,LineaA:1061,LineaH:1162,13.0
hpm,LineaA:1061,LineaH:1163,12.0
hpm,LineaA:1061,LineaE:1166,8.0
hpm,LineaA:1061,LineaE:1165,41.0
hpm,LineaA:1061,LineaE:1164,12.0
hpm,LineaA:1062,LineaA:1059,16.0
hpm,LineaA:1062,LineaA:1060,7.0
hpm,LineaA:1062,LineaA:1061,2.0
hpm,LineaA:1062,LineaA:1064,12.0
hpm,LineaA:1062,LineaA:1065,16.0
hpm,LineaA:1062,LineaA:1066,16.0
hpm,LineaA:1062,LineaA:1067,9.0
hpm,LineaA:1062,LineaA:1068,5.0
hpm,LineaA:1062,LineaA:1069,28.0
hpm,LineaA:1062,LineaA:1071,46.0
hpm,LineaA:1062,LineaA:1072,46.0
hpm,LineaA:1062,LineaA:1073,33.0
hpm,LineaA:1062,LineaA:1074,53.0
hpm,LineaA:1062,LineaA:1075,80.0
hpm,LineaA:1062,LineaA:1076,138.0
hpm,LineaA:1062,LineaB:1077,2.0
hpm,LineaA:1062,LineaB:1085,2.0
hpm,LineaA:1062,LineaB:1089,2.0
hpm,LineaA:1062,LineaB:1090,4.0
hpm,LineaA:1062,LineaB:1091,5.0
hpm,LineaA:1062,LineaB:1092,2.0
hpm,LineaA:1062,LineaB:1093,8.0
hpm,LineaA:1062,LineaC:1094,4.0
hpm,LineaA:1062,LineaC:1095,2.0
hpm,LineaA:1062,LineaC:1096,2.0
hpm,LineaA:1062,LineaC:1097,3.0
hpm,LineaA:1062,LineaC:1098,2.0
hpm,LineaA:1062,LineaC:1099,2.0
hpm,LineaA:1062,LineaC:1100,6.0
hpm,LineaA:1062,LineaC:1101,4.0
hpm,LineaA:1062,LineaC:1102,10.0
hpm,LineaA:1062,LineaD:1103,4.0
hpm,LineaA:1062,LineaD:1104,4.0
hpm,LineaA:1062,LineaD:1106,6.0
hpm,LineaA:1062,LineaD:1107,2.0
hpm,LineaA:1062,LineaD:1108,2.0
hpm,LineaA:1062,LineaD:1110,2.0
hpm,LineaA:1062,LineaD:1111,8.0
hpm,LineaA:1062,LineaD:1114,5.0
hpm,LineaA:1062,LineaD:1115,4.0
hpm,LineaA:1062,LineaD:1116,8.0
hpm,LineaA:1062,LineaD:1118,10.0
hpm,LineaA:1062,LineaE:1127,2.0
hpm,LineaA:1062,LineaE:1121,6.0
hpm,LineaA:1062,LineaE:1120,2.0
hpm,LineaA:1062,LineaE:1119,8.0
hpm,LineaA:1062,LineaH:1135,4.0
hpm,LineaA:1062,LineaH:1136,6.0
hpm,LineaA:1062,LineaH:1137,2.0
hpm,LineaA:1062,LineaH:1140,2.0
hpm,LineaA:1062,LineaH:1141,2.0
hpm,LineaA:1062,LineaH:1160,10.0
hpm,LineaA:1062,LineaH:1161,21.0
hpm,LineaA:1062,LineaH:1162,14.0
hpm,LineaA:1062,LineaH:1163,3.0
hpm,LineaA:1062,LineaE:1166,14.0
hpm,LineaA:1062,LineaE:1165,28.0
hpm,LineaA:1062,LineaE:1164,7.0
hpm,LineaA:1063,LineaA:1059,26.0
hpm,LineaA:1063,LineaA:1060,19.0
hpm,LineaA:1063,LineaA:1061,8.0
hpm,LineaA:1063,LineaA:1065,43.0
hpm,LineaA:1063,LineaA:1066,39.0
hpm,LineaA:1063,LineaA:1067,25.0
hpm,LineaA:1063,LineaA:1068,20.0
hpm,LineaA:1063,LineaA:1069,44.0
hpm,LineaA:1063,LineaA:1070,2.0
hpm,LineaA:1063,LineaA:1071,98.0
hpm,LineaA:1063,LineaA:1072,83.0
hpm,LineaA:1063,LineaA:1073,61.0
hpm,LineaA:1063,LineaA:1074,100.0
hpm,LineaA:1063,LineaA:1075,148.0
hpm,LineaA:1063,LineaA:1076,275.0
hpm,LineaA:1063,LineaB:1077,4.0
hpm,LineaA:1063,LineaB:1079,2.0
hpm,LineaA:1063,LineaB:1080,2.0
hpm,LineaA:1063,LineaB:1081,2.0
hpm,LineaA:1063,LineaB:1085,7.0
hpm,LineaA:1063,LineaB:1087,2.0
hpm,LineaA:1063,LineaB:1088,2.0
hpm,LineaA:1063,LineaB:1089,8.0
hpm,LineaA:1063,LineaB:1090,12.0
hpm,LineaA:1063,LineaB:1091,10.0
hpm,LineaA:1063,LineaB:1092,11.0
hpm,LineaA:1063,LineaB:1093,10.0
hpm,LineaA:1063,LineaC:1094,28.0
hpm,LineaA:1063,LineaC:1095,14.0
hpm,LineaA:1063,LineaC:1096,9.0
hpm,LineaA:1063,LineaC:1097,4.0
hpm,LineaA:1063,LineaC:1098,14.0
hpm,LineaA:1063,LineaC:1099,2.0
hpm,LineaA:1063,LineaC:1100,13.0
hpm,LineaA:1063,LineaC:1101,24.0
hpm,LineaA:1063,LineaC:1102,20.0
hpm,LineaA:1063,LineaD:1103,17.0
hpm,LineaA:1063,LineaD:1104,13.0
hpm,LineaA:1063,LineaD:1105,7.0
hpm,LineaA:1063,LineaD:1106,8.0
hpm,LineaA:1063,LineaD:1107,6.0
hpm,LineaA:1063,LineaD:1108,7.0
hpm,LineaA:1063,LineaD:1109,6.0
hpm,LineaA:1063,LineaD:1111,8.0
hpm,LineaA:1063,LineaD:1113,2.0
hpm,LineaA:1063,LineaD:1114,2.0
hpm,LineaA:1063,LineaD:1115,8.0
hpm,LineaA:1063,LineaD:1116,23.0
hpm,LineaA:1063,LineaD:1117,2.0
hpm,LineaA:1063,LineaD:1118,26.0
hpm,LineaA:1063,LineaE:1130,2.0
hpm,LineaA:1063,LineaE:1125,2.0
hpm,LineaA:1063,LineaE:1121,18.0
hpm,LineaA:1063,LineaE:1120,4.0
hpm,LineaA:1063,LineaE:1119,20.0
hpm,LineaA:1063,LineaH:1134,6.0
hpm,LineaA:1063,LineaH:1135,13.0
hpm,LineaA:1063,LineaH:1136,8.0
hpm,LineaA:1063,LineaH:1137,5.0
hpm,LineaA:1063,LineaH:1138,4.0
hpm,LineaA:1063,LineaH:1139,2.0
hpm,LineaA:1063,LineaH:1140,8.0
hpm,LineaA:1063,LineaH:1141,2.0
hpm,LineaA:1063,LineaH:1160,17.0
hpm,LineaA:1063,LineaH:1161,31.0
hpm,LineaA:1063,LineaH:1162,29.0
hpm,LineaA:1063,LineaH:1163,15.0
hpm,LineaA:1063,LineaE:1166,19.0
hpm,LineaA:1063,LineaE:1165,55.0
hpm,LineaA:1063,LineaE:1164,12.0
hpm,LineaA:1064,LineaA:1059,23.0
hpm,LineaA:1064,LineaA:1060,13.0
hpm,LineaA:1064,LineaA:1061,12.0
hpm,LineaA:1064,LineaA:1062,4.0
hpm,LineaA:1064,LineaA:1063,2.0
hpm,LineaA:1064,LineaA:1065,8.0
hpm,LineaA:1064,LineaA:1066,18.0
hpm,LineaA:1064,LineaA:1067,16.0
hpm,LineaA:1064,LineaA:1068,22.0
hpm,LineaA:1064,LineaA:1069,34.0
hpm,LineaA:1064,LineaA:1071,77.0
hpm,LineaA:1064,LineaA:1072,65.0
hpm,LineaA:1064,LineaA:1073,44.0
hpm,LineaA:1064,LineaA:1074,88.0
hpm,LineaA:1064,LineaA:1075,125.0
hpm,LineaA:1064,LineaA:1076,224.0
hpm,LineaA:1064,LineaB:1077,6.0
hpm,LineaA:1064,LineaB:1088,4.0
hpm,LineaA:1064,LineaB:1089,8.0
hpm,LineaA:1064,LineaB:1090,8.0
hpm,LineaA:1064,LineaB:1091,6.0
hpm,LineaA:1064,LineaB:1092,15.0
hpm,LineaA:1064,LineaB:1093,11.0
hpm,LineaA:1064,LineaC:1094,12.0
hpm,LineaA:1064,LineaC:1095,8.0
hpm,LineaA:1064,LineaC:1096,2.0
hpm,LineaA:1064,LineaC:1097,8.0
hpm,LineaA:1064,LineaC:1098,6.0
hpm,LineaA:1064,LineaC:1100,12.0
hpm,LineaA:1064,LineaC:1101,17.0
hpm,LineaA:1064,LineaC:1102,12.0
hpm,LineaA:1064,LineaD:1103,4.0
hpm,LineaA:1064,LineaD:1104,6.0
hpm,LineaA:1064,LineaD:1105,2.0
hpm,LineaA:1064,LineaD:1107,4.0
hpm,LineaA:1064,LineaD:1109,4.0
hpm,LineaA:1064,LineaD:1111,8.0
hpm,LineaA:1064,LineaD:1112,4.0
hpm,LineaA:1064,LineaD:1114,2.0
hpm,LineaA:1064,LineaD:1115,6.0
hpm,LineaA:1064,LineaD:1116,14.0
hpm,LineaA:1064,LineaD:1118,28.0
hpm,LineaA:1064,LineaE:1125,2.0
hpm,LineaA:1064,LineaE:1124,2.0
hpm,LineaA:1064,LineaE:1123,2.0
hpm,LineaA:1064,LineaE:1121,17.0
hpm,LineaA:1064,LineaE:1120,4.0
hpm,LineaA:1064,LineaE:1119,13.0
hpm,LineaA:1064,LineaH:1135,11.0
hpm,LineaA:1064,LineaH:1136,8.0
hpm,LineaA:1064,LineaH:1137,12.0
hpm,LineaA:1064,LineaH:1138,2.0
hpm,LineaA:1064,LineaH:1140,8.0
hpm,LineaA:1064,LineaH:1141,6.0
hpm,LineaA:1064,LineaH:1160,8.0
hpm,LineaA:1064,LineaH:1161,19.0
hpm,LineaA:1064,LineaH:1162,26.0
hpm,LineaA:1064,LineaH:1163,13.0
hpm,LineaA:1064,LineaE:1166,12.0
hpm,LineaA:1064,LineaE:1165,40.0
hpm,LineaA:1064,LineaE:1164,10.0
hpm,LineaA:1065,LineaA:1059,35.0
hpm,LineaA:1065,LineaA:1060,15.0
hpm,LineaA:1065,LineaA:1061,14.0
hpm,LineaA:1065,LineaA:1062,8.0
hpm,LineaA:1065,LineaA:1063,13.0
hpm,LineaA:1065,LineaA:1064,6.0
hpm,LineaA:1065,LineaA:1066,4.0
hpm,LineaA:1065,LineaA:1067,9.0
hpm,LineaA:1065,LineaA:1068,6.0
hpm,LineaA:1065,LineaA:1069,20.0
hpm,LineaA:1065,LineaA:1071,65.0
hpm,LineaA:1065,LineaA:1072,32.0
hpm,LineaA:1065,LineaA:1073,31.0
hpm,LineaA:1065,LineaA:1074,72.0
hpm,LineaA:1065,LineaA:1075,86.0
hpm,LineaA:1065,LineaA:1076,160.0
hpm,LineaA:1065,LineaB:1077,2.0
hpm,LineaA:1065,LineaB:1085,2.0
hpm,LineaA:1065,LineaB:1088,2.0
hpm,LineaA:1065,LineaB:1089,5.0
hpm,LineaA:1065,LineaB:1090,8.0
hpm,LineaA:1065,LineaB:1091,14.0
hpm,LineaA:1065,LineaB:1092,14.0
hpm,LineaA:1065,LineaB:1093,10.0
hpm,LineaA:1065,LineaC:1094,8.0
hpm,LineaA:1065,LineaC:1095,6.0
hpm,LineaA:1065,LineaC:1096,4.0
hpm,LineaA:1065,LineaC:1097,2.0
hpm,LineaA:1065,LineaC:1098,8.0
hpm,LineaA:1065,LineaC:1099,2.0
hpm,LineaA:1065,LineaC:1100,13.0
hpm,LineaA:1065,LineaC:1101,11.0
hpm,LineaA:1065,LineaC:1102,15.0
hpm,LineaA:1065,LineaD:1103,10.0
hpm,LineaA:1065,LineaD:1104,7.0
hpm,LineaA:1065,LineaD:1105,2.0
hpm,LineaA:1065,LineaD:1106,2.0
hpm,LineaA:1065,LineaD:1107,3.0
hpm,LineaA:1065,LineaD:1108,7.0
hpm,LineaA:1065,LineaD:1110,2.0
hpm,LineaA:1065,LineaD:1111,6.0
hpm,LineaA:1065,LineaD:1113,6.0
hpm,LineaA:1065,LineaD:1114,2.0
hpm,LineaA:1065,LineaD:1115,6.0
hpm,LineaA:1065,LineaD:1116,6.0
hpm,LineaA:1065,LineaD:1117,2.0
hpm,LineaA:1065,LineaD:1118,14.0
hpm,LineaA:1065,LineaE:1121,9.0
hpm,LineaA:1065,LineaE:1120,2.0
hpm,LineaA:1065,LineaE:1119,17.0
hpm,LineaA:1065,LineaH:1134,2.0
hpm,LineaA:1065,LineaH:1135,3.0
hpm,LineaA:1065,LineaH:1136,2.0
hpm,LineaA:1065,LineaH:1137,7.0
hpm,LineaA:1065,LineaH:1138,4.0
hpm,LineaA:1065,LineaH:1139,4.0
hpm,LineaA:1065,LineaH:1140,2.0
hpm,LineaA:1065,LineaH:1141,3.0
hpm,LineaA:1065,LineaH:1160,12.0
hpm,LineaA:1065,LineaH:1161,18.0
hpm,LineaA:1065,LineaH:1162,22.0
hpm,LineaA:1065,LineaH:1163,18.0
hpm,LineaA:1065,LineaE:1166,12.0
hpm,LineaA:1065,LineaE:1165,34.0
hpm,LineaA:1065,LineaE:1164,4.0
hpm,LineaA:1066,LineaA:1059,37.0
hpm,LineaA:1066,LineaA:1060,13.0
hpm,LineaA:1066,LineaA:1061,15.0
hpm,LineaA:1066,LineaA:1062,8.0
hpm,LineaA:1066,LineaA:1063,10.0
hpm,LineaA:1066,LineaA:1064,16.0
hpm,LineaA:1066,LineaA:1065,6.0
hpm,LineaA:1066,LineaA:1067,5.0
hpm,LineaA:1066,LineaA:1068,6.0
hpm,LineaA:1066,LineaA:1069,11.0
hpm,LineaA:1066,LineaA:1071,32.0
hpm,LineaA:1066,LineaA:1072,19.0
hpm,LineaA:1066,LineaA:1073,22.0
hpm,LineaA:1066,LineaA:1074,38.0
hpm,LineaA:1066,LineaA:1075,57.0
hpm,LineaA:1066,LineaA:1076,88.0
hpm,LineaA:1066,LineaB:1085,4.0
hpm,LineaA:1066,LineaB:1089,4.0
hpm,LineaA:1066,LineaB:1090,6.0
hpm,LineaA:1066,LineaB:1091,6.0
hpm,LineaA:1066,LineaB:1092,12.0
hpm,LineaA:1066,LineaB:1093,6.0
hpm,LineaA:1066,LineaC:1094,9.0
hpm,LineaA:1066,LineaC:1095,2.0
hpm,LineaA:1066,LineaC:1097,2.0
hpm,LineaA:1066,LineaC:1098,6.0
hpm,LineaA:1066,LineaC:1100,4.0
hpm,LineaA:1066,LineaC:1101,9.0
hpm,LineaA:1066,LineaC:1102,14.0
hpm,LineaA:1066,LineaD:1103,12.0
hpm,LineaA:1066,LineaD:1104,2.0
hpm,LineaA:1066,LineaD:1106,2.0
hpm,LineaA:1066,LineaD:1108,6.0
hpm,LineaA:1066,LineaD:1110,4.0
hpm,LineaA:1066,LineaD:1115,4.0
hpm,LineaA:1066,LineaD:1116,2.0
hpm,LineaA:1066,LineaD:1117,4.0
hpm,LineaA:1066,LineaD:1118,15.0
hpm,LineaA:1066,LineaE:1122,2.0
hpm,LineaA:1066,LineaE:1121,10.0
hpm,LineaA:1066,LineaE:1120,2.0
hpm,LineaA:1066,LineaE:1119,8.0
hpm,LineaA:1066,LineaH:1134,2.0
hpm,LineaA:1066,LineaH:1135,9.0
hpm,LineaA:1066,LineaH:1136,5.0
hpm,LineaA:1066,LineaH:1137,6.0
hpm,LineaA:1066,LineaH:1138,2.0
hpm,LineaA:1066,LineaH:1139,2.0
hpm,LineaA:1066,LineaH:1140,4.0
hpm,LineaA:1066,LineaH:1160,5.0
hpm,LineaA:1066,LineaH:1161,6.0
hpm,LineaA:1066,LineaH:1162,11.0
hpm,LineaA:1066,LineaH:1163,10.0
hpm,LineaA:1066,LineaE:1166,4.0
hpm,LineaA:1066,LineaE:1165,14.0
hpm,LineaA:1066,LineaE:1164,6.0
hpm,LineaA:1067,LineaA:1059,36.0
hpm,LineaA:1067,LineaA:1060,17.0
hpm,LineaA:1067,LineaA:1061,16.0
hpm,LineaA:1067,LineaA:1062,8.0
hpm,LineaA:1067,LineaA:1063,12.0
hpm,LineaA:1067,LineaA:1064,14.0
hpm,LineaA:1067,LineaA:1065,4.0
hpm,LineaA:1067,LineaA:1068,6.0
hpm,LineaA:1067,LineaA:1069,8.0
hpm,LineaA:1067,LineaA:1071,32.0
hpm,LineaA:1067,LineaA:1072,14.0
hpm,LineaA:1067,LineaA:1073,18.0
hpm,LineaA:1067,LineaA:1074,25.0
hpm,LineaA:1067,LineaA:1075,40.0
hpm,LineaA:1067,LineaA:1076,71.0
hpm,LineaA:1067,LineaB:1088,2.0
hpm,LineaA:1067,LineaB:1090,5.0
hpm,LineaA:1067,LineaB:1091,4.0
hpm,LineaA:1067,LineaB:1092,6.0
hpm,LineaA:1067,LineaB:1093,7.0
hpm,LineaA:1067,LineaC:1094,13.0
hpm,LineaA:1067,LineaC:1095,4.0
hpm,LineaA:1067,LineaC:1096,2.0
hpm,LineaA:1067,LineaC:1098,4.0
hpm,LineaA:1067,LineaC:1100,4.0
hpm,LineaA:1067,LineaC:1101,4.0
hpm,LineaA:1067,LineaC:1102,16.0
hpm,LineaA:1067,LineaD:1103,6.0
hpm,LineaA:1067,LineaD:1104,4.0
hpm,LineaA:1067,LineaD:1105,2.0
hpm,LineaA:1067,LineaD:1106,2.0
hpm,LineaA:1067,LineaD:1107,6.0
hpm,LineaA:1067,LineaD:1109,2.0
hpm,LineaA:1067,LineaD:1111,4.0
hpm,LineaA:1067,LineaD:1116,4.0
hpm,LineaA:1067,LineaD:1118,10.0
hpm,LineaA:1067,LineaE:1121,2.0
hpm,LineaA:1067,LineaE:1119,4.0
hpm,LineaA:1067,LineaH:1134,2.0
hpm,LineaA:1067,LineaH:1135,2.0
hpm,LineaA:1067,LineaH:1136,11.0
hpm,LineaA:1067,LineaH:1137,2.0
hpm,LineaA:1067,LineaH:1138,2.0
hpm,LineaA:1067,LineaH:1140,2.0
hpm,LineaA:1067,LineaH:1160,2.0
hpm,LineaA:1067,LineaH:1161,7.0
hpm,LineaA:1067,LineaH:1162,4.0
hpm,LineaA:1067,LineaH:1163,2.0
hpm,LineaA:1067,LineaE:1166,2.0
hpm,LineaA:1067,LineaE:1165,12.0
hpm,LineaA:1068,LineaA:1059,55.0
hpm,LineaA:1068,LineaA:1060,12.0
hpm,LineaA:1068,LineaA:1061,10.0
hpm,LineaA:1068,LineaA:1062,6.0
hpm,LineaA:1068,LineaA:1063,8.0
hpm,LineaA:1068,LineaA:1064,16.0
hpm,LineaA:1068,LineaA:1065,8.0
hpm,LineaA:1068,LineaA:1066,6.0
hpm,LineaA:1068,LineaA:1067,4.0
hpm,LineaA:1068,LineaA:1069,6.0
hpm,LineaA:1068,LineaA:1070,6.0
hpm,LineaA:1068,LineaA:1071,90.0
hpm,LineaA:1068,LineaA:1072,73.0
hpm,LineaA:1068,LineaA:1073,79.0
hpm,LineaA:1068,LineaA:1074,122.0
hpm,LineaA:1068,LineaA:1075,170.0
hpm,LineaA:1068,LineaA:1076,247.0
hpm,LineaA:1068,LineaB:1089,4.0
hpm,LineaA:1068,LineaB:1090,7.0
hpm,LineaA:1068,LineaB:1091,7.0
hpm,LineaA:1068,LineaB:1092,25.0
hpm,LineaA:1068,LineaB:1093,13.0
hpm,LineaA:1068,LineaC:1094,24.0
hpm,LineaA:1068,LineaC:1095,18.0
hpm,LineaA:1068,LineaC:1096,16.0
hpm,LineaA:1068,LineaC:1097,10.0
hpm,LineaA:1068,LineaC:1098,16.0
hpm,LineaA:1068,LineaC:1099,6.0
hpm,LineaA:1068,LineaC:1100,23.0
hpm,LineaA:1068,LineaC:1101,28.0
hpm,LineaA:1068,LineaC:1102,38.0
hpm,LineaA:1068,LineaD:1109,2.0
hpm,LineaA:1068,LineaD:1116,2.0
hpm,LineaA:1068,LineaD:1117,7.0
hpm,LineaA:1068,LineaD:1118,25.0
hpm,LineaA:1068,LineaE:1121,4.0
hpm,LineaA:1068,LineaE:1120,2.0
hpm,LineaA:1068,LineaE:1119,25.0
hpm,LineaA:1068,LineaH:1140,4.0
hpm,LineaA:1068,LineaH:1161,2.0
hpm,LineaA:1068,LineaH:1162,2.0
hpm,LineaA:1068,LineaE:1166,7.0
hpm,LineaA:1068,LineaE:1165,52.0
hpm,LineaA:1068,LineaE:1164,8.0
hpm,LineaA:1069,LineaA:1059,60.0
hpm,LineaA:1069,LineaA:1060,29.0
hpm,LineaA:1069,LineaA:1061,9.0
hpm,LineaA:1069,LineaA:1062,6.0
hpm,LineaA:1069,LineaA:1063,10.0
hpm,LineaA:1069,LineaA:1064,18.0
hpm,LineaA:1069,LineaA:1065,12.0
hpm,LineaA:1069,LineaA:1066,8.0
hpm,LineaA:1069,LineaA:1067,4.0
hpm,LineaA:1069,LineaA:1068,4.0
hpm,LineaA:1069,LineaA:1071,2.0
hpm,LineaA:1069,LineaB:1077,2.0
hpm,LineaA:1069,LineaB:1080,2.0
hpm,LineaA:1069,LineaB:1081,2.0
hpm,LineaA:1069,LineaB:1082,2.0
hpm,LineaA:1069,LineaB:1084,4.0
hpm,LineaA:1069,LineaB:1085,2.0
hpm,LineaA:1069,LineaB:1086,2.0
hpm,LineaA:1069,LineaB:1090,2.0
hpm,LineaA:1069,LineaB:1092,2.0
hpm,LineaA:1069,LineaC:1102,4.0
hpm,LineaA:1069,LineaD:1103,4.0
hpm,LineaA:1069,LineaD:1108,6.0
hpm,LineaA:1069,LineaD:1111,2.0
hpm,LineaA:1069,LineaE:1131,2.0
hpm,LineaA:1069,LineaE:1130,2.0
hpm,LineaA:1069,LineaE:1129,4.0
hpm,LineaA:1069,LineaE:1128,2.0
hpm,LineaA:1069,LineaE:1123,2.0
hpm,LineaA:1069,LineaH:1134,6.0
hpm,LineaA:1069,LineaH:1135,6.0
hpm,LineaA:1069,LineaH:1136,4.0
hpm,LineaA:1069,LineaH:1140,2.0
hpm,LineaA:1069,LineaH:1160,2.0
hpm,LineaA:1069,LineaH:1162,6.0
hpm,LineaA:1069,LineaH:1163,4.0
hpm,LineaA:1069,LineaE:1164,2.0
hpm,LineaA:1070,LineaA:1069,5.0
hpm,LineaA:1070,LineaA:1071,2.0
hpm,LineaA:1070,LineaA:1072,3.0
hpm,LineaA:1070,LineaA:1073,5.0
hpm,LineaA:1070,LineaA:1074,12.0
hpm,LineaA:1070,LineaA:1075,15.0
hpm,LineaA:1070,LineaA:1076,24.0
hpm,LineaA:1070,LineaB:1088,2.0
hpm,LineaA:1070,LineaB:1090,2.0
hpm,LineaA:1070,LineaB:1091,2.0
hpm,LineaA:1070,LineaB:1092,3.0
hpm,LineaA:1070,LineaB:1093,1.0
hpm,LineaA:1070,LineaC:1094,9.0
hpm,LineaA:1070,LineaC:1095,7.0
hpm,LineaA:1070,LineaC:1097,1.0
hpm,LineaA:1070,LineaC:1098,5.0
hpm,LineaA:1070,LineaC:1101,3.0
hpm,LineaA:1070,LineaC:1102,5.0
hpm,LineaA:1070,LineaD:1103,2.0
hpm,LineaA:1070,LineaD:1104,4.0
hpm,LineaA:1070,LineaD:1107,1.0
hpm,LineaA:1070,LineaD:1115,1.0
hpm,LineaA:1070,LineaD:1118,2.0
hpm,LineaA:1070,LineaE:1121,2.0
hpm,LineaA:1070,LineaE:1119,4.0
hpm,LineaA:1070,LineaH:1138,1.0
hpm,LineaA:1070,LineaH:1162,1.0
hpm,LineaA:1070,LineaE:1166,1.0
hpm,LineaA:1070,LineaE:1165,6.0
hpm,LineaA:1071,LineaA:1059,77.0
hpm,LineaA:1071,LineaA:1060,18.0
hpm,LineaA:1071,LineaA:1061,19.0
hpm,LineaA:1071,LineaA:1062,8.0
hpm,LineaA:1071,LineaA:1063,16.0
hpm,LineaA:1071,LineaA:1064,29.0
hpm,LineaA:1071,LineaA:1065,13.0
hpm,LineaA:1071,LineaA:1066,11.0
hpm,LineaA:1071,LineaA:1067,9.0
hpm,LineaA:1071,LineaA:1068,32.0
hpm,LineaA:1071,LineaA:1069,2.0
hpm,LineaA:1071,LineaA:1072,2.0
hpm,LineaA:1071,LineaA:1073,2.0
hpm,LineaA:1071,LineaA:1074,15.0
hpm,LineaA:1071,LineaA:1075,23.0
hpm,LineaA:1071,LineaA:1076,30.0
hpm,LineaA:1071,LineaB:1077,2.0
hpm,LineaA:1071,LineaB:1084,4.0
hpm,LineaA:1071,LineaB:1083,2.0
hpm,LineaA:1071,LineaB:1089,4.0
hpm,LineaA:1071,LineaB:1091,2.0
hpm,LineaA:1071,LineaB:1092,4.0
hpm,LineaA:1071,LineaB:1093,2.0
hpm,LineaA:1071,LineaC:1094,8.0
hpm,LineaA:1071,LineaC:1095,4.0
hpm,LineaA:1071,LineaC:1096,2.0
hpm,LineaA:1071,LineaC:1097,2.0
hpm,LineaA:1071,LineaC:1102,11.0
hpm,LineaA:1071,LineaD:1103,4.0
hpm,LineaA:1071,LineaD:1104,4.0
hpm,LineaA:1071,LineaD:1105,4.0
hpm,LineaA:1071,LineaD:1106,2.0
hpm,LineaA:1071,LineaD:1118,6.0
hpm,LineaA:1071,LineaE:1133,2.0
hpm,LineaA:1071,LineaE:1129,2.0
hpm,LineaA:1071,LineaE:1119,10.0
hpm,LineaA:1071,LineaH:1134,8.0
hpm,LineaA:1071,LineaH:1135,2.0
hpm,LineaA:1071,LineaH:1140,8.0
hpm,LineaA:1071,LineaH:1160,2.0
hpm,LineaA:1071,LineaH:1163,6.0
hpm,LineaA:1071,LineaE:1166,2.0
hpm,LineaA:1071,LineaE:1165,4.0
hpm,LineaA:1072,LineaA:1059,30.0
hpm,LineaA:1072,LineaA:1060,10.0
hpm,LineaA:1072,LineaA:1061,10.0
hpm,LineaA:1072,LineaA:1062,5.0
hpm,LineaA:1072,LineaA:1063,6.0
hpm,LineaA:1072,LineaA:1064,22.0
hpm,LineaA:1072,LineaA:1065,9.0
hpm,LineaA:1072,LineaA:1066,8.0
hpm,LineaA:1072,LineaA:1067,9.0
hpm,LineaA:1072,LineaA:1068,16.0
hpm,LineaA:1072,LineaA:1069,1.0
hpm,LineaA:1072,LineaA:1070,5.0
hpm,LineaA:1072,LineaA:1071,1.0
hpm,LineaA:1072,LineaA:1073,2.0
hpm,LineaA:1072,LineaA:1074,5.0
hpm,LineaA:1072,LineaA:1075,5.0
hpm,LineaA:1072,LineaA:1076,15.0
hpm,LineaA:1072,LineaB:1079,1.0
hpm,LineaA:1072,LineaB:1081,1.0
hpm,LineaA:1072,LineaB:1082,2.0
hpm,LineaA:1072,LineaB:1084,2.0
hpm,LineaA:1072,LineaB:1087,1.0
hpm,LineaA:1072,LineaB:1089,1.0
hpm,LineaA:1072,LineaB:1090,2.0
hpm,LineaA:1072,LineaB:1092,2.0
hpm,LineaA:1072,LineaB:1093,3.0
hpm,LineaA:1072,LineaC:1094,3.0
hpm,LineaA:1072,LineaC:1095,2.0
hpm,LineaA:1072,LineaC:1098,1.0
hpm,LineaA:1072,LineaC:1101,2.0
hpm,LineaA:1072,LineaC:1102,7.0
hpm,LineaA:1072,LineaD:1103,5.0
hpm,LineaA:1072,LineaD:1104,3.0
hpm,LineaA:1072,LineaD:1105,1.0
hpm,LineaA:1072,LineaD:1108,2.0
hpm,LineaA:1072,LineaD:1109,4.0
hpm,LineaA:1072,LineaD:1111,2.0
hpm,LineaA:1072,LineaD:1112,1.0
hpm,LineaA:1072,LineaD:1114,1.0
hpm,LineaA:1072,LineaD:1117,1.0
hpm,LineaA:1072,LineaD:1118,5.0
hpm,LineaA:1072,LineaE:1133,1.0
hpm,LineaA:1072,LineaE:1129,1.0
hpm,LineaA:1072,LineaE:1126,1.0
hpm,LineaA:1072,LineaE:1119,4.0
hpm,LineaA:1072,LineaH:1134,1.0
hpm,LineaA:1072,LineaH:1136,2.0
hpm,LineaA:1072,LineaH:1140,9.0
hpm,LineaA:1072,LineaH:1141,1.0
hpm,LineaA:1072,LineaH:1160,1.0
hpm,LineaA:1072,LineaH:1161,1.0
hpm,LineaA:1072,LineaH:1163,2.0
hpm,LineaA:1072,LineaE:1165,2.0
hpm,LineaA:1073,LineaA:1059,41.0
hpm,LineaA:1073,LineaA:1060,13.0
hpm,LineaA:1073,LineaA:1061,8.0
hpm,LineaA:1073,LineaA:1062,8.0
hpm,LineaA:1073,LineaA:1063,12.0
hpm,LineaA:1073,LineaA:1064,21.0
hpm,LineaA:1073,LineaA:1065,8.0
hpm,LineaA:1073,LineaA:1066,17.0
hpm,LineaA:1073,LineaA:1067,10.0
hpm,LineaA:1073,LineaA:1068,17.0
hpm,LineaA:1073,LineaA:1070,10.0
hpm,LineaA:1073,LineaA:1071,10.0
hpm,LineaA:1073,LineaA:1072,2.0
hpm,LineaA:1073,LineaA:1075,6.0
hpm,LineaA:1073,LineaA:1076,10.0
hpm,LineaA:1073,LineaB:1079,2.0
hpm,LineaA:1073,LineaB:1081,2.0
hpm,LineaA:1073,LineaB:1082,2.0
hpm,LineaA:1073,LineaB:1084,2.0
hpm,LineaA:1073,LineaB:1083,2.0
hpm,LineaA:1073,LineaB:1085,4.0
hpm,LineaA:1073,LineaB:1086,4.0
hpm,LineaA:1073,LineaB:1088,4.0
hpm,LineaA:1073,LineaB:1089,2.0
hpm,LineaA:1073,LineaB:1090,2.0
hpm,LineaA:1073,LineaB:1091,2.0
hpm,LineaA:1073,LineaB:1092,2.0
hpm,LineaA:1073,LineaB:1093,4.0
hpm,LineaA:1073,LineaC:1094,4.0
hpm,LineaA:1073,LineaC:1095,4.0
hpm,LineaA:1073,LineaC:1096,4.0
hpm,LineaA:1073,LineaC:1097,2.0
hpm,LineaA:1073,LineaC:1098,2.0
hpm,LineaA:1073,LineaC:1101,2.0
hpm,LineaA:1073,LineaC:1102,10.0
hpm,LineaA:1073,LineaD:1103,4.0
hpm,LineaA:1073,LineaD:1105,2.0
hpm,LineaA:1073,LineaD:1107,4.0
hpm,LineaA:1073,LineaD:1108,2.0
hpm,LineaA:1073,LineaD:1109,2.0
hpm,LineaA:1073,LineaD:1110,2.0
hpm,LineaA:1073,LineaD:1111,2.0
hpm,LineaA:1073,LineaD:1112,2.0
hpm,LineaA:1073,LineaD:1114,2.0
hpm,LineaA:1073,LineaD:1115,2.0
hpm,LineaA:1073,LineaD:1116,2.0
hpm,LineaA:1073,LineaE:1130,4.0
hpm,LineaA:1073,LineaH:1134,2.0
hpm,LineaA:1073,LineaH:1135,2.0
hpm,LineaA:1073,LineaH:1136,2.0
hpm,LineaA:1073,LineaH:1137,2.0
hpm,LineaA:1073,LineaH:1140,6.0
hpm,LineaA:1073,LineaH:1160,4.0
hpm,LineaA:1073,LineaH:1163,2.0
hpm,LineaA:1073,LineaE:1166,2.0
hpm,LineaA:1073,LineaE:1165,2.0
hpm,LineaA:1073,LineaE:1164,2.0
hpm,LineaA:1074,LineaA:1059,22.0
hpm,LineaA:1074,LineaA:1060,3.0
hpm,LineaA:1074,LineaA:1061,9.0
hpm,LineaA:1074,LineaA:1062,1.0
hpm,LineaA:1074,LineaA:1063,1.0
hpm,LineaA:1074,LineaA:1064,3.0
hpm,LineaA:1074,LineaA:1065,3.0
hpm,LineaA:1074,LineaA:1066,3.0
hpm,LineaA:1074,LineaA:1067,8.0
hpm,LineaA:1074,LineaA:1068,9.0
hpm,LineaA:1074,LineaA:1070,4.0
hpm,LineaA:1074,LineaA:1071,12.0
hpm,LineaA:1074,LineaA:1072,2.0
hpm,LineaA:1074,LineaA:1073,1.0
hpm,LineaA:1074,LineaA:1075,1.0
hpm,LineaA:1074,LineaA:1076,4.0
hpm,LineaA:1074,LineaB:1083,1.0
hpm,LineaA:1074,LineaB:1085,1.0
hpm,LineaA:1074,LineaB:1086,2.0
hpm,LineaA:1074,LineaB:1088,1.0
hpm,LineaA:1074,LineaB:1089,1.0
hpm,LineaA:1074,LineaB:1092,1.0
hpm,LineaA:1074,LineaC:1094,3.0
hpm,LineaA:1074,LineaC:1097,1.0
hpm,LineaA:1074,LineaC:1102,4.0
hpm,LineaA:1074,LineaD:1103,1.0
hpm,LineaA:1074,LineaD:1108,2.0
hpm,LineaA:1074,LineaD:1114,1.0
hpm,LineaA:1074,LineaD:1117,1.0
hpm,LineaA:1074,LineaD:1118,1.0
hpm,LineaA:1074,LineaE:1127,1.0
hpm,LineaA:1074,LineaE:1123,2.0
hpm,LineaA:1074,LineaH:1134,1.0
hpm,LineaA:1074,LineaH:1136,2.0
hpm,LineaA:1074,LineaH:1140,1.0
hpm,LineaA:1075,LineaA:1059,19.0
hpm,LineaA:1075,LineaA:1060,6.0
hpm,LineaA:1075,LineaA:1061,4.0
hpm,LineaA:1075,LineaA:1062,2.0
hpm,LineaA:1075,LineaA:1063,4.0
hpm,LineaA:1075,LineaA:1064,7.0
hpm,LineaA:1075,LineaA:1066,6.0
hpm,LineaA:1075,LineaA:1068,3.0
hpm,LineaA:1075,LineaA:1070,2.0
hpm,LineaA:1075,LineaA:1071,6.0
hpm,LineaA:1075,LineaA:1072,5.0
hpm,LineaA:1075,LineaA:1074,2.0
hpm,LineaA:1075,LineaB:1087,2.0
hpm,LineaA:1075,LineaB:1088,1.0
hpm,LineaA:1075,LineaB:1092,1.0
hpm,LineaA:1075,LineaC:1094,1.0
hpm,LineaA:1075,LineaD:1105,1.0
hpm,LineaA:1075,LineaD:1111,1.0
hpm,LineaA:1075,LineaD:1113,1.0
hpm,LineaA:1075,LineaD:1115,1.0
hpm,LineaA:1075,LineaE:1126,1.0
hpm,LineaA:1075,LineaH:1134,1.0
hpm,LineaA:1075,LineaH:1135,1.0
hpm,LineaA:1075,LineaH:1163,1.0
hpm,LineaA:1075,LineaE:1166,1.0
hpm,LineaA:1076,LineaA:1059,108.0
hpm,LineaA:1076,LineaA:1060,22.0
hpm,LineaA:1076,LineaA:1061,15.0
hpm,LineaA:1076,LineaA:1062,20.0
hpm,LineaA:1076,LineaA:1063,19.0
hpm,LineaA:1076,LineaA:1064,38.0
hpm,LineaA:1076,LineaA:1065,22.0
hpm,LineaA:1076,LineaA:1066,15.0
hpm,LineaA:1076,LineaA:1067,20.0
hpm,LineaA:1076,LineaA:1068,24.0
hpm,LineaA:1076,LineaA:1070,14.0
hpm,LineaA:1076,LineaA:1071,24.0
hpm,LineaA:1076,LineaA:1072,26.0
hpm,LineaA:1076,LineaA:1073,6.0
hpm,LineaA:1076,LineaA:1074,4.0
hpm,LineaA:1076,LineaB:1078,1.0
hpm,LineaA:1076,LineaB:1081,2.0
hpm,LineaA:1076,LineaB:1082,1.0
hpm,LineaA:1076,LineaB:1084,1.0
hpm,LineaA:1076,LineaB:1083,2.0
hpm,LineaA:1076,LineaB:1085,4.0
hpm,LineaA:1076,LineaB:1086,1.0
hpm,LineaA:1076,LineaB:1087,4.0
hpm,LineaA:1076,LineaB:1088,3.0
hpm,LineaA:1076,LineaB:1089,5.0
hpm,LineaA:1076,LineaB:1090,6.0
hpm,LineaA:1076,LineaB:1091,1.0
hpm,LineaA:1076,LineaB:1093,1.0
hpm,LineaA:1076,LineaC:1094,3.0
hpm,LineaA:1076,LineaC:1095,2.0
hpm,LineaA:1076,LineaC:1097,2.0
hpm,LineaA:1076,LineaC:1098,4.0
hpm,LineaA:1076,LineaC:1099,1.0
hpm,LineaA:1076,LineaC:1102,2.0
hpm,LineaA:1076,LineaD:1103,4.0
hpm,LineaA:1076,LineaD:1104,5.0
hpm,LineaA:1076,LineaD:1105,1.0
hpm,LineaA:1076,LineaD:1106,1.0
hpm,LineaA:1076,LineaD:1107,1.0
hpm,LineaA:1076,LineaD:1108,7.0
hpm,LineaA:1076,LineaD:1109,4.0
hpm,LineaA:1076,LineaD:1110,1.0
hpm,LineaA:1076,LineaD:1111,1.0
hpm,LineaA:1076,LineaD:1112,2.0
hpm,LineaA:1076,LineaD:1113,1.0
hpm,LineaA:1076,LineaD:1114,1.0
hpm,LineaA:1076,LineaD:1115,1.0
hpm,LineaA:1076,LineaD:1117,1.0
hpm,LineaA:1076,LineaD:1118,2.0
hpm,LineaA:1076,LineaE:1129,1.0
hpm,LineaA:1076,LineaE:1128,2.0
hpm,LineaA:1076,LineaE:1127,3.0
hpm,LineaA:1076,LineaE:1126,1.0
hpm,LineaA:1076,LineaE:1125,2.0
hpm,LineaA:1076,LineaE:1120,1.0
hpm,LineaA:1076,LineaH:1134,2.0
hpm,LineaA:1076,LineaH:1135,9.0
hpm,LineaA:1076,LineaH:1136,2.0
hpm,LineaA:1076,LineaH:1139,1.0
hpm,LineaA:1076,LineaH:1140,13.0
hpm,LineaA:1076,LineaH:1160,2.0
hpm,LineaA:1076,LineaH:1161,3.0
hpm,LineaA:1076,LineaH:1162,4.0
hpm,LineaA:1076,LineaH:1163,2.0
hpm,LineaA:1076,LineaE:1166,1.0
hpm,LineaA:1076,LineaE:1165,1.0
hpm,LineaB:1077,LineaA:1059,3.0
hpm,LineaB:1077,LineaA:1061,2.0
hpm,LineaB:1077,LineaA:1063,4.0
hpm,LineaB:1077,LineaA:1064,10.0
hpm,LineaB:1077,LineaA:1065,4.0
hpm,LineaB:1077,LineaA:1067,9.0
hpm,LineaB:1077,LineaA:1070,4.0
hpm,LineaB:1077,LineaA:1071,8.0
hpm,LineaB:1077,LineaA:1072,11.0
hpm,LineaB:1077,LineaA:1073,4.0
hpm,LineaB:1077,LineaA:1074,4.0
hpm,LineaB:1077,LineaA:1075,12.0
hpm,LineaB:1077,LineaA:1076,22.0
hpm,LineaB:1077,LineaB:1079,16.0
hpm,LineaB:1077,LineaB:1080,24.0
hpm,LineaB:1077,LineaB:1081,32.0
hpm,LineaB:1077,LineaB:1082,38.0
hpm,LineaB:1077,LineaB:1084,78.0
hpm,LineaB:1077,LineaB:1083,67.0
hpm,LineaB:1077,LineaB:1085,116.0
hpm,LineaB:1077,LineaB:1086,99.0
hpm,LineaB:1077,LineaB:1087,138.0
hpm,LineaB:1077,LineaB:1088,140.0
hpm,LineaB:1077,LineaB:1089,273.0
hpm,LineaB:1077,LineaB:1090,274.0
hpm,LineaB:1077,LineaB:1091,265.0
hpm,LineaB:1077,LineaB:1092,454.0
hpm,LineaB:1077,LineaB:1093,554.0
hpm,LineaB:1077,LineaC:1094,38.0
hpm,LineaB:1077,LineaC:1095,21.0
hpm,LineaB:1077,LineaC:1096,16.0
hpm,LineaB:1077,LineaC:1097,40.0
hpm,LineaB:1077,LineaC:1098,9.0
hpm,LineaB:1077,LineaC:1099,24.0
hpm,LineaB:1077,LineaC:1100,12.0
hpm,LineaB:1077,LineaC:1101,8.0
hpm,LineaB:1077,LineaC:1102,2.0
hpm,LineaB:1077,LineaD:1108,2.0
hpm,LineaB:1077,LineaD:1109,2.0
hpm,LineaB:1077,LineaD:1110,4.0
hpm,LineaB:1077,LineaD:1111,5.0
hpm,LineaB:1077,LineaD:1112,4.0
hpm,LineaB:1077,LineaD:1113,6.0
hpm,LineaB:1077,LineaD:1114,21.0
hpm,LineaB:1077,LineaD:1115,19.0
hpm,LineaB:1077,LineaD:1116,29.0
hpm,LineaB:1077,LineaD:1117,28.0
hpm,LineaB:1077,LineaD:1118,104.0
hpm,LineaB:1077,LineaE:1133,3.0
hpm,LineaB:1077,LineaE:1129,2.0
hpm,LineaB:1077,LineaE:1128,2.0
hpm,LineaB:1077,LineaE:1125,3.0
hpm,LineaB:1077,LineaE:1123,10.0
hpm,LineaB:1077,LineaE:1122,7.0
hpm,LineaB:1077,LineaE:1121,31.0
hpm,LineaB:1077,LineaE:1120,32.0
hpm,LineaB:1077,LineaE:1119,70.0
hpm,LineaB:1077,LineaH:1134,43.0
hpm,LineaB:1077,LineaH:1135,73.0
hpm,LineaB:1077,LineaH:1136,58.0
hpm,LineaB:1077,LineaH:1137,13.0
hpm,LineaB:1077,LineaH:1138,11.0
hpm,LineaB:1077,LineaH:1139,31.0
hpm,LineaB:1077,LineaH:1140,12.0
hpm,LineaB:1077,LineaH:1141,10.0
hpm,LineaB:1077,LineaH:1160,22.0
hpm,LineaB:1077,LineaH:1161,34.0
hpm,LineaB:1077,LineaH:1162,28.0
hpm,LineaB:1077,LineaH:1163,18.0
hpm,LineaB:1077,LineaE:1166,57.0
hpm,LineaB:1077,LineaE:1165,41.0
hpm,LineaB:1077,LineaE:1164,2.0
hpm,LineaB:1078,LineaA:1059,4.0
hpm,LineaB:1078,LineaA:1069,2.0
hpm,LineaB:1078,LineaA:1071,2.0
hpm,LineaB:1078,LineaA:1072,2.0
hpm,LineaB:1078,LineaA:1076,3.0
hpm,LineaB:1078,LineaB:1080,2.0
hpm,LineaB:1078,LineaB:1081,3.0
hpm,LineaB:1078,LineaB:1082,13.0
hpm,LineaB:1078,LineaB:1084,16.0
hpm,LineaB:1078,LineaB:1083,15.0
hpm,LineaB:1078,LineaB:1085,21.0
hpm,LineaB:1078,LineaB:1086,13.0
hpm,LineaB:1078,LineaB:1087,20.0
hpm,LineaB:1078,LineaB:1088,29.0
hpm,LineaB:1078,LineaB:1089,58.0
hpm,LineaB:1078,LineaB:1090,54.0
hpm,LineaB:1078,LineaB:1091,72.0
hpm,LineaB:1078,LineaB:1092,121.0
hpm,LineaB:1078,LineaB:1093,149.0
hpm,LineaB:1078,LineaC:1094,14.0
hpm,LineaB:1078,LineaC:1095,2.0
hpm,LineaB:1078,LineaC:1097,17.0
hpm,LineaB:1078,LineaC:1098,2.0
hpm,LineaB:1078,LineaC:1099,2.0
hpm,LineaB:1078,LineaC:1101,5.0
hpm,LineaB:1078,LineaD:1113,2.0
hpm,LineaB:1078,LineaD:1114,2.0
hpm,LineaB:1078,LineaD:1115,4.0
hpm,LineaB:1078,LineaD:1116,2.0
hpm,LineaB:1078,LineaD:1117,7.0
hpm,LineaB:1078,LineaD:1118,20.0
hpm,LineaB:1078,LineaE:1125,2.0
hpm,LineaB:1078,LineaE:1123,2.0
hpm,LineaB:1078,LineaE:1121,6.0
hpm,LineaB:1078,LineaE:1120,10.0
hpm,LineaB:1078,LineaE:1119,20.0
hpm,LineaB:1078,LineaH:1134,5.0
hpm,LineaB:1078,LineaH:1135,17.0
hpm,LineaB:1078,LineaH:1136,13.0
hpm,LineaB:1078,LineaH:1137,4.0
hpm,LineaB:1078,LineaH:1138,2.0
hpm,LineaB:1078,LineaH:1139,5.0
hpm,LineaB:1078,LineaH:1160,2.0
hpm,LineaB:1078,LineaH:1161,9.0
hpm,LineaB:1078,LineaH:1162,8.0
hpm,LineaB:1078,LineaH:1163,8.0
hpm,LineaB:1078,LineaE:1166,8.0
hpm,LineaB:1078,LineaE:1165,16.0
hpm,LineaB:1079,LineaA:1071,2.0
hpm,LineaB:1079,LineaA:1072,2.0
hpm,LineaB:1079,LineaA:1075,4.0
hpm,LineaB:1079,LineaA:1076,2.0
hpm,LineaB:1079,LineaB:1077,10.0
hpm,LineaB:1079,LineaB:1078,2.0
hpm,LineaB:1079,LineaB:1080,2.0
hpm,LineaB:1079,LineaB:1081,7.0
hpm,LineaB:1079,LineaB:1082,8.0
hpm,LineaB:1079,LineaB:1084,16.0
hpm,LineaB:1079,LineaB:1083,19.0
hpm,LineaB:1079,LineaB:1085,17.0
hpm,LineaB:1079,LineaB:1086,21.0
hpm,LineaB:1079,LineaB:1087,22.0
hpm,LineaB:1079,LineaB:1088,23.0
hpm,LineaB:1079,LineaB:1089,65.0
hpm,LineaB:1079,LineaB:1090,80.0
hpm,LineaB:1079,LineaB:1091,82.0
hpm,LineaB:1079,LineaB:1092,132.0
hpm,LineaB:1079,LineaB:1093,137.0
hpm,LineaB:1079,LineaC:1094,15.0
hpm,LineaB:1079,LineaC:1095,4.0
hpm,LineaB:1079,LineaC:1096,7.0
hpm,LineaB:1079,LineaC:1097,10.0
hpm,LineaB:1079,LineaC:1099,5.0
hpm,LineaB:1079,LineaC:1100,2.0
hpm,LineaB:1079,LineaC:1101,5.0
hpm,LineaB:1079,LineaC:1102,2.0
hpm,LineaB:1079,LineaD:1103,2.0
hpm,LineaB:1079,LineaD:1111,2.0
hpm,LineaB:1079,LineaD:1113,4.0
hpm,LineaB:1079,LineaD:1114,4.0
hpm,LineaB:1079,LineaD:1115,6.0
hpm,LineaB:1079,LineaD:1116,4.0
hpm,LineaB:1079,LineaD:1117,8.0
hpm,LineaB:1079,LineaD:1118,20.0
hpm,LineaB:1079,LineaE:1121,9.0
hpm,LineaB:1079,LineaE:1120,8.0
hpm,LineaB:1079,LineaE:1119,16.0
hpm,LineaB:1079,LineaH:1134,4.0
hpm,LineaB:1079,LineaH:1135,12.0
hpm,LineaB:1079,LineaH:1136,10.0
hpm,LineaB:1079,LineaH:1137,4.0
hpm,LineaB:1079,LineaH:1138,2.0
hpm,LineaB:1079,LineaH:1139,8.0
hpm,LineaB:1079,LineaH:1140,2.0
hpm,LineaB:1079,LineaH:1160,4.0
hpm,LineaB:1079,LineaH:1161,6.0
hpm,LineaB:1079,LineaH:1162,8.0
hpm,LineaB:1079,LineaH:1163,7.0
hpm,LineaB:1079,LineaE:1166,10.0
hpm,LineaB:1079,LineaE:1165,17.0
hpm,LineaB:1079,LineaE:1164,3.0
hpm,LineaB:1080,LineaA:1076,2.0
hpm,LineaB:1080,LineaB:1077,6.0
hpm,LineaB:1080,LineaB:1081,2.0
hpm,LineaB:1080,LineaB:1082,2.0
hpm,LineaB:1080,LineaB:1084,6.0
hpm,LineaB:1080,LineaB:1083,7.0
hpm,LineaB:1080,LineaB:1085,9.0
hpm,LineaB:1080,LineaB:1086,6.0
hpm,LineaB:1080,LineaB:1087,6.0
hpm,LineaB:1080,LineaB:1088,14.0
hpm,LineaB:1080,LineaB:1089,24.0
hpm,LineaB:1080,LineaB:1090,42.0
hpm,LineaB:1080,LineaB:1091,27.0
hpm,LineaB:1080,LineaB:1092,52.0
hpm,LineaB:1080,LineaB:1093,69.0
hpm,LineaB:1080,LineaC:1094,2.0
hpm,LineaB:1080,LineaC:1095,2.0
hpm,LineaB:1080,LineaC:1096,2.0
hpm,LineaB:1080,LineaC:1097,6.0
hpm,LineaB:1080,LineaC:1101,4.0
hpm,LineaB:1080,LineaD:1116,4.0
hpm,LineaB:1080,LineaD:1117,4.0
hpm,LineaB:1080,LineaD:1118,8.0
hpm,LineaB:1080,LineaE:1122,2.0
hpm,LineaB:1080,LineaE:1121,5.0
hpm,LineaB:1080,LineaE:1120,6.0
hpm,LineaB:1080,LineaE:1119,6.0
hpm,LineaB:1080,LineaH:1134,4.0
hpm,LineaB:1080,LineaH:1135,5.0
hpm,LineaB:1080,LineaH:1136,8.0
hpm,LineaB:1080,LineaH:1160,2.0
hpm,LineaB:1080,LineaH:1161,6.0
hpm,LineaB:1080,LineaH:1162,2.0
hpm,LineaB:1080,LineaH:1163,4.0
hpm,LineaB:1080,LineaE:1166,4.0
hpm,LineaB:1080,LineaE:1165,7.0
hpm,LineaB:1081,LineaA:1063,4.0
hpm,LineaB:1081,LineaA:1064,2.0
hpm,LineaB:1081,LineaA:1065,2.0
hpm,LineaB:1081,LineaA:1067,2.0
hpm,LineaB:1081,LineaA:1068,4.0
hpm,LineaB:1081,LineaA:1069,6.0
hpm,LineaB:1081,LineaA:1070,2.0
hpm,LineaB:1081,LineaA:1071,10.0
hpm,LineaB:1081,LineaA:1072,4.0
hpm,LineaB:1081,LineaA:1073,6.0
hpm,LineaB:1081,LineaA:1074,4.0
hpm,LineaB:1081,LineaA:1075,14.0
hpm,LineaB:1081,LineaA:1076,18.0
hpm,LineaB:1081,LineaB:1077,11.0
hpm,LineaB:1081,LineaB:1078,8.0
hpm,LineaB:1081,LineaB:1079,13.0
hpm,LineaB:1081,LineaB:1080,7.0
hpm,LineaB:1081,LineaB:1082,10.0
hpm,LineaB:1081,LineaB:1084,53.0
hpm,LineaB:1081,LineaB:1083,54.0
hpm,LineaB:1081,LineaB:1085,105.0
hpm,LineaB:1081,LineaB:1086,110.0
hpm,LineaB:1081,LineaB:1087,149.0
hpm,LineaB:1081,LineaB:1088,142.0
hpm,LineaB:1081,LineaB:1089,250.0
hpm,LineaB:1081,LineaB:1090,236.0
hpm,LineaB:1081,LineaB:1091,257.0
hpm,LineaB:1081,LineaB:1092,382.0
hpm,LineaB:1081,LineaB:1093,420.0
hpm,LineaB:1081,LineaC:1094,30.0
hpm,LineaB:1081,LineaC:1095,13.0
hpm,LineaB:1081,LineaC:1096,18.0
hpm,LineaB:1081,LineaC:1097,39.0
hpm,LineaB:1081,LineaC:1098,8.0
hpm,LineaB:1081,LineaC:1099,22.0
hpm,LineaB:1081,LineaC:1100,11.0
hpm,LineaB:1081,LineaC:1101,6.0
hpm,LineaB:1081,LineaC:1102,6.0
hpm,LineaB:1081,LineaD:1108,4.0
hpm,LineaB:1081,LineaD:1111,6.0
hpm,LineaB:1081,LineaD:1113,6.0
hpm,LineaB:1081,LineaD:1114,17.0
hpm,LineaB:1081,LineaD:1115,18.0
hpm,LineaB:1081,LineaD:1116,18.0
hpm,LineaB:1081,LineaD:1117,17.0
hpm,LineaB:1081,LineaD:1118,69.0
hpm,LineaB:1081,LineaE:1125,6.0
hpm,LineaB:1081,LineaE:1124,4.0
hpm,LineaB:1081,LineaE:1123,11.0
hpm,LineaB:1081,LineaE:1122,2.0
hpm,LineaB:1081,LineaE:1121,25.0
hpm,LineaB:1081,LineaE:1120,23.0
hpm,LineaB:1081,LineaE:1119,75.0
hpm,LineaB:1081,LineaH:1134,28.0
hpm,LineaB:1081,LineaH:1135,46.0
hpm,LineaB:1081,LineaH:1136,42.0
hpm,LineaB:1081,LineaH:1137,12.0
hpm,LineaB:1081,LineaH:1138,19.0
hpm,LineaB:1081,LineaH:1139,20.0
hpm,LineaB:1081,LineaH:1140,12.0
hpm,LineaB:1081,LineaH:1141,8.0
hpm,LineaB:1081,LineaH:1160,25.0
hpm,LineaB:1081,LineaH:1161,27.0
hpm,LineaB:1081,LineaH:1162,13.0
hpm,LineaB:1081,LineaH:1163,21.0
hpm,LineaB:1081,LineaE:1166,32.0
hpm,LineaB:1081,LineaE:1165,44.0
hpm,LineaB:1081,LineaE:1164,10.0
hpm,LineaB:1082,LineaA:1064,2.0
hpm,LineaB:1082,LineaA:1068,6.0
hpm,LineaB:1082,LineaA:1069,2.0
hpm,LineaB:1082,LineaA:1071,4.0
hpm,LineaB:1082,LineaA:1072,2.0
hpm,LineaB:1082,LineaA:1073,2.0
hpm,LineaB:1082,LineaA:1074,2.0
hpm,LineaB:1082,LineaA:1075,2.0
hpm,LineaB:1082,LineaA:1076,4.0
hpm,LineaB:1082,LineaB:1077,15.0
hpm,LineaB:1082,LineaB:1078,4.0
hpm,LineaB:1082,LineaB:1079,4.0
hpm,LineaB:1082,LineaB:1080,8.0
hpm,LineaB:1082,LineaB:1084,8.0
hpm,LineaB:1082,LineaB:1083,23.0
hpm,LineaB:1082,LineaB:1085,33.0
hpm,LineaB:1082,LineaB:1086,27.0
hpm,LineaB:1082,LineaB:1087,55.0
hpm,LineaB:1082,LineaB:1088,39.0
hpm,LineaB:1082,LineaB:1089,64.0
hpm,LineaB:1082,LineaB:1090,67.0
hpm,LineaB:1082,LineaB:1091,67.0
hpm,LineaB:1082,LineaB:1092,119.0
hpm,LineaB:1082,LineaB:1093,131.0
hpm,LineaB:1082,LineaC:1094,14.0
hpm,LineaB:1082,LineaC:1095,4.0
hpm,LineaB:1082,LineaC:1096,2.0
hpm,LineaB:1082,LineaC:1097,8.0
hpm,LineaB:1082,LineaC:1099,8.0
hpm,LineaB:1082,LineaC:1100,2.0
hpm,LineaB:1082,LineaC:1101,8.0
hpm,LineaB:1082,LineaD:1111,4.0
hpm,LineaB:1082,LineaD:1112,2.0
hpm,LineaB:1082,LineaD:1115,6.0
hpm,LineaB:1082,LineaD:1116,2.0
hpm,LineaB:1082,LineaD:1117,4.0
hpm,LineaB:1082,LineaD:1118,20.0
hpm,LineaB:1082,LineaE:1128,2.0
hpm,LineaB:1082,LineaE:1125,2.0
hpm,LineaB:1082,LineaE:1123,2.0
hpm,LineaB:1082,LineaE:1122,2.0
hpm,LineaB:1082,LineaE:1121,4.0
hpm,LineaB:1082,LineaE:1120,6.0
hpm,LineaB:1082,LineaE:1119,15.0
hpm,LineaB:1082,LineaH:1134,12.0
hpm,LineaB:1082,LineaH:1135,20.0
hpm,LineaB:1082,LineaH:1136,12.0
hpm,LineaB:1082,LineaH:1137,6.0
hpm,LineaB:1082,LineaH:1138,6.0
hpm,LineaB:1082,LineaH:1139,4.0
hpm,LineaB:1082,LineaH:1140,2.0
hpm,LineaB:1082,LineaH:1141,2.0
hpm,LineaB:1082,LineaH:1160,2.0
hpm,LineaB:1082,LineaH:1161,2.0
hpm,LineaB:1082,LineaH:1162,4.0
hpm,LineaB:1082,LineaH:1163,2.0
hpm,LineaB:1082,LineaE:1166,15.0
hpm,LineaB:1082,LineaE:1165,14.0
hpm,LineaB:1084,LineaA:1059,2.0
hpm,LineaB:1084,LineaA:1068,2.0
hpm,LineaB:1084,LineaA:1069,2.0
hpm,LineaB:1084,LineaA:1071,4.0
hpm,LineaB:1084,LineaA:1072,8.0
hpm,LineaB:1084,LineaA:1073,2.0
hpm,LineaB:1084,LineaA:1074,2.0
hpm,LineaB:1084,LineaA:1075,14.0
hpm,LineaB:1084,LineaA:1076,15.0
hpm,LineaB:1084,LineaB:1077,28.0
hpm,LineaB:1084,LineaB:1078,10.0
hpm,LineaB:1084,LineaB:1079,16.0
hpm,LineaB:1084,LineaB:1080,18.0
hpm,LineaB:1084,LineaB:1081,15.0
hpm,LineaB:1084,LineaB:1082,6.0
hpm,LineaB:1084,LineaB:1083,2.0
hpm,LineaB:1084,LineaB:1085,15.0
hpm,LineaB:1084,LineaB:1086,22.0
hpm,LineaB:1084,LineaB:1087,40.0
hpm,LineaB:1084,LineaB:1088,44.0
hpm,LineaB:1084,LineaB:1089,81.0
hpm,LineaB:1084,LineaB:1090,94.0
hpm,LineaB:1084,LineaB:1091,104.0
hpm,LineaB:1084,LineaB:1092,177.0
hpm,LineaB:1084,LineaB:1093,224.0
hpm,LineaB:1084,LineaC:1094,20.0
hpm,LineaB:1084,LineaC:1095,7.0
hpm,LineaB:1084,LineaC:1096,9.0
hpm,LineaB:1084,LineaC:1097,17.0
hpm,LineaB:1084,LineaC:1099,9.0
hpm,LineaB:1084,LineaC:1100,4.0
hpm,LineaB:1084,LineaC:1101,4.0
hpm,LineaB:1084,LineaC:1102,4.0
hpm,LineaB:1084,LineaD:1107,2.0
hpm,LineaB:1084,LineaD:1110,2.0
hpm,LineaB:1084,LineaD:1114,4.0
hpm,LineaB:1084,LineaD:1115,4.0
hpm,LineaB:1084,LineaD:1116,6.0
hpm,LineaB:1084,LineaD:1117,14.0
hpm,LineaB:1084,LineaD:1118,32.0
hpm,LineaB:1084,LineaE:1133,2.0
hpm,LineaB:1084,LineaE:1123,2.0
hpm,LineaB:1084,LineaE:1121,16.0
hpm,LineaB:1084,LineaE:1120,15.0
hpm,LineaB:1084,LineaE:1119,19.0
hpm,LineaB:1084,LineaH:1134,6.0
hpm,LineaB:1084,LineaH:1135,24.0
hpm,LineaB:1084,LineaH:1136,18.0
hpm,LineaB:1084,LineaH:1137,9.0
hpm,LineaB:1084,LineaH:1138,8.0
hpm,LineaB:1084,LineaH:1139,12.0
hpm,LineaB:1084,LineaH:1140,4.0
hpm,LineaB:1084,LineaH:1141,6.0
hpm,LineaB:1084,LineaH:1160,6.0
hpm,LineaB:1084,LineaH:1161,9.0
hpm,LineaB:1084,LineaH:1162,6.0
hpm,LineaB:1084,LineaH:1163,8.0
hpm,LineaB:1084,LineaE:1166,15.0
hpm,LineaB:1084,LineaE:1165,39.0
hpm,LineaB:1084,LineaE:1164,8.0
hpm,LineaB:1083,LineaA:1071,2.0
hpm,LineaB:1083,LineaA:1072,6.0
hpm,LineaB:1083,LineaA:1073,2.0
hpm,LineaB:1083,LineaA:1075,6.0
hpm,LineaB:1083,LineaA:1076,11.0
hpm,LineaB:1083,LineaB:1077,37.0
hpm,LineaB:1083,LineaB:1078,13.0
hpm,LineaB:1083,LineaB:1079,16.0
hpm,LineaB:1083,LineaB:1080,22.0
hpm,LineaB:1083,LineaB:1081,26.0
hpm,LineaB:1083,LineaB:1082,19.0
hpm,LineaB:1083,LineaB:1084,8.0
hpm,LineaB:1083,LineaB:1085,5.0
hpm,LineaB:1083,LineaB:1086,17.0
hpm,LineaB:1083,LineaB:1087,14.0
hpm,LineaB:1083,LineaB:1088,34.0
hpm,LineaB:1083,LineaB:1089,46.0
hpm,LineaB:1083,LineaB:1090,62.0
hpm,LineaB:1083,LineaB:1091,90.0
hpm,LineaB:1083,LineaB:1092,148.0
hpm,LineaB:1083,LineaB:1093,181.0
hpm,LineaB:1083,LineaC:1094,24.0
hpm,LineaB:1083,LineaC:1095,11.0
hpm,LineaB:1083,LineaC:1096,4.0
hpm,LineaB:1083,LineaC:1097,12.0
hpm,LineaB:1083,LineaC:1098,2.0
hpm,LineaB:1083,LineaC:1101,8.0
hpm,LineaB:1083,LineaC:1102,17.0
hpm,LineaB:1083,LineaD:1104,2.0
hpm,LineaB:1083,LineaD:1106,2.0
hpm,LineaB:1083,LineaD:1108,2.0
hpm,LineaB:1083,LineaD:1113,6.0
hpm,LineaB:1083,LineaD:1115,2.0
hpm,LineaB:1083,LineaD:1116,6.0
hpm,LineaB:1083,LineaD:1117,8.0
hpm,LineaB:1083,LineaD:1118,26.0
hpm,LineaB:1083,LineaE:1123,4.0
hpm,LineaB:1083,LineaE:1122,4.0
hpm,LineaB:1083,LineaE:1121,10.0
hpm,LineaB:1083,LineaE:1120,6.0
hpm,LineaB:1083,LineaE:1119,14.0
hpm,LineaB:1083,LineaH:1134,7.0
hpm,LineaB:1083,LineaH:1135,8.0
hpm,LineaB:1083,LineaH:1136,14.0
hpm,LineaB:1083,LineaH:1137,12.0
hpm,LineaB:1083,LineaH:1138,8.0
hpm,LineaB:1083,LineaH:1139,6.0
hpm,LineaB:1083,LineaH:1141,2.0
hpm,LineaB:1083,LineaH:1160,2.0
hpm,LineaB:1083,LineaH:1161,12.0
hpm,LineaB:1083,LineaH:1162,11.0
hpm,LineaB:1083,LineaH:1163,8.0
hpm,LineaB:1083,LineaE:1166,13.0
hpm,LineaB:1083,LineaE:1165,26.0
hpm,LineaB:1083,LineaE:1164,8.0
hpm,LineaB:1085,LineaA:1059,4.0
hpm,LineaB:1085,LineaA:1066,2.0
hpm,LineaB:1085,LineaA:1068,2.0
hpm,LineaB:1085,LineaA:1069,4.0
hpm,LineaB:1085,LineaA:1071,4.0
hpm,LineaB:1085,LineaA:1072,4.0
hpm,LineaB:1085,LineaA:1073,2.0
hpm,LineaB:1085,LineaA:1074,2.0
hpm,LineaB:1085,LineaA:1075,4.0
hpm,LineaB:1085,LineaA:1076,15.0
hpm,LineaB:1085,LineaB:1077,49.0
hpm,LineaB:1085,LineaB:1078,13.0
hpm,LineaB:1085,LineaB:1079,19.0
hpm,LineaB:1085,LineaB:1080,28.0
hpm,LineaB:1085,LineaB:1081,58.0
hpm,LineaB:1085,LineaB:1082,18.0
hpm,LineaB:1085,LineaB:1084,16.0
hpm,LineaB:1085,LineaB:1083,6.0
hpm,LineaB:1085,LineaB:1086,8.0
hpm,LineaB:1085,LineaB:1087,8.0
hpm,LineaB:1085,LineaB:1088,14.0
hpm,LineaB:1085,LineaB:1089,32.0
hpm,LineaB:1085,LineaB:1090,54.0
hpm,LineaB:1085,LineaB:1091,51.0
hpm,LineaB:1085,LineaB:1092,91.0
hpm,LineaB:1085,LineaB:1093,113.0
hpm,LineaB:1085,LineaC:1094,14.0
hpm,LineaB:1085,LineaC:1095,14.0
hpm,LineaB:1085,LineaC:1096,7.0
hpm,LineaB:1085,LineaC:1097,14.0
hpm,LineaB:1085,LineaC:1098,2.0
hpm,LineaB:1085,LineaC:1099,6.0
hpm,LineaB:1085,LineaC:1101,4.0
hpm,LineaB:1085,LineaC:1102,8.0
hpm,LineaB:1085,LineaD:1103,2.0
hpm,LineaB:1085,LineaD:1104,4.0
hpm,LineaB:1085,LineaD:1106,4.0
hpm,LineaB:1085,LineaD:1108,2.0
hpm,LineaB:1085,LineaD:1109,2.0
hpm,LineaB:1085,LineaD:1113,4.0
hpm,LineaB:1085,LineaD:1114,2.0
hpm,LineaB:1085,LineaD:1115,4.0
hpm,LineaB:1085,LineaD:1116,4.0
hpm,LineaB:1085,LineaD:1117,6.0
hpm,LineaB:1085,LineaD:1118,22.0
hpm,LineaB:1085,LineaE:1133,4.0
hpm,LineaB:1085,LineaE:1121,8.0
hpm,LineaB:1085,LineaE:1120,8.0
hpm,LineaB:1085,LineaE:1119,10.0
hpm,LineaB:1085,LineaH:1134,4.0
hpm,LineaB:1085,LineaH:1135,23.0
hpm,LineaB:1085,LineaH:1136,23.0
hpm,LineaB:1085,LineaH:1137,6.0
hpm,LineaB:1085,LineaH:1138,9.0
hpm,LineaB:1085,LineaH:1139,15.0
hpm,LineaB:1085,LineaH:1140,4.0
hpm,LineaB:1085,LineaH:1160,2.0
hpm,LineaB:1085,LineaH:1161,18.0
hpm,LineaB:1085,LineaH:1162,8.0
hpm,LineaB:1085,LineaH:1163,2.0
hpm,LineaB:1085,LineaE:1166,10.0
hpm,LineaB:1085,LineaE:1165,16.0
hpm,LineaB:1085,LineaE:1164,6.0
hpm,LineaB:1086,LineaA:1059,2.0
hpm,LineaB:1086,LineaA:1063,2.0
hpm,LineaB:1086,LineaA:1076,2.0
hpm,LineaB:1086,LineaB:1077,23.0
hpm,LineaB:1086,LineaB:1078,6.0
hpm,LineaB:1086,LineaB:1079,16.0
hpm,LineaB:1086,LineaB:1080,6.0
hpm,LineaB:1086,LineaB:1081,23.0
hpm,LineaB:1086,LineaB:1082,16.0
hpm,LineaB:1086,LineaB:1084,15.0
hpm,LineaB:1086,LineaB:1083,2.0
hpm,LineaB:1086,LineaB:1085,6.0
hpm,LineaB:1086,LineaB:1087,4.0
hpm,LineaB:1086,LineaB:1088,4.0
hpm,LineaB:1086,LineaB:1089,15.0
hpm,LineaB:1086,LineaB:1090,22.0
hpm,LineaB:1086,LineaB:1091,25.0
hpm,LineaB:1086,LineaB:1092,46.0
hpm,LineaB:1086,LineaB:1093,55.0
hpm,LineaB:1086,LineaC:1094,8.0
hpm,LineaB:1086,LineaC:1095,4.0
hpm,LineaB:1086,LineaC:1097,2.0
hpm,LineaB:1086,LineaC:1101,2.0
hpm,LineaB:1086,LineaC:1102,8.0
hpm,LineaB:1086,LineaD:1104,6.0
hpm,LineaB:1086,LineaD:1106,2.0
hpm,LineaB:1086,LineaD:1111,2.0
hpm,LineaB:1086,LineaD:1116,2.0
hpm,LineaB:1086,LineaD:1117,4.0
hpm,LineaB:1086,LineaD:1118,6.0
hpm,LineaB:1086,LineaE:1121,2.0
hpm,LineaB:1086,LineaE:1120,2.0
hpm,LineaB:1086,LineaE:1119,4.0
hpm,LineaB:1086,LineaH:1135,8.0
hpm,LineaB:1086,LineaH:1136,4.0
hpm,LineaB:1086,LineaH:1137,2.0
hpm,LineaB:1086,LineaH:1138,2.0
hpm,LineaB:1086,LineaH:1139,2.0
hpm,LineaB:1086,LineaH:1140,2.0
hpm,LineaB:1086,LineaH:1160,2.0
hpm,LineaB:1086,LineaH:1161,4.0
hpm,LineaB:1086,LineaH:1162,4.0
hpm,LineaB:1086,LineaH:1163,6.0
hpm,LineaB:1086,LineaE:1166,4.0
hpm,LineaB:1086,LineaE:1165,6.0
hpm,LineaB:1086,LineaE:1164,2.0
hpm,LineaB:1087,LineaA:1071,4.0
hpm,LineaB:1087,LineaA:1072,2.0
hpm,LineaB:1087,LineaA:1073,4.0
hpm,LineaB:1087,LineaA:1074,2.0
hpm,LineaB:1087,LineaA:1075,8.0
hpm,LineaB:1087,LineaA:1076,11.0
hpm,LineaB:1087,LineaB:1077,37.0
hpm,LineaB:1087,LineaB:1078,8.0
hpm,LineaB:1087,LineaB:1079,14.0
hpm,LineaB:1087,LineaB:1080,26.0
hpm,LineaB:1087,LineaB:1081,41.0
hpm,LineaB:1087,LineaB:1082,27.0
hpm,LineaB:1087,LineaB:1084,33.0
hpm,LineaB:1087,LineaB:1083,24.0
hpm,LineaB:1087,LineaB:1085,19.0
hpm,LineaB:1087,LineaB:1086,2.0
hpm,LineaB:1087,LineaB:1088,2.0
hpm,LineaB:1087,LineaB:1089,12.0
hpm,LineaB:1087,LineaB:1090,27.0
hpm,LineaB:1087,LineaB:1091,44.0
hpm,LineaB:1087,LineaB:1092,66.0
hpm,LineaB:1087,LineaB:1093,65.0
hpm,LineaB:1087,LineaC:1094,10.0
hpm,LineaB:1087,LineaC:1095,4.0
hpm,LineaB:1087,LineaC:1102,2.0
hpm,LineaB:1087,LineaD:1109,2.0
hpm,LineaB:1087,LineaD:1114,2.0
hpm,LineaB:1087,LineaD:1116,2.0
hpm,LineaB:1087,LineaD:1118,6.0
hpm,LineaB:1087,LineaE:1119,2.0
hpm,LineaB:1087,LineaH:1140,2.0
hpm,LineaB:1087,LineaH:1162,2.0
hpm,LineaB:1087,LineaE:1166,4.0
hpm,LineaB:1087,LineaE:1165,2.0
hpm,LineaB:1088,LineaA:1059,6.0
hpm,LineaB:1088,LineaA:1060,2.0
hpm,LineaB:1088,LineaA:1064,1.0
hpm,LineaB:1088,LineaA:1065,1.0
hpm,LineaB:1088,LineaA:1066,1.0
hpm,LineaB:1088,LineaA:1067,1.0
hpm,LineaB:1088,LineaA:1069,2.0
hpm,LineaB:1088,LineaA:1073,2.0
hpm,LineaB:1088,LineaA:1075,1.0
hpm,LineaB:1088,LineaA:1076,3.0
hpm,LineaB:1088,LineaB:1077,32.0
hpm,LineaB:1088,LineaB:1078,5.0
hpm,LineaB:1088,LineaB:1079,15.0
hpm,LineaB:1088,LineaB:1080,14.0
hpm,LineaB:1088,LineaB:1081,34.0
hpm,LineaB:1088,LineaB:1082,25.0
hpm,LineaB:1088,LineaB:1084,24.0
hpm,LineaB:1088,LineaB:1083,7.0
hpm,LineaB:1088,LineaB:1085,16.0
hpm,LineaB:1088,LineaB:1086,5.0
hpm,LineaB:1088,LineaB:1087,4.0
hpm,LineaB:1088,LineaB:1089,2.0
hpm,LineaB:1088,LineaB:1090,3.0
hpm,LineaB:1088,LineaB:1091,8.0
hpm,LineaB:1088,LineaB:1092,21.0
hpm,LineaB:1088,LineaB:1093,18.0
hpm,LineaB:1088,LineaC:1094,3.0
hpm,LineaB:1088,LineaC:1095,3.0
hpm,LineaB:1088,LineaC:1097,3.0
hpm,LineaB:1088,LineaC:1099,1.0
hpm,LineaB:1088,LineaC:1100,3.0
hpm,LineaB:1088,LineaC:1102,4.0
hpm,LineaB:1088,LineaD:1103,4.0
hpm,LineaB:1088,LineaD:1106,2.0
hpm,LineaB:1088,LineaD:1110,3.0
hpm,LineaB:1088,LineaD:1115,1.0
hpm,LineaB:1088,LineaD:1117,3.0
hpm,LineaB:1088,LineaD:1118,2.0
hpm,LineaB:1088,LineaE:1133,1.0
hpm,LineaB:1088,LineaE:1127,2.0
hpm,LineaB:1088,LineaE:1123,2.0
hpm,LineaB:1088,LineaE:1121,2.0
hpm,LineaB:1088,LineaE:1120,1.0
hpm,LineaB:1088,LineaE:1119,1.0
hpm,LineaB:1088,LineaH:1134,1.0
hpm,LineaB:1088,LineaH:1135,3.0
hpm,LineaB:1088,LineaH:1136,3.0
hpm,LineaB:1088,LineaH:1137,1.0
hpm,LineaB:1088,LineaH:1141,2.0
hpm,LineaB:1088,LineaH:1160,2.0
hpm,LineaB:1088,LineaH:1162,2.0
hpm,LineaB:1088,LineaH:1163,2.0
hpm,LineaB:1088,LineaE:1166,4.0
hpm,LineaB:1088,LineaE:1165,2.0
hpm,LineaB:1088,LineaE:1164,1.0
hpm,LineaB:1089,LineaA:1059,2.0
hpm,LineaB:1089,LineaA:1061,2.0
hpm,LineaB:1089,LineaA:1064,2.0
hpm,LineaB:1089,LineaA:1067,2.0
hpm,LineaB:1089,LineaA:1071,2.0
hpm,LineaB:1089,LineaA:1075,2.0
hpm,LineaB:1089,LineaA:1076,10.0
hpm,LineaB:1089,LineaB:1077,44.0
hpm,LineaB:1089,LineaB:1078,8.0
hpm,LineaB:1089,LineaB:1079,17.0
hpm,LineaB:1089,LineaB:1080,24.0
hpm,LineaB:1089,LineaB:1081,30.0
hpm,LineaB:1089,LineaB:1082,29.0
hpm,LineaB:1089,LineaB:1084,19.0
hpm,LineaB:1089,LineaB:1083,12.0
hpm,LineaB:1089,LineaB:1085,16.0
hpm,LineaB:1089,LineaB:1086,10.0
hpm,LineaB:1089,LineaB:1087,8.0
hpm,LineaB:1089,LineaB:1088,6.0
hpm,LineaB:1089,LineaB:1090,4.0
hpm,LineaB:1089,LineaB:1091,6.0
hpm,LineaB:1089,LineaB:1092,33.0
hpm,LineaB:1089,LineaB:1093,36.0
hpm,LineaB:1089,LineaC:1094,6.0
hpm,LineaB:1089,LineaC:1095,6.0
hpm,LineaB:1089,LineaC:1099,2.0
hpm,LineaB:1089,LineaC:1100,4.0
hpm,LineaB:1089,LineaC:1102,4.0
hpm,LineaB:1089,LineaD:1104,4.0
hpm,LineaB:1089,LineaD:1105,2.0
hpm,LineaB:1089,LineaD:1107,6.0
hpm,LineaB:1089,LineaD:1110,2.0
hpm,LineaB:1089,LineaD:1114,2.0
hpm,LineaB:1089,LineaD:1115,2.0
hpm,LineaB:1089,LineaD:1117,4.0
hpm,LineaB:1089,LineaD:1118,10.0
hpm,LineaB:1089,LineaE:1133,2.0
hpm,LineaB:1089,LineaE:1132,2.0
hpm,LineaB:1089,LineaE:1125,2.0
hpm,LineaB:1089,LineaE:1121,4.0
hpm,LineaB:1089,LineaE:1120,4.0
hpm,LineaB:1089,LineaH:1134,6.0
hpm,LineaB:1089,LineaH:1135,4.0
hpm,LineaB:1089,LineaH:1136,2.0
hpm,LineaB:1089,LineaH:1137,2.0
hpm,LineaB:1089,LineaH:1138,2.0
hpm,LineaB:1089,LineaH:1139,2.0
hpm,LineaB:1089,LineaH:1140,2.0
hpm,LineaB:1089,LineaH:1141,4.0
hpm,LineaB:1089,LineaH:1160,2.0
hpm,LineaB:1089,LineaH:1163,2.0
hpm,LineaB:1089,LineaE:1166,6.0
hpm,LineaB:1089,LineaE:1165,4.0
hpm,LineaB:1089,LineaE:1164,6.0
hpm,LineaB:1090,LineaA:1059,5.0
hpm,LineaB:1090,LineaA:1060,1.0
hpm,LineaB:1090,LineaA:1064,1.0
hpm,LineaB:1090,LineaA:1067,1.0
hpm,LineaB:1090,LineaA:1069,1.0
hpm,LineaB:1090,LineaA:1072,1.0
hpm,LineaB:1090,LineaA:1074,1.0
hpm,LineaB:1090,LineaA:1075,2.0
hpm,LineaB:1090,LineaB:1077,38.0
hpm,LineaB:1090,LineaB:1078,6.0
hpm,LineaB:1090,LineaB:1079,13.0
hpm,LineaB:1090,LineaB:1080,16.0
hpm,LineaB:1090,LineaB:1081,32.0
hpm,LineaB:1090,LineaB:1082,15.0
hpm,LineaB:1090,LineaB:1084,21.0
hpm,LineaB:1090,LineaB:1083,9.0
hpm,LineaB:1090,LineaB:1085,18.0
hpm,LineaB:1090,LineaB:1086,10.0
hpm,LineaB:1090,LineaB:1087,11.0
hpm,LineaB:1090,LineaB:1088,2.0
hpm,LineaB:1090,LineaB:1089,2.0
hpm,LineaB:1090,LineaB:1092,11.0
hpm,LineaB:1090,LineaB:1093,16.0
hpm,LineaB:1090,LineaC:1094,2.0
hpm,LineaB:1090,LineaC:1096,2.0
hpm,LineaB:1090,LineaD:1103,2.0
hpm,LineaB:1090,LineaD:1105,2.0
hpm,LineaB:1090,LineaD:1107,1.0
hpm,LineaB:1090,LineaD:1109,1.0
hpm,LineaB:1090,LineaD:1110,1.0
hpm,LineaB:1090,LineaD:1111,1.0
hpm,LineaB:1090,LineaD:1118,1.0
hpm,LineaB:1090,LineaE:1128,4.0
hpm,LineaB:1090,LineaE:1125,1.0
hpm,LineaB:1090,LineaE:1121,2.0
hpm,LineaB:1090,LineaE:1120,2.0
hpm,LineaB:1090,LineaE:1119,1.0
hpm,LineaB:1090,LineaH:1134,2.0
hpm,LineaB:1090,LineaH:1135,6.0
hpm,LineaB:1090,LineaH:1139,2.0
hpm,LineaB:1090,LineaH:1140,1.0
hpm,LineaB:1090,LineaH:1141,3.0
hpm,LineaB:1090,LineaH:1160,2.0
hpm,LineaB:1090,LineaH:1162,1.0
hpm,LineaB:1090,LineaH:1163,8.0
hpm,LineaB:1090,LineaE:1166,2.0
hpm,LineaB:1090,LineaE:1165,1.0
hpm,LineaB:1091,LineaA:1059,5.0
hpm,LineaB:1091,LineaA:1064,4.0
hpm,LineaB:1091,LineaA:1066,1.0
hpm,LineaB:1091,LineaA:1067,2.0
hpm,LineaB:1091,LineaA:1068,1.0
hpm,LineaB:1091,LineaA:1070,1.0
hpm,LineaB:1091,LineaA:1071,1.0
hpm,LineaB:1091,LineaA:1073,1.0
hpm,LineaB:1091,LineaB:1077,30.0
hpm,LineaB:1091,LineaB:1078,10.0
hpm,LineaB:1091,LineaB:1079,14.0
hpm,LineaB:1091,LineaB:1080,27.0
hpm,LineaB:1091,LineaB:1081,38.0
hpm,LineaB:1091,LineaB:1082,31.0
hpm,LineaB:1091,LineaB:1084,35.0
hpm,LineaB:1091,LineaB:1083,21.0
hpm,LineaB:1091,LineaB:1085,31.0
hpm,LineaB:1091,LineaB:1086,23.0
hpm,LineaB:1091,LineaB:1087,16.0
hpm,LineaB:1091,LineaB:1088,16.0
hpm,LineaB:1091,LineaB:1089,18.0
hpm,LineaB:1091,LineaB:1090,1.0
hpm,LineaB:1091,LineaB:1092,1.0
hpm,LineaB:1091,LineaB:1093,9.0
hpm,LineaB:1091,LineaC:1094,14.0
hpm,LineaB:1091,LineaC:1095,2.0
hpm,LineaB:1091,LineaC:1096,2.0
hpm,LineaB:1091,LineaC:1097,2.0
hpm,LineaB:1091,LineaC:1099,1.0
hpm,LineaB:1091,LineaC:1100,1.0
hpm,LineaB:1091,LineaC:1101,2.0
hpm,LineaB:1091,LineaC:1102,9.0
hpm,LineaB:1091,LineaD:1103,22.0
hpm,LineaB:1091,LineaD:1104,11.0
hpm,LineaB:1091,LineaD:1105,7.0
hpm,LineaB:1091,LineaD:1106,11.0
hpm,LineaB:1091,LineaD:1107,10.0
hpm,LineaB:1091,LineaD:1108,12.0
hpm,LineaB:1091,LineaD:1109,7.0
hpm,LineaB:1091,LineaD:1110,8.0
hpm,LineaB:1091,LineaD:1111,8.0
hpm,LineaB:1091,LineaD:1112,3.0
hpm,LineaB:1091,LineaD:1113,3.0
hpm,LineaB:1091,LineaD:1114,6.0
hpm,LineaB:1091,LineaD:1115,5.0
hpm,LineaB:1091,LineaD:1116,1.0
hpm,LineaB:1091,LineaD:1118,3.0
hpm,LineaB:1091,LineaE:1133,1.0
hpm,LineaB:1091,LineaE:1129,1.0
hpm,LineaB:1091,LineaE:1127,1.0
hpm,LineaB:1091,LineaE:1121,1.0
hpm,LineaB:1091,LineaE:1119,2.0
hpm,LineaB:1091,LineaH:1134,4.0
hpm,LineaB:1091,LineaH:1135,3.0
hpm,LineaB:1091,LineaH:1136,6.0
hpm,LineaB:1091,LineaH:1137,1.0
hpm,LineaB:1091,LineaH:1138,2.0
hpm,LineaB:1091,LineaH:1139,2.0
hpm,LineaB:1091,LineaH:1140,3.0
hpm,LineaB:1091,LineaH:1141,3.0
hpm,LineaB:1091,LineaH:1160,2.0
hpm,LineaB:1091,LineaH:1161,2.0
hpm,LineaB:1091,LineaH:1162,3.0
hpm,LineaB:1091,LineaH:1163,3.0
hpm,LineaB:1091,LineaE:1166,1.0
hpm,LineaB:1091,LineaE:1164,1.0
hpm,LineaB:1092,LineaB:1077,14.0
hpm,LineaB:1092,LineaB:1079,2.0
hpm,LineaB:1092,LineaB:1080,2.0
hpm,LineaB:1092,LineaB:1081,16.0
hpm,LineaB:1092,LineaB:1082,10.0
hpm,LineaB:1092,LineaB:1084,4.0
hpm,LineaB:1092,LineaB:1083,15.0
hpm,LineaB:1092,LineaB:1085,6.0
hpm,LineaB:1092,LineaB:1086,4.0
hpm,LineaB:1092,LineaB:1087,6.0
hpm,LineaB:1092,LineaB:1088,6.0
hpm,LineaB:1092,LineaB:1089,10.0
hpm,LineaB:1092,LineaB:1090,4.0
hpm,LineaB:1092,LineaC:1102,2.0
hpm,LineaB:1092,LineaD:1103,2.0
hpm,LineaB:1092,LineaD:1108,2.0
hpm,LineaB:1092,LineaD:1114,2.0
hpm,LineaB:1092,LineaD:1115,2.0
hpm,LineaB:1092,LineaE:1133,2.0
hpm,LineaB:1092,LineaH:1136,2.0
hpm,LineaB:1092,LineaH:1140,2.0
hpm,LineaB:1092,LineaH:1141,2.0
hpm,LineaB:1093,LineaA:1059,2.0
hpm,LineaB:1093,LineaA:1061,2.0
hpm,LineaB:1093,LineaA:1063,2.0
hpm,LineaB:1093,LineaA:1064,4.0
hpm,LineaB:1093,LineaA:1065,2.0
hpm,LineaB:1093,LineaA:1066,4.0
hpm,LineaB:1093,LineaA:1067,2.0
hpm,LineaB:1093,LineaA:1070,2.0
hpm,LineaB:1093,LineaA:1073,2.0
hpm,LineaB:1093,LineaA:1075,2.0
hpm,LineaB:1093,LineaA:1076,2.0
hpm,LineaB:1093,LineaB:1077,70.0
hpm,LineaB:1093,LineaB:1078,17.0
hpm,LineaB:1093,LineaB:1079,40.0
hpm,LineaB:1093,LineaB:1080,53.0
hpm,LineaB:1093,LineaB:1081,75.0
hpm,LineaB:1093,LineaB:1082,75.0
hpm,LineaB:1093,LineaB:1084,77.0
hpm,LineaB:1093,LineaB:1083,71.0
hpm,LineaB:1093,LineaB:1085,46.0
hpm,LineaB:1093,LineaB:1086,47.0
hpm,LineaB:1093,LineaB:1087,42.0
hpm,LineaB:1093,LineaB:1088,24.0
hpm,LineaB:1093,LineaB:1089,52.0
hpm,LineaB:1093,LineaB:1090,27.0
hpm,LineaB:1093,LineaB:1091,12.0
hpm,LineaB:1093,LineaB:1092,2.0
hpm,LineaB:1093,LineaC:1094,2.0
hpm,LineaB:1093,LineaC:1101,2.0
hpm,LineaB:1093,LineaC:1102,2.0
hpm,LineaB:1093,LineaD:1103,6.0
hpm,LineaB:1093,LineaD:1104,4.0
hpm,LineaB:1093,LineaD:1105,10.0
hpm,LineaB:1093,LineaD:1106,6.0
hpm,LineaB:1093,LineaD:1107,2.0
hpm,LineaB:1093,LineaD:1108,6.0
hpm,LineaB:1093,LineaD:1109,4.0
hpm,LineaB:1093,LineaD:1110,8.0
hpm,LineaB:1093,LineaD:1111,4.0
hpm,LineaB:1093,LineaD:1112,6.0
hpm,LineaB:1093,LineaD:1113,2.0
hpm,LineaB:1093,LineaD:1114,4.0
hpm,LineaB:1093,LineaD:1115,6.0
hpm,LineaB:1093,LineaD:1116,6.0
hpm,LineaB:1093,LineaD:1117,6.0
hpm,LineaB:1093,LineaD:1118,4.0
hpm,LineaB:1093,LineaE:1129,2.0
hpm,LineaB:1093,LineaH:1134,2.0
hpm,LineaB:1093,LineaH:1135,2.0
hpm,LineaB:1093,LineaH:1136,2.0
hpm,LineaB:1093,LineaH:1137,4.0
hpm,LineaB:1093,LineaH:1141,4.0
hpm,LineaB:1093,LineaH:1160,4.0
hpm,LineaB:1093,LineaH:1162,6.0
hpm,LineaB:1093,LineaH:1163,2.0
hpm,LineaB:1093,LineaE:1166,2.0
hpm,LineaC:1094,LineaA:1059,464.0
hpm,LineaC:1094,LineaA:1060,126.0
hpm,LineaC:1094,LineaA:1061,83.0
hpm,LineaC:1094,LineaA:1062,52.0
hpm,LineaC:1094,LineaA:1063,95.0
hpm,LineaC:1094,LineaA:1064,147.0
hpm,LineaC:1094,LineaA:1065,88.0
hpm,LineaC:1094,LineaA:1066,74.0
hpm,LineaC:1094,LineaA:1067,76.0
hpm,LineaC:1094,LineaA:1068,169.0
hpm,LineaC:1094,LineaA:1069,8.0
hpm,LineaC:1094,LineaA:1070,88.0
hpm,LineaC:1094,LineaA:1071,107.0
hpm,LineaC:1094,LineaA:1072,42.0
hpm,LineaC:1094,LineaA:1073,47.0
hpm,LineaC:1094,LineaA:1074,28.0
hpm,LineaC:1094,LineaA:1075,50.0
hpm,LineaC:1094,LineaA:1076,103.0
hpm,LineaC:1094,LineaB:1077,180.0
hpm,LineaC:1094,LineaB:1078,42.0
hpm,LineaC:1094,LineaB:1079,85.0
hpm,LineaC:1094,LineaB:1080,89.0
hpm,LineaC:1094,LineaB:1081,209.0
hpm,LineaC:1094,LineaB:1082,225.0
hpm,LineaC:1094,LineaB:1084,306.0
hpm,LineaC:1094,LineaB:1083,174.0
hpm,LineaC:1094,LineaB:1085,170.0
hpm,LineaC:1094,LineaB:1086,136.0
hpm,LineaC:1094,LineaB:1087,143.0
hpm,LineaC:1094,LineaB:1088,132.0
hpm,LineaC:1094,LineaB:1089,107.0
hpm,LineaC:1094,LineaB:1090,57.0
hpm,LineaC:1094,LineaB:1091,133.0
hpm,LineaC:1094,LineaB:1092,61.0
hpm,LineaC:1094,LineaB:1093,71.0
hpm,LineaC:1094,LineaC:1095,70.0
hpm,LineaC:1094,LineaC:1096,82.0
hpm,LineaC:1094,LineaC:1097,323.0
hpm,LineaC:1094,LineaC:1098,273.0
hpm,LineaC:1094,LineaC:1099,424.0
hpm,LineaC:1094,LineaC:1100,834.0
hpm,LineaC:1094,LineaC:1101,458.0
hpm,LineaC:1094,LineaC:1102,1499.0
hpm,LineaC:1094,LineaD:1103,299.0
hpm,LineaC:1094,LineaD:1104,167.0
hpm,LineaC:1094,LineaD:1105,144.0
hpm,LineaC:1094,LineaD:1106,155.0
hpm,LineaC:1094,LineaD:1107,167.0
hpm,LineaC:1094,LineaD:1108,349.0
hpm,LineaC:1094,LineaD:1109,191.0
hpm,LineaC:1094,LineaD:1110,125.0
hpm,LineaC:1094,LineaD:1111,218.0
hpm,LineaC:1094,LineaD:1112,135.0
hpm,LineaC:1094,LineaD:1113,105.0
hpm,LineaC:1094,LineaD:1114,212.0
hpm,LineaC:1094,LineaD:1115,184.0
hpm,LineaC:1094,LineaD:1116,83.0
hpm,LineaC:1094,LineaD:1117,69.0
hpm,LineaC:1094,LineaD:1118,102.0
hpm,LineaC:1094,LineaE:1133,31.0
hpm,LineaC:1094,LineaE:1132,20.0
hpm,LineaC:1094,LineaE:1131,13.0
hpm,LineaC:1094,LineaE:1130,30.0
hpm,LineaC:1094,LineaE:1129,28.0
hpm,LineaC:1094,LineaE:1128,28.0
hpm,LineaC:1094,LineaE:1127,24.0
hpm,LineaC:1094,LineaE:1126,16.0
hpm,LineaC:1094,LineaE:1125,13.0
hpm,LineaC:1094,LineaE:1124,11.0
hpm,LineaC:1094,LineaE:1123,6.0
hpm,LineaC:1094,LineaE:1122,3.0
hpm,LineaC:1094,LineaE:1121,181.0
hpm,LineaC:1094,LineaE:1120,27.0
hpm,LineaC:1094,LineaE:1119,142.0
hpm,LineaC:1094,LineaH:1134,2.0
hpm,LineaC:1094,LineaH:1135,5.0
hpm,LineaC:1094,LineaH:1136,9.0
hpm,LineaC:1094,LineaH:1138,11.0
hpm,LineaC:1094,LineaH:1139,4.0
hpm,LineaC:1094,LineaH:1140,92.0
hpm,LineaC:1094,LineaH:1141,19.0
hpm,LineaC:1094,LineaH:1160,29.0
hpm,LineaC:1094,LineaH:1161,36.0
hpm,LineaC:1094,LineaH:1162,38.0
hpm,LineaC:1094,LineaH:1163,19.0
hpm,LineaC:1094,LineaE:1166,147.0
hpm,LineaC:1094,LineaE:1165,120.0
hpm,LineaC:1094,LineaE:1164,68.0
hpm,LineaC:1095,LineaA:1059,6.0
hpm,LineaC:1095,LineaA:1060,4.0
hpm,LineaC:1095,LineaA:1061,4.0
hpm,LineaC:1095,LineaA:1062,4.0
hpm,LineaC:1095,LineaA:1064,4.0
hpm,LineaC:1095,LineaA:1065,2.0
hpm,LineaC:1095,LineaA:1066,4.0
hpm,LineaC:1095,LineaA:1067,2.0
hpm,LineaC:1095,LineaA:1068,6.0
hpm,LineaC:1095,LineaA:1070,6.0
hpm,LineaC:1095,LineaA:1071,2.0
hpm,LineaC:1095,LineaA:1072,8.0
hpm,LineaC:1095,LineaA:1073,6.0
hpm,LineaC:1095,LineaA:1074,6.0
hpm,LineaC:1095,LineaA:1075,4.0
hpm,LineaC:1095,LineaB:1077,8.0
hpm,LineaC:1095,LineaB:1079,6.0
hpm,LineaC:1095,LineaB:1080,2.0
hpm,LineaC:1095,LineaB:1081,2.0
hpm,LineaC:1095,LineaB:1082,4.0
hpm,LineaC:1095,LineaB:1084,4.0
hpm,LineaC:1095,LineaB:1083,2.0
hpm,LineaC:1095,LineaB:1085,4.0
hpm,LineaC:1095,LineaB:1086,4.0
hpm,LineaC:1095,LineaB:1087,4.0
hpm,LineaC:1095,LineaB:1088,4.0
hpm,LineaC:1095,LineaB:1089,4.0
hpm,LineaC:1095,LineaB:1090,2.0
hpm,LineaC:1095,LineaB:1091,8.0
hpm,LineaC:1095,LineaB:1092,4.0
hpm,LineaC:1095,LineaB:1093,4.0
hpm,LineaC:1095,LineaC:1094,6.0
hpm,LineaC:1095,LineaC:1097,4.0
hpm,LineaC:1095,LineaC:1098,6.0
hpm,LineaC:1095,LineaC:1099,8.0
hpm,LineaC:1095,LineaC:1100,25.0
hpm,LineaC:1095,LineaC:1101,16.0
hpm,LineaC:1095,LineaC:1102,25.0
hpm,LineaC:1095,LineaD:1103,10.0
hpm,LineaC:1095,LineaD:1104,6.0
hpm,LineaC:1095,LineaD:1105,6.0
hpm,LineaC:1095,LineaD:1106,2.0
hpm,LineaC:1095,LineaD:1107,4.0
hpm,LineaC:1095,LineaD:1108,8.0
hpm,LineaC:1095,LineaD:1109,4.0
hpm,LineaC:1095,LineaD:1110,6.0
hpm,LineaC:1095,LineaD:1111,6.0
hpm,LineaC:1095,LineaD:1112,6.0
hpm,LineaC:1095,LineaD:1113,2.0
hpm,LineaC:1095,LineaD:1114,8.0
hpm,LineaC:1095,LineaD:1115,8.0
hpm,LineaC:1095,LineaD:1116,6.0
hpm,LineaC:1095,LineaD:1117,2.0
hpm,LineaC:1095,LineaD:1118,4.0
hpm,LineaC:1095,LineaE:1133,2.0
hpm,LineaC:1095,LineaE:1132,2.0
hpm,LineaC:1095,LineaE:1121,4.0
hpm,LineaC:1095,LineaH:1134,2.0
hpm,LineaC:1095,LineaH:1135,2.0
hpm,LineaC:1095,LineaH:1136,4.0
hpm,LineaC:1095,LineaH:1140,6.0
hpm,LineaC:1095,LineaH:1160,4.0
hpm,LineaC:1095,LineaH:1161,2.0
hpm,LineaC:1095,LineaH:1162,6.0
hpm,LineaC:1095,LineaE:1166,6.0
hpm,LineaC:1095,LineaE:1165,2.0
hpm,LineaC:1095,LineaE:1164,4.0
hpm,LineaC:1096,LineaA:1059,7.0
hpm,LineaC:1096,LineaA:1060,2.0
hpm,LineaC:1096,LineaA:1063,2.0
hpm,LineaC:1096,LineaA:1064,3.0
hpm,LineaC:1096,LineaA:1065,3.0
hpm,LineaC:1096,LineaA:1067,2.0
hpm,LineaC:1096,LineaA:1068,4.0
hpm,LineaC:1096,LineaA:1070,2.0
hpm,LineaC:1096,LineaA:1071,5.0
hpm,LineaC:1096,LineaA:1073,2.0
hpm,LineaC:1096,LineaA:1076,4.0
hpm,LineaC:1096,LineaB:1077,5.0
hpm,LineaC:1096,LineaB:1078,3.0
hpm,LineaC:1096,LineaB:1079,4.0
hpm,LineaC:1096,LineaB:1080,4.0
hpm,LineaC:1096,LineaB:1081,6.0
hpm,LineaC:1096,LineaB:1082,6.0
hpm,LineaC:1096,LineaB:1084,5.0
hpm,LineaC:1096,LineaB:1083,6.0
hpm,LineaC:1096,LineaB:1085,9.0
hpm,LineaC:1096,LineaB:1086,4.0
hpm,LineaC:1096,LineaB:1087,4.0
hpm,LineaC:1096,LineaB:1088,4.0
hpm,LineaC:1096,LineaB:1089,7.0
hpm,LineaC:1096,LineaB:1090,2.0
hpm,LineaC:1096,LineaB:1091,2.0
hpm,LineaC:1096,LineaB:1092,1.0
hpm,LineaC:1096,LineaB:1093,5.0
hpm,LineaC:1096,LineaC:1094,13.0
hpm,LineaC:1096,LineaC:1097,4.0
hpm,LineaC:1096,LineaC:1098,2.0
hpm,LineaC:1096,LineaC:1100,10.0
hpm,LineaC:1096,LineaC:1101,7.0
hpm,LineaC:1096,LineaC:1102,24.0
hpm,LineaC:1096,LineaD:1103,12.0
hpm,LineaC:1096,LineaD:1104,7.0
hpm,LineaC:1096,LineaD:1105,3.0
hpm,LineaC:1096,LineaD:1106,2.0
hpm,LineaC:1096,LineaD:1107,3.0
hpm,LineaC:1096,LineaD:1108,5.0
hpm,LineaC:1096,LineaD:1109,2.0
hpm,LineaC:1096,LineaD:1110,2.0
hpm,LineaC:1096,LineaD:1111,5.0
hpm,LineaC:1096,LineaD:1112,3.0
hpm,LineaC:1096,LineaD:1113,4.0
hpm,LineaC:1096,LineaD:1114,4.0
hpm,LineaC:1096,LineaD:1115,5.0
hpm,LineaC:1096,LineaD:1116,1.0
hpm,LineaC:1096,LineaD:1118,4.0
hpm,LineaC:1096,LineaE:1133,9.0
hpm,LineaC:1096,LineaE:1132,2.0
hpm,LineaC:1096,LineaE:1130,7.0
hpm,LineaC:1096,LineaE:1128,7.0
hpm,LineaC:1096,LineaE:1126,3.0
hpm,LineaC:1096,LineaE:1125,3.0
hpm,LineaC:1096,LineaE:1124,3.0
hpm,LineaC:1096,LineaE:1123,3.0
hpm,LineaC:1096,LineaE:1122,1.0
hpm,LineaC:1096,LineaE:1120,1.0
hpm,LineaC:1096,LineaE:1119,8.0
hpm,LineaC:1096,LineaH:1134,6.0
hpm,LineaC:1096,LineaH:1135,4.0
hpm,LineaC:1096,LineaH:1136,1.0
hpm,LineaC:1096,LineaH:1138,2.0
hpm,LineaC:1096,LineaH:1139,3.0
hpm,LineaC:1096,LineaH:1140,3.0
hpm,LineaC:1096,LineaH:1141,1.0
hpm,LineaC:1096,LineaH:1160,3.0
hpm,LineaC:1096,LineaH:1161,4.0
hpm,LineaC:1096,LineaH:1162,2.0
hpm,LineaC:1096,LineaH:1163,2.0
hpm,LineaC:1096,LineaE:1166,29.0
hpm,LineaC:1096,LineaE:1165,34.0
hpm,LineaC:1096,LineaE:1164,4.0
hpm,LineaC:1097,LineaA:1059,2.0
hpm,LineaC:1097,LineaA:1060,2.0
hpm,LineaC:1097,LineaA:1064,1.0
hpm,LineaC:1097,LineaA:1066,2.0
hpm,LineaC:1097,LineaA:1072,2.0
hpm,LineaC:1097,LineaA:1073,2.0
hpm,LineaC:1097,LineaA:1074,3.0
hpm,LineaC:1097,LineaB:1077,2.0
hpm,LineaC:1097,LineaB:1079,2.0
hpm,LineaC:1097,LineaB:1080,1.0
hpm,LineaC:1097,LineaB:1081,3.0
hpm,LineaC:1097,LineaB:1082,2.0
hpm,LineaC:1097,LineaB:1084,2.0
hpm,LineaC:1097,LineaB:1083,2.0
hpm,LineaC:1097,LineaB:1085,2.0
hpm,LineaC:1097,LineaB:1086,1.0
hpm,LineaC:1097,LineaB:1089,1.0
hpm,LineaC:1097,LineaB:1092,2.0
hpm,LineaC:1097,LineaC:1094,12.0
hpm,LineaC:1097,LineaC:1095,3.0
hpm,LineaC:1097,LineaC:1096,4.0
hpm,LineaC:1097,LineaC:1098,1.0
hpm,LineaC:1097,LineaC:1099,1.0
hpm,LineaC:1097,LineaC:1100,9.0
hpm,LineaC:1097,LineaC:1101,9.0
hpm,LineaC:1097,LineaC:1102,21.0
hpm,LineaC:1097,LineaD:1103,1.0
hpm,LineaC:1097,LineaD:1104,2.0
hpm,LineaC:1097,LineaD:1105,1.0
hpm,LineaC:1097,LineaD:1106,1.0
hpm,LineaC:1097,LineaD:1107,3.0
hpm,LineaC:1097,LineaD:1108,3.0
hpm,LineaC:1097,LineaD:1109,2.0
hpm,LineaC:1097,LineaD:1110,1.0
hpm,LineaC:1097,LineaD:1111,2.0
hpm,LineaC:1097,LineaD:1112,2.0
hpm,LineaC:1097,LineaD:1114,2.0
hpm,LineaC:1097,LineaD:1115,1.0
hpm,LineaC:1097,LineaD:1116,3.0
hpm,LineaC:1097,LineaE:1133,1.0
hpm,LineaC:1097,LineaE:1130,1.0
hpm,LineaC:1097,LineaE:1126,2.0
hpm,LineaC:1097,LineaE:1125,2.0
hpm,LineaC:1097,LineaH:1141,2.0
hpm,LineaC:1097,LineaH:1162,2.0
hpm,LineaC:1097,LineaE:1164,1.0
hpm,LineaC:1098,LineaA:1059,15.0
hpm,LineaC:1098,LineaA:1060,2.0
hpm,LineaC:1098,LineaA:1061,2.0
hpm,LineaC:1098,LineaA:1062,2.0
hpm,LineaC:1098,LineaA:1063,2.0
hpm,LineaC:1098,LineaA:1064,6.0
hpm,LineaC:1098,LineaA:1065,4.0
hpm,LineaC:1098,LineaA:1066,4.0
hpm,LineaC:1098,LineaA:1067,6.0
hpm,LineaC:1098,LineaA:1068,6.0
hpm,LineaC:1098,LineaA:1070,4.0
hpm,LineaC:1098,LineaA:1071,8.0
hpm,LineaC:1098,LineaA:1074,2.0
hpm,LineaC:1098,LineaA:1076,2.0
hpm,LineaC:1098,LineaB:1077,2.0
hpm,LineaC:1098,LineaB:1078,2.0
hpm,LineaC:1098,LineaB:1083,2.0
hpm,LineaC:1098,LineaB:1085,4.0
hpm,LineaC:1098,LineaB:1088,2.0
hpm,LineaC:1098,LineaB:1089,2.0
hpm,LineaC:1098,LineaB:1091,4.0
hpm,LineaC:1098,LineaC:1094,6.0
hpm,LineaC:1098,LineaC:1095,4.0
hpm,LineaC:1098,LineaC:1096,2.0
hpm,LineaC:1098,LineaC:1097,4.0
hpm,LineaC:1098,LineaC:1100,2.0
hpm,LineaC:1098,LineaC:1101,4.0
hpm,LineaC:1098,LineaC:1102,11.0
hpm,LineaC:1098,LineaD:1103,2.0
hpm,LineaC:1098,LineaD:1104,2.0
hpm,LineaC:1098,LineaD:1107,2.0
hpm,LineaC:1098,LineaD:1115,4.0
hpm,LineaC:1098,LineaE:1133,2.0
hpm,LineaC:1098,LineaE:1128,2.0
hpm,LineaC:1098,LineaE:1123,2.0
hpm,LineaC:1098,LineaE:1122,2.0
hpm,LineaC:1098,LineaE:1121,4.0
hpm,LineaC:1098,LineaH:1134,2.0
hpm,LineaC:1098,LineaH:1135,2.0
hpm,LineaC:1098,LineaH:1136,2.0
hpm,LineaC:1098,LineaH:1140,2.0
hpm,LineaC:1098,LineaH:1163,4.0
hpm,LineaC:1098,LineaE:1166,2.0
hpm,LineaC:1098,LineaE:1165,2.0
hpm,LineaC:1098,LineaE:1164,4.0
hpm,LineaC:1099,LineaA:1064,2.0
hpm,LineaC:1099,LineaB:1077,2.0
hpm,LineaC:1099,LineaB:1078,2.0
hpm,LineaC:1099,LineaB:1080,2.0
hpm,LineaC:1099,LineaB:1081,1.0
hpm,LineaC:1099,LineaB:1082,2.0
hpm,LineaC:1099,LineaB:1084,2.0
hpm,LineaC:1099,LineaB:1085,2.0
hpm,LineaC:1099,LineaB:1088,1.0
hpm,LineaC:1099,LineaB:1089,3.0
hpm,LineaC:1099,LineaC:1094,11.0
hpm,LineaC:1099,LineaC:1095,2.0
hpm,LineaC:1099,LineaC:1097,3.0
hpm,LineaC:1099,LineaC:1101,5.0
hpm,LineaC:1099,LineaC:1102,7.0
hpm,LineaC:1099,LineaD:1103,7.0
hpm,LineaC:1099,LineaD:1104,4.0
hpm,LineaC:1099,LineaD:1108,4.0
hpm,LineaC:1099,LineaD:1109,2.0
hpm,LineaC:1099,LineaD:1110,3.0
hpm,LineaC:1099,LineaD:1111,7.0
hpm,LineaC:1099,LineaD:1112,2.0
hpm,LineaC:1099,LineaD:1113,2.0
hpm,LineaC:1099,LineaD:1114,4.0
hpm,LineaC:1099,LineaD:1115,7.0
hpm,LineaC:1099,LineaD:1116,3.0
hpm,LineaC:1099,LineaE:1133,2.0
hpm,LineaC:1099,LineaE:1129,2.0
hpm,LineaC:1099,LineaE:1121,4.0
hpm,LineaC:1099,LineaH:1161,1.0
hpm,LineaC:1099,LineaH:1163,2.0
hpm,LineaC:1099,LineaE:1164,2.0
hpm,LineaC:1100,LineaA:1059,5.0
hpm,LineaC:1100,LineaA:1060,3.0
hpm,LineaC:1100,LineaA:1063,2.0
hpm,LineaC:1100,LineaA:1064,6.0
hpm,LineaC:1100,LineaA:1066,2.0
hpm,LineaC:1100,LineaA:1067,2.0
hpm,LineaC:1100,LineaA:1068,1.0
hpm,LineaC:1100,LineaA:1073,3.0
hpm,LineaC:1100,LineaA:1074,2.0
hpm,LineaC:1100,LineaA:1075,2.0
hpm,LineaC:1100,LineaA:1076,1.0
hpm,LineaC:1100,LineaB:1081,2.0
hpm,LineaC:1100,LineaB:1084,1.0
hpm,LineaC:1100,LineaB:1085,2.0
hpm,LineaC:1100,LineaB:1088,2.0
hpm,LineaC:1100,LineaB:1091,1.0
hpm,LineaC:1100,LineaB:1092,4.0
hpm,LineaC:1100,LineaC:1094,20.0
hpm,LineaC:1100,LineaC:1095,3.0
hpm,LineaC:1100,LineaC:1096,2.0
hpm,LineaC:1100,LineaC:1097,8.0
hpm,LineaC:1100,LineaC:1101,2.0
hpm,LineaC:1100,LineaC:1102,12.0
hpm,LineaC:1100,LineaD:1104,1.0
hpm,LineaC:1100,LineaD:1105,3.0
hpm,LineaC:1100,LineaD:1107,3.0
hpm,LineaC:1100,LineaD:1109,1.0
hpm,LineaC:1100,LineaD:1111,2.0
hpm,LineaC:1100,LineaD:1114,3.0
hpm,LineaC:1100,LineaD:1115,3.0
hpm,LineaC:1100,LineaD:1116,2.0
hpm,LineaC:1100,LineaD:1118,1.0
hpm,LineaC:1100,LineaE:1130,1.0
hpm,LineaC:1100,LineaE:1129,1.0
hpm,LineaC:1100,LineaE:1124,1.0
hpm,LineaC:1100,LineaE:1123,2.0
hpm,LineaC:1100,LineaE:1121,4.0
hpm,LineaC:1100,LineaE:1120,1.0
hpm,LineaC:1100,LineaH:1138,1.0
hpm,LineaC:1100,LineaE:1164,1.0
hpm,LineaC:1101,LineaA:1059,1.0
hpm,LineaC:1101,LineaA:1061,3.0
hpm,LineaC:1101,LineaA:1064,1.0
hpm,LineaC:1101,LineaA:1065,2.0
hpm,LineaC:1101,LineaA:1066,1.0
hpm,LineaC:1101,LineaA:1067,2.0
hpm,LineaC:1101,LineaA:1068,2.0
hpm,LineaC:1101,LineaA:1070,1.0
hpm,LineaC:1101,LineaA:1071,3.0
hpm,LineaC:1101,LineaA:1073,2.0
hpm,LineaC:1101,LineaA:1074,2.0
hpm,LineaC:1101,LineaB:1079,2.0
hpm,LineaC:1101,LineaB:1080,2.0
hpm,LineaC:1101,LineaB:1081,3.0
hpm,LineaC:1101,LineaB:1085,2.0
hpm,LineaC:1101,LineaB:1087,1.0
hpm,LineaC:1101,LineaC:1094,13.0
hpm,LineaC:1101,LineaC:1095,5.0
hpm,LineaC:1101,LineaC:1096,2.0
hpm,LineaC:1101,LineaC:1097,4.0
hpm,LineaC:1101,LineaC:1098,4.0
hpm,LineaC:1101,LineaC:1099,7.0
hpm,LineaC:1101,LineaC:1100,4.0
hpm,LineaC:1101,LineaC:1102,2.0
hpm,LineaC:1101,LineaD:1104,2.0
hpm,LineaC:1101,LineaD:1105,2.0
hpm,LineaC:1101,LineaD:1106,1.0
hpm,LineaC:1101,LineaD:1108,2.0
hpm,LineaC:1101,LineaD:1110,2.0
hpm,LineaC:1101,LineaD:1112,2.0
hpm,LineaC:1101,LineaD:1114,1.0
hpm,LineaC:1101,LineaD:1117,1.0
hpm,LineaC:1101,LineaE:1128,1.0
hpm,LineaC:1101,LineaE:1127,3.0
hpm,LineaC:1101,LineaE:1124,2.0
hpm,LineaC:1101,LineaE:1121,6.0
hpm,LineaC:1101,LineaE:1120,1.0
hpm,LineaC:1101,LineaH:1163,2.0
hpm,LineaC:1102,LineaA:1059,42.0
hpm,LineaC:1102,LineaA:1060,9.0
hpm,LineaC:1102,LineaA:1061,4.0
hpm,LineaC:1102,LineaA:1062,2.0
hpm,LineaC:1102,LineaA:1063,2.0
hpm,LineaC:1102,LineaA:1064,18.0
hpm,LineaC:1102,LineaA:1065,11.0
hpm,LineaC:1102,LineaA:1066,4.0
hpm,LineaC:1102,LineaA:1067,15.0
hpm,LineaC:1102,LineaA:1068,14.0
hpm,LineaC:1102,LineaA:1070,8.0
hpm,LineaC:1102,LineaA:1071,50.0
hpm,LineaC:1102,LineaA:1072,28.0
hpm,LineaC:1102,LineaA:1073,35.0
hpm,LineaC:1102,LineaA:1074,10.0
hpm,LineaC:1102,LineaA:1075,4.0
hpm,LineaC:1102,LineaA:1076,4.0
hpm,LineaC:1102,LineaB:1077,2.0
hpm,LineaC:1102,LineaB:1078,2.0
hpm,LineaC:1102,LineaB:1079,6.0
hpm,LineaC:1102,LineaB:1080,6.0
hpm,LineaC:1102,LineaB:1082,2.0
hpm,LineaC:1102,LineaB:1084,7.0
hpm,LineaC:1102,LineaB:1083,18.0
hpm,LineaC:1102,LineaB:1085,13.0
hpm,LineaC:1102,LineaB:1086,8.0
hpm,LineaC:1102,LineaB:1087,4.0
hpm,LineaC:1102,LineaB:1088,9.0
hpm,LineaC:1102,LineaB:1089,20.0
hpm,LineaC:1102,LineaB:1090,15.0
hpm,LineaC:1102,LineaB:1091,47.0
hpm,LineaC:1102,LineaB:1092,32.0
hpm,LineaC:1102,LineaB:1093,8.0
hpm,LineaC:1102,LineaC:1094,211.0
hpm,LineaC:1102,LineaC:1095,78.0
hpm,LineaC:1102,LineaC:1096,64.0
hpm,LineaC:1102,LineaC:1097,228.0
hpm,LineaC:1102,LineaC:1098,126.0
hpm,LineaC:1102,LineaC:1099,183.0
hpm,LineaC:1102,LineaC:1100,147.0
hpm,LineaC:1102,LineaC:1101,24.0
hpm,LineaC:1102,LineaD:1103,2.0
hpm,LineaC:1102,LineaD:1104,2.0
hpm,LineaC:1102,LineaD:1108,2.0
hpm,LineaC:1102,LineaD:1109,2.0
hpm,LineaC:1102,LineaD:1110,2.0
hpm,LineaC:1102,LineaD:1111,4.0
hpm,LineaC:1102,LineaD:1112,2.0
hpm,LineaC:1102,LineaD:1113,6.0
hpm,LineaC:1102,LineaD:1114,20.0
hpm,LineaC:1102,LineaD:1115,15.0
hpm,LineaC:1102,LineaD:1116,20.0
hpm,LineaC:1102,LineaD:1117,27.0
hpm,LineaC:1102,LineaD:1118,57.0
hpm,LineaC:1102,LineaE:1133,8.0
hpm,LineaC:1102,LineaE:1131,2.0
hpm,LineaC:1102,LineaE:1130,2.0
hpm,LineaC:1102,LineaE:1128,4.0
hpm,LineaC:1102,LineaE:1127,4.0
hpm,LineaC:1102,LineaE:1126,4.0
hpm,LineaC:1102,LineaE:1125,8.0
hpm,LineaC:1102,LineaE:1124,2.0
hpm,LineaC:1102,LineaE:1123,7.0
hpm,LineaC:1102,LineaE:1122,10.0
hpm,LineaC:1102,LineaE:1121,139.0
hpm,LineaC:1102,LineaE:1120,25.0
hpm,LineaC:1102,LineaE:1119,37.0
hpm,LineaC:1102,LineaH:1134,4.0
hpm,LineaC:1102,LineaH:1135,9.0
hpm,LineaC:1102,LineaH:1136,4.0
hpm,LineaC:1102,LineaH:1137,2.0
hpm,LineaC:1102,LineaH:1138,6.0
hpm,LineaC:1102,LineaH:1140,7.0
hpm,LineaC:1102,LineaH:1162,2.0
hpm,LineaC:1102,LineaH:1163,2.0
hpm,LineaC:1102,LineaE:1166,22.0
hpm,LineaC:1102,LineaE:1165,4.0
hpm,LineaD:1103,LineaA:1059,8.0
hpm,LineaD:1103,LineaA:1060,4.0
hpm,LineaD:1103,LineaA:1063,4.0
hpm,LineaD:1103,LineaA:1064,12.0
hpm,LineaD:1103,LineaA:1065,6.0
hpm,LineaD:1103,LineaA:1066,6.0
hpm,LineaD:1103,LineaA:1067,8.0
hpm,LineaD:1103,LineaA:1068,2.0
hpm,LineaD:1103,LineaA:1069,2.0
hpm,LineaD:1103,LineaA:1071,24.0
hpm,LineaD:1103,LineaA:1072,20.0
hpm,LineaD:1103,LineaA:1073,15.0
hpm,LineaD:1103,LineaA:1074,8.0
hpm,LineaD:1103,LineaA:1075,19.0
hpm,LineaD:1103,LineaA:1076,15.0
hpm,LineaD:1103,LineaB:1084,4.0
hpm,LineaD:1103,LineaB:1083,2.0
hpm,LineaD:1103,LineaB:1085,2.0
hpm,LineaD:1103,LineaB:1086,2.0
hpm,LineaD:1103,LineaB:1087,4.0
hpm,LineaD:1103,LineaB:1088,10.0
hpm,LineaD:1103,LineaB:1089,22.0
hpm,LineaD:1103,LineaB:1090,21.0
hpm,LineaD:1103,LineaB:1091,110.0
hpm,LineaD:1103,LineaB:1092,42.0
hpm,LineaD:1103,LineaB:1093,84.0
hpm,LineaD:1103,LineaC:1094,48.0
hpm,LineaD:1103,LineaC:1095,13.0
hpm,LineaD:1103,LineaC:1096,16.0
hpm,LineaD:1103,LineaC:1097,59.0
hpm,LineaD:1103,LineaC:1098,12.0
hpm,LineaD:1103,LineaC:1099,59.0
hpm,LineaD:1103,LineaC:1100,12.0
hpm,LineaD:1103,LineaC:1101,20.0
hpm,LineaD:1103,LineaC:1102,4.0
hpm,LineaD:1103,LineaD:1104,9.0
hpm,LineaD:1103,LineaD:1105,18.0
hpm,LineaD:1103,LineaD:1106,24.0
hpm,LineaD:1103,LineaD:1107,40.0
hpm,LineaD:1103,LineaD:1108,52.0
hpm,LineaD:1103,LineaD:1109,35.0
hpm,LineaD:1103,LineaD:1110,34.0
hpm,LineaD:1103,LineaD:1111,68.0
hpm,LineaD:1103,LineaD:1112,53.0
hpm,LineaD:1103,LineaD:1113,75.0
hpm,LineaD:1103,LineaD:1114,190.0
hpm,LineaD:1103,LineaD:1115,262.0
hpm,LineaD:1103,LineaD:1116,255.0
hpm,LineaD:1103,LineaD:1117,65.0
hpm,LineaD:1103,LineaD:1118,804.0
hpm,LineaD:1103,LineaE:1133,2.0
hpm,LineaD:1103,LineaE:1130,2.0
hpm,LineaD:1103,LineaE:1129,2.0
hpm,LineaD:1103,LineaE:1128,4.0
hpm,LineaD:1103,LineaE:1127,6.0
hpm,LineaD:1103,LineaE:1126,2.0
hpm,LineaD:1103,LineaE:1125,4.0
hpm,LineaD:1103,LineaE:1124,2.0
hpm,LineaD:1103,LineaE:1123,6.0
hpm,LineaD:1103,LineaE:1122,2.0
hpm,LineaD:1103,LineaE:1121,31.0
hpm,LineaD:1103,LineaE:1120,12.0
hpm,LineaD:1103,LineaE:1119,66.0
hpm,LineaD:1103,LineaH:1134,46.0
hpm,LineaD:1103,LineaH:1135,111.0
hpm,LineaD:1103,LineaH:1136,50.0
hpm,LineaD:1103,LineaH:1137,16.0
hpm,LineaD:1103,LineaH:1138,10.0
hpm,LineaD:1103,LineaH:1139,20.0
hpm,LineaD:1103,LineaH:1140,15.0
hpm,LineaD:1103,LineaH:1141,18.0
hpm,LineaD:1103,LineaH:1160,8.0
hpm,LineaD:1103,LineaH:1161,21.0
hpm,LineaD:1103,LineaH:1162,6.0
hpm,LineaD:1103,LineaH:1163,19.0
hpm,LineaD:1103,LineaE:1166,16.0
hpm,LineaD:1103,LineaE:1165,44.0
hpm,LineaD:1103,LineaE:1164,2.0
hpm,LineaD:1104,LineaA:1065,2.0
hpm,LineaD:1104,LineaA:1071,2.0
hpm,LineaD:1104,LineaA:1072,5.0
hpm,LineaD:1104,LineaA:1073,2.0
hpm,LineaD:1104,LineaA:1075,6.0
hpm,LineaD:1104,LineaA:1076,8.0
hpm,LineaD:1104,LineaB:1089,4.0
hpm,LineaD:1104,LineaB:1090,4.0
hpm,LineaD:1104,LineaB:1091,28.0
hpm,LineaD:1104,LineaB:1092,12.0
hpm,LineaD:1104,LineaB:1093,25.0
hpm,LineaD:1104,LineaC:1094,19.0
hpm,LineaD:1104,LineaC:1095,6.0
hpm,LineaD:1104,LineaC:1096,4.0
hpm,LineaD:1104,LineaC:1097,19.0
hpm,LineaD:1104,LineaC:1098,2.0
hpm,LineaD:1104,LineaC:1099,12.0
hpm,LineaD:1104,LineaC:1101,4.0
hpm,LineaD:1104,LineaD:1103,7.0
hpm,LineaD:1104,LineaD:1105,6.0
hpm,LineaD:1104,LineaD:1106,10.0
hpm,LineaD:1104,LineaD:1107,19.0
hpm,LineaD:1104,LineaD:1108,15.0
hpm,LineaD:1104,LineaD:1109,10.0
hpm,LineaD:1104,LineaD:1110,10.0
hpm,LineaD:1104,LineaD:1111,30.0
hpm,LineaD:1104,LineaD:1112,19.0
hpm,LineaD:1104,LineaD:1113,27.0
hpm,LineaD:1104,LineaD:1114,47.0
hpm,LineaD:1104,LineaD:1115,82.0
hpm,LineaD:1104,LineaD:1116,91.0
hpm,LineaD:1104,LineaD:1117,18.0
hpm,LineaD:1104,LineaD:1118,244.0
hpm,LineaD:1104,LineaE:1129,2.0
hpm,LineaD:1104,LineaE:1128,2.0
hpm,LineaD:1104,LineaE:1125,2.0
hpm,LineaD:1104,LineaE:1123,6.0
hpm,LineaD:1104,LineaE:1121,6.0
hpm,LineaD:1104,LineaE:1120,2.0
hpm,LineaD:1104,LineaE:1119,23.0
hpm,LineaD:1104,LineaH:1134,9.0
hpm,LineaD:1104,LineaH:1135,31.0
hpm,LineaD:1104,LineaH:1136,22.0
hpm,LineaD:1104,LineaH:1137,6.0
hpm,LineaD:1104,LineaH:1138,2.0
hpm,LineaD:1104,LineaH:1139,5.0
hpm,LineaD:1104,LineaH:1140,6.0
hpm,LineaD:1104,LineaH:1141,4.0
hpm,LineaD:1104,LineaH:1160,2.0
hpm,LineaD:1104,LineaH:1161,8.0
hpm,LineaD:1104,LineaH:1162,4.0
hpm,LineaD:1104,LineaH:1163,6.0
hpm,LineaD:1104,LineaE:1166,8.0
hpm,LineaD:1104,LineaE:1165,10.0
hpm,LineaD:1105,LineaA:1059,4.0
hpm,LineaD:1105,LineaA:1067,2.0
hpm,LineaD:1105,LineaA:1071,4.0
hpm,LineaD:1105,LineaA:1072,4.0
hpm,LineaD:1105,LineaA:1073,2.0
hpm,LineaD:1105,LineaA:1074,2.0
hpm,LineaD:1105,LineaA:1075,5.0
hpm,LineaD:1105,LineaA:1076,6.0
hpm,LineaD:1105,LineaB:1085,2.0
hpm,LineaD:1105,LineaB:1086,2.0
hpm,LineaD:1105,LineaB:1088,4.0
hpm,LineaD:1105,LineaB:1090,4.0
hpm,LineaD:1105,LineaB:1091,29.0
hpm,LineaD:1105,LineaB:1092,4.0
hpm,LineaD:1105,LineaB:1093,25.0
hpm,LineaD:1105,LineaC:1094,16.0
hpm,LineaD:1105,LineaC:1095,7.0
hpm,LineaD:1105,LineaC:1096,6.0
hpm,LineaD:1105,LineaC:1097,17.0
hpm,LineaD:1105,LineaC:1098,6.0
hpm,LineaD:1105,LineaC:1099,12.0
hpm,LineaD:1105,LineaC:1100,2.0
hpm,LineaD:1105,LineaC:1101,8.0
hpm,LineaD:1105,LineaC:1102,4.0
hpm,LineaD:1105,LineaD:1103,10.0
hpm,LineaD:1105,LineaD:1104,6.0
hpm,LineaD:1105,LineaD:1106,3.0
hpm,LineaD:1105,LineaD:1107,21.0
hpm,LineaD:1105,LineaD:1108,14.0
hpm,LineaD:1105,LineaD:1109,8.0
hpm,LineaD:1105,LineaD:1110,12.0
hpm,LineaD:1105,LineaD:1111,31.0
hpm,LineaD:1105,LineaD:1112,21.0
hpm,LineaD:1105,LineaD:1113,26.0
hpm,LineaD:1105,LineaD:1114,38.0
hpm,LineaD:1105,LineaD:1115,78.0
hpm,LineaD:1105,LineaD:1116,89.0
hpm,LineaD:1105,LineaD:1117,16.0
hpm,LineaD:1105,LineaD:1118,232.0
hpm,LineaD:1105,LineaE:1123,2.0
hpm,LineaD:1105,LineaE:1121,16.0
hpm,LineaD:1105,LineaE:1120,2.0
hpm,LineaD:1105,LineaE:1119,19.0
hpm,LineaD:1105,LineaH:1134,10.0
hpm,LineaD:1105,LineaH:1135,21.0
hpm,LineaD:1105,LineaH:1136,9.0
hpm,LineaD:1105,LineaH:1137,4.0
hpm,LineaD:1105,LineaH:1139,6.0
hpm,LineaD:1105,LineaH:1141,6.0
hpm,LineaD:1105,LineaH:1161,8.0
hpm,LineaD:1105,LineaH:1162,2.0
hpm,LineaD:1105,LineaH:1163,6.0
hpm,LineaD:1105,LineaE:1165,10.0
hpm,LineaD:1106,LineaA:1059,2.0
hpm,LineaD:1106,LineaA:1061,2.0
hpm,LineaD:1106,LineaA:1063,2.0
hpm,LineaD:1106,LineaA:1071,2.0
hpm,LineaD:1106,LineaA:1072,7.0
hpm,LineaD:1106,LineaA:1073,2.0
hpm,LineaD:1106,LineaA:1074,2.0
hpm,LineaD:1106,LineaA:1075,4.0
hpm,LineaD:1106,LineaA:1076,4.0
hpm,LineaD:1106,LineaB:1081,2.0
hpm,LineaD:1106,LineaB:1084,2.0
hpm,LineaD:1106,LineaB:1085,4.0
hpm,LineaD:1106,LineaB:1089,4.0
hpm,LineaD:1106,LineaB:1090,2.0
hpm,LineaD:1106,LineaB:1091,23.0
hpm,LineaD:1106,LineaB:1092,10.0
hpm,LineaD:1106,LineaB:1093,29.0
hpm,LineaD:1106,LineaC:1094,8.0
hpm,LineaD:1106,LineaC:1095,6.0
hpm,LineaD:1106,LineaC:1096,2.0
hpm,LineaD:1106,LineaC:1097,16.0
hpm,LineaD:1106,LineaC:1099,14.0
hpm,LineaD:1106,LineaC:1101,7.0
hpm,LineaD:1106,LineaD:1103,10.0
hpm,LineaD:1106,LineaD:1104,4.0
hpm,LineaD:1106,LineaD:1105,4.0
hpm,LineaD:1106,LineaD:1107,4.0
hpm,LineaD:1106,LineaD:1108,6.0
hpm,LineaD:1106,LineaD:1109,8.0
hpm,LineaD:1106,LineaD:1110,10.0
hpm,LineaD:1106,LineaD:1111,14.0
hpm,LineaD:1106,LineaD:1112,13.0
hpm,LineaD:1106,LineaD:1113,20.0
hpm,LineaD:1106,LineaD:1114,33.0
hpm,LineaD:1106,LineaD:1115,65.0
hpm,LineaD:1106,LineaD:1116,83.0
hpm,LineaD:1106,LineaD:1117,18.0
hpm,LineaD:1106,LineaD:1118,212.0
hpm,LineaD:1106,LineaE:1121,20.0
hpm,LineaD:1106,LineaE:1120,2.0
hpm,LineaD:1106,LineaE:1119,11.0
hpm,LineaD:1106,LineaH:1134,6.0
hpm,LineaD:1106,LineaH:1135,21.0
hpm,LineaD:1106,LineaH:1136,10.0
hpm,LineaD:1106,LineaH:1137,2.0
hpm,LineaD:1106,LineaH:1138,4.0
hpm,LineaD:1106,LineaH:1139,4.0
hpm,LineaD:1106,LineaH:1140,5.0
hpm,LineaD:1106,LineaH:1161,2.0
hpm,LineaD:1106,LineaH:1162,2.0
hpm,LineaD:1106,LineaH:1163,6.0
hpm,LineaD:1106,LineaE:1166,4.0
hpm,LineaD:1106,LineaE:1165,9.0
hpm,LineaD:1107,LineaA:1059,2.0
hpm,LineaD:1107,LineaA:1065,2.0
hpm,LineaD:1107,LineaA:1068,2.0
hpm,LineaD:1107,LineaA:1071,2.0
hpm,LineaD:1107,LineaA:1074,2.0
hpm,LineaD:1107,LineaA:1075,4.0
hpm,LineaD:1107,LineaA:1076,4.0
hpm,LineaD:1107,LineaB:1082,2.0
hpm,LineaD:1107,LineaB:1086,2.0
hpm,LineaD:1107,LineaB:1088,2.0
hpm,LineaD:1107,LineaB:1089,4.0
hpm,LineaD:1107,LineaB:1090,2.0
hpm,LineaD:1107,LineaB:1091,18.0
hpm,LineaD:1107,LineaB:1092,9.0
hpm,LineaD:1107,LineaB:1093,25.0
hpm,LineaD:1107,LineaC:1094,4.0
hpm,LineaD:1107,LineaC:1095,2.0
hpm,LineaD:1107,LineaC:1096,2.0
hpm,LineaD:1107,LineaC:1097,6.0
hpm,LineaD:1107,LineaC:1099,15.0
hpm,LineaD:1107,LineaC:1100,2.0
hpm,LineaD:1107,LineaC:1101,2.0
hpm,LineaD:1107,LineaC:1102,2.0
hpm,LineaD:1107,LineaD:1103,21.0
hpm,LineaD:1107,LineaD:1104,18.0
hpm,LineaD:1107,LineaD:1105,12.0
hpm,LineaD:1107,LineaD:1106,6.0
hpm,LineaD:1107,LineaD:1108,10.0
hpm,LineaD:1107,LineaD:1109,13.0
hpm,LineaD:1107,LineaD:1110,22.0
hpm,LineaD:1107,LineaD:1111,35.0
hpm,LineaD:1107,LineaD:1112,21.0
hpm,LineaD:1107,LineaD:1113,24.0
hpm,LineaD:1107,LineaD:1114,42.0
hpm,LineaD:1107,LineaD:1115,61.0
hpm,LineaD:1107,LineaD:1116,74.0
hpm,LineaD:1107,LineaD:1117,14.0
hpm,LineaD:1107,LineaD:1118,153.0
hpm,LineaD:1107,LineaE:1133,2.0
hpm,LineaD:1107,LineaE:1131,2.0
hpm,LineaD:1107,LineaE:1121,4.0
hpm,LineaD:1107,LineaE:1120,2.0
hpm,LineaD:1107,LineaE:1119,13.0
hpm,LineaD:1107,LineaH:1134,12.0
hpm,LineaD:1107,LineaH:1135,17.0
hpm,LineaD:1107,LineaH:1136,9.0
hpm,LineaD:1107,LineaH:1137,4.0
hpm,LineaD:1107,LineaH:1139,2.0
hpm,LineaD:1107,LineaH:1141,2.0
hpm,LineaD:1107,LineaH:1160,2.0
hpm,LineaD:1107,LineaH:1161,10.0
hpm,LineaD:1107,LineaH:1162,4.0
hpm,LineaD:1107,LineaH:1163,12.0
hpm,LineaD:1107,LineaE:1165,2.0
hpm,LineaD:1108,LineaA:1059,6.0
hpm,LineaD:1108,LineaA:1061,2.0
hpm,LineaD:1108,LineaA:1067,2.0
hpm,LineaD:1108,LineaA:1072,4.0
hpm,LineaD:1108,LineaA:1073,2.0
hpm,LineaD:1108,LineaA:1075,4.0
hpm,LineaD:1108,LineaA:1076,4.0
hpm,LineaD:1108,LineaB:1084,2.0
hpm,LineaD:1108,LineaB:1086,2.0
hpm,LineaD:1108,LineaB:1087,2.0
hpm,LineaD:1108,LineaB:1088,4.0
hpm,LineaD:1108,LineaB:1089,4.0
hpm,LineaD:1108,LineaB:1090,17.0
hpm,LineaD:1108,LineaB:1091,28.0
hpm,LineaD:1108,LineaB:1092,23.0
hpm,LineaD:1108,LineaB:1093,22.0
hpm,LineaD:1108,LineaC:1094,10.0
hpm,LineaD:1108,LineaC:1096,4.0
hpm,LineaD:1108,LineaC:1097,12.0
hpm,LineaD:1108,LineaC:1098,2.0
hpm,LineaD:1108,LineaC:1099,18.0
hpm,LineaD:1108,LineaC:1100,4.0
hpm,LineaD:1108,LineaC:1102,2.0
hpm,LineaD:1108,LineaD:1103,65.0
hpm,LineaD:1108,LineaD:1104,56.0
hpm,LineaD:1108,LineaD:1105,37.0
hpm,LineaD:1108,LineaD:1106,26.0
hpm,LineaD:1108,LineaD:1107,20.0
hpm,LineaD:1108,LineaD:1109,2.0
hpm,LineaD:1108,LineaD:1110,19.0
hpm,LineaD:1108,LineaD:1111,55.0
hpm,LineaD:1108,LineaD:1112,37.0
hpm,LineaD:1108,LineaD:1113,28.0
hpm,LineaD:1108,LineaD:1114,42.0
hpm,LineaD:1108,LineaD:1115,46.0
hpm,LineaD:1108,LineaD:1116,58.0
hpm,LineaD:1108,LineaD:1117,10.0
hpm,LineaD:1108,LineaD:1118,146.0
hpm,LineaD:1108,LineaE:1133,2.0
hpm,LineaD:1108,LineaE:1121,6.0
hpm,LineaD:1108,LineaE:1120,2.0
hpm,LineaD:1108,LineaE:1119,16.0
hpm,LineaD:1108,LineaH:1134,8.0
hpm,LineaD:1108,LineaH:1135,18.0
hpm,LineaD:1108,LineaH:1136,16.0
hpm,LineaD:1108,LineaH:1137,6.0
hpm,LineaD:1108,LineaH:1139,2.0
hpm,LineaD:1108,LineaH:1140,4.0
hpm,LineaD:1108,LineaH:1141,2.0
hpm,LineaD:1108,LineaH:1160,6.0
hpm,LineaD:1108,LineaH:1161,17.0
hpm,LineaD:1108,LineaH:1162,4.0
hpm,LineaD:1108,LineaH:1163,6.0
hpm,LineaD:1108,LineaE:1166,2.0
hpm,LineaD:1108,LineaE:1165,6.0
hpm,LineaD:1109,LineaA:1059,5.0
hpm,LineaD:1109,LineaA:1064,1.0
hpm,LineaD:1109,LineaA:1065,1.0
hpm,LineaD:1109,LineaA:1067,1.0
hpm,LineaD:1109,LineaA:1070,1.0
hpm,LineaD:1109,LineaA:1071,2.0
hpm,LineaD:1109,LineaA:1073,2.0
hpm,LineaD:1109,LineaA:1074,3.0
hpm,LineaD:1109,LineaA:1075,2.0
hpm,LineaD:1109,LineaA:1076,6.0
hpm,LineaD:1109,LineaB:1077,1.0
hpm,LineaD:1109,LineaB:1084,1.0
hpm,LineaD:1109,LineaB:1086,2.0
hpm,LineaD:1109,LineaB:1087,3.0
hpm,LineaD:1109,LineaB:1088,2.0
hpm,LineaD:1109,LineaB:1089,2.0
hpm,LineaD:1109,LineaB:1090,6.0
hpm,LineaD:1109,LineaB:1091,17.0
hpm,LineaD:1109,LineaB:1092,12.0
hpm,LineaD:1109,LineaB:1093,25.0
hpm,LineaD:1109,LineaC:1094,16.0
hpm,LineaD:1109,LineaC:1095,4.0
hpm,LineaD:1109,LineaC:1096,3.0
hpm,LineaD:1109,LineaC:1097,15.0
hpm,LineaD:1109,LineaC:1098,2.0
hpm,LineaD:1109,LineaC:1099,15.0
hpm,LineaD:1109,LineaC:1100,1.0
hpm,LineaD:1109,LineaC:1101,4.0
hpm,LineaD:1109,LineaC:1102,3.0
hpm,LineaD:1109,LineaD:1103,16.0
hpm,LineaD:1109,LineaD:1104,15.0
hpm,LineaD:1109,LineaD:1105,12.0
hpm,LineaD:1109,LineaD:1106,12.0
hpm,LineaD:1109,LineaD:1107,6.0
hpm,LineaD:1109,LineaD:1108,1.0
hpm,LineaD:1109,LineaD:1110,1.0
hpm,LineaD:1109,LineaD:1111,10.0
hpm,LineaD:1109,LineaD:1112,7.0
hpm,LineaD:1109,LineaD:1113,13.0
hpm,LineaD:1109,LineaD:1114,20.0
hpm,LineaD:1109,LineaD:1115,39.0
hpm,LineaD:1109,LineaD:1116,46.0
hpm,LineaD:1109,LineaD:1117,9.0
hpm,LineaD:1109,LineaD:1118,147.0
hpm,LineaD:1109,LineaE:1125,2.0
hpm,LineaD:1109,LineaE:1123,2.0
hpm,LineaD:1109,LineaE:1122,1.0
hpm,LineaD:1109,LineaE:1121,6.0
hpm,LineaD:1109,LineaE:1120,2.0
hpm,LineaD:1109,LineaE:1119,16.0
hpm,LineaD:1109,LineaH:1134,4.0
hpm,LineaD:1109,LineaH:1135,15.0
hpm,LineaD:1109,LineaH:1136,10.0
hpm,LineaD:1109,LineaH:1137,6.0
hpm,LineaD:1109,LineaH:1138,4.0
hpm,LineaD:1109,LineaH:1139,5.0
hpm,LineaD:1109,LineaH:1140,4.0
hpm,LineaD:1109,LineaH:1141,8.0
hpm,LineaD:1109,LineaH:1160,3.0
hpm,LineaD:1109,LineaH:1161,5.0
hpm,LineaD:1109,LineaH:1163,6.0
hpm,LineaD:1109,LineaE:1166,2.0
hpm,LineaD:1109,LineaE:1165,10.0
hpm,LineaD:1110,LineaA:1059,2.0
hpm,LineaD:1110,LineaA:1065,2.0
hpm,LineaD:1110,LineaA:1073,2.0
hpm,LineaD:1110,LineaA:1075,2.0
hpm,LineaD:1110,LineaA:1076,6.0
hpm,LineaD:1110,LineaB:1089,2.0
hpm,LineaD:1110,LineaB:1090,6.0
hpm,LineaD:1110,LineaB:1091,22.0
hpm,LineaD:1110,LineaB:1092,14.0
hpm,LineaD:1110,LineaB:1093,26.0
hpm,LineaD:1110,LineaC:1094,11.0
hpm,LineaD:1110,LineaC:1095,10.0
hpm,LineaD:1110,LineaC:1096,2.0
hpm,LineaD:1110,LineaC:1097,12.0
hpm,LineaD:1110,LineaC:1099,14.0
hpm,LineaD:1110,LineaC:1100,2.0
hpm,LineaD:1110,LineaC:1101,2.0
hpm,LineaD:1110,LineaC:1102,8.0
hpm,LineaD:1110,LineaD:1103,29.0
hpm,LineaD:1110,LineaD:1104,15.0
hpm,LineaD:1110,LineaD:1105,15.0
hpm,LineaD:1110,LineaD:1106,11.0
hpm,LineaD:1110,LineaD:1107,19.0
hpm,LineaD:1110,LineaD:1108,10.0
hpm,LineaD:1110,LineaD:1111,4.0
hpm,LineaD:1110,LineaD:1112,2.0
hpm,LineaD:1110,LineaD:1113,8.0
hpm,LineaD:1110,LineaD:1114,23.0
hpm,LineaD:1110,LineaD:1115,34.0
hpm,LineaD:1110,LineaD:1116,64.0
hpm,LineaD:1110,LineaD:1117,19.0
hpm,LineaD:1110,LineaD:1118,220.0
hpm,LineaD:1110,LineaE:1121,9.0
hpm,LineaD:1110,LineaE:1120,2.0
hpm,LineaD:1110,LineaE:1119,8.0
hpm,LineaD:1110,LineaH:1134,8.0
hpm,LineaD:1110,LineaH:1135,18.0
hpm,LineaD:1110,LineaH:1136,11.0
hpm,LineaD:1110,LineaH:1137,8.0
hpm,LineaD:1110,LineaH:1139,2.0
hpm,LineaD:1110,LineaH:1141,2.0
hpm,LineaD:1110,LineaH:1160,2.0
hpm,LineaD:1110,LineaH:1161,2.0
hpm,LineaD:1110,LineaH:1163,4.0
hpm,LineaD:1110,LineaE:1166,4.0
hpm,LineaD:1110,LineaE:1165,8.0
hpm,LineaD:1111,LineaA:1059,4.0
hpm,LineaD:1111,LineaA:1061,2.0
hpm,LineaD:1111,LineaA:1062,2.0
hpm,LineaD:1111,LineaA:1064,2.0
hpm,LineaD:1111,LineaA:1071,2.0
hpm,LineaD:1111,LineaA:1072,4.0
hpm,LineaD:1111,LineaA:1073,2.0
hpm,LineaD:1111,LineaA:1074,2.0
hpm,LineaD:1111,LineaA:1076,4.0
hpm,LineaD:1111,LineaB:1077,2.0
hpm,LineaD:1111,LineaB:1079,2.0
hpm,LineaD:1111,LineaB:1083,2.0
hpm,LineaD:1111,LineaB:1088,2.0
hpm,LineaD:1111,LineaB:1090,2.0
hpm,LineaD:1111,LineaB:1091,17.0
hpm,LineaD:1111,LineaB:1092,11.0
hpm,LineaD:1111,LineaB:1093,35.0
hpm,LineaD:1111,LineaC:1094,12.0
hpm,LineaD:1111,LineaC:1095,2.0
hpm,LineaD:1111,LineaC:1096,4.0
hpm,LineaD:1111,LineaC:1097,16.0
hpm,LineaD:1111,LineaC:1098,2.0
hpm,LineaD:1111,LineaC:1099,15.0
hpm,LineaD:1111,LineaC:1102,7.0
hpm,LineaD:1111,LineaD:1103,30.0
hpm,LineaD:1111,LineaD:1104,22.0
hpm,LineaD:1111,LineaD:1105,13.0
hpm,LineaD:1111,LineaD:1106,17.0
hpm,LineaD:1111,LineaD:1107,26.0
hpm,LineaD:1111,LineaD:1108,14.0
hpm,LineaD:1111,LineaD:1109,7.0
hpm,LineaD:1111,LineaD:1112,2.0
hpm,LineaD:1111,LineaD:1113,2.0
hpm,LineaD:1111,LineaD:1114,14.0
hpm,LineaD:1111,LineaD:1115,22.0
hpm,LineaD:1111,LineaD:1116,42.0
hpm,LineaD:1111,LineaD:1117,10.0
hpm,LineaD:1111,LineaD:1118,201.0
hpm,LineaD:1111,LineaE:1130,2.0
hpm,LineaD:1111,LineaE:1121,17.0
hpm,LineaD:1111,LineaE:1119,17.0
hpm,LineaD:1111,LineaH:1134,13.0
hpm,LineaD:1111,LineaH:1135,17.0
hpm,LineaD:1111,LineaH:1136,13.0
hpm,LineaD:1111,LineaH:1138,2.0
hpm,LineaD:1111,LineaH:1139,2.0
hpm,LineaD:1111,LineaH:1140,4.0
hpm,LineaD:1111,LineaH:1141,2.0
hpm,LineaD:1111,LineaH:1160,2.0
hpm,LineaD:1111,LineaH:1163,4.0
hpm,LineaD:1111,LineaE:1166,2.0
hpm,LineaD:1111,LineaE:1165,7.0
hpm,LineaD:1112,LineaA:1059,6.0
hpm,LineaD:1112,LineaA:1064,2.0
hpm,LineaD:1112,LineaA:1069,2.0
hpm,LineaD:1112,LineaA:1072,2.0
hpm,LineaD:1112,LineaA:1075,4.0
hpm,LineaD:1112,LineaA:1076,8.0
hpm,LineaD:1112,LineaB:1077,2.0
hpm,LineaD:1112,LineaB:1088,2.0
hpm,LineaD:1112,LineaB:1091,16.0
hpm,LineaD:1112,LineaB:1092,12.0
hpm,LineaD:1112,LineaB:1093,13.0
hpm,LineaD:1112,LineaC:1094,10.0
hpm,LineaD:1112,LineaC:1095,6.0
hpm,LineaD:1112,LineaC:1097,14.0
hpm,LineaD:1112,LineaC:1099,16.0
hpm,LineaD:1112,LineaC:1100,2.0
hpm,LineaD:1112,LineaC:1101,4.0
hpm,LineaD:1112,LineaC:1102,2.0
hpm,LineaD:1112,LineaD:1103,33.0
hpm,LineaD:1112,LineaD:1104,26.0
hpm,LineaD:1112,LineaD:1105,19.0
hpm,LineaD:1112,LineaD:1106,16.0
hpm,LineaD:1112,LineaD:1107,17.0
hpm,LineaD:1112,LineaD:1108,13.0
hpm,LineaD:1112,LineaD:1109,10.0
hpm,LineaD:1112,LineaD:1110,2.0
hpm,LineaD:1112,LineaD:1111,2.0
hpm,LineaD:1112,LineaD:1113,2.0
hpm,LineaD:1112,LineaD:1114,12.0
hpm,LineaD:1112,LineaD:1115,24.0
hpm,LineaD:1112,LineaD:1116,65.0
hpm,LineaD:1112,LineaD:1117,13.0
hpm,LineaD:1112,LineaD:1118,163.0
hpm,LineaD:1112,LineaE:1133,2.0
hpm,LineaD:1112,LineaE:1121,17.0
hpm,LineaD:1112,LineaE:1119,12.0
hpm,LineaD:1112,LineaH:1134,6.0
hpm,LineaD:1112,LineaH:1135,8.0
hpm,LineaD:1112,LineaH:1136,2.0
hpm,LineaD:1112,LineaH:1139,4.0
hpm,LineaD:1112,LineaH:1161,4.0
hpm,LineaD:1112,LineaH:1163,6.0
hpm,LineaD:1112,LineaE:1166,2.0
hpm,LineaD:1112,LineaE:1165,2.0
hpm,LineaD:1113,LineaA:1059,2.0
hpm,LineaD:1113,LineaA:1075,1.0
hpm,LineaD:1113,LineaA:1076,6.0
hpm,LineaD:1113,LineaB:1081,1.0
hpm,LineaD:1113,LineaB:1083,1.0
hpm,LineaD:1113,LineaB:1085,2.0
hpm,LineaD:1113,LineaB:1086,1.0
hpm,LineaD:1113,LineaB:1090,2.0
hpm,LineaD:1113,LineaB:1091,9.0
hpm,LineaD:1113,LineaB:1092,4.0
hpm,LineaD:1113,LineaB:1093,14.0
hpm,LineaD:1113,LineaC:1094,10.0
hpm,LineaD:1113,LineaC:1096,4.0
hpm,LineaD:1113,LineaC:1097,6.0
hpm,LineaD:1113,LineaC:1098,3.0
hpm,LineaD:1113,LineaC:1099,6.0
hpm,LineaD:1113,LineaC:1100,2.0
hpm,LineaD:1113,LineaC:1101,2.0
hpm,LineaD:1113,LineaC:1102,1.0
hpm,LineaD:1113,LineaD:1103,31.0
hpm,LineaD:1113,LineaD:1104,11.0
hpm,LineaD:1113,LineaD:1105,10.0
hpm,LineaD:1113,LineaD:1106,8.0
hpm,LineaD:1113,LineaD:1107,12.0
hpm,LineaD:1113,LineaD:1108,13.0
hpm,LineaD:1113,LineaD:1109,6.0
hpm,LineaD:1113,LineaD:1110,5.0
hpm,LineaD:1113,LineaD:1112,1.0
hpm,LineaD:1113,LineaD:1114,2.0
hpm,LineaD:1113,LineaD:1115,8.0
hpm,LineaD:1113,LineaD:1116,25.0
hpm,LineaD:1113,LineaD:1117,8.0
hpm,LineaD:1113,LineaD:1118,115.0
hpm,LineaD:1113,LineaE:1128,1.0
hpm,LineaD:1113,LineaE:1122,2.0
hpm,LineaD:1113,LineaE:1121,10.0
hpm,LineaD:1113,LineaE:1120,2.0
hpm,LineaD:1113,LineaE:1119,14.0
hpm,LineaD:1113,LineaH:1134,1.0
hpm,LineaD:1113,LineaH:1135,9.0
hpm,LineaD:1113,LineaH:1136,3.0
hpm,LineaD:1113,LineaH:1137,2.0
hpm,LineaD:1113,LineaH:1139,1.0
hpm,LineaD:1113,LineaH:1161,6.0
hpm,LineaD:1113,LineaH:1163,2.0
hpm,LineaD:1113,LineaE:1166,2.0
hpm,LineaD:1113,LineaE:1165,2.0
hpm,LineaD:1114,LineaA:1059,2.0
hpm,LineaD:1114,LineaA:1075,2.0
hpm,LineaD:1114,LineaA:1076,4.0
hpm,LineaD:1114,LineaB:1081,2.0
hpm,LineaD:1114,LineaB:1084,2.0
hpm,LineaD:1114,LineaB:1090,2.0
hpm,LineaD:1114,LineaB:1091,2.0
hpm,LineaD:1114,LineaB:1092,4.0
hpm,LineaD:1114,LineaB:1093,2.0
hpm,LineaD:1114,LineaC:1094,18.0
hpm,LineaD:1114,LineaC:1095,6.0
hpm,LineaD:1114,LineaC:1096,8.0
hpm,LineaD:1114,LineaC:1097,8.0
hpm,LineaD:1114,LineaC:1099,4.0
hpm,LineaD:1114,LineaC:1102,2.0
hpm,LineaD:1114,LineaD:1103,38.0
hpm,LineaD:1114,LineaD:1104,30.0
hpm,LineaD:1114,LineaD:1105,18.0
hpm,LineaD:1114,LineaD:1106,20.0
hpm,LineaD:1114,LineaD:1107,18.0
hpm,LineaD:1114,LineaD:1108,26.0
hpm,LineaD:1114,LineaD:1109,10.0
hpm,LineaD:1114,LineaD:1110,13.0
hpm,LineaD:1114,LineaD:1111,10.0
hpm,LineaD:1114,LineaD:1112,8.0
hpm,LineaD:1114,LineaD:1116,8.0
hpm,LineaD:1114,LineaD:1117,7.0
hpm,LineaD:1114,LineaD:1118,53.0
hpm,LineaD:1114,LineaE:1133,2.0
hpm,LineaD:1114,LineaE:1121,6.0
hpm,LineaD:1114,LineaE:1119,8.0
hpm,LineaD:1114,LineaH:1135,2.0
hpm,LineaD:1114,LineaH:1139,2.0
hpm,LineaD:1114,LineaH:1161,2.0
hpm,LineaD:1114,LineaH:1162,2.0
hpm,LineaD:1114,LineaH:1163,4.0
hpm,LineaD:1115,LineaA:1059,3.0
hpm,LineaD:1115,LineaA:1061,1.0
hpm,LineaD:1115,LineaA:1064,1.0
hpm,LineaD:1115,LineaA:1065,1.0
hpm,LineaD:1115,LineaA:1067,1.0
hpm,LineaD:1115,LineaA:1075,4.0
hpm,LineaD:1115,LineaA:1076,8.0
hpm,LineaD:1115,LineaB:1077,1.0
hpm,LineaD:1115,LineaB:1078,2.0
hpm,LineaD:1115,LineaB:1081,4.0
hpm,LineaD:1115,LineaB:1082,4.0
hpm,LineaD:1115,LineaB:1084,2.0
hpm,LineaD:1115,LineaB:1083,2.0
hpm,LineaD:1115,LineaB:1085,1.0
hpm,LineaD:1115,LineaB:1088,1.0
hpm,LineaD:1115,LineaB:1089,3.0
hpm,LineaD:1115,LineaB:1090,3.0
hpm,LineaD:1115,LineaB:1091,3.0
hpm,LineaD:1115,LineaB:1092,3.0
hpm,LineaD:1115,LineaB:1093,4.0
hpm,LineaD:1115,LineaC:1094,10.0
hpm,LineaD:1115,LineaC:1095,6.0
hpm,LineaD:1115,LineaC:1096,3.0
hpm,LineaD:1115,LineaC:1097,4.0
hpm,LineaD:1115,LineaC:1099,6.0
hpm,LineaD:1115,LineaC:1102,5.0
hpm,LineaD:1115,LineaD:1103,54.0
hpm,LineaD:1115,LineaD:1104,44.0
hpm,LineaD:1115,LineaD:1105,21.0
hpm,LineaD:1115,LineaD:1106,20.0
hpm,LineaD:1115,LineaD:1107,16.0
hpm,LineaD:1115,LineaD:1108,19.0
hpm,LineaD:1115,LineaD:1109,7.0
hpm,LineaD:1115,LineaD:1110,11.0
hpm,LineaD:1115,LineaD:1111,7.0
hpm,LineaD:1115,LineaD:1112,6.0
hpm,LineaD:1115,LineaD:1113,6.0
hpm,LineaD:1115,LineaD:1114,1.0
hpm,LineaD:1115,LineaD:1116,4.0
hpm,LineaD:1115,LineaD:1117,3.0
hpm,LineaD:1115,LineaD:1118,58.0
hpm,LineaD:1115,LineaE:1133,1.0
hpm,LineaD:1115,LineaE:1128,1.0
hpm,LineaD:1115,LineaE:1125,1.0
hpm,LineaD:1115,LineaE:1122,1.0
hpm,LineaD:1115,LineaE:1121,5.0
hpm,LineaD:1115,LineaE:1120,1.0
hpm,LineaD:1115,LineaE:1119,9.0
hpm,LineaD:1115,LineaH:1134,3.0
hpm,LineaD:1115,LineaH:1135,9.0
hpm,LineaD:1115,LineaH:1136,2.0
hpm,LineaD:1115,LineaH:1137,3.0
hpm,LineaD:1115,LineaH:1138,4.0
hpm,LineaD:1115,LineaH:1139,3.0
hpm,LineaD:1115,LineaH:1140,1.0
hpm,LineaD:1115,LineaH:1161,4.0
hpm,LineaD:1115,LineaH:1162,2.0
hpm,LineaD:1115,LineaH:1163,4.0
hpm,LineaD:1115,LineaE:1166,3.0
hpm,LineaD:1116,LineaA:1059,6.0
hpm,LineaD:1116,LineaA:1060,2.0
hpm,LineaD:1116,LineaA:1064,2.0
hpm,LineaD:1116,LineaA:1076,2.0
hpm,LineaD:1116,LineaB:1077,2.0
hpm,LineaD:1116,LineaB:1081,2.0
hpm,LineaD:1116,LineaB:1082,2.0
hpm,LineaD:1116,LineaB:1084,2.0
hpm,LineaD:1116,LineaB:1086,2.0
hpm,LineaD:1116,LineaB:1087,2.0
hpm,LineaD:1116,LineaB:1091,2.0
hpm,LineaD:1116,LineaC:1094,4.0
hpm,LineaD:1116,LineaC:1095,2.0
hpm,LineaD:1116,LineaC:1096,2.0
hpm,LineaD:1116,LineaC:1097,2.0
hpm,LineaD:1116,LineaC:1102,8.0
hpm,LineaD:1116,LineaD:1103,25.0
hpm,LineaD:1116,LineaD:1104,14.0
hpm,LineaD:1116,LineaD:1105,19.0
hpm,LineaD:1116,LineaD:1106,15.0
hpm,LineaD:1116,LineaD:1107,9.0
hpm,LineaD:1116,LineaD:1108,16.0
hpm,LineaD:1116,LineaD:1109,8.0
hpm,LineaD:1116,LineaD:1110,12.0
hpm,LineaD:1116,LineaD:1111,10.0
hpm,LineaD:1116,LineaD:1112,12.0
hpm,LineaD:1116,LineaD:1113,6.0
hpm,LineaD:1116,LineaD:1114,4.0
hpm,LineaD:1116,LineaD:1115,2.0
hpm,LineaD:1116,LineaD:1117,2.0
hpm,LineaD:1116,LineaD:1118,19.0
hpm,LineaD:1116,LineaE:1129,2.0
hpm,LineaD:1116,LineaE:1121,2.0
hpm,LineaD:1116,LineaE:1119,2.0
hpm,LineaD:1116,LineaH:1134,4.0
hpm,LineaD:1116,LineaH:1135,6.0
hpm,LineaD:1116,LineaH:1136,2.0
hpm,LineaD:1116,LineaH:1139,2.0
hpm,LineaD:1116,LineaH:1162,2.0
hpm,LineaD:1117,LineaA:1064,2.0
hpm,LineaD:1117,LineaA:1070,2.0
hpm,LineaD:1117,LineaB:1077,2.0
hpm,LineaD:1117,LineaB:1080,2.0
hpm,LineaD:1117,LineaB:1081,4.0
hpm,LineaD:1117,LineaB:1082,4.0
hpm,LineaD:1117,LineaB:1084,6.0
hpm,LineaD:1117,LineaB:1083,2.0
hpm,LineaD:1117,LineaB:1085,6.0
hpm,LineaD:1117,LineaB:1086,2.0
hpm,LineaD:1117,LineaB:1087,2.0
hpm,LineaD:1117,LineaB:1088,4.0
hpm,LineaD:1117,LineaB:1089,2.0
hpm,LineaD:1117,LineaB:1090,2.0
hpm,LineaD:1117,LineaB:1093,2.0
hpm,LineaD:1117,LineaC:1094,4.0
hpm,LineaD:1117,LineaC:1102,2.0
hpm,LineaD:1117,LineaD:1103,25.0
hpm,LineaD:1117,LineaD:1104,21.0
hpm,LineaD:1117,LineaD:1105,12.0
hpm,LineaD:1117,LineaD:1106,12.0
hpm,LineaD:1117,LineaD:1107,16.0
hpm,LineaD:1117,LineaD:1108,19.0
hpm,LineaD:1117,LineaD:1109,4.0
hpm,LineaD:1117,LineaD:1110,8.0
hpm,LineaD:1117,LineaD:1111,6.0
hpm,LineaD:1117,LineaD:1113,6.0
hpm,LineaD:1117,LineaD:1114,21.0
hpm,LineaD:1117,LineaD:1115,12.0
hpm,LineaD:1117,LineaD:1116,2.0
hpm,LineaD:1117,LineaD:1118,2.0
hpm,LineaD:1117,LineaH:1140,2.0
hpm,LineaD:1117,LineaH:1160,2.0
hpm,LineaD:1118,LineaA:1059,4.0
hpm,LineaD:1118,LineaA:1067,2.0
hpm,LineaD:1118,LineaA:1068,4.0
hpm,LineaD:1118,LineaA:1071,2.0
hpm,LineaD:1118,LineaB:1077,6.0
hpm,LineaD:1118,LineaB:1081,2.0
hpm,LineaD:1118,LineaB:1084,8.0
hpm,LineaD:1118,LineaB:1083,2.0
hpm,LineaD:1118,LineaB:1086,2.0
hpm,LineaD:1118,LineaB:1088,4.0
hpm,LineaD:1118,LineaB:1089,2.0
hpm,LineaD:1118,LineaB:1090,4.0
hpm,LineaD:1118,LineaC:1096,2.0
hpm,LineaD:1118,LineaC:1097,2.0
hpm,LineaD:1118,LineaD:1103,60.0
hpm,LineaD:1118,LineaD:1104,41.0
hpm,LineaD:1118,LineaD:1105,33.0
hpm,LineaD:1118,LineaD:1106,34.0
hpm,LineaD:1118,LineaD:1107,38.0
hpm,LineaD:1118,LineaD:1108,28.0
hpm,LineaD:1118,LineaD:1109,16.0
hpm,LineaD:1118,LineaD:1110,18.0
hpm,LineaD:1118,LineaD:1111,29.0
hpm,LineaD:1118,LineaD:1112,10.0
hpm,LineaD:1118,LineaD:1113,16.0
hpm,LineaD:1118,LineaD:1114,28.0
hpm,LineaD:1118,LineaD:1115,22.0
hpm,LineaD:1118,LineaD:1116,8.0
hpm,LineaD:1118,LineaE:1123,2.0
hpm,LineaD:1118,LineaE:1121,2.0
hpm,LineaD:1118,LineaH:1134,4.0
hpm,LineaD:1118,LineaH:1137,2.0
hpm,LineaD:1118,LineaH:1160,2.0
hpm,LineaD:1118,LineaH:1161,2.0
hpm,LineaD:1118,LineaH:1162,2.0
hpm,LineaD:1118,LineaH:1163,2.0
hpm,LineaD:1118,LineaE:1164,2.0
hpm,LineaE:1133,LineaA:1064,2.0
hpm,LineaE:1133,LineaA:1068,6.0
hpm,LineaE:1133,LineaA:1069,2.0
hpm,LineaE:1133,LineaA:1071,14.0
hpm,LineaE:1133,LineaA:1072,8.0
hpm,LineaE:1133,LineaA:1073,6.0
hpm,LineaE:1133,LineaA:1074,12.0
hpm,LineaE:1133,LineaA:1075,27.0
hpm,LineaE:1133,LineaA:1076,23.0
hpm,LineaE:1133,LineaB:1077,6.0
hpm,LineaE:1133,LineaB:1080,2.0
hpm,LineaE:1133,LineaB:1081,6.0
hpm,LineaE:1133,LineaB:1082,4.0
hpm,LineaE:1133,LineaB:1084,6.0
hpm,LineaE:1133,LineaB:1083,8.0
hpm,LineaE:1133,LineaB:1085,6.0
hpm,LineaE:1133,LineaB:1086,8.0
hpm,LineaE:1133,LineaB:1088,4.0
hpm,LineaE:1133,LineaB:1089,16.0
hpm,LineaE:1133,LineaB:1090,18.0
hpm,LineaE:1133,LineaB:1091,11.0
hpm,LineaE:1133,LineaB:1092,18.0
hpm,LineaE:1133,LineaB:1093,12.0
hpm,LineaE:1133,LineaC:1094,14.0
hpm,LineaE:1133,LineaC:1095,6.0
hpm,LineaE:1133,LineaC:1096,15.0
hpm,LineaE:1133,LineaC:1097,4.0
hpm,LineaE:1133,LineaC:1098,2.0
hpm,LineaE:1133,LineaC:1099,8.0
hpm,LineaE:1133,LineaC:1100,14.0
hpm,LineaE:1133,LineaC:1101,12.0
hpm,LineaE:1133,LineaC:1102,25.0
hpm,LineaE:1133,LineaD:1103,12.0
hpm,LineaE:1133,LineaD:1104,12.0
hpm,LineaE:1133,LineaD:1105,10.0
hpm,LineaE:1133,LineaD:1106,4.0
hpm,LineaE:1133,LineaD:1107,10.0
hpm,LineaE:1133,LineaD:1108,14.0
hpm,LineaE:1133,LineaD:1109,15.0
hpm,LineaE:1133,LineaD:1110,8.0
hpm,LineaE:1133,LineaD:1111,17.0
hpm,LineaE:1133,LineaD:1112,10.0
hpm,LineaE:1133,LineaD:1113,4.0
hpm,LineaE:1133,LineaD:1114,4.0
hpm,LineaE:1133,LineaD:1115,13.0
hpm,LineaE:1133,LineaD:1116,26.0
hpm,LineaE:1133,LineaD:1117,2.0
hpm,LineaE:1133,LineaD:1118,15.0
hpm,LineaE:1133,LineaE:1130,10.0
hpm,LineaE:1133,LineaE:1129,8.0
hpm,LineaE:1133,LineaE:1128,8.0
hpm,LineaE:1133,LineaE:1127,15.0
hpm,LineaE:1133,LineaE:1126,10.0
hpm,LineaE:1133,LineaE:1125,12.0
hpm,LineaE:1133,LineaE:1124,18.0
hpm,LineaE:1133,LineaE:1123,22.0
hpm,LineaE:1133,LineaE:1122,8.0
hpm,LineaE:1133,LineaE:1121,37.0
hpm,LineaE:1133,LineaE:1120,64.0
hpm,LineaE:1133,LineaE:1119,153.0
hpm,LineaE:1133,LineaH:1135,6.0
hpm,LineaE:1133,LineaH:1136,2.0
hpm,LineaE:1133,LineaH:1138,2.0
hpm,LineaE:1133,LineaH:1139,6.0
hpm,LineaE:1133,LineaH:1140,8.0
hpm,LineaE:1133,LineaH:1141,31.0
hpm,LineaE:1133,LineaH:1160,27.0
hpm,LineaE:1133,LineaH:1161,29.0
hpm,LineaE:1133,LineaH:1162,33.0
hpm,LineaE:1133,LineaH:1163,16.0
hpm,LineaE:1133,LineaE:1166,125.0
hpm,LineaE:1133,LineaE:1165,115.0
hpm,LineaE:1133,LineaE:1164,54.0
hpm,LineaE:1132,LineaA:1071,4.0
hpm,LineaE:1132,LineaA:1072,4.0
hpm,LineaE:1132,LineaA:1074,2.0
hpm,LineaE:1132,LineaA:1075,7.0
hpm,LineaE:1132,LineaA:1076,8.0
hpm,LineaE:1132,LineaB:1077,2.0
hpm,LineaE:1132,LineaB:1081,3.0
hpm,LineaE:1132,LineaB:1084,2.0
hpm,LineaE:1132,LineaB:1088,2.0
hpm,LineaE:1132,LineaB:1089,2.0
hpm,LineaE:1132,LineaB:1090,5.0
hpm,LineaE:1132,LineaB:1091,5.0
hpm,LineaE:1132,LineaB:1092,3.0
hpm,LineaE:1132,LineaB:1093,2.0
hpm,LineaE:1132,LineaC:1094,6.0
hpm,LineaE:1132,LineaC:1096,5.0
hpm,LineaE:1132,LineaC:1100,5.0
hpm,LineaE:1132,LineaC:1101,2.0
hpm,LineaE:1132,LineaD:1103,3.0
hpm,LineaE:1132,LineaD:1105,4.0
hpm,LineaE:1132,LineaD:1106,4.0
hpm,LineaE:1132,LineaD:1112,2.0
hpm,LineaE:1132,LineaD:1115,2.0
hpm,LineaE:1132,LineaD:1116,4.0
hpm,LineaE:1132,LineaD:1118,2.0
hpm,LineaE:1132,LineaE:1130,4.0
hpm,LineaE:1132,LineaE:1129,2.0
hpm,LineaE:1132,LineaE:1128,5.0
hpm,LineaE:1132,LineaE:1127,2.0
hpm,LineaE:1132,LineaE:1126,4.0
hpm,LineaE:1132,LineaE:1125,4.0
hpm,LineaE:1132,LineaE:1123,6.0
hpm,LineaE:1132,LineaE:1122,3.0
hpm,LineaE:1132,LineaE:1121,16.0
hpm,LineaE:1132,LineaE:1120,18.0
hpm,LineaE:1132,LineaE:1119,49.0
hpm,LineaE:1132,LineaH:1135,2.0
hpm,LineaE:1132,LineaH:1137,2.0
hpm,LineaE:1132,LineaH:1140,6.0
hpm,LineaE:1132,LineaH:1141,3.0
hpm,LineaE:1132,LineaH:1160,5.0
hpm,LineaE:1132,LineaH:1161,5.0
hpm,LineaE:1132,LineaH:1162,8.0
hpm,LineaE:1132,LineaH:1163,4.0
hpm,LineaE:1132,LineaE:1166,30.0
hpm,LineaE:1132,LineaE:1165,27.0
hpm,LineaE:1132,LineaE:1164,18.0
hpm,LineaE:1131,LineaA:1072,4.0
hpm,LineaE:1131,LineaA:1074,2.0
hpm,LineaE:1131,LineaA:1075,4.0
hpm,LineaE:1131,LineaA:1076,7.0
hpm,LineaE:1131,LineaB:1077,2.0
hpm,LineaE:1131,LineaB:1082,2.0
hpm,LineaE:1131,LineaB:1089,4.0
hpm,LineaE:1131,LineaB:1090,4.0
hpm,LineaE:1131,LineaB:1091,4.0
hpm,LineaE:1131,LineaB:1092,4.0
hpm,LineaE:1131,LineaB:1093,6.0
hpm,LineaE:1131,LineaC:1096,9.0
hpm,LineaE:1131,LineaC:1099,2.0
hpm,LineaE:1131,LineaC:1100,5.0
hpm,LineaE:1131,LineaC:1101,2.0
hpm,LineaE:1131,LineaC:1102,2.0
hpm,LineaE:1131,LineaD:1103,2.0
hpm,LineaE:1131,LineaD:1105,2.0
hpm,LineaE:1131,LineaD:1106,4.0
hpm,LineaE:1131,LineaD:1108,2.0
hpm,LineaE:1131,LineaD:1109,2.0
hpm,LineaE:1131,LineaD:1111,2.0
hpm,LineaE:1131,LineaD:1115,4.0
hpm,LineaE:1131,LineaD:1118,4.0
hpm,LineaE:1131,LineaE:1130,2.0
hpm,LineaE:1131,LineaE:1128,2.0
hpm,LineaE:1131,LineaE:1127,3.0
hpm,LineaE:1131,LineaE:1126,4.0
hpm,LineaE:1131,LineaE:1125,4.0
hpm,LineaE:1131,LineaE:1123,6.0
hpm,LineaE:1131,LineaE:1122,6.0
hpm,LineaE:1131,LineaE:1121,14.0
hpm,LineaE:1131,LineaE:1120,17.0
hpm,LineaE:1131,LineaE:1119,27.0
hpm,LineaE:1131,LineaH:1139,2.0
hpm,LineaE:1131,LineaH:1140,2.0
hpm,LineaE:1131,LineaH:1141,5.0
hpm,LineaE:1131,LineaH:1160,2.0
hpm,LineaE:1131,LineaH:1161,6.0
hpm,LineaE:1131,LineaH:1162,7.0
hpm,LineaE:1131,LineaE:1166,37.0
hpm,LineaE:1131,LineaE:1165,27.0
hpm,LineaE:1131,LineaE:1164,20.0
hpm,LineaE:1130,LineaA:1068,2.0
hpm,LineaE:1130,LineaA:1069,2.0
hpm,LineaE:1130,LineaA:1070,2.0
hpm,LineaE:1130,LineaA:1071,2.0
hpm,LineaE:1130,LineaA:1072,4.0
hpm,LineaE:1130,LineaA:1073,2.0
hpm,LineaE:1130,LineaA:1074,4.0
hpm,LineaE:1130,LineaA:1075,10.0
hpm,LineaE:1130,LineaA:1076,17.0
hpm,LineaE:1130,LineaB:1077,4.0
hpm,LineaE:1130,LineaB:1078,2.0
hpm,LineaE:1130,LineaB:1084,4.0
hpm,LineaE:1130,LineaB:1088,4.0
hpm,LineaE:1130,LineaB:1089,4.0
hpm,LineaE:1130,LineaB:1090,7.0
hpm,LineaE:1130,LineaB:1091,8.0
hpm,LineaE:1130,LineaB:1092,9.0
hpm,LineaE:1130,LineaB:1093,11.0
hpm,LineaE:1130,LineaC:1094,4.0
hpm,LineaE:1130,LineaC:1095,4.0
hpm,LineaE:1130,LineaC:1096,12.0
hpm,LineaE:1130,LineaC:1097,2.0
hpm,LineaE:1130,LineaC:1100,6.0
hpm,LineaE:1130,LineaC:1102,8.0
hpm,LineaE:1130,LineaD:1103,4.0
hpm,LineaE:1130,LineaD:1104,7.0
hpm,LineaE:1130,LineaD:1106,2.0
hpm,LineaE:1130,LineaD:1107,4.0
hpm,LineaE:1130,LineaD:1108,10.0
hpm,LineaE:1130,LineaD:1111,4.0
hpm,LineaE:1130,LineaD:1115,6.0
hpm,LineaE:1130,LineaD:1116,13.0
hpm,LineaE:1130,LineaD:1117,2.0
hpm,LineaE:1130,LineaD:1118,11.0
hpm,LineaE:1130,LineaE:1133,4.0
hpm,LineaE:1130,LineaE:1132,2.0
hpm,LineaE:1130,LineaE:1129,2.0
hpm,LineaE:1130,LineaE:1128,2.0
hpm,LineaE:1130,LineaE:1126,7.0
hpm,LineaE:1130,LineaE:1125,6.0
hpm,LineaE:1130,LineaE:1124,6.0
hpm,LineaE:1130,LineaE:1123,8.0
hpm,LineaE:1130,LineaE:1122,6.0
hpm,LineaE:1130,LineaE:1121,30.0
hpm,LineaE:1130,LineaE:1120,43.0
hpm,LineaE:1130,LineaE:1119,86.0
hpm,LineaE:1130,LineaH:1134,4.0
hpm,LineaE:1130,LineaH:1135,2.0
hpm,LineaE:1130,LineaH:1136,2.0
hpm,LineaE:1130,LineaH:1137,2.0
hpm,LineaE:1130,LineaH:1139,2.0
hpm,LineaE:1130,LineaH:1140,6.0
hpm,LineaE:1130,LineaH:1141,2.0
hpm,LineaE:1130,LineaH:1160,8.0
hpm,LineaE:1130,LineaH:1161,19.0
hpm,LineaE:1130,LineaH:1162,14.0
hpm,LineaE:1130,LineaH:1163,7.0
hpm,LineaE:1130,LineaE:1166,75.0
hpm,LineaE:1130,LineaE:1165,85.0
hpm,LineaE:1130,LineaE:1164,34.0
hpm,LineaE:1129,LineaA:1059,2.0
hpm,LineaE:1129,LineaA:1063,2.0
hpm,LineaE:1129,LineaA:1066,2.0
hpm,LineaE:1129,LineaA:1069,4.0
hpm,LineaE:1129,LineaA:1071,8.0
hpm,LineaE:1129,LineaA:1072,4.0
hpm,LineaE:1129,LineaA:1073,7.0
hpm,LineaE:1129,LineaA:1074,8.0
hpm,LineaE:1129,LineaA:1075,15.0
hpm,LineaE:1129,LineaA:1076,20.0
hpm,LineaE:1129,LineaB:1087,2.0
hpm,LineaE:1129,LineaB:1088,2.0
hpm,LineaE:1129,LineaB:1089,2.0
hpm,LineaE:1129,LineaB:1090,5.0
hpm,LineaE:1129,LineaB:1091,5.0
hpm,LineaE:1129,LineaB:1092,6.0
hpm,LineaE:1129,LineaB:1093,4.0
hpm,LineaE:1129,LineaC:1094,4.0
hpm,LineaE:1129,LineaC:1095,2.0
hpm,LineaE:1129,LineaC:1096,15.0
hpm,LineaE:1129,LineaC:1097,2.0
hpm,LineaE:1129,LineaC:1099,2.0
hpm,LineaE:1129,LineaC:1100,6.0
hpm,LineaE:1129,LineaC:1101,2.0
hpm,LineaE:1129,LineaC:1102,5.0
hpm,LineaE:1129,LineaD:1103,8.0
hpm,LineaE:1129,LineaD:1104,4.0
hpm,LineaE:1129,LineaD:1105,2.0
hpm,LineaE:1129,LineaD:1107,4.0
hpm,LineaE:1129,LineaD:1108,3.0
hpm,LineaE:1129,LineaD:1109,2.0
hpm,LineaE:1129,LineaD:1110,2.0
hpm,LineaE:1129,LineaD:1111,8.0
hpm,LineaE:1129,LineaD:1112,2.0
hpm,LineaE:1129,LineaD:1113,2.0
hpm,LineaE:1129,LineaD:1115,6.0
hpm,LineaE:1129,LineaD:1116,12.0
hpm,LineaE:1129,LineaD:1118,4.0
hpm,LineaE:1129,LineaE:1133,2.0
hpm,LineaE:1129,LineaE:1131,4.0
hpm,LineaE:1129,LineaE:1130,2.0
hpm,LineaE:1129,LineaE:1127,4.0
hpm,LineaE:1129,LineaE:1126,6.0
hpm,LineaE:1129,LineaE:1125,2.0
hpm,LineaE:1129,LineaE:1124,3.0
hpm,LineaE:1129,LineaE:1123,10.0
hpm,LineaE:1129,LineaE:1122,9.0
hpm,LineaE:1129,LineaE:1121,38.0
hpm,LineaE:1129,LineaE:1120,38.0
hpm,LineaE:1129,LineaE:1119,77.0
hpm,LineaE:1129,LineaH:1135,2.0
hpm,LineaE:1129,LineaH:1136,2.0
hpm,LineaE:1129,LineaH:1139,4.0
hpm,LineaE:1129,LineaH:1140,2.0
hpm,LineaE:1129,LineaH:1141,7.0
hpm,LineaE:1129,LineaH:1160,12.0
hpm,LineaE:1129,LineaH:1161,15.0
hpm,LineaE:1129,LineaH:1162,8.0
hpm,LineaE:1129,LineaH:1163,2.0
hpm,LineaE:1129,LineaE:1166,63.0
hpm,LineaE:1129,LineaE:1165,73.0
hpm,LineaE:1129,LineaE:1164,27.0
hpm,LineaE:1128,LineaA:1067,2.0
hpm,LineaE:1128,LineaA:1071,7.0
hpm,LineaE:1128,LineaA:1072,3.0
hpm,LineaE:1128,LineaA:1073,5.0
hpm,LineaE:1128,LineaA:1074,6.0
hpm,LineaE:1128,LineaA:1075,8.0
hpm,LineaE:1128,LineaA:1076,8.0
hpm,LineaE:1128,LineaB:1077,6.0
hpm,LineaE:1128,LineaB:1079,2.0
hpm,LineaE:1128,LineaB:1084,2.0
hpm,LineaE:1128,LineaB:1088,2.0
hpm,LineaE:1128,LineaB:1089,4.0
hpm,LineaE:1128,LineaB:1090,9.0
hpm,LineaE:1128,LineaB:1091,8.0
hpm,LineaE:1128,LineaB:1092,8.0
hpm,LineaE:1128,LineaB:1093,6.0
hpm,LineaE:1128,LineaC:1094,10.0
hpm,LineaE:1128,LineaC:1095,2.0
hpm,LineaE:1128,LineaC:1096,16.0
hpm,LineaE:1128,LineaC:1100,9.0
hpm,LineaE:1128,LineaC:1101,3.0
hpm,LineaE:1128,LineaC:1102,12.0
hpm,LineaE:1128,LineaD:1103,8.0
hpm,LineaE:1128,LineaD:1104,6.0
hpm,LineaE:1128,LineaD:1105,2.0
hpm,LineaE:1128,LineaD:1106,6.0
hpm,LineaE:1128,LineaD:1108,6.0
hpm,LineaE:1128,LineaD:1109,2.0
hpm,LineaE:1128,LineaD:1110,4.0
hpm,LineaE:1128,LineaD:1111,4.0
hpm,LineaE:1128,LineaD:1114,4.0
hpm,LineaE:1128,LineaD:1115,8.0
hpm,LineaE:1128,LineaD:1116,17.0
hpm,LineaE:1128,LineaD:1117,2.0
hpm,LineaE:1128,LineaD:1118,6.0
hpm,LineaE:1128,LineaE:1132,2.0
hpm,LineaE:1128,LineaE:1131,2.0
hpm,LineaE:1128,LineaE:1127,7.0
hpm,LineaE:1128,LineaE:1126,8.0
hpm,LineaE:1128,LineaE:1125,6.0
hpm,LineaE:1128,LineaE:1124,4.0
hpm,LineaE:1128,LineaE:1123,12.0
hpm,LineaE:1128,LineaE:1122,6.0
hpm,LineaE:1128,LineaE:1121,27.0
hpm,LineaE:1128,LineaE:1120,40.0
hpm,LineaE:1128,LineaE:1119,98.0
hpm,LineaE:1128,LineaH:1136,2.0
hpm,LineaE:1128,LineaH:1137,2.0
hpm,LineaE:1128,LineaH:1140,2.0
hpm,LineaE:1128,LineaH:1141,4.0
hpm,LineaE:1128,LineaH:1160,10.0
hpm,LineaE:1128,LineaH:1161,19.0
hpm,LineaE:1128,LineaH:1162,13.0
hpm,LineaE:1128,LineaH:1163,3.0
hpm,LineaE:1128,LineaE:1166,63.0
hpm,LineaE:1128,LineaE:1165,69.0
hpm,LineaE:1128,LineaE:1164,33.0
hpm,LineaE:1127,LineaA:1071,2.0
hpm,LineaE:1127,LineaA:1072,2.0
hpm,LineaE:1127,LineaA:1073,2.0
hpm,LineaE:1127,LineaA:1074,6.0
hpm,LineaE:1127,LineaA:1075,10.0
hpm,LineaE:1127,LineaA:1076,6.0
hpm,LineaE:1127,LineaB:1077,2.0
hpm,LineaE:1127,LineaB:1082,2.0
hpm,LineaE:1127,LineaB:1087,2.0
hpm,LineaE:1127,LineaB:1089,7.0
hpm,LineaE:1127,LineaB:1090,6.0
hpm,LineaE:1127,LineaB:1091,6.0
hpm,LineaE:1127,LineaB:1092,8.0
hpm,LineaE:1127,LineaB:1093,4.0
hpm,LineaE:1127,LineaC:1094,2.0
hpm,LineaE:1127,LineaC:1095,2.0
hpm,LineaE:1127,LineaC:1096,8.0
hpm,LineaE:1127,LineaC:1100,6.0
hpm,LineaE:1127,LineaC:1101,2.0
hpm,LineaE:1127,LineaC:1102,10.0
hpm,LineaE:1127,LineaD:1103,8.0
hpm,LineaE:1127,LineaD:1104,6.0
hpm,LineaE:1127,LineaD:1105,2.0
hpm,LineaE:1127,LineaD:1106,8.0
hpm,LineaE:1127,LineaD:1107,4.0
hpm,LineaE:1127,LineaD:1108,6.0
hpm,LineaE:1127,LineaD:1110,2.0
hpm,LineaE:1127,LineaD:1112,2.0
hpm,LineaE:1127,LineaD:1113,2.0
hpm,LineaE:1127,LineaD:1114,2.0
hpm,LineaE:1127,LineaD:1115,6.0
hpm,LineaE:1127,LineaD:1117,2.0
hpm,LineaE:1127,LineaD:1118,12.0
hpm,LineaE:1127,LineaE:1132,2.0
hpm,LineaE:1127,LineaE:1131,4.0
hpm,LineaE:1127,LineaE:1130,6.0
hpm,LineaE:1127,LineaE:1128,4.0
hpm,LineaE:1127,LineaE:1124,4.0
hpm,LineaE:1127,LineaE:1123,4.0
hpm,LineaE:1127,LineaE:1122,2.0
hpm,LineaE:1127,LineaE:1121,15.0
hpm,LineaE:1127,LineaE:1120,34.0
hpm,LineaE:1127,LineaE:1119,95.0
hpm,LineaE:1127,LineaH:1135,2.0
hpm,LineaE:1127,LineaH:1136,4.0
hpm,LineaE:1127,LineaH:1138,2.0
hpm,LineaE:1127,LineaH:1141,7.0
hpm,LineaE:1127,LineaH:1160,6.0
hpm,LineaE:1127,LineaH:1161,10.0
hpm,LineaE:1127,LineaH:1162,9.0
hpm,LineaE:1127,LineaH:1163,8.0
hpm,LineaE:1127,LineaE:1166,65.0
hpm,LineaE:1127,LineaE:1165,44.0
hpm,LineaE:1127,LineaE:1164,30.0
hpm,LineaE:1126,LineaA:1074,2.0
hpm,LineaE:1126,LineaA:1075,7.0
hpm,LineaE:1126,LineaA:1076,4.0
hpm,LineaE:1126,LineaB:1081,2.0
hpm,LineaE:1126,LineaB:1084,2.0
hpm,LineaE:1126,LineaB:1083,4.0
hpm,LineaE:1126,LineaB:1088,2.0
hpm,LineaE:1126,LineaB:1089,4.0
hpm,LineaE:1126,LineaB:1092,8.0
hpm,LineaE:1126,LineaB:1093,4.0
hpm,LineaE:1126,LineaC:1094,6.0
hpm,LineaE:1126,LineaC:1096,7.0
hpm,LineaE:1126,LineaC:1100,7.0
hpm,LineaE:1126,LineaC:1101,2.0
hpm,LineaE:1126,LineaC:1102,6.0
hpm,LineaE:1126,LineaD:1103,2.0
hpm,LineaE:1126,LineaD:1105,2.0
hpm,LineaE:1126,LineaD:1106,2.0
hpm,LineaE:1126,LineaD:1108,4.0
hpm,LineaE:1126,LineaD:1110,2.0
hpm,LineaE:1126,LineaD:1116,4.0
hpm,LineaE:1126,LineaD:1117,2.0
hpm,LineaE:1126,LineaD:1118,4.0
hpm,LineaE:1126,LineaE:1129,2.0
hpm,LineaE:1126,LineaE:1128,6.0
hpm,LineaE:1126,LineaE:1123,2.0
hpm,LineaE:1126,LineaE:1121,11.0
hpm,LineaE:1126,LineaE:1120,19.0
hpm,LineaE:1126,LineaE:1119,56.0
hpm,LineaE:1126,LineaH:1141,2.0
hpm,LineaE:1126,LineaH:1160,2.0
hpm,LineaE:1126,LineaH:1161,4.0
hpm,LineaE:1126,LineaH:1162,2.0
hpm,LineaE:1126,LineaH:1163,2.0
hpm,LineaE:1126,LineaE:1166,50.0
hpm,LineaE:1126,LineaE:1165,40.0
hpm,LineaE:1126,LineaE:1164,27.0
hpm,LineaE:1125,LineaA:1065,2.0
hpm,LineaE:1125,LineaA:1072,2.0
hpm,LineaE:1125,LineaA:1073,2.0
hpm,LineaE:1125,LineaA:1074,2.0
hpm,LineaE:1125,LineaA:1075,2.0
hpm,LineaE:1125,LineaB:1084,4.0
hpm,LineaE:1125,LineaB:1083,4.0
hpm,LineaE:1125,LineaB:1086,2.0
hpm,LineaE:1125,LineaB:1089,2.0
hpm,LineaE:1125,LineaB:1090,2.0
hpm,LineaE:1125,LineaB:1091,4.0
hpm,LineaE:1125,LineaB:1092,6.0
hpm,LineaE:1125,LineaB:1093,4.0
hpm,LineaE:1125,LineaC:1094,2.0
hpm,LineaE:1125,LineaC:1095,2.0
hpm,LineaE:1125,LineaC:1096,8.0
hpm,LineaE:1125,LineaC:1100,4.0
hpm,LineaE:1125,LineaC:1102,4.0
hpm,LineaE:1125,LineaD:1104,2.0
hpm,LineaE:1125,LineaD:1106,2.0
hpm,LineaE:1125,LineaD:1108,4.0
hpm,LineaE:1125,LineaD:1118,4.0
hpm,LineaE:1125,LineaE:1133,5.0
hpm,LineaE:1125,LineaE:1128,4.0
hpm,LineaE:1125,LineaE:1126,2.0
hpm,LineaE:1125,LineaE:1121,3.0
hpm,LineaE:1125,LineaE:1120,10.0
hpm,LineaE:1125,LineaE:1119,29.0
hpm,LineaE:1125,LineaH:1134,2.0
hpm,LineaE:1125,LineaH:1141,8.0
hpm,LineaE:1125,LineaH:1160,7.0
hpm,LineaE:1125,LineaH:1161,6.0
hpm,LineaE:1125,LineaH:1162,4.0
hpm,LineaE:1125,LineaH:1163,2.0
hpm,LineaE:1125,LineaE:1166,16.0
hpm,LineaE:1125,LineaE:1165,17.0
hpm,LineaE:1125,LineaE:1164,9.0
hpm,LineaE:1124,LineaA:1059,4.0
hpm,LineaE:1124,LineaA:1072,2.0
hpm,LineaE:1124,LineaA:1075,6.0
hpm,LineaE:1124,LineaA:1076,2.0
hpm,LineaE:1124,LineaB:1077,2.0
hpm,LineaE:1124,LineaB:1084,2.0
hpm,LineaE:1124,LineaB:1085,2.0
hpm,LineaE:1124,LineaB:1086,2.0
hpm,LineaE:1124,LineaB:1092,4.0
hpm,LineaE:1124,LineaB:1093,8.0
hpm,LineaE:1124,LineaC:1094,4.0
hpm,LineaE:1124,LineaC:1096,4.0
hpm,LineaE:1124,LineaC:1100,4.0
hpm,LineaE:1124,LineaC:1101,2.0
hpm,LineaE:1124,LineaC:1102,8.0
hpm,LineaE:1124,LineaD:1103,2.0
hpm,LineaE:1124,LineaD:1115,2.0
hpm,LineaE:1124,LineaD:1116,2.0
hpm,LineaE:1124,LineaD:1118,4.0
hpm,LineaE:1124,LineaE:1133,4.0
hpm,LineaE:1124,LineaE:1128,2.0
hpm,LineaE:1124,LineaE:1127,4.0
hpm,LineaE:1124,LineaE:1126,2.0
hpm,LineaE:1124,LineaE:1122,2.0
hpm,LineaE:1124,LineaE:1121,2.0
hpm,LineaE:1124,LineaE:1120,21.0
hpm,LineaE:1124,LineaE:1119,49.0
hpm,LineaE:1124,LineaH:1134,4.0
hpm,LineaE:1124,LineaH:1135,2.0
hpm,LineaE:1124,LineaH:1141,2.0
hpm,LineaE:1124,LineaH:1160,2.0
hpm,LineaE:1124,LineaH:1161,2.0
hpm,LineaE:1124,LineaH:1162,2.0
hpm,LineaE:1124,LineaE:1166,27.0
hpm,LineaE:1124,LineaE:1165,21.0
hpm,LineaE:1124,LineaE:1164,10.0
hpm,LineaE:1123,LineaA:1059,4.0
hpm,LineaE:1123,LineaA:1060,2.0
hpm,LineaE:1123,LineaA:1061,1.0
hpm,LineaE:1123,LineaA:1062,1.0
hpm,LineaE:1123,LineaA:1063,3.0
hpm,LineaE:1123,LineaA:1067,1.0
hpm,LineaE:1123,LineaA:1072,1.0
hpm,LineaE:1123,LineaA:1075,6.0
hpm,LineaE:1123,LineaA:1076,3.0
hpm,LineaE:1123,LineaB:1077,2.0
hpm,LineaE:1123,LineaB:1078,2.0
hpm,LineaE:1123,LineaB:1082,3.0
hpm,LineaE:1123,LineaB:1084,3.0
hpm,LineaE:1123,LineaB:1083,6.0
hpm,LineaE:1123,LineaB:1085,1.0
hpm,LineaE:1123,LineaB:1086,4.0
hpm,LineaE:1123,LineaB:1087,3.0
hpm,LineaE:1123,LineaB:1088,1.0
hpm,LineaE:1123,LineaB:1091,2.0
hpm,LineaE:1123,LineaB:1093,5.0
hpm,LineaE:1123,LineaC:1094,2.0
hpm,LineaE:1123,LineaC:1095,1.0
hpm,LineaE:1123,LineaC:1096,4.0
hpm,LineaE:1123,LineaC:1098,2.0
hpm,LineaE:1123,LineaC:1099,1.0
hpm,LineaE:1123,LineaC:1100,2.0
hpm,LineaE:1123,LineaC:1101,1.0
hpm,LineaE:1123,LineaC:1102,4.0
hpm,LineaE:1123,LineaD:1103,8.0
hpm,LineaE:1123,LineaD:1104,9.0
hpm,LineaE:1123,LineaD:1106,4.0
hpm,LineaE:1123,LineaD:1107,5.0
hpm,LineaE:1123,LineaD:1109,1.0
hpm,LineaE:1123,LineaD:1111,1.0
hpm,LineaE:1123,LineaD:1112,2.0
hpm,LineaE:1123,LineaD:1113,2.0
hpm,LineaE:1123,LineaD:1116,1.0
hpm,LineaE:1123,LineaD:1118,7.0
hpm,LineaE:1123,LineaE:1133,5.0
hpm,LineaE:1123,LineaE:1132,3.0
hpm,LineaE:1123,LineaE:1131,4.0
hpm,LineaE:1123,LineaE:1130,9.0
hpm,LineaE:1123,LineaE:1129,7.0
hpm,LineaE:1123,LineaE:1128,8.0
hpm,LineaE:1123,LineaE:1127,4.0
hpm,LineaE:1123,LineaE:1126,5.0
hpm,LineaE:1123,LineaE:1125,1.0
hpm,LineaE:1123,LineaE:1124,1.0
hpm,LineaE:1123,LineaE:1122,1.0
hpm,LineaE:1123,LineaE:1121,4.0
hpm,LineaE:1123,LineaE:1120,11.0
hpm,LineaE:1123,LineaE:1119,43.0
hpm,LineaE:1123,LineaH:1135,1.0
hpm,LineaE:1123,LineaH:1136,1.0
hpm,LineaE:1123,LineaH:1140,3.0
hpm,LineaE:1123,LineaH:1141,1.0
hpm,LineaE:1123,LineaH:1160,2.0
hpm,LineaE:1123,LineaH:1162,3.0
hpm,LineaE:1123,LineaH:1163,3.0
hpm,LineaE:1123,LineaE:1166,22.0
hpm,LineaE:1123,LineaE:1165,32.0
hpm,LineaE:1123,LineaE:1164,15.0
hpm,LineaE:1122,LineaA:1063,1.0
hpm,LineaE:1122,LineaA:1064,1.0
hpm,LineaE:1122,LineaA:1065,1.0
hpm,LineaE:1122,LineaA:1066,1.0
hpm,LineaE:1122,LineaA:1068,1.0
hpm,LineaE:1122,LineaA:1070,1.0
hpm,LineaE:1122,LineaA:1072,1.0
hpm,LineaE:1122,LineaA:1074,1.0
hpm,LineaE:1122,LineaA:1075,4.0
hpm,LineaE:1122,LineaA:1076,1.0
hpm,LineaE:1122,LineaB:1077,5.0
hpm,LineaE:1122,LineaB:1080,2.0
hpm,LineaE:1122,LineaB:1081,1.0
hpm,LineaE:1122,LineaB:1082,4.0
hpm,LineaE:1122,LineaB:1084,2.0
hpm,LineaE:1122,LineaB:1083,1.0
hpm,LineaE:1122,LineaB:1085,3.0
hpm,LineaE:1122,LineaB:1086,1.0
hpm,LineaE:1122,LineaB:1089,2.0
hpm,LineaE:1122,LineaB:1092,3.0
hpm,LineaE:1122,LineaB:1093,1.0
hpm,LineaE:1122,LineaC:1096,1.0
hpm,LineaE:1122,LineaC:1098,1.0
hpm,LineaE:1122,LineaC:1099,2.0
hpm,LineaE:1122,LineaC:1100,2.0
hpm,LineaE:1122,LineaC:1101,1.0
hpm,LineaE:1122,LineaC:1102,5.0
hpm,LineaE:1122,LineaD:1103,5.0
hpm,LineaE:1122,LineaD:1104,3.0
hpm,LineaE:1122,LineaD:1105,1.0
hpm,LineaE:1122,LineaD:1106,1.0
hpm,LineaE:1122,LineaD:1107,1.0
hpm,LineaE:1122,LineaD:1108,3.0
hpm,LineaE:1122,LineaD:1109,2.0
hpm,LineaE:1122,LineaD:1110,2.0
hpm,LineaE:1122,LineaD:1115,3.0
hpm,LineaE:1122,LineaD:1118,6.0
hpm,LineaE:1122,LineaE:1133,5.0
hpm,LineaE:1122,LineaE:1132,2.0
hpm,LineaE:1122,LineaE:1131,1.0
hpm,LineaE:1122,LineaE:1130,7.0
hpm,LineaE:1122,LineaE:1129,2.0
hpm,LineaE:1122,LineaE:1128,8.0
hpm,LineaE:1122,LineaE:1127,3.0
hpm,LineaE:1122,LineaE:1126,1.0
hpm,LineaE:1122,LineaE:1125,3.0
hpm,LineaE:1122,LineaE:1124,3.0
hpm,LineaE:1122,LineaE:1121,1.0
hpm,LineaE:1122,LineaE:1120,6.0
hpm,LineaE:1122,LineaE:1119,12.0
hpm,LineaE:1122,LineaH:1134,2.0
hpm,LineaE:1122,LineaH:1135,3.0
hpm,LineaE:1122,LineaH:1136,1.0
hpm,LineaE:1122,LineaH:1138,1.0
hpm,LineaE:1122,LineaH:1140,7.0
hpm,LineaE:1122,LineaH:1141,4.0
hpm,LineaE:1122,LineaH:1160,3.0
hpm,LineaE:1122,LineaH:1161,2.0
hpm,LineaE:1122,LineaH:1162,2.0
hpm,LineaE:1122,LineaE:1166,17.0
hpm,LineaE:1122,LineaE:1165,7.0
hpm,LineaE:1122,LineaE:1164,9.0
hpm,LineaE:1121,LineaA:1059,8.0
hpm,LineaE:1121,LineaA:1060,2.0
hpm,LineaE:1121,LineaA:1061,4.0
hpm,LineaE:1121,LineaA:1063,2.0
hpm,LineaE:1121,LineaA:1064,4.0
hpm,LineaE:1121,LineaA:1065,4.0
hpm,LineaE:1121,LineaA:1068,4.0
hpm,LineaE:1121,LineaA:1074,2.0
hpm,LineaE:1121,LineaA:1075,2.0
hpm,LineaE:1121,LineaB:1077,10.0
hpm,LineaE:1121,LineaB:1078,4.0
hpm,LineaE:1121,LineaB:1079,6.0
hpm,LineaE:1121,LineaB:1081,12.0
hpm,LineaE:1121,LineaB:1082,4.0
hpm,LineaE:1121,LineaB:1084,8.0
hpm,LineaE:1121,LineaB:1083,6.0
hpm,LineaE:1121,LineaB:1085,8.0
hpm,LineaE:1121,LineaB:1086,2.0
hpm,LineaE:1121,LineaB:1088,2.0
hpm,LineaE:1121,LineaB:1089,2.0
hpm,LineaE:1121,LineaB:1090,4.0
hpm,LineaE:1121,LineaB:1091,2.0
hpm,LineaE:1121,LineaB:1092,4.0
hpm,LineaE:1121,LineaB:1093,2.0
hpm,LineaE:1121,LineaC:1094,34.0
hpm,LineaE:1121,LineaC:1100,4.0
hpm,LineaE:1121,LineaC:1101,2.0
hpm,LineaE:1121,LineaC:1102,43.0
hpm,LineaE:1121,LineaD:1103,22.0
hpm,LineaE:1121,LineaD:1104,6.0
hpm,LineaE:1121,LineaD:1105,6.0
hpm,LineaE:1121,LineaD:1106,6.0
hpm,LineaE:1121,LineaD:1107,2.0
hpm,LineaE:1121,LineaD:1108,6.0
hpm,LineaE:1121,LineaD:1109,2.0
hpm,LineaE:1121,LineaD:1110,8.0
hpm,LineaE:1121,LineaD:1111,4.0
hpm,LineaE:1121,LineaD:1112,6.0
hpm,LineaE:1121,LineaD:1113,2.0
hpm,LineaE:1121,LineaD:1114,4.0
hpm,LineaE:1121,LineaD:1115,4.0
hpm,LineaE:1121,LineaD:1118,2.0
hpm,LineaE:1121,LineaE:1133,12.0
hpm,LineaE:1121,LineaE:1132,4.0
hpm,LineaE:1121,LineaE:1131,2.0
hpm,LineaE:1121,LineaE:1130,6.0
hpm,LineaE:1121,LineaE:1129,16.0
hpm,LineaE:1121,LineaE:1128,14.0
hpm,LineaE:1121,LineaE:1127,6.0
hpm,LineaE:1121,LineaE:1126,6.0
hpm,LineaE:1121,LineaE:1125,2.0
hpm,LineaE:1121,LineaE:1119,4.0
hpm,LineaE:1121,LineaH:1135,2.0
hpm,LineaE:1121,LineaH:1141,2.0
hpm,LineaE:1121,LineaH:1160,4.0
hpm,LineaE:1121,LineaE:1166,14.0
hpm,LineaE:1121,LineaE:1165,10.0
hpm,LineaE:1121,LineaE:1164,4.0
hpm,LineaE:1120,LineaA:1059,2.0
hpm,LineaE:1120,LineaA:1061,1.0
hpm,LineaE:1120,LineaA:1064,1.0
hpm,LineaE:1120,LineaA:1067,1.0
hpm,LineaE:1120,LineaA:1070,2.0
hpm,LineaE:1120,LineaA:1072,1.0
hpm,LineaE:1120,LineaB:1079,2.0
hpm,LineaE:1120,LineaB:1080,4.0
hpm,LineaE:1120,LineaB:1082,2.0
hpm,LineaE:1120,LineaB:1084,4.0
hpm,LineaE:1120,LineaB:1083,1.0
hpm,LineaE:1120,LineaB:1085,1.0
hpm,LineaE:1120,LineaB:1086,1.0
hpm,LineaE:1120,LineaB:1087,2.0
hpm,LineaE:1120,LineaB:1092,2.0
hpm,LineaE:1120,LineaC:1097,1.0
hpm,LineaE:1120,LineaC:1101,1.0
hpm,LineaE:1120,LineaC:1102,2.0
hpm,LineaE:1120,LineaD:1104,2.0
hpm,LineaE:1120,LineaD:1105,1.0
hpm,LineaE:1120,LineaD:1106,3.0
hpm,LineaE:1120,LineaD:1108,1.0
hpm,LineaE:1120,LineaD:1109,1.0
hpm,LineaE:1120,LineaD:1110,2.0
hpm,LineaE:1120,LineaD:1113,1.0
hpm,LineaE:1120,LineaD:1118,2.0
hpm,LineaE:1120,LineaE:1133,3.0
hpm,LineaE:1120,LineaE:1131,1.0
hpm,LineaE:1120,LineaE:1130,1.0
hpm,LineaE:1120,LineaE:1129,1.0
hpm,LineaE:1120,LineaE:1125,2.0
hpm,LineaE:1120,LineaE:1124,1.0
hpm,LineaE:1120,LineaE:1123,5.0
hpm,LineaE:1120,LineaE:1122,1.0
hpm,LineaE:1120,LineaE:1121,3.0
hpm,LineaE:1120,LineaE:1119,1.0
hpm,LineaE:1120,LineaH:1135,5.0
hpm,LineaE:1120,LineaH:1139,1.0
hpm,LineaE:1120,LineaE:1166,9.0
hpm,LineaE:1120,LineaE:1165,19.0
hpm,LineaE:1120,LineaE:1164,8.0
hpm,LineaE:1119,LineaA:1059,3.0
hpm,LineaE:1119,LineaA:1061,1.0
hpm,LineaE:1119,LineaA:1063,1.0
hpm,LineaE:1119,LineaA:1064,1.0
hpm,LineaE:1119,LineaA:1065,1.0
hpm,LineaE:1119,LineaA:1070,2.0
hpm,LineaE:1119,LineaA:1071,4.0
hpm,LineaE:1119,LineaA:1072,2.0
hpm,LineaE:1119,LineaA:1075,2.0
hpm,LineaE:1119,LineaA:1076,1.0
hpm,LineaE:1119,LineaB:1079,2.0
hpm,LineaE:1119,LineaB:1080,1.0
hpm,LineaE:1119,LineaB:1081,5.0
hpm,LineaE:1119,LineaB:1082,2.0
hpm,LineaE:1119,LineaB:1084,4.0
hpm,LineaE:1119,LineaB:1086,1.0
hpm,LineaE:1119,LineaB:1087,2.0
hpm,LineaE:1119,LineaB:1089,2.0
hpm,LineaE:1119,LineaB:1090,3.0
hpm,LineaE:1119,LineaB:1091,1.0
hpm,LineaE:1119,LineaB:1093,1.0
hpm,LineaE:1119,LineaC:1095,1.0
hpm,LineaE:1119,LineaC:1101,2.0
hpm,LineaE:1119,LineaC:1102,1.0
hpm,LineaE:1119,LineaD:1103,13.0
hpm,LineaE:1119,LineaD:1104,7.0
hpm,LineaE:1119,LineaD:1105,7.0
hpm,LineaE:1119,LineaD:1106,6.0
hpm,LineaE:1119,LineaD:1107,3.0
hpm,LineaE:1119,LineaD:1108,7.0
hpm,LineaE:1119,LineaD:1110,2.0
hpm,LineaE:1119,LineaD:1111,4.0
hpm,LineaE:1119,LineaD:1113,2.0
hpm,LineaE:1119,LineaD:1114,3.0
hpm,LineaE:1119,LineaD:1115,2.0
hpm,LineaE:1119,LineaD:1116,2.0
hpm,LineaE:1119,LineaE:1133,1.0
hpm,LineaE:1119,LineaE:1131,3.0
hpm,LineaE:1119,LineaE:1130,1.0
hpm,LineaE:1119,LineaE:1129,1.0
hpm,LineaE:1119,LineaE:1128,4.0
hpm,LineaE:1119,LineaE:1127,2.0
hpm,LineaE:1119,LineaE:1126,2.0
hpm,LineaE:1119,LineaE:1125,2.0
hpm,LineaE:1119,LineaE:1124,1.0
hpm,LineaE:1119,LineaE:1123,4.0
hpm,LineaE:1119,LineaE:1121,5.0
hpm,LineaE:1119,LineaH:1134,1.0
hpm,LineaE:1119,LineaH:1135,1.0
hpm,LineaE:1119,LineaH:1136,2.0
hpm,LineaE:1119,LineaH:1140,1.0
hpm,LineaE:1119,LineaH:1160,1.0
hpm,LineaE:1119,LineaH:1161,2.0
hpm,LineaE:1119,LineaH:1162,2.0
hpm,LineaE:1119,LineaE:1165,11.0
hpm,LineaE:1119,LineaE:1164,2.0
hpm,LineaH:1134,LineaA:1059,14.0
hpm,LineaH:1134,LineaA:1060,6.0
hpm,LineaH:1134,LineaA:1061,4.0
hpm,LineaH:1134,LineaA:1062,4.0
hpm,LineaH:1134,LineaA:1063,6.0
hpm,LineaH:1134,LineaA:1064,12.0
hpm,LineaH:1134,LineaA:1065,6.0
hpm,LineaH:1134,LineaA:1066,6.0
hpm,LineaH:1134,LineaA:1067,6.0
hpm,LineaH:1134,LineaA:1068,12.0
hpm,LineaH:1134,LineaA:1069,24.0
hpm,LineaH:1134,LineaA:1070,4.0
hpm,LineaH:1134,LineaA:1071,19.0
hpm,LineaH:1134,LineaA:1072,17.0
hpm,LineaH:1134,LineaA:1073,8.0
hpm,LineaH:1134,LineaA:1074,12.0
hpm,LineaH:1134,LineaA:1075,23.0
hpm,LineaH:1134,LineaA:1076,24.0
hpm,LineaH:1134,LineaB:1077,52.0
hpm,LineaH:1134,LineaB:1078,12.0
hpm,LineaH:1134,LineaB:1079,15.0
hpm,LineaH:1134,LineaB:1080,20.0
hpm,LineaH:1134,LineaB:1081,42.0
hpm,LineaH:1134,LineaB:1082,39.0
hpm,LineaH:1134,LineaB:1084,39.0
hpm,LineaH:1134,LineaB:1083,34.0
hpm,LineaH:1134,LineaB:1085,28.0
hpm,LineaH:1134,LineaB:1086,26.0
hpm,LineaH:1134,LineaB:1087,12.0
hpm,LineaH:1134,LineaB:1088,21.0
hpm,LineaH:1134,LineaB:1089,32.0
hpm,LineaH:1134,LineaB:1090,26.0
hpm,LineaH:1134,LineaB:1091,26.0
hpm,LineaH:1134,LineaB:1092,39.0
hpm,LineaH:1134,LineaB:1093,19.0
hpm,LineaH:1134,LineaC:1094,2.0
hpm,LineaH:1134,LineaC:1095,2.0
hpm,LineaH:1134,LineaC:1096,10.0
hpm,LineaH:1134,LineaC:1097,2.0
hpm,LineaH:1134,LineaC:1098,8.0
hpm,LineaH:1134,LineaC:1099,4.0
hpm,LineaH:1134,LineaC:1100,6.0
hpm,LineaH:1134,LineaC:1101,4.0
hpm,LineaH:1134,LineaC:1102,10.0
hpm,LineaH:1134,LineaD:1103,97.0
hpm,LineaH:1134,LineaD:1104,57.0
hpm,LineaH:1134,LineaD:1105,47.0
hpm,LineaH:1134,LineaD:1106,60.0
hpm,LineaH:1134,LineaD:1107,48.0
hpm,LineaH:1134,LineaD:1108,71.0
hpm,LineaH:1134,LineaD:1109,24.0
hpm,LineaH:1134,LineaD:1110,48.0
hpm,LineaH:1134,LineaD:1111,52.0
hpm,LineaH:1134,LineaD:1112,21.0
hpm,LineaH:1134,LineaD:1113,16.0
hpm,LineaH:1134,LineaD:1114,14.0
hpm,LineaH:1134,LineaD:1115,34.0
hpm,LineaH:1134,LineaD:1116,18.0
hpm,LineaH:1134,LineaD:1117,2.0
hpm,LineaH:1134,LineaD:1118,10.0
hpm,LineaH:1134,LineaE:1132,2.0
hpm,LineaH:1134,LineaE:1131,2.0
hpm,LineaH:1134,LineaE:1130,4.0
hpm,LineaH:1134,LineaE:1126,2.0
hpm,LineaH:1134,LineaE:1125,6.0
hpm,LineaH:1134,LineaE:1124,4.0
hpm,LineaH:1134,LineaE:1123,2.0
hpm,LineaH:1134,LineaE:1122,2.0
hpm,LineaH:1134,LineaE:1121,8.0
hpm,LineaH:1134,LineaE:1120,23.0
hpm,LineaH:1134,LineaE:1119,36.0
hpm,LineaH:1134,LineaH:1135,2.0
hpm,LineaH:1134,LineaH:1136,14.0
hpm,LineaH:1134,LineaH:1137,8.0
hpm,LineaH:1134,LineaH:1138,15.0
hpm,LineaH:1134,LineaH:1139,23.0
hpm,LineaH:1134,LineaH:1140,99.0
hpm,LineaH:1134,LineaH:1141,106.0
hpm,LineaH:1134,LineaH:1160,103.0
hpm,LineaH:1134,LineaH:1161,123.0
hpm,LineaH:1134,LineaH:1162,220.0
hpm,LineaH:1134,LineaH:1163,65.0
hpm,LineaH:1134,LineaE:1166,26.0
hpm,LineaH:1134,LineaE:1165,34.0
hpm,LineaH:1134,LineaE:1164,12.0
hpm,LineaH:1135,LineaA:1059,10.0
hpm,LineaH:1135,LineaA:1060,8.0
hpm,LineaH:1135,LineaA:1061,2.0
hpm,LineaH:1135,LineaA:1062,2.0
hpm,LineaH:1135,LineaA:1063,6.0
hpm,LineaH:1135,LineaA:1064,14.0
hpm,LineaH:1135,LineaA:1065,2.0
hpm,LineaH:1135,LineaA:1066,14.0
hpm,LineaH:1135,LineaA:1067,4.0
hpm,LineaH:1135,LineaA:1068,4.0
hpm,LineaH:1135,LineaA:1069,2.0
hpm,LineaH:1135,LineaA:1071,4.0
hpm,LineaH:1135,LineaA:1072,2.0
hpm,LineaH:1135,LineaA:1073,2.0
hpm,LineaH:1135,LineaA:1074,4.0
hpm,LineaH:1135,LineaA:1075,8.0
hpm,LineaH:1135,LineaA:1076,14.0
hpm,LineaH:1135,LineaB:1077,30.0
hpm,LineaH:1135,LineaB:1078,8.0
hpm,LineaH:1135,LineaB:1079,12.0
hpm,LineaH:1135,LineaB:1080,12.0
hpm,LineaH:1135,LineaB:1081,23.0
hpm,LineaH:1135,LineaB:1082,26.0
hpm,LineaH:1135,LineaB:1084,29.0
hpm,LineaH:1135,LineaB:1083,22.0
hpm,LineaH:1135,LineaB:1085,23.0
hpm,LineaH:1135,LineaB:1086,17.0
hpm,LineaH:1135,LineaB:1087,8.0
hpm,LineaH:1135,LineaB:1088,16.0
hpm,LineaH:1135,LineaB:1089,17.0
hpm,LineaH:1135,LineaB:1090,8.0
hpm,LineaH:1135,LineaB:1091,16.0
hpm,LineaH:1135,LineaB:1092,18.0
hpm,LineaH:1135,LineaB:1093,14.0
hpm,LineaH:1135,LineaC:1095,2.0
hpm,LineaH:1135,LineaC:1096,2.0
hpm,LineaH:1135,LineaC:1098,4.0
hpm,LineaH:1135,LineaC:1099,2.0
hpm,LineaH:1135,LineaC:1100,2.0
hpm,LineaH:1135,LineaC:1101,4.0
hpm,LineaH:1135,LineaC:1102,4.0
hpm,LineaH:1135,LineaD:1103,40.0
hpm,LineaH:1135,LineaD:1104,29.0
hpm,LineaH:1135,LineaD:1105,14.0
hpm,LineaH:1135,LineaD:1106,22.0
hpm,LineaH:1135,LineaD:1107,23.0
hpm,LineaH:1135,LineaD:1108,35.0
hpm,LineaH:1135,LineaD:1109,18.0
hpm,LineaH:1135,LineaD:1110,20.0
hpm,LineaH:1135,LineaD:1111,20.0
hpm,LineaH:1135,LineaD:1112,12.0
hpm,LineaH:1135,LineaD:1113,10.0
hpm,LineaH:1135,LineaD:1114,14.0
hpm,LineaH:1135,LineaD:1115,10.0
hpm,LineaH:1135,LineaD:1116,4.0
hpm,LineaH:1135,LineaD:1117,2.0
hpm,LineaH:1135,LineaD:1118,6.0
hpm,LineaH:1135,LineaE:1130,4.0
hpm,LineaH:1135,LineaE:1129,4.0
hpm,LineaH:1135,LineaE:1128,4.0
hpm,LineaH:1135,LineaE:1127,8.0
hpm,LineaH:1135,LineaE:1126,4.0
hpm,LineaH:1135,LineaE:1125,2.0
hpm,LineaH:1135,LineaE:1123,2.0
hpm,LineaH:1135,LineaE:1122,2.0
hpm,LineaH:1135,LineaE:1121,2.0
hpm,LineaH:1135,LineaE:1120,12.0
hpm,LineaH:1135,LineaE:1119,10.0
hpm,LineaH:1135,LineaH:1134,4.0
hpm,LineaH:1135,LineaH:1136,2.0
hpm,LineaH:1135,LineaH:1137,4.0
hpm,LineaH:1135,LineaH:1138,6.0
hpm,LineaH:1135,LineaH:1139,12.0
hpm,LineaH:1135,LineaH:1140,35.0
hpm,LineaH:1135,LineaH:1141,46.0
hpm,LineaH:1135,LineaH:1160,50.0
hpm,LineaH:1135,LineaH:1161,76.0
hpm,LineaH:1135,LineaH:1162,56.0
hpm,LineaH:1135,LineaH:1163,32.0
hpm,LineaH:1135,LineaE:1166,20.0
hpm,LineaH:1135,LineaE:1165,4.0
hpm,LineaH:1135,LineaE:1164,6.0
hpm,LineaH:1136,LineaA:1059,12.0
hpm,LineaH:1136,LineaA:1060,2.0
hpm,LineaH:1136,LineaA:1061,2.0
hpm,LineaH:1136,LineaA:1062,2.0
hpm,LineaH:1136,LineaA:1063,4.0
hpm,LineaH:1136,LineaA:1064,8.0
hpm,LineaH:1136,LineaA:1065,6.0
hpm,LineaH:1136,LineaA:1066,8.0
hpm,LineaH:1136,LineaA:1067,4.0
hpm,LineaH:1136,LineaA:1068,2.0
hpm,LineaH:1136,LineaA:1069,4.0
hpm,LineaH:1136,LineaA:1070,2.0
hpm,LineaH:1136,LineaA:1071,6.0
hpm,LineaH:1136,LineaA:1073,6.0
hpm,LineaH:1136,LineaA:1074,2.0
hpm,LineaH:1136,LineaA:1075,6.0
hpm,LineaH:1136,LineaA:1076,14.0
hpm,LineaH:1136,LineaB:1077,12.0
hpm,LineaH:1136,LineaB:1078,6.0
hpm,LineaH:1136,LineaB:1079,4.0
hpm,LineaH:1136,LineaB:1080,10.0
hpm,LineaH:1136,LineaB:1081,11.0
hpm,LineaH:1136,LineaB:1082,10.0
hpm,LineaH:1136,LineaB:1084,12.0
hpm,LineaH:1136,LineaB:1083,11.0
hpm,LineaH:1136,LineaB:1085,14.0
hpm,LineaH:1136,LineaB:1086,8.0
hpm,LineaH:1136,LineaB:1087,2.0
hpm,LineaH:1136,LineaB:1088,10.0
hpm,LineaH:1136,LineaB:1089,10.0
hpm,LineaH:1136,LineaB:1090,6.0
hpm,LineaH:1136,LineaB:1091,6.0
hpm,LineaH:1136,LineaB:1092,12.0
hpm,LineaH:1136,LineaB:1093,8.0
hpm,LineaH:1136,LineaC:1094,2.0
hpm,LineaH:1136,LineaC:1096,4.0
hpm,LineaH:1136,LineaC:1098,2.0
hpm,LineaH:1136,LineaC:1099,4.0
hpm,LineaH:1136,LineaC:1101,2.0
hpm,LineaH:1136,LineaC:1102,4.0
hpm,LineaH:1136,LineaD:1103,18.0
hpm,LineaH:1136,LineaD:1104,6.0
hpm,LineaH:1136,LineaD:1105,4.0
hpm,LineaH:1136,LineaD:1106,12.0
hpm,LineaH:1136,LineaD:1107,8.0
hpm,LineaH:1136,LineaD:1108,8.0
hpm,LineaH:1136,LineaD:1109,6.0
hpm,LineaH:1136,LineaD:1110,6.0
hpm,LineaH:1136,LineaD:1111,10.0
hpm,LineaH:1136,LineaD:1113,2.0
hpm,LineaH:1136,LineaD:1114,6.0
hpm,LineaH:1136,LineaD:1115,4.0
hpm,LineaH:1136,LineaD:1116,4.0
hpm,LineaH:1136,LineaD:1117,2.0
hpm,LineaH:1136,LineaD:1118,6.0
hpm,LineaH:1136,LineaE:1131,2.0
hpm,LineaH:1136,LineaE:1129,2.0
hpm,LineaH:1136,LineaE:1127,8.0
hpm,LineaH:1136,LineaE:1126,2.0
hpm,LineaH:1136,LineaE:1125,2.0
hpm,LineaH:1136,LineaE:1123,2.0
hpm,LineaH:1136,LineaE:1121,4.0
hpm,LineaH:1136,LineaE:1120,6.0
hpm,LineaH:1136,LineaE:1119,8.0
hpm,LineaH:1136,LineaH:1134,4.0
hpm,LineaH:1136,LineaH:1135,2.0
hpm,LineaH:1136,LineaH:1137,2.0
hpm,LineaH:1136,LineaH:1138,10.0
hpm,LineaH:1136,LineaH:1139,18.0
hpm,LineaH:1136,LineaH:1140,29.0
hpm,LineaH:1136,LineaH:1141,25.0
hpm,LineaH:1136,LineaH:1160,25.0
hpm,LineaH:1136,LineaH:1161,34.0
hpm,LineaH:1136,LineaH:1162,29.0
hpm,LineaH:1136,LineaH:1163,10.0
hpm,LineaH:1136,LineaE:1166,6.0
hpm,LineaH:1136,LineaE:1165,6.0
hpm,LineaH:1136,LineaE:1164,4.0
hpm,LineaH:1137,LineaA:1059,14.0
hpm,LineaH:1137,LineaA:1060,6.0
hpm,LineaH:1137,LineaA:1061,4.0
hpm,LineaH:1137,LineaA:1062,2.0
hpm,LineaH:1137,LineaA:1064,8.0
hpm,LineaH:1137,LineaA:1065,6.0
hpm,LineaH:1137,LineaA:1066,6.0
hpm,LineaH:1137,LineaA:1067,4.0
hpm,LineaH:1137,LineaA:1069,2.0
hpm,LineaH:1137,LineaA:1071,4.0
hpm,LineaH:1137,LineaA:1072,4.0
hpm,LineaH:1137,LineaA:1073,4.0
hpm,LineaH:1137,LineaA:1074,8.0
hpm,LineaH:1137,LineaA:1075,9.0
hpm,LineaH:1137,LineaA:1076,4.0
hpm,LineaH:1137,LineaB:1077,6.0
hpm,LineaH:1137,LineaB:1078,2.0
hpm,LineaH:1137,LineaB:1079,4.0
hpm,LineaH:1137,LineaB:1080,6.0
hpm,LineaH:1137,LineaB:1081,10.0
hpm,LineaH:1137,LineaB:1082,11.0
hpm,LineaH:1137,LineaB:1084,9.0
hpm,LineaH:1137,LineaB:1083,10.0
hpm,LineaH:1137,LineaB:1085,14.0
hpm,LineaH:1137,LineaB:1086,6.0
hpm,LineaH:1137,LineaB:1087,2.0
hpm,LineaH:1137,LineaB:1088,8.0
hpm,LineaH:1137,LineaB:1089,8.0
hpm,LineaH:1137,LineaB:1090,6.0
hpm,LineaH:1137,LineaB:1091,7.0
hpm,LineaH:1137,LineaB:1092,11.0
hpm,LineaH:1137,LineaB:1093,4.0
hpm,LineaH:1137,LineaC:1096,4.0
hpm,LineaH:1137,LineaC:1098,2.0
hpm,LineaH:1137,LineaC:1099,2.0
hpm,LineaH:1137,LineaD:1103,9.0
hpm,LineaH:1137,LineaD:1104,7.0
hpm,LineaH:1137,LineaD:1105,7.0
hpm,LineaH:1137,LineaD:1106,10.0
hpm,LineaH:1137,LineaD:1107,4.0
hpm,LineaH:1137,LineaD:1108,11.0
hpm,LineaH:1137,LineaD:1109,10.0
hpm,LineaH:1137,LineaD:1110,6.0
hpm,LineaH:1137,LineaD:1111,13.0
hpm,LineaH:1137,LineaD:1112,4.0
hpm,LineaH:1137,LineaD:1113,4.0
hpm,LineaH:1137,LineaD:1114,6.0
hpm,LineaH:1137,LineaD:1115,6.0
hpm,LineaH:1137,LineaD:1116,12.0
hpm,LineaH:1137,LineaD:1118,2.0
hpm,LineaH:1137,LineaE:1130,2.0
hpm,LineaH:1137,LineaE:1128,4.0
hpm,LineaH:1137,LineaE:1120,8.0
hpm,LineaH:1137,LineaE:1119,6.0
hpm,LineaH:1137,LineaH:1134,6.0
hpm,LineaH:1137,LineaH:1135,4.0
hpm,LineaH:1137,LineaH:1138,4.0
hpm,LineaH:1137,LineaH:1139,8.0
hpm,LineaH:1137,LineaH:1140,15.0
hpm,LineaH:1137,LineaH:1141,21.0
hpm,LineaH:1137,LineaH:1160,26.0
hpm,LineaH:1137,LineaH:1161,29.0
hpm,LineaH:1137,LineaH:1162,27.0
hpm,LineaH:1137,LineaH:1163,11.0
hpm,LineaH:1137,LineaE:1166,2.0
hpm,LineaH:1137,LineaE:1165,8.0
hpm,LineaH:1137,LineaE:1164,8.0
hpm,LineaH:1138,LineaA:1059,13.0
hpm,LineaH:1138,LineaA:1060,4.0
hpm,LineaH:1138,LineaA:1062,2.0
hpm,LineaH:1138,LineaA:1063,1.0
hpm,LineaH:1138,LineaA:1064,3.0
hpm,LineaH:1138,LineaA:1065,4.0
hpm,LineaH:1138,LineaA:1066,3.0
hpm,LineaH:1138,LineaA:1067,4.0
hpm,LineaH:1138,LineaA:1069,3.0
hpm,LineaH:1138,LineaA:1071,7.0
hpm,LineaH:1138,LineaA:1072,1.0
hpm,LineaH:1138,LineaA:1075,2.0
hpm,LineaH:1138,LineaA:1076,3.0
hpm,LineaH:1138,LineaB:1077,9.0
hpm,LineaH:1138,LineaB:1079,4.0
hpm,LineaH:1138,LineaB:1080,6.0
hpm,LineaH:1138,LineaB:1081,17.0
hpm,LineaH:1138,LineaB:1082,13.0
hpm,LineaH:1138,LineaB:1084,12.0
hpm,LineaH:1138,LineaB:1083,7.0
hpm,LineaH:1138,LineaB:1085,16.0
hpm,LineaH:1138,LineaB:1086,1.0
hpm,LineaH:1138,LineaB:1087,2.0
hpm,LineaH:1138,LineaB:1088,2.0
hpm,LineaH:1138,LineaB:1089,10.0
hpm,LineaH:1138,LineaB:1090,5.0
hpm,LineaH:1138,LineaB:1091,5.0
hpm,LineaH:1138,LineaB:1092,6.0
hpm,LineaH:1138,LineaB:1093,2.0
hpm,LineaH:1138,LineaC:1094,3.0
hpm,LineaH:1138,LineaC:1096,1.0
hpm,LineaH:1138,LineaC:1099,1.0
hpm,LineaH:1138,LineaC:1100,2.0
hpm,LineaH:1138,LineaC:1102,2.0
hpm,LineaH:1138,LineaD:1103,16.0
hpm,LineaH:1138,LineaD:1104,13.0
hpm,LineaH:1138,LineaD:1105,9.0
hpm,LineaH:1138,LineaD:1106,7.0
hpm,LineaH:1138,LineaD:1107,2.0
hpm,LineaH:1138,LineaD:1108,17.0
hpm,LineaH:1138,LineaD:1109,6.0
hpm,LineaH:1138,LineaD:1110,7.0
hpm,LineaH:1138,LineaD:1111,6.0
hpm,LineaH:1138,LineaD:1112,1.0
hpm,LineaH:1138,LineaD:1113,2.0
hpm,LineaH:1138,LineaD:1114,1.0
hpm,LineaH:1138,LineaD:1115,11.0
hpm,LineaH:1138,LineaD:1116,4.0
hpm,LineaH:1138,LineaD:1118,2.0
hpm,LineaH:1138,LineaE:1133,3.0
hpm,LineaH:1138,LineaE:1132,1.0
hpm,LineaH:1138,LineaE:1129,1.0
hpm,LineaH:1138,LineaE:1127,2.0
hpm,LineaH:1138,LineaE:1125,1.0
hpm,LineaH:1138,LineaE:1124,1.0
hpm,LineaH:1138,LineaE:1123,2.0
hpm,LineaH:1138,LineaE:1121,6.0
hpm,LineaH:1138,LineaE:1120,3.0
hpm,LineaH:1138,LineaE:1119,10.0
hpm,LineaH:1138,LineaH:1134,3.0
hpm,LineaH:1138,LineaH:1135,10.0
hpm,LineaH:1138,LineaH:1136,15.0
hpm,LineaH:1138,LineaH:1137,2.0
hpm,LineaH:1138,LineaH:1139,2.0
hpm,LineaH:1138,LineaH:1140,10.0
hpm,LineaH:1138,LineaH:1141,16.0
hpm,LineaH:1138,LineaH:1160,25.0
hpm,LineaH:1138,LineaH:1161,37.0
hpm,LineaH:1138,LineaH:1162,31.0
hpm,LineaH:1138,LineaH:1163,15.0
hpm,LineaH:1138,LineaE:1166,10.0
hpm,LineaH:1138,LineaE:1165,8.0
hpm,LineaH:1138,LineaE:1164,6.0
hpm,LineaH:1139,LineaA:1059,18.0
hpm,LineaH:1139,LineaA:1060,3.0
hpm,LineaH:1139,LineaA:1061,3.0
hpm,LineaH:1139,LineaA:1063,5.0
hpm,LineaH:1139,LineaA:1064,5.0
hpm,LineaH:1139,LineaA:1065,3.0
hpm,LineaH:1139,LineaA:1066,2.0
hpm,LineaH:1139,LineaA:1067,1.0
hpm,LineaH:1139,LineaA:1068,3.0
hpm,LineaH:1139,LineaA:1069,2.0
hpm,LineaH:1139,LineaA:1071,1.0
hpm,LineaH:1139,LineaA:1072,3.0
hpm,LineaH:1139,LineaA:1074,2.0
hpm,LineaH:1139,LineaA:1075,12.0
hpm,LineaH:1139,LineaA:1076,8.0
hpm,LineaH:1139,LineaB:1077,18.0
hpm,LineaH:1139,LineaB:1078,2.0
hpm,LineaH:1139,LineaB:1079,13.0
hpm,LineaH:1139,LineaB:1080,11.0
hpm,LineaH:1139,LineaB:1081,17.0
hpm,LineaH:1139,LineaB:1082,20.0
hpm,LineaH:1139,LineaB:1084,19.0
hpm,LineaH:1139,LineaB:1083,7.0
hpm,LineaH:1139,LineaB:1085,14.0
hpm,LineaH:1139,LineaB:1086,9.0
hpm,LineaH:1139,LineaB:1087,4.0
hpm,LineaH:1139,LineaB:1088,4.0
hpm,LineaH:1139,LineaB:1089,11.0
hpm,LineaH:1139,LineaB:1090,5.0
hpm,LineaH:1139,LineaB:1091,14.0
hpm,LineaH:1139,LineaB:1092,16.0
hpm,LineaH:1139,LineaB:1093,15.0
hpm,LineaH:1139,LineaC:1095,2.0
hpm,LineaH:1139,LineaC:1096,2.0
hpm,LineaH:1139,LineaC:1099,2.0
hpm,LineaH:1139,LineaC:1100,2.0
hpm,LineaH:1139,LineaC:1101,2.0
hpm,LineaH:1139,LineaC:1102,5.0
hpm,LineaH:1139,LineaD:1103,34.0
hpm,LineaH:1139,LineaD:1104,15.0
hpm,LineaH:1139,LineaD:1105,7.0
hpm,LineaH:1139,LineaD:1106,17.0
hpm,LineaH:1139,LineaD:1107,18.0
hpm,LineaH:1139,LineaD:1108,15.0
hpm,LineaH:1139,LineaD:1109,8.0
hpm,LineaH:1139,LineaD:1110,9.0
hpm,LineaH:1139,LineaD:1111,9.0
hpm,LineaH:1139,LineaD:1112,6.0
hpm,LineaH:1139,LineaD:1113,4.0
hpm,LineaH:1139,LineaD:1114,3.0
hpm,LineaH:1139,LineaD:1115,9.0
hpm,LineaH:1139,LineaD:1116,9.0
hpm,LineaH:1139,LineaD:1117,1.0
hpm,LineaH:1139,LineaD:1118,6.0
hpm,LineaH:1139,LineaE:1133,3.0
hpm,LineaH:1139,LineaE:1132,2.0
hpm,LineaH:1139,LineaE:1130,2.0
hpm,LineaH:1139,LineaE:1126,2.0
hpm,LineaH:1139,LineaE:1124,2.0
hpm,LineaH:1139,LineaE:1123,1.0
hpm,LineaH:1139,LineaE:1122,4.0
hpm,LineaH:1139,LineaE:1121,4.0
hpm,LineaH:1139,LineaE:1120,3.0
hpm,LineaH:1139,LineaE:1119,1.0
hpm,LineaH:1139,LineaH:1134,21.0
hpm,LineaH:1139,LineaH:1135,14.0
hpm,LineaH:1139,LineaH:1136,17.0
hpm,LineaH:1139,LineaH:1137,5.0
hpm,LineaH:1139,LineaH:1138,4.0
hpm,LineaH:1139,LineaH:1140,6.0
hpm,LineaH:1139,LineaH:1141,10.0
hpm,LineaH:1139,LineaH:1160,22.0
hpm,LineaH:1139,LineaH:1161,38.0
hpm,LineaH:1139,LineaH:1162,33.0
hpm,LineaH:1139,LineaH:1163,11.0
hpm,LineaH:1139,LineaE:1166,5.0
hpm,LineaH:1139,LineaE:1165,6.0
hpm,LineaH:1139,LineaE:1164,6.0
hpm,LineaH:1140,LineaA:1059,20.0
hpm,LineaH:1140,LineaA:1060,1.0
hpm,LineaH:1140,LineaA:1061,2.0
hpm,LineaH:1140,LineaA:1063,3.0
hpm,LineaH:1140,LineaA:1064,1.0
hpm,LineaH:1140,LineaA:1066,1.0
hpm,LineaH:1140,LineaA:1067,2.0
hpm,LineaH:1140,LineaA:1068,6.0
hpm,LineaH:1140,LineaA:1071,4.0
hpm,LineaH:1140,LineaA:1072,6.0
hpm,LineaH:1140,LineaA:1073,7.0
hpm,LineaH:1140,LineaA:1074,1.0
hpm,LineaH:1140,LineaA:1075,5.0
hpm,LineaH:1140,LineaA:1076,16.0
hpm,LineaH:1140,LineaB:1077,19.0
hpm,LineaH:1140,LineaB:1078,2.0
hpm,LineaH:1140,LineaB:1079,6.0
hpm,LineaH:1140,LineaB:1080,6.0
hpm,LineaH:1140,LineaB:1081,15.0
hpm,LineaH:1140,LineaB:1082,15.0
hpm,LineaH:1140,LineaB:1084,11.0
hpm,LineaH:1140,LineaB:1083,7.0
hpm,LineaH:1140,LineaB:1085,12.0
hpm,LineaH:1140,LineaB:1086,4.0
hpm,LineaH:1140,LineaB:1087,5.0
hpm,LineaH:1140,LineaB:1088,7.0
hpm,LineaH:1140,LineaB:1089,13.0
hpm,LineaH:1140,LineaB:1090,11.0
hpm,LineaH:1140,LineaB:1091,14.0
hpm,LineaH:1140,LineaB:1092,21.0
hpm,LineaH:1140,LineaB:1093,23.0
hpm,LineaH:1140,LineaC:1094,9.0
hpm,LineaH:1140,LineaC:1096,1.0
hpm,LineaH:1140,LineaC:1098,2.0
hpm,LineaH:1140,LineaC:1102,4.0
hpm,LineaH:1140,LineaD:1103,29.0
hpm,LineaH:1140,LineaD:1104,34.0
hpm,LineaH:1140,LineaD:1105,15.0
hpm,LineaH:1140,LineaD:1106,15.0
hpm,LineaH:1140,LineaD:1107,17.0
hpm,LineaH:1140,LineaD:1108,19.0
hpm,LineaH:1140,LineaD:1109,11.0
hpm,LineaH:1140,LineaD:1110,17.0
hpm,LineaH:1140,LineaD:1111,16.0
hpm,LineaH:1140,LineaD:1112,16.0
hpm,LineaH:1140,LineaD:1114,8.0
hpm,LineaH:1140,LineaD:1115,14.0
hpm,LineaH:1140,LineaD:1116,9.0
hpm,LineaH:1140,LineaD:1117,3.0
hpm,LineaH:1140,LineaD:1118,3.0
hpm,LineaH:1140,LineaE:1133,2.0
hpm,LineaH:1140,LineaE:1132,2.0
hpm,LineaH:1140,LineaE:1131,1.0
hpm,LineaH:1140,LineaE:1130,3.0
hpm,LineaH:1140,LineaE:1129,1.0
hpm,LineaH:1140,LineaE:1127,3.0
hpm,LineaH:1140,LineaE:1125,6.0
hpm,LineaH:1140,LineaE:1124,3.0
hpm,LineaH:1140,LineaE:1123,4.0
hpm,LineaH:1140,LineaE:1122,3.0
hpm,LineaH:1140,LineaE:1121,2.0
hpm,LineaH:1140,LineaE:1120,1.0
hpm,LineaH:1140,LineaE:1119,3.0
hpm,LineaH:1140,LineaH:1134,65.0
hpm,LineaH:1140,LineaH:1135,88.0
hpm,LineaH:1140,LineaH:1136,81.0
hpm,LineaH:1140,LineaH:1137,26.0
hpm,LineaH:1140,LineaH:1138,22.0
hpm,LineaH:1140,LineaH:1139,6.0
hpm,LineaH:1140,LineaH:1141,2.0
hpm,LineaH:1140,LineaH:1160,42.0
hpm,LineaH:1140,LineaH:1161,72.0
hpm,LineaH:1140,LineaH:1162,117.0
hpm,LineaH:1140,LineaH:1163,88.0
hpm,LineaH:1140,LineaE:1166,4.0
hpm,LineaH:1140,LineaE:1165,1.0
hpm,LineaH:1141,LineaA:1059,8.0
hpm,LineaH:1141,LineaA:1060,2.0
hpm,LineaH:1141,LineaA:1064,2.0
hpm,LineaH:1141,LineaA:1072,2.0
hpm,LineaH:1141,LineaA:1076,2.0
hpm,LineaH:1141,LineaB:1081,6.0
hpm,LineaH:1141,LineaB:1084,4.0
hpm,LineaH:1141,LineaB:1086,2.0
hpm,LineaH:1141,LineaB:1087,2.0
hpm,LineaH:1141,LineaB:1091,4.0
hpm,LineaH:1141,LineaB:1093,2.0
hpm,LineaH:1141,LineaC:1094,2.0
hpm,LineaH:1141,LineaC:1095,2.0
hpm,LineaH:1141,LineaD:1103,4.0
hpm,LineaH:1141,LineaD:1104,2.0
hpm,LineaH:1141,LineaD:1105,8.0
hpm,LineaH:1141,LineaD:1106,2.0
hpm,LineaH:1141,LineaD:1108,4.0
hpm,LineaH:1141,LineaD:1109,4.0
hpm,LineaH:1141,LineaD:1110,2.0
hpm,LineaH:1141,LineaD:1111,2.0
hpm,LineaH:1141,LineaD:1113,2.0
hpm,LineaH:1141,LineaE:1128,4.0
hpm,LineaH:1141,LineaE:1126,2.0
hpm,LineaH:1141,LineaE:1125,2.0
hpm,LineaH:1141,LineaE:1123,2.0
hpm,LineaH:1141,LineaE:1121,4.0
hpm,LineaH:1141,LineaH:1134,13.0
hpm,LineaH:1141,LineaH:1135,10.0
hpm,LineaH:1141,LineaH:1136,16.0
hpm,LineaH:1141,LineaH:1137,8.0
hpm,LineaH:1141,LineaH:1138,8.0
hpm,LineaH:1141,LineaH:1139,8.0
hpm,LineaH:1141,LineaH:1160,2.0
hpm,LineaH:1141,LineaH:1161,2.0
hpm,LineaH:1141,LineaH:1162,12.0
hpm,LineaH:1141,LineaH:1163,7.0
hpm,LineaH:1160,LineaA:1059,16.0
hpm,LineaH:1160,LineaA:1061,4.0
hpm,LineaH:1160,LineaA:1062,2.0
hpm,LineaH:1160,LineaA:1063,4.0
hpm,LineaH:1160,LineaA:1064,6.0
hpm,LineaH:1160,LineaA:1066,2.0
hpm,LineaH:1160,LineaA:1067,2.0
hpm,LineaH:1160,LineaA:1072,4.0
hpm,LineaH:1160,LineaA:1073,2.0
hpm,LineaH:1160,LineaA:1074,2.0
hpm,LineaH:1160,LineaB:1079,2.0
hpm,LineaH:1160,LineaB:1080,2.0
hpm,LineaH:1160,LineaB:1081,8.0
hpm,LineaH:1160,LineaB:1082,2.0
hpm,LineaH:1160,LineaB:1083,2.0
hpm,LineaH:1160,LineaB:1085,4.0
hpm,LineaH:1160,LineaB:1089,2.0
hpm,LineaH:1160,LineaB:1090,2.0
hpm,LineaH:1160,LineaB:1092,2.0
hpm,LineaH:1160,LineaB:1093,6.0
hpm,LineaH:1160,LineaC:1094,2.0
hpm,LineaH:1160,LineaC:1096,4.0
hpm,LineaH:1160,LineaC:1097,2.0
hpm,LineaH:1160,LineaD:1103,4.0
hpm,LineaH:1160,LineaD:1104,2.0
hpm,LineaH:1160,LineaD:1106,2.0
hpm,LineaH:1160,LineaD:1107,4.0
hpm,LineaH:1160,LineaD:1118,2.0
hpm,LineaH:1160,LineaE:1133,4.0
hpm,LineaH:1160,LineaE:1129,2.0
hpm,LineaH:1160,LineaE:1128,6.0
hpm,LineaH:1160,LineaE:1125,2.0
hpm,LineaH:1160,LineaE:1123,2.0
hpm,LineaH:1160,LineaE:1122,2.0
hpm,LineaH:1160,LineaE:1121,4.0
hpm,LineaH:1160,LineaH:1134,33.0
hpm,LineaH:1160,LineaH:1135,34.0
hpm,LineaH:1160,LineaH:1136,32.0
hpm,LineaH:1160,LineaH:1137,11.0
hpm,LineaH:1160,LineaH:1138,4.0
hpm,LineaH:1160,LineaH:1139,7.0
hpm,LineaH:1160,LineaH:1140,6.0
hpm,LineaH:1160,LineaH:1162,11.0
hpm,LineaH:1160,LineaH:1163,15.0
hpm,LineaH:1161,LineaA:1059,21.0
hpm,LineaH:1161,LineaA:1060,2.0
hpm,LineaH:1161,LineaA:1061,4.0
hpm,LineaH:1161,LineaA:1062,6.0
hpm,LineaH:1161,LineaA:1063,9.0
hpm,LineaH:1161,LineaA:1064,8.0
hpm,LineaH:1161,LineaA:1065,8.0
hpm,LineaH:1161,LineaA:1066,2.0
hpm,LineaH:1161,LineaA:1067,6.0
hpm,LineaH:1161,LineaA:1068,2.0
hpm,LineaH:1161,LineaA:1072,2.0
hpm,LineaH:1161,LineaA:1076,2.0
hpm,LineaH:1161,LineaB:1077,9.0
hpm,LineaH:1161,LineaB:1078,4.0
hpm,LineaH:1161,LineaB:1079,5.0
hpm,LineaH:1161,LineaB:1080,6.0
hpm,LineaH:1161,LineaB:1081,6.0
hpm,LineaH:1161,LineaB:1082,4.0
hpm,LineaH:1161,LineaB:1084,8.0
hpm,LineaH:1161,LineaB:1083,8.0
hpm,LineaH:1161,LineaB:1085,9.0
hpm,LineaH:1161,LineaB:1086,2.0
hpm,LineaH:1161,LineaB:1088,2.0
hpm,LineaH:1161,LineaB:1089,2.0
hpm,LineaH:1161,LineaB:1091,4.0
hpm,LineaH:1161,LineaB:1092,4.0
hpm,LineaH:1161,LineaB:1093,4.0
hpm,LineaH:1161,LineaC:1094,2.0
hpm,LineaH:1161,LineaC:1098,2.0
hpm,LineaH:1161,LineaD:1103,8.0
hpm,LineaH:1161,LineaD:1105,4.0
hpm,LineaH:1161,LineaD:1107,4.0
hpm,LineaH:1161,LineaD:1108,6.0
hpm,LineaH:1161,LineaD:1111,2.0
hpm,LineaH:1161,LineaD:1113,2.0
hpm,LineaH:1161,LineaD:1114,2.0
hpm,LineaH:1161,LineaD:1115,2.0
hpm,LineaH:1161,LineaD:1116,4.0
hpm,LineaH:1161,LineaD:1117,2.0
hpm,LineaH:1161,LineaD:1118,22.0
hpm,LineaH:1161,LineaE:1133,2.0
hpm,LineaH:1161,LineaE:1132,2.0
hpm,LineaH:1161,LineaE:1130,2.0
hpm,LineaH:1161,LineaE:1129,2.0
hpm,LineaH:1161,LineaE:1128,8.0
hpm,LineaH:1161,LineaE:1127,2.0
hpm,LineaH:1161,LineaE:1125,4.0
hpm,LineaH:1161,LineaE:1123,4.0
hpm,LineaH:1161,LineaE:1122,2.0
hpm,LineaH:1161,LineaE:1121,2.0
hpm,LineaH:1161,LineaE:1119,2.0
hpm,LineaH:1161,LineaH:1134,40.0
hpm,LineaH:1161,LineaH:1135,63.0
hpm,LineaH:1161,LineaH:1136,46.0
hpm,LineaH:1161,LineaH:1137,13.0
hpm,LineaH:1161,LineaH:1138,10.0
hpm,LineaH:1161,LineaH:1139,12.0
hpm,LineaH:1161,LineaH:1140,12.0
hpm,LineaH:1161,LineaH:1141,4.0
hpm,LineaH:1161,LineaH:1162,2.0
hpm,LineaH:1161,LineaH:1163,14.0
hpm,LineaH:1161,LineaE:1165,2.0
hpm,LineaH:1162,LineaA:1059,17.0
hpm,LineaH:1162,LineaA:1060,2.0
hpm,LineaH:1162,LineaA:1061,8.0
hpm,LineaH:1162,LineaA:1062,2.0
hpm,LineaH:1162,LineaA:1063,6.0
hpm,LineaH:1162,LineaA:1064,6.0
hpm,LineaH:1162,LineaA:1065,8.0
hpm,LineaH:1162,LineaA:1067,2.0
hpm,LineaH:1162,LineaA:1071,2.0
hpm,LineaH:1162,LineaA:1072,2.0
hpm,LineaH:1162,LineaA:1075,2.0
hpm,LineaH:1162,LineaB:1077,8.0
hpm,LineaH:1162,LineaB:1079,8.0
hpm,LineaH:1162,LineaB:1081,2.0
hpm,LineaH:1162,LineaB:1082,8.0
hpm,LineaH:1162,LineaB:1084,4.0
hpm,LineaH:1162,LineaB:1083,2.0
hpm,LineaH:1162,LineaB:1085,4.0
hpm,LineaH:1162,LineaB:1086,2.0
hpm,LineaH:1162,LineaB:1090,2.0
hpm,LineaH:1162,LineaB:1091,4.0
hpm,LineaH:1162,LineaB:1092,10.0
hpm,LineaH:1162,LineaB:1093,11.0
hpm,LineaH:1162,LineaC:1100,2.0
hpm,LineaH:1162,LineaD:1103,2.0
hpm,LineaH:1162,LineaD:1104,2.0
hpm,LineaH:1162,LineaD:1107,2.0
hpm,LineaH:1162,LineaD:1108,2.0
hpm,LineaH:1162,LineaD:1111,2.0
hpm,LineaH:1162,LineaD:1113,2.0
hpm,LineaH:1162,LineaD:1114,2.0
hpm,LineaH:1162,LineaD:1118,16.0
hpm,LineaH:1162,LineaE:1133,6.0
hpm,LineaH:1162,LineaE:1132,2.0
hpm,LineaH:1162,LineaE:1131,6.0
hpm,LineaH:1162,LineaE:1129,4.0
hpm,LineaH:1162,LineaE:1128,2.0
hpm,LineaH:1162,LineaE:1127,2.0
hpm,LineaH:1162,LineaE:1125,2.0
hpm,LineaH:1162,LineaE:1119,4.0
hpm,LineaH:1162,LineaH:1134,25.0
hpm,LineaH:1162,LineaH:1135,63.0
hpm,LineaH:1162,LineaH:1136,30.0
hpm,LineaH:1162,LineaH:1137,11.0
hpm,LineaH:1162,LineaH:1138,11.0
hpm,LineaH:1162,LineaH:1139,8.0
hpm,LineaH:1162,LineaH:1140,15.0
hpm,LineaH:1162,LineaH:1141,2.0
hpm,LineaH:1162,LineaH:1160,6.0
hpm,LineaH:1162,LineaH:1161,4.0
hpm,LineaH:1162,LineaH:1163,4.0
hpm,LineaH:1163,LineaA:1059,8.0
hpm,LineaH:1163,LineaA:1061,3.0
hpm,LineaH:1163,LineaA:1065,1.0
hpm,LineaH:1163,LineaA:1069,1.0
hpm,LineaH:1163,LineaA:1072,1.0
hpm,LineaH:1163,LineaB:1077,1.0
hpm,LineaH:1163,LineaB:1081,6.0
hpm,LineaH:1163,LineaB:1083,3.0
hpm,LineaH:1163,LineaB:1086,1.0
hpm,LineaH:1163,LineaB:1089,1.0
hpm,LineaH:1163,LineaB:1092,1.0
hpm,LineaH:1163,LineaB:1093,1.0
hpm,LineaH:1163,LineaC:1096,1.0
hpm,LineaH:1163,LineaD:1106,2.0
hpm,LineaH:1163,LineaD:1111,2.0
hpm,LineaH:1163,LineaD:1116,1.0
hpm,LineaH:1163,LineaE:1133,2.0
hpm,LineaH:1163,LineaE:1127,1.0
hpm,LineaH:1163,LineaE:1119,2.0
hpm,LineaH:1163,LineaH:1134,16.0
hpm,LineaH:1163,LineaH:1135,13.0
hpm,LineaH:1163,LineaH:1136,8.0
hpm,LineaH:1163,LineaH:1137,2.0
hpm,LineaH:1163,LineaH:1139,1.0
hpm,LineaH:1163,LineaH:1140,10.0
hpm,LineaH:1163,LineaH:1160,2.0
hpm,LineaH:1163,LineaH:1161,1.0
hpm,LineaH:1163,LineaH:1162,1.0
hpm,LineaH:1163,LineaE:1166,2.0
hpm,LineaE:1166,LineaA:1059,2.0
hpm,LineaE:1166,LineaA:1060,2.0
hpm,LineaE:1166,LineaA:1067,1.0
hpm,LineaE:1166,LineaA:1071,1.0
hpm,LineaE:1166,LineaA:1074,1.0
hpm,LineaE:1166,LineaA:1075,2.0
hpm,LineaE:1166,LineaB:1077,5.0
hpm,LineaE:1166,LineaB:1078,2.0
hpm,LineaE:1166,LineaB:1079,2.0
hpm,LineaE:1166,LineaB:1080,1.0
hpm,LineaE:1166,LineaB:1081,2.0
hpm,LineaE:1166,LineaB:1082,3.0
hpm,LineaE:1166,LineaB:1084,5.0
hpm,LineaE:1166,LineaB:1083,5.0
hpm,LineaE:1166,LineaB:1085,4.0
hpm,LineaE:1166,LineaB:1086,2.0
hpm,LineaE:1166,LineaB:1087,4.0
hpm,LineaE:1166,LineaB:1088,6.0
hpm,LineaE:1166,LineaB:1089,2.0
hpm,LineaE:1166,LineaB:1090,4.0
hpm,LineaE:1166,LineaB:1092,1.0
hpm,LineaE:1166,LineaC:1094,2.0
hpm,LineaE:1166,LineaC:1096,3.0
hpm,LineaE:1166,LineaC:1097,1.0
hpm,LineaE:1166,LineaC:1102,7.0
hpm,LineaE:1166,LineaD:1103,3.0
hpm,LineaE:1166,LineaD:1104,2.0
hpm,LineaE:1166,LineaD:1105,1.0
hpm,LineaE:1166,LineaD:1106,2.0
hpm,LineaE:1166,LineaD:1108,3.0
hpm,LineaE:1166,LineaD:1113,2.0
hpm,LineaE:1166,LineaD:1114,2.0
hpm,LineaE:1166,LineaD:1117,1.0
hpm,LineaE:1166,LineaE:1133,5.0
hpm,LineaE:1166,LineaE:1132,4.0
hpm,LineaE:1166,LineaE:1131,3.0
hpm,LineaE:1166,LineaE:1130,4.0
hpm,LineaE:1166,LineaE:1129,1.0
hpm,LineaE:1166,LineaE:1128,10.0
hpm,LineaE:1166,LineaE:1127,5.0
hpm,LineaE:1166,LineaE:1126,3.0
hpm,LineaE:1166,LineaE:1125,3.0
hpm,LineaE:1166,LineaE:1124,3.0
hpm,LineaE:1166,LineaE:1123,1.0
hpm,LineaE:1166,LineaE:1121,5.0
hpm,LineaE:1166,LineaE:1120,8.0
hpm,LineaE:1166,LineaE:1119,2.0
hpm,LineaE:1166,LineaH:1134,2.0
hpm,LineaE:1166,LineaH:1135,1.0
hpm,LineaE:1166,LineaH:1136,1.0
hpm,LineaE:1166,LineaH:1138,2.0
hpm,LineaE:1166,LineaH:1141,1.0
hpm,LineaE:1166,LineaH:1160,1.0
hpm,LineaE:1166,LineaH:1162,1.0
hpm,LineaE:1166,LineaE:1165,6.0
hpm,LineaE:1166,LineaE:1164,8.0
hpm,LineaE:1165,LineaA:1068,2.0
hpm,LineaE:1165,LineaB:1085,2.0
hpm,LineaE:1165,LineaC:1097,2.0
hpm,LineaE:1165,LineaE:1130,2.0
hpm,LineaE:1165,LineaE:1129,2.0
hpm,LineaE:1165,LineaE:1128,2.0
hpm,LineaE:1165,LineaE:1127,4.0
hpm,LineaE:1165,LineaE:1121,2.0
hpm,LineaE:1165,LineaE:1119,4.0
hpm,LineaE:1164,LineaA:1075,10.0
hpm,LineaE:1164,LineaA:1076,2.0
hpm,LineaE:1164,LineaB:1084,2.0
hpm,LineaE:1164,LineaB:1083,2.0
hpm,LineaE:1164,LineaB:1086,2.0
hpm,LineaE:1164,LineaB:1089,2.0
hpm,LineaE:1164,LineaB:1091,2.0
hpm,LineaE:1164,LineaB:1092,4.0
hpm,LineaE:1164,LineaB:1093,10.0
hpm,LineaE:1164,LineaC:1097,2.0
hpm,LineaE:1164,LineaC:1098,2.0
hpm,LineaE:1164,LineaC:1099,2.0
hpm,LineaE:1164,LineaD:1118,19.0
hpm,LineaE:1164,LineaE:1133,2.0
hpm,LineaE:1164,LineaE:1132,2.0
hpm,LineaE:1164,LineaE:1131,2.0
hpm,LineaE:1164,LineaE:1130,6.0
hpm,LineaE:1164,LineaE:1128,12.0
hpm,LineaE:1164,LineaE:1127,4.0
hpm,LineaE:1164,LineaE:1126,6.0
hpm,LineaE:1164,LineaE:1125,6.0
hpm,LineaE:1164,LineaE:1124,2.0
hpm,LineaE:1164,LineaE:1123,19.0
hpm,LineaE:1164,LineaE:1122,6.0
hpm,LineaE:1164,LineaE:1121,4.0
hpm,LineaE:1164,LineaE:1120,19.0
hpm,LineaE:1164,LineaE:1119,71.0
hpm,LineaE:1164,LineaH:1135,10.0
hpm,LineaE:1164,LineaH:1136,6.0
hpm,LineaE:1164,LineaH:1138,2.0
hpm,LineaE:1164,LineaH:1139,2.0
hpm,LineaE:1164,LineaE:1166,43.0
hpm,LineaE:1164,LineaE:1165,4.0
hpt,LineaA:1059,LineaA:1060,6.0
hpt,LineaA:1059,LineaA:1061,27.0
hpt,LineaA:1059,LineaA:1062,18.0
hpt,LineaA:1059,LineaA:1063,33.0
hpt,LineaA:1059,LineaA:1064,62.0
hpt,LineaA:1059,LineaA:1065,59.0
hpt,LineaA:1059,LineaA:1066,60.0
hpt,LineaA:1059,LineaA:1067,50.0
hpt,LineaA:1059,LineaA:1068,93.0
hpt,LineaA:1059,LineaA:1069,62.0
hpt,LineaA:1059,LineaA:1070,3.0
hpt,LineaA:1059,LineaA:1071,100.0
hpt,LineaA:1059,LineaA:1072,62.0
hpt,LineaA:1059,LineaA:1073,60.0
hpt,LineaA:1059,LineaA:1074,43.0
hpt,LineaA:1059,LineaA:1075,24.0
hpt,LineaA:1059,LineaA:1076,118.0
hpt,LineaA:1059,LineaB:1077,2.0
hpt,LineaA:1059,LineaB:1078,2.0
hpt,LineaA:1059,LineaB:1081,4.0
hpt,LineaA:1059,LineaB:1084,4.0
hpt,LineaA:1059,LineaB:1083,3.0
hpt,LineaA:1059,LineaB:1085,11.0
hpt,LineaA:1059,LineaB:1086,19.0
hpt,LineaA:1059,LineaB:1087,9.0
hpt,LineaA:1059,LineaB:1088,5.0
hpt,LineaA:1059,LineaB:1089,12.0
hpt,LineaA:1059,LineaB:1090,4.0
hpt,LineaA:1059,LineaB:1091,9.0
hpt,LineaA:1059,LineaB:1092,6.0
hpt,LineaA:1059,LineaB:1093,5.0
hpt,LineaA:1059,LineaC:1094,381.0
hpt,LineaA:1059,LineaC:1095,5.0
hpt,LineaA:1059,LineaC:1096,16.0
hpt,LineaA:1059,LineaC:1097,2.0
hpt,LineaA:1059,LineaC:1098,15.0
hpt,LineaA:1059,LineaC:1100,20.0
hpt,LineaA:1059,LineaC:1101,2.0
hpt,LineaA:1059,LineaC:1102,50.0
hpt,LineaA:1059,LineaD:1103,10.0
hpt,LineaA:1059,LineaD:1104,3.0
hpt,LineaA:1059,LineaD:1105,6.0
hpt,LineaA:1059,LineaD:1107,10.0
hpt,LineaA:1059,LineaD:1108,9.0
hpt,LineaA:1059,LineaD:1109,6.0
hpt,LineaA:1059,LineaD:1110,7.0
hpt,LineaA:1059,LineaD:1111,5.0
hpt,LineaA:1059,LineaD:1112,5.0
hpt,LineaA:1059,LineaD:1113,5.0
hpt,LineaA:1059,LineaD:1114,10.0
hpt,LineaA:1059,LineaD:1115,13.0
hpt,LineaA:1059,LineaD:1116,1.0
hpt,LineaA:1059,LineaD:1118,13.0
hpt,LineaA:1059,LineaE:1132,2.0
hpt,LineaA:1059,LineaE:1130,1.0
hpt,LineaA:1059,LineaE:1129,4.0
hpt,LineaA:1059,LineaE:1128,2.0
hpt,LineaA:1059,LineaE:1127,3.0
hpt,LineaA:1059,LineaE:1126,2.0
hpt,LineaA:1059,LineaE:1124,1.0
hpt,LineaA:1059,LineaE:1123,5.0
hpt,LineaA:1059,LineaE:1122,2.0
hpt,LineaA:1059,LineaE:1121,41.0
hpt,LineaA:1059,LineaE:1120,4.0
hpt,LineaA:1059,LineaE:1119,5.0
hpt,LineaA:1059,LineaH:1134,22.0
hpt,LineaA:1059,LineaH:1135,14.0
hpt,LineaA:1059,LineaH:1136,16.0
hpt,LineaA:1059,LineaH:1137,16.0
hpt,LineaA:1059,LineaH:1138,16.0
hpt,LineaA:1059,LineaH:1139,10.0
hpt,LineaA:1059,LineaH:1140,28.0
hpt,LineaA:1059,LineaH:1141,22.0
hpt,LineaA:1059,LineaH:1160,24.0
hpt,LineaA:1059,LineaH:1161,21.0
hpt,LineaA:1059,LineaH:1162,29.0
hpt,LineaA:1059,LineaH:1163,11.0
hpt,LineaA:1059,LineaE:1166,3.0
hpt,LineaA:1059,LineaE:1165,2.0
hpt,LineaA:1059,LineaE:1164,2.0
hpt,LineaA:1060,LineaA:1059,12.0
hpt,LineaA:1060,LineaA:1061,10.0
hpt,LineaA:1060,LineaA:1062,14.0
hpt,LineaA:1060,LineaA:1063,37.0
hpt,LineaA:1060,LineaA:1064,54.0
hpt,LineaA:1060,LineaA:1065,32.0
hpt,LineaA:1060,LineaA:1066,37.0
hpt,LineaA:1060,LineaA:1067,12.0
hpt,LineaA:1060,LineaA:1068,12.0
hpt,LineaA:1060,LineaA:1069,38.0
hpt,LineaA:1060,LineaA:1070,3.0
hpt,LineaA:1060,LineaA:1071,33.0
hpt,LineaA:1060,LineaA:1072,17.0
hpt,LineaA:1060,LineaA:1073,21.0
hpt,LineaA:1060,LineaA:1074,13.0
hpt,LineaA:1060,LineaA:1075,14.0
hpt,LineaA:1060,LineaA:1076,28.0
hpt,LineaA:1060,LineaB:1077,4.0
hpt,LineaA:1060,LineaB:1078,1.0
hpt,LineaA:1060,LineaB:1081,2.0
hpt,LineaA:1060,LineaB:1082,3.0
hpt,LineaA:1060,LineaB:1085,2.0
hpt,LineaA:1060,LineaB:1086,9.0
hpt,LineaA:1060,LineaB:1087,3.0
hpt,LineaA:1060,LineaB:1088,3.0
hpt,LineaA:1060,LineaB:1089,6.0
hpt,LineaA:1060,LineaB:1091,7.0
hpt,LineaA:1060,LineaB:1092,1.0
hpt,LineaA:1060,LineaB:1093,1.0
hpt,LineaA:1060,LineaC:1094,105.0
hpt,LineaA:1060,LineaC:1095,8.0
hpt,LineaA:1060,LineaC:1096,6.0
hpt,LineaA:1060,LineaC:1097,4.0
hpt,LineaA:1060,LineaC:1098,3.0
hpt,LineaA:1060,LineaC:1100,6.0
hpt,LineaA:1060,LineaC:1102,8.0
hpt,LineaA:1060,LineaD:1103,4.0
hpt,LineaA:1060,LineaD:1104,5.0
hpt,LineaA:1060,LineaD:1106,3.0
hpt,LineaA:1060,LineaD:1107,2.0
hpt,LineaA:1060,LineaD:1108,7.0
hpt,LineaA:1060,LineaD:1109,5.0
hpt,LineaA:1060,LineaD:1111,2.0
hpt,LineaA:1060,LineaD:1112,3.0
hpt,LineaA:1060,LineaD:1113,4.0
hpt,LineaA:1060,LineaD:1115,4.0
hpt,LineaA:1060,LineaD:1116,2.0
hpt,LineaA:1060,LineaD:1117,2.0
hpt,LineaA:1060,LineaD:1118,7.0
hpt,LineaA:1060,LineaE:1132,2.0
hpt,LineaA:1060,LineaE:1131,1.0
hpt,LineaA:1060,LineaE:1130,1.0
hpt,LineaA:1060,LineaE:1128,3.0
hpt,LineaA:1060,LineaE:1127,1.0
hpt,LineaA:1060,LineaE:1126,2.0
hpt,LineaA:1060,LineaE:1125,2.0
hpt,LineaA:1060,LineaE:1123,7.0
hpt,LineaA:1060,LineaE:1121,26.0
hpt,LineaA:1060,LineaE:1120,2.0
hpt,LineaA:1060,LineaE:1119,5.0
hpt,LineaA:1060,LineaH:1134,5.0
hpt,LineaA:1060,LineaH:1135,5.0
hpt,LineaA:1060,LineaH:1136,3.0
hpt,LineaA:1060,LineaH:1137,4.0
hpt,LineaA:1060,LineaH:1138,3.0
hpt,LineaA:1060,LineaH:1139,4.0
hpt,LineaA:1060,LineaH:1140,4.0
hpt,LineaA:1060,LineaH:1160,6.0
hpt,LineaA:1060,LineaH:1161,14.0
hpt,LineaA:1060,LineaH:1162,8.0
hpt,LineaA:1060,LineaH:1163,2.0
hpt,LineaA:1060,LineaE:1166,2.0
hpt,LineaA:1060,LineaE:1165,2.0
hpt,LineaA:1060,LineaE:1164,3.0
hpt,LineaA:1061,LineaA:1059,18.0
hpt,LineaA:1061,LineaA:1060,14.0
hpt,LineaA:1061,LineaA:1062,2.0
hpt,LineaA:1061,LineaA:1063,22.0
hpt,LineaA:1061,LineaA:1064,30.0
hpt,LineaA:1061,LineaA:1065,30.0
hpt,LineaA:1061,LineaA:1066,22.0
hpt,LineaA:1061,LineaA:1067,20.0
hpt,LineaA:1061,LineaA:1068,18.0
hpt,LineaA:1061,LineaA:1069,11.0
hpt,LineaA:1061,LineaA:1070,2.0
hpt,LineaA:1061,LineaA:1071,38.0
hpt,LineaA:1061,LineaA:1072,12.0
hpt,LineaA:1061,LineaA:1073,18.0
hpt,LineaA:1061,LineaA:1074,10.0
hpt,LineaA:1061,LineaA:1075,11.0
hpt,LineaA:1061,LineaA:1076,34.0
hpt,LineaA:1061,LineaB:1077,4.0
hpt,LineaA:1061,LineaB:1081,2.0
hpt,LineaA:1061,LineaB:1082,2.0
hpt,LineaA:1061,LineaB:1083,2.0
hpt,LineaA:1061,LineaB:1085,2.0
hpt,LineaA:1061,LineaB:1086,5.0
hpt,LineaA:1061,LineaB:1087,2.0
hpt,LineaA:1061,LineaB:1089,6.0
hpt,LineaA:1061,LineaB:1090,2.0
hpt,LineaA:1061,LineaB:1091,2.0
hpt,LineaA:1061,LineaB:1092,2.0
hpt,LineaA:1061,LineaC:1094,67.0
hpt,LineaA:1061,LineaC:1095,4.0
hpt,LineaA:1061,LineaC:1096,2.0
hpt,LineaA:1061,LineaC:1101,4.0
hpt,LineaA:1061,LineaC:1102,11.0
hpt,LineaA:1061,LineaD:1103,2.0
hpt,LineaA:1061,LineaD:1104,2.0
hpt,LineaA:1061,LineaD:1105,2.0
hpt,LineaA:1061,LineaD:1106,2.0
hpt,LineaA:1061,LineaD:1107,2.0
hpt,LineaA:1061,LineaD:1108,4.0
hpt,LineaA:1061,LineaD:1110,2.0
hpt,LineaA:1061,LineaD:1111,5.0
hpt,LineaA:1061,LineaD:1113,4.0
hpt,LineaA:1061,LineaD:1115,2.0
hpt,LineaA:1061,LineaD:1116,2.0
hpt,LineaA:1061,LineaD:1118,2.0
hpt,LineaA:1061,LineaE:1131,2.0
hpt,LineaA:1061,LineaE:1128,2.0
hpt,LineaA:1061,LineaE:1121,21.0
hpt,LineaA:1061,LineaE:1120,4.0
hpt,LineaA:1061,LineaE:1119,4.0
hpt,LineaA:1061,LineaH:1134,6.0
hpt,LineaA:1061,LineaH:1135,4.0
hpt,LineaA:1061,LineaH:1136,2.0
hpt,LineaA:1061,LineaH:1137,4.0
hpt,LineaA:1061,LineaH:1139,2.0
hpt,LineaA:1061,LineaH:1140,6.0
hpt,LineaA:1061,LineaH:1141,2.0
hpt,LineaA:1061,LineaH:1160,8.0
hpt,LineaA:1061,LineaH:1161,12.0
hpt,LineaA:1061,LineaH:1162,11.0
hpt,LineaA:1061,LineaH:1163,8.0
hpt,LineaA:1061,LineaE:1166,2.0
hpt,LineaA:1062,LineaA:1059,10.0
hpt,LineaA:1062,LineaA:1060,20.0
hpt,LineaA:1062,LineaA:1061,6.0
hpt,LineaA:1062,LineaA:1063,13.0
hpt,LineaA:1062,LineaA:1064,28.0
hpt,LineaA:1062,LineaA:1065,29.0
hpt,LineaA:1062,LineaA:1066,19.0
hpt,LineaA:1062,LineaA:1067,7.0
hpt,LineaA:1062,LineaA:1068,13.0
hpt,LineaA:1062,LineaA:1069,13.0
hpt,LineaA:1062,LineaA:1071,17.0
hpt,LineaA:1062,LineaA:1072,7.0
hpt,LineaA:1062,LineaA:1073,12.0
hpt,LineaA:1062,LineaA:1074,4.0
hpt,LineaA:1062,LineaA:1075,2.0
hpt,LineaA:1062,LineaA:1076,24.0
hpt,LineaA:1062,LineaB:1077,2.0
hpt,LineaA:1062,LineaB:1079,2.0
hpt,LineaA:1062,LineaB:1084,2.0
hpt,LineaA:1062,LineaB:1085,6.0
hpt,LineaA:1062,LineaB:1087,2.0
hpt,LineaA:1062,LineaB:1089,4.0
hpt,LineaA:1062,LineaB:1090,2.0
hpt,LineaA:1062,LineaC:1094,52.0
hpt,LineaA:1062,LineaC:1095,4.0
hpt,LineaA:1062,LineaC:1096,2.0
hpt,LineaA:1062,LineaC:1102,11.0
hpt,LineaA:1062,LineaD:1103,12.0
hpt,LineaA:1062,LineaD:1104,4.0
hpt,LineaA:1062,LineaD:1107,4.0
hpt,LineaA:1062,LineaD:1108,2.0
hpt,LineaA:1062,LineaD:1109,2.0
hpt,LineaA:1062,LineaD:1110,2.0
hpt,LineaA:1062,LineaD:1111,6.0
hpt,LineaA:1062,LineaD:1112,2.0
hpt,LineaA:1062,LineaD:1113,4.0
hpt,LineaA:1062,LineaD:1114,2.0
hpt,LineaA:1062,LineaD:1115,4.0
hpt,LineaA:1062,LineaD:1116,4.0
hpt,LineaA:1062,LineaD:1118,4.0
hpt,LineaA:1062,LineaE:1129,2.0
hpt,LineaA:1062,LineaE:1125,4.0
hpt,LineaA:1062,LineaE:1124,2.0
hpt,LineaA:1062,LineaE:1123,2.0
hpt,LineaA:1062,LineaE:1121,12.0
hpt,LineaA:1062,LineaE:1119,2.0
hpt,LineaA:1062,LineaH:1134,2.0
hpt,LineaA:1062,LineaH:1135,4.0
hpt,LineaA:1062,LineaH:1136,6.0
hpt,LineaA:1062,LineaH:1137,6.0
hpt,LineaA:1062,LineaH:1138,6.0
hpt,LineaA:1062,LineaH:1139,2.0
hpt,LineaA:1062,LineaH:1140,6.0
hpt,LineaA:1062,LineaH:1141,2.0
hpt,LineaA:1062,LineaH:1160,2.0
hpt,LineaA:1062,LineaH:1161,11.0
hpt,LineaA:1062,LineaH:1162,10.0
hpt,LineaA:1062,LineaH:1163,4.0
hpt,LineaA:1062,LineaE:1166,2.0
hpt,LineaA:1062,LineaE:1164,2.0
hpt,LineaA:1063,LineaA:1059,38.0
hpt,LineaA:1063,LineaA:1060,49.0
hpt,LineaA:1063,LineaA:1061,45.0
hpt,LineaA:1063,LineaA:1062,13.0
hpt,LineaA:1063,LineaA:1064,13.0
hpt,LineaA:1063,LineaA:1065,30.0
hpt,LineaA:1063,LineaA:1066,37.0
hpt,LineaA:1063,LineaA:1067,20.0
hpt,LineaA:1063,LineaA:1068,6.0
hpt,LineaA:1063,LineaA:1069,24.0
hpt,LineaA:1063,LineaA:1070,2.0
hpt,LineaA:1063,LineaA:1071,36.0
hpt,LineaA:1063,LineaA:1072,22.0
hpt,LineaA:1063,LineaA:1073,21.0
hpt,LineaA:1063,LineaA:1074,14.0
hpt,LineaA:1063,LineaA:1075,17.0
hpt,LineaA:1063,LineaA:1076,35.0
hpt,LineaA:1063,LineaB:1077,8.0
hpt,LineaA:1063,LineaB:1078,2.0
hpt,LineaA:1063,LineaB:1079,4.0
hpt,LineaA:1063,LineaB:1082,2.0
hpt,LineaA:1063,LineaB:1084,2.0
hpt,LineaA:1063,LineaB:1083,2.0
hpt,LineaA:1063,LineaB:1085,4.0
hpt,LineaA:1063,LineaB:1086,4.0
hpt,LineaA:1063,LineaB:1087,4.0
hpt,LineaA:1063,LineaB:1088,4.0
hpt,LineaA:1063,LineaB:1089,8.0
hpt,LineaA:1063,LineaB:1090,2.0
hpt,LineaA:1063,LineaB:1091,6.0
hpt,LineaA:1063,LineaC:1094,73.0
hpt,LineaA:1063,LineaC:1095,6.0
hpt,LineaA:1063,LineaC:1096,4.0
hpt,LineaA:1063,LineaC:1097,2.0
hpt,LineaA:1063,LineaC:1098,6.0
hpt,LineaA:1063,LineaC:1099,2.0
hpt,LineaA:1063,LineaC:1101,2.0
hpt,LineaA:1063,LineaC:1102,9.0
hpt,LineaA:1063,LineaD:1103,10.0
hpt,LineaA:1063,LineaD:1104,6.0
hpt,LineaA:1063,LineaD:1105,2.0
hpt,LineaA:1063,LineaD:1106,2.0
hpt,LineaA:1063,LineaD:1109,2.0
hpt,LineaA:1063,LineaD:1110,2.0
hpt,LineaA:1063,LineaD:1111,6.0
hpt,LineaA:1063,LineaD:1112,4.0
hpt,LineaA:1063,LineaD:1113,2.0
hpt,LineaA:1063,LineaD:1114,6.0
hpt,LineaA:1063,LineaD:1115,2.0
hpt,LineaA:1063,LineaD:1116,4.0
hpt,LineaA:1063,LineaD:1117,2.0
hpt,LineaA:1063,LineaD:1118,4.0
hpt,LineaA:1063,LineaE:1133,4.0
hpt,LineaA:1063,LineaE:1132,2.0
hpt,LineaA:1063,LineaE:1130,2.0
hpt,LineaA:1063,LineaE:1129,2.0
hpt,LineaA:1063,LineaE:1128,4.0
hpt,LineaA:1063,LineaE:1127,6.0
hpt,LineaA:1063,LineaE:1126,2.0
hpt,LineaA:1063,LineaE:1125,6.0
hpt,LineaA:1063,LineaE:1122,2.0
hpt,LineaA:1063,LineaE:1121,23.0
hpt,LineaA:1063,LineaE:1120,4.0
hpt,LineaA:1063,LineaE:1119,4.0
hpt,LineaA:1063,LineaH:1134,8.0
hpt,LineaA:1063,LineaH:1135,6.0
hpt,LineaA:1063,LineaH:1136,2.0
hpt,LineaA:1063,LineaH:1137,4.0
hpt,LineaA:1063,LineaH:1138,2.0
hpt,LineaA:1063,LineaH:1139,4.0
hpt,LineaA:1063,LineaH:1140,2.0
hpt,LineaA:1063,LineaH:1141,2.0
hpt,LineaA:1063,LineaH:1160,6.0
hpt,LineaA:1063,LineaH:1161,15.0
hpt,LineaA:1063,LineaH:1162,19.0
hpt,LineaA:1063,LineaH:1163,2.0
hpt,LineaA:1063,LineaE:1166,2.0
hpt,LineaA:1063,LineaE:1164,2.0
hpt,LineaA:1064,LineaA:1059,57.0
hpt,LineaA:1064,LineaA:1060,47.0
hpt,LineaA:1064,LineaA:1061,26.0
hpt,LineaA:1064,LineaA:1062,24.0
hpt,LineaA:1064,LineaA:1063,20.0
hpt,LineaA:1064,LineaA:1065,9.0
hpt,LineaA:1064,LineaA:1066,33.0
hpt,LineaA:1064,LineaA:1067,16.0
hpt,LineaA:1064,LineaA:1068,20.0
hpt,LineaA:1064,LineaA:1069,28.0
hpt,LineaA:1064,LineaA:1071,30.0
hpt,LineaA:1064,LineaA:1072,21.0
hpt,LineaA:1064,LineaA:1073,25.0
hpt,LineaA:1064,LineaA:1074,10.0
hpt,LineaA:1064,LineaA:1075,6.0
hpt,LineaA:1064,LineaA:1076,37.0
hpt,LineaA:1064,LineaB:1077,6.0
hpt,LineaA:1064,LineaB:1078,3.0
hpt,LineaA:1064,LineaB:1080,1.0
hpt,LineaA:1064,LineaB:1084,1.0
hpt,LineaA:1064,LineaB:1085,3.0
hpt,LineaA:1064,LineaB:1086,3.0
hpt,LineaA:1064,LineaB:1087,3.0
hpt,LineaA:1064,LineaB:1088,2.0
hpt,LineaA:1064,LineaB:1089,2.0
hpt,LineaA:1064,LineaB:1090,4.0
hpt,LineaA:1064,LineaB:1091,6.0
hpt,LineaA:1064,LineaB:1092,1.0
hpt,LineaA:1064,LineaC:1094,90.0
hpt,LineaA:1064,LineaC:1095,6.0
hpt,LineaA:1064,LineaC:1096,8.0
hpt,LineaA:1064,LineaC:1098,6.0
hpt,LineaA:1064,LineaC:1099,2.0
hpt,LineaA:1064,LineaC:1100,6.0
hpt,LineaA:1064,LineaC:1101,3.0
hpt,LineaA:1064,LineaC:1102,11.0
hpt,LineaA:1064,LineaD:1103,9.0
hpt,LineaA:1064,LineaD:1104,3.0
hpt,LineaA:1064,LineaD:1105,3.0
hpt,LineaA:1064,LineaD:1106,1.0
hpt,LineaA:1064,LineaD:1107,1.0
hpt,LineaA:1064,LineaD:1108,2.0
hpt,LineaA:1064,LineaD:1109,4.0
hpt,LineaA:1064,LineaD:1110,2.0
hpt,LineaA:1064,LineaD:1111,5.0
hpt,LineaA:1064,LineaD:1114,3.0
hpt,LineaA:1064,LineaD:1115,4.0
hpt,LineaA:1064,LineaD:1116,2.0
hpt,LineaA:1064,LineaD:1117,2.0
hpt,LineaA:1064,LineaD:1118,5.0
hpt,LineaA:1064,LineaE:1133,3.0
hpt,LineaA:1064,LineaE:1125,2.0
hpt,LineaA:1064,LineaE:1123,4.0
hpt,LineaA:1064,LineaE:1121,21.0
hpt,LineaA:1064,LineaE:1119,4.0
hpt,LineaA:1064,LineaH:1134,4.0
hpt,LineaA:1064,LineaH:1135,6.0
hpt,LineaA:1064,LineaH:1136,10.0
hpt,LineaA:1064,LineaH:1137,10.0
hpt,LineaA:1064,LineaH:1138,6.0
hpt,LineaA:1064,LineaH:1139,5.0
hpt,LineaA:1064,LineaH:1140,5.0
hpt,LineaA:1064,LineaH:1141,5.0
hpt,LineaA:1064,LineaH:1160,9.0
hpt,LineaA:1064,LineaH:1161,13.0
hpt,LineaA:1064,LineaH:1162,8.0
hpt,LineaA:1064,LineaH:1163,7.0
hpt,LineaA:1064,LineaE:1166,1.0
hpt,LineaA:1064,LineaE:1165,1.0
hpt,LineaA:1065,LineaA:1059,58.0
hpt,LineaA:1065,LineaA:1060,41.0
hpt,LineaA:1065,LineaA:1061,38.0
hpt,LineaA:1065,LineaA:1062,24.0
hpt,LineaA:1065,LineaA:1063,52.0
hpt,LineaA:1065,LineaA:1064,19.0
hpt,LineaA:1065,LineaA:1066,10.0
hpt,LineaA:1065,LineaA:1067,21.0
hpt,LineaA:1065,LineaA:1068,12.0
hpt,LineaA:1065,LineaA:1069,16.0
hpt,LineaA:1065,LineaA:1071,37.0
hpt,LineaA:1065,LineaA:1072,14.0
hpt,LineaA:1065,LineaA:1073,21.0
hpt,LineaA:1065,LineaA:1074,8.0
hpt,LineaA:1065,LineaA:1075,12.0
hpt,LineaA:1065,LineaA:1076,26.0
hpt,LineaA:1065,LineaB:1077,4.0
hpt,LineaA:1065,LineaB:1079,2.0
hpt,LineaA:1065,LineaB:1081,2.0
hpt,LineaA:1065,LineaB:1082,2.0
hpt,LineaA:1065,LineaB:1084,2.0
hpt,LineaA:1065,LineaB:1085,2.0
hpt,LineaA:1065,LineaB:1089,4.0
hpt,LineaA:1065,LineaB:1091,4.0
hpt,LineaA:1065,LineaC:1094,56.0
hpt,LineaA:1065,LineaC:1095,4.0
hpt,LineaA:1065,LineaC:1096,4.0
hpt,LineaA:1065,LineaC:1101,2.0
hpt,LineaA:1065,LineaC:1102,14.0
hpt,LineaA:1065,LineaD:1103,6.0
hpt,LineaA:1065,LineaD:1104,2.0
hpt,LineaA:1065,LineaD:1106,2.0
hpt,LineaA:1065,LineaD:1107,2.0
hpt,LineaA:1065,LineaD:1108,2.0
hpt,LineaA:1065,LineaD:1109,2.0
hpt,LineaA:1065,LineaD:1110,2.0
hpt,LineaA:1065,LineaD:1111,6.0
hpt,LineaA:1065,LineaD:1115,2.0
hpt,LineaA:1065,LineaD:1116,4.0
hpt,LineaA:1065,LineaE:1133,2.0
hpt,LineaA:1065,LineaE:1132,2.0
hpt,LineaA:1065,LineaE:1128,4.0
hpt,LineaA:1065,LineaE:1122,2.0
hpt,LineaA:1065,LineaE:1121,14.0
hpt,LineaA:1065,LineaE:1120,2.0
hpt,LineaA:1065,LineaE:1119,4.0
hpt,LineaA:1065,LineaH:1134,8.0
hpt,LineaA:1065,LineaH:1135,2.0
hpt,LineaA:1065,LineaH:1136,4.0
hpt,LineaA:1065,LineaH:1137,4.0
hpt,LineaA:1065,LineaH:1138,8.0
hpt,LineaA:1065,LineaH:1139,6.0
hpt,LineaA:1065,LineaH:1140,4.0
hpt,LineaA:1065,LineaH:1141,2.0
hpt,LineaA:1065,LineaH:1160,2.0
hpt,LineaA:1065,LineaH:1161,14.0
hpt,LineaA:1065,LineaH:1162,17.0
hpt,LineaA:1065,LineaH:1163,6.0
hpt,LineaA:1065,LineaE:1166,2.0
hpt,LineaA:1065,LineaE:1164,2.0
hpt,LineaA:1066,LineaA:1059,73.0
hpt,LineaA:1066,LineaA:1060,48.0
hpt,LineaA:1066,LineaA:1061,38.0
hpt,LineaA:1066,LineaA:1062,30.0
hpt,LineaA:1066,LineaA:1063,50.0
hpt,LineaA:1066,LineaA:1064,30.0
hpt,LineaA:1066,LineaA:1065,12.0
hpt,LineaA:1066,LineaA:1067,2.0
hpt,LineaA:1066,LineaA:1068,21.0
hpt,LineaA:1066,LineaA:1069,18.0
hpt,LineaA:1066,LineaA:1070,2.0
hpt,LineaA:1066,LineaA:1071,23.0
hpt,LineaA:1066,LineaA:1072,13.0
hpt,LineaA:1066,LineaA:1073,18.0
hpt,LineaA:1066,LineaA:1074,8.0
hpt,LineaA:1066,LineaA:1075,6.0
hpt,LineaA:1066,LineaA:1076,19.0
hpt,LineaA:1066,LineaB:1077,2.0
hpt,LineaA:1066,LineaB:1079,2.0
hpt,LineaA:1066,LineaB:1080,2.0
hpt,LineaA:1066,LineaB:1081,2.0
hpt,LineaA:1066,LineaB:1082,2.0
hpt,LineaA:1066,LineaB:1085,2.0
hpt,LineaA:1066,LineaB:1086,2.0
hpt,LineaA:1066,LineaB:1089,2.0
hpt,LineaA:1066,LineaB:1090,4.0
hpt,LineaA:1066,LineaB:1091,2.0
hpt,LineaA:1066,LineaB:1092,2.0
hpt,LineaA:1066,LineaB:1093,2.0
hpt,LineaA:1066,LineaC:1094,53.0
hpt,LineaA:1066,LineaC:1096,6.0
hpt,LineaA:1066,LineaC:1098,6.0
hpt,LineaA:1066,LineaC:1102,8.0
hpt,LineaA:1066,LineaD:1103,4.0
hpt,LineaA:1066,LineaD:1104,4.0
hpt,LineaA:1066,LineaD:1105,2.0
hpt,LineaA:1066,LineaD:1107,2.0
hpt,LineaA:1066,LineaD:1110,2.0
hpt,LineaA:1066,LineaD:1112,2.0
hpt,LineaA:1066,LineaD:1113,2.0
hpt,LineaA:1066,LineaD:1114,2.0
hpt,LineaA:1066,LineaD:1115,4.0
hpt,LineaA:1066,LineaD:1116,2.0
hpt,LineaA:1066,LineaD:1118,4.0
hpt,LineaA:1066,LineaE:1130,2.0
hpt,LineaA:1066,LineaE:1124,2.0
hpt,LineaA:1066,LineaE:1123,4.0
hpt,LineaA:1066,LineaE:1122,2.0
hpt,LineaA:1066,LineaE:1121,19.0
hpt,LineaA:1066,LineaE:1119,2.0
hpt,LineaA:1066,LineaH:1134,2.0
hpt,LineaA:1066,LineaH:1135,8.0
hpt,LineaA:1066,LineaH:1136,4.0
hpt,LineaA:1066,LineaH:1137,8.0
hpt,LineaA:1066,LineaH:1138,8.0
hpt,LineaA:1066,LineaH:1140,6.0
hpt,LineaA:1066,LineaH:1141,2.0
hpt,LineaA:1066,LineaH:1160,4.0
hpt,LineaA:1066,LineaH:1161,8.0
hpt,LineaA:1066,LineaH:1162,6.0
hpt,LineaA:1066,LineaH:1163,6.0
hpt,LineaA:1066,LineaE:1164,4.0
hpt,LineaA:1067,LineaA:1059,38.0
hpt,LineaA:1067,LineaA:1060,29.0
hpt,LineaA:1067,LineaA:1061,24.0
hpt,LineaA:1067,LineaA:1062,4.0
hpt,LineaA:1067,LineaA:1063,20.0
hpt,LineaA:1067,LineaA:1064,33.0
hpt,LineaA:1067,LineaA:1065,24.0
hpt,LineaA:1067,LineaA:1066,7.0
hpt,LineaA:1067,LineaA:1068,3.0
hpt,LineaA:1067,LineaA:1069,16.0
hpt,LineaA:1067,LineaA:1070,1.0
hpt,LineaA:1067,LineaA:1071,21.0
hpt,LineaA:1067,LineaA:1072,12.0
hpt,LineaA:1067,LineaA:1073,15.0
hpt,LineaA:1067,LineaA:1074,14.0
hpt,LineaA:1067,LineaA:1075,7.0
hpt,LineaA:1067,LineaA:1076,17.0
hpt,LineaA:1067,LineaB:1077,3.0
hpt,LineaA:1067,LineaB:1080,1.0
hpt,LineaA:1067,LineaB:1081,2.0
hpt,LineaA:1067,LineaB:1082,1.0
hpt,LineaA:1067,LineaB:1085,1.0
hpt,LineaA:1067,LineaB:1088,1.0
hpt,LineaA:1067,LineaB:1089,5.0
hpt,LineaA:1067,LineaB:1090,4.0
hpt,LineaA:1067,LineaB:1091,1.0
hpt,LineaA:1067,LineaB:1093,1.0
hpt,LineaA:1067,LineaC:1094,49.0
hpt,LineaA:1067,LineaC:1095,3.0
hpt,LineaA:1067,LineaC:1096,3.0
hpt,LineaA:1067,LineaC:1098,2.0
hpt,LineaA:1067,LineaC:1099,2.0
hpt,LineaA:1067,LineaC:1100,3.0
hpt,LineaA:1067,LineaC:1101,1.0
hpt,LineaA:1067,LineaC:1102,14.0
hpt,LineaA:1067,LineaD:1103,11.0
hpt,LineaA:1067,LineaD:1104,3.0
hpt,LineaA:1067,LineaD:1105,6.0
hpt,LineaA:1067,LineaD:1106,1.0
hpt,LineaA:1067,LineaD:1107,1.0
hpt,LineaA:1067,LineaD:1108,6.0
hpt,LineaA:1067,LineaD:1109,1.0
hpt,LineaA:1067,LineaD:1110,2.0
hpt,LineaA:1067,LineaD:1111,1.0
hpt,LineaA:1067,LineaD:1113,1.0
hpt,LineaA:1067,LineaD:1114,1.0
hpt,LineaA:1067,LineaD:1115,1.0
hpt,LineaA:1067,LineaE:1133,1.0
hpt,LineaA:1067,LineaE:1131,1.0
hpt,LineaA:1067,LineaE:1130,1.0
hpt,LineaA:1067,LineaE:1129,1.0
hpt,LineaA:1067,LineaE:1127,1.0
hpt,LineaA:1067,LineaE:1125,1.0
hpt,LineaA:1067,LineaE:1124,2.0
hpt,LineaA:1067,LineaE:1123,1.0
hpt,LineaA:1067,LineaE:1122,2.0
hpt,LineaA:1067,LineaE:1121,6.0
hpt,LineaA:1067,LineaE:1119,1.0
hpt,LineaA:1067,LineaH:1134,3.0
hpt,LineaA:1067,LineaH:1135,3.0
hpt,LineaA:1067,LineaH:1136,8.0
hpt,LineaA:1067,LineaH:1137,6.0
hpt,LineaA:1067,LineaH:1138,4.0
hpt,LineaA:1067,LineaH:1139,3.0
hpt,LineaA:1067,LineaH:1140,3.0
hpt,LineaA:1067,LineaH:1141,2.0
hpt,LineaA:1067,LineaH:1160,3.0
hpt,LineaA:1067,LineaH:1161,10.0
hpt,LineaA:1067,LineaH:1162,9.0
hpt,LineaA:1067,LineaH:1163,1.0
hpt,LineaA:1067,LineaE:1166,2.0
hpt,LineaA:1067,LineaE:1164,4.0
hpt,LineaA:1068,LineaA:1059,78.0
hpt,LineaA:1068,LineaA:1060,35.0
hpt,LineaA:1068,LineaA:1061,31.0
hpt,LineaA:1068,LineaA:1062,13.0
hpt,LineaA:1068,LineaA:1063,20.0
hpt,LineaA:1068,LineaA:1064,36.0
hpt,LineaA:1068,LineaA:1065,15.0
hpt,LineaA:1068,LineaA:1066,18.0
hpt,LineaA:1068,LineaA:1067,7.0
hpt,LineaA:1068,LineaA:1069,7.0
hpt,LineaA:1068,LineaA:1071,43.0
hpt,LineaA:1068,LineaA:1072,30.0
hpt,LineaA:1068,LineaA:1073,20.0
hpt,LineaA:1068,LineaA:1074,15.0
hpt,LineaA:1068,LineaA:1075,14.0
hpt,LineaA:1068,LineaA:1076,33.0
hpt,LineaA:1068,LineaB:1077,3.0
hpt,LineaA:1068,LineaB:1079,2.0
hpt,LineaA:1068,LineaB:1082,8.0
hpt,LineaA:1068,LineaB:1084,3.0
hpt,LineaA:1068,LineaB:1085,3.0
hpt,LineaA:1068,LineaB:1087,1.0
hpt,LineaA:1068,LineaB:1089,5.0
hpt,LineaA:1068,LineaB:1090,2.0
hpt,LineaA:1068,LineaB:1091,8.0
hpt,LineaA:1068,LineaB:1093,3.0
hpt,LineaA:1068,LineaC:1094,148.0
hpt,LineaA:1068,LineaC:1095,21.0
hpt,LineaA:1068,LineaC:1096,6.0
hpt,LineaA:1068,LineaC:1097,2.0
hpt,LineaA:1068,LineaC:1098,6.0
hpt,LineaA:1068,LineaC:1099,4.0
hpt,LineaA:1068,LineaC:1100,6.0
hpt,LineaA:1068,LineaC:1101,3.0
hpt,LineaA:1068,LineaC:1102,26.0
hpt,LineaA:1068,LineaD:1103,3.0
hpt,LineaA:1068,LineaD:1104,2.0
hpt,LineaA:1068,LineaD:1106,2.0
hpt,LineaA:1068,LineaD:1109,3.0
hpt,LineaA:1068,LineaD:1110,1.0
hpt,LineaA:1068,LineaD:1111,5.0
hpt,LineaA:1068,LineaD:1115,2.0
hpt,LineaA:1068,LineaD:1116,5.0
hpt,LineaA:1068,LineaD:1117,1.0
hpt,LineaA:1068,LineaD:1118,2.0
hpt,LineaA:1068,LineaE:1133,6.0
hpt,LineaA:1068,LineaE:1131,1.0
hpt,LineaA:1068,LineaE:1130,4.0
hpt,LineaA:1068,LineaE:1129,2.0
hpt,LineaA:1068,LineaE:1127,2.0
hpt,LineaA:1068,LineaE:1125,1.0
hpt,LineaA:1068,LineaE:1122,1.0
hpt,LineaA:1068,LineaE:1121,22.0
hpt,LineaA:1068,LineaE:1120,3.0
hpt,LineaA:1068,LineaE:1119,6.0
hpt,LineaA:1068,LineaH:1134,7.0
hpt,LineaA:1068,LineaH:1135,3.0
hpt,LineaA:1068,LineaH:1136,1.0
hpt,LineaA:1068,LineaH:1137,1.0
hpt,LineaA:1068,LineaH:1138,1.0
hpt,LineaA:1068,LineaH:1139,4.0
hpt,LineaA:1068,LineaH:1140,2.0
hpt,LineaA:1068,LineaH:1161,2.0
hpt,LineaA:1068,LineaH:1162,2.0
hpt,LineaA:1068,LineaE:1166,4.0
hpt,LineaA:1068,LineaE:1165,2.0
hpt,LineaA:1068,LineaE:1164,5.0
hpt,LineaA:1069,LineaA:1059,119.0
hpt,LineaA:1069,LineaA:1060,34.0
hpt,LineaA:1069,LineaA:1061,52.0
hpt,LineaA:1069,LineaA:1062,29.0
hpt,LineaA:1069,LineaA:1063,60.0
hpt,LineaA:1069,LineaA:1064,39.0
hpt,LineaA:1069,LineaA:1065,32.0
hpt,LineaA:1069,LineaA:1066,27.0
hpt,LineaA:1069,LineaA:1067,23.0
hpt,LineaA:1069,LineaA:1068,9.0
hpt,LineaA:1069,LineaA:1070,7.0
hpt,LineaA:1069,LineaA:1071,2.0
hpt,LineaA:1069,LineaA:1072,2.0
hpt,LineaA:1069,LineaA:1074,2.0
hpt,LineaA:1069,LineaA:1075,2.0
hpt,LineaA:1069,LineaB:1079,2.0
hpt,LineaA:1069,LineaB:1080,2.0
hpt,LineaA:1069,LineaB:1081,4.0
hpt,LineaA:1069,LineaB:1084,5.0
hpt,LineaA:1069,LineaB:1085,2.0
hpt,LineaA:1069,LineaB:1086,2.0
hpt,LineaA:1069,LineaB:1088,2.0
hpt,LineaA:1069,LineaB:1091,2.0
hpt,LineaA:1069,LineaB:1092,2.0
hpt,LineaA:1069,LineaC:1094,6.0
hpt,LineaA:1069,LineaC:1095,2.0
hpt,LineaA:1069,LineaC:1096,2.0
hpt,LineaA:1069,LineaC:1101,2.0
hpt,LineaA:1069,LineaC:1102,2.0
hpt,LineaA:1069,LineaD:1103,4.0
hpt,LineaA:1069,LineaD:1104,2.0
hpt,LineaA:1069,LineaD:1105,2.0
hpt,LineaA:1069,LineaD:1106,2.0
hpt,LineaA:1069,LineaD:1109,2.0
hpt,LineaA:1069,LineaD:1110,2.0
hpt,LineaA:1069,LineaE:1133,2.0
hpt,LineaA:1069,LineaE:1130,2.0
hpt,LineaA:1069,LineaE:1129,2.0
hpt,LineaA:1069,LineaE:1128,5.0
hpt,LineaA:1069,LineaE:1126,4.0
hpt,LineaA:1069,LineaE:1125,4.0
hpt,LineaA:1069,LineaE:1120,2.0
hpt,LineaA:1069,LineaH:1134,9.0
hpt,LineaA:1069,LineaH:1135,2.0
hpt,LineaA:1069,LineaH:1136,2.0
hpt,LineaA:1069,LineaH:1137,2.0
hpt,LineaA:1069,LineaH:1138,4.0
hpt,LineaA:1069,LineaH:1139,2.0
hpt,LineaA:1069,LineaH:1140,6.0
hpt,LineaA:1069,LineaH:1161,2.0
hpt,LineaA:1069,LineaH:1163,2.0
hpt,LineaA:1070,LineaA:1059,1.0
hpt,LineaA:1070,LineaA:1060,1.0
hpt,LineaA:1070,LineaA:1064,2.0
hpt,LineaA:1070,LineaA:1066,1.0
hpt,LineaA:1070,LineaA:1067,2.0
hpt,LineaA:1070,LineaA:1068,1.0
hpt,LineaA:1070,LineaA:1069,5.0
hpt,LineaA:1070,LineaA:1071,7.0
hpt,LineaA:1070,LineaA:1072,12.0
hpt,LineaA:1070,LineaA:1073,10.0
hpt,LineaA:1070,LineaA:1074,8.0
hpt,LineaA:1070,LineaA:1075,12.0
hpt,LineaA:1070,LineaA:1076,16.0
hpt,LineaA:1070,LineaB:1077,3.0
hpt,LineaA:1070,LineaB:1081,2.0
hpt,LineaA:1070,LineaB:1085,1.0
hpt,LineaA:1070,LineaB:1088,4.0
hpt,LineaA:1070,LineaB:1091,4.0
hpt,LineaA:1070,LineaB:1092,2.0
hpt,LineaA:1070,LineaB:1093,2.0
hpt,LineaA:1070,LineaC:1094,81.0
hpt,LineaA:1070,LineaC:1095,7.0
hpt,LineaA:1070,LineaC:1096,2.0
hpt,LineaA:1070,LineaC:1098,2.0
hpt,LineaA:1070,LineaC:1100,3.0
hpt,LineaA:1070,LineaC:1102,9.0
hpt,LineaA:1070,LineaD:1103,3.0
hpt,LineaA:1070,LineaD:1104,6.0
hpt,LineaA:1070,LineaD:1105,2.0
hpt,LineaA:1070,LineaD:1106,2.0
hpt,LineaA:1070,LineaD:1109,3.0
hpt,LineaA:1070,LineaD:1115,2.0
hpt,LineaA:1070,LineaD:1116,1.0
hpt,LineaA:1070,LineaD:1118,3.0
hpt,LineaA:1070,LineaE:1122,2.0
hpt,LineaA:1070,LineaE:1121,2.0
hpt,LineaA:1070,LineaE:1120,1.0
hpt,LineaA:1070,LineaE:1119,3.0
hpt,LineaA:1070,LineaH:1134,2.0
hpt,LineaA:1070,LineaH:1136,2.0
hpt,LineaA:1070,LineaH:1138,2.0
hpt,LineaA:1070,LineaH:1139,2.0
hpt,LineaA:1070,LineaH:1140,1.0
hpt,LineaA:1070,LineaH:1141,1.0
hpt,LineaA:1070,LineaH:1162,1.0
hpt,LineaA:1070,LineaH:1163,1.0
hpt,LineaA:1070,LineaE:1166,3.0
hpt,LineaA:1070,LineaE:1164,2.0
hpt,LineaA:1071,LineaA:1059,191.0
hpt,LineaA:1071,LineaA:1060,96.0
hpt,LineaA:1071,LineaA:1061,78.0
hpt,LineaA:1071,LineaA:1062,44.0
hpt,LineaA:1071,LineaA:1063,91.0
hpt,LineaA:1071,LineaA:1064,88.0
hpt,LineaA:1071,LineaA:1065,73.0
hpt,LineaA:1071,LineaA:1066,46.0
hpt,LineaA:1071,LineaA:1067,26.0
hpt,LineaA:1071,LineaA:1068,71.0
hpt,LineaA:1071,LineaA:1069,3.0
hpt,LineaA:1071,LineaA:1070,2.0
hpt,LineaA:1071,LineaA:1072,1.0
hpt,LineaA:1071,LineaA:1073,6.0
hpt,LineaA:1071,LineaA:1074,5.0
hpt,LineaA:1071,LineaA:1075,10.0
hpt,LineaA:1071,LineaA:1076,12.0
hpt,LineaA:1071,LineaB:1077,4.0
hpt,LineaA:1071,LineaB:1079,5.0
hpt,LineaA:1071,LineaB:1081,8.0
hpt,LineaA:1071,LineaB:1082,1.0
hpt,LineaA:1071,LineaB:1084,4.0
hpt,LineaA:1071,LineaB:1083,11.0
hpt,LineaA:1071,LineaB:1085,7.0
hpt,LineaA:1071,LineaB:1086,4.0
hpt,LineaA:1071,LineaB:1087,4.0
hpt,LineaA:1071,LineaB:1089,3.0
hpt,LineaA:1071,LineaB:1092,1.0
hpt,LineaA:1071,LineaB:1093,3.0
hpt,LineaA:1071,LineaC:1094,37.0
hpt,LineaA:1071,LineaC:1095,2.0
hpt,LineaA:1071,LineaC:1096,6.0
hpt,LineaA:1071,LineaC:1097,1.0
hpt,LineaA:1071,LineaC:1098,2.0
hpt,LineaA:1071,LineaC:1100,1.0
hpt,LineaA:1071,LineaC:1101,2.0
hpt,LineaA:1071,LineaC:1102,28.0
hpt,LineaA:1071,LineaD:1103,18.0
hpt,LineaA:1071,LineaD:1104,5.0
hpt,LineaA:1071,LineaD:1105,7.0
hpt,LineaA:1071,LineaD:1106,5.0
hpt,LineaA:1071,LineaD:1107,7.0
hpt,LineaA:1071,LineaD:1108,5.0
hpt,LineaA:1071,LineaD:1109,2.0
hpt,LineaA:1071,LineaD:1110,3.0
hpt,LineaA:1071,LineaD:1111,5.0
hpt,LineaA:1071,LineaD:1112,1.0
hpt,LineaA:1071,LineaD:1113,1.0
hpt,LineaA:1071,LineaD:1115,2.0
hpt,LineaA:1071,LineaD:1118,6.0
hpt,LineaA:1071,LineaE:1133,7.0
hpt,LineaA:1071,LineaE:1132,6.0
hpt,LineaA:1071,LineaE:1131,2.0
hpt,LineaA:1071,LineaE:1130,6.0
hpt,LineaA:1071,LineaE:1129,4.0
hpt,LineaA:1071,LineaE:1128,2.0
hpt,LineaA:1071,LineaE:1127,2.0
hpt,LineaA:1071,LineaE:1125,5.0
hpt,LineaA:1071,LineaE:1121,3.0
hpt,LineaA:1071,LineaE:1119,3.0
hpt,LineaA:1071,LineaH:1134,8.0
hpt,LineaA:1071,LineaH:1135,4.0
hpt,LineaA:1071,LineaH:1137,5.0
hpt,LineaA:1071,LineaH:1138,10.0
hpt,LineaA:1071,LineaH:1139,3.0
hpt,LineaA:1071,LineaH:1140,12.0
hpt,LineaA:1071,LineaH:1141,3.0
hpt,LineaA:1071,LineaH:1160,5.0
hpt,LineaA:1071,LineaH:1161,1.0
hpt,LineaA:1071,LineaH:1162,1.0
hpt,LineaA:1071,LineaE:1165,1.0
hpt,LineaA:1071,LineaE:1164,1.0
hpt,LineaA:1072,LineaA:1059,123.0
hpt,LineaA:1072,LineaA:1060,50.0
hpt,LineaA:1072,LineaA:1061,47.0
hpt,LineaA:1072,LineaA:1062,35.0
hpt,LineaA:1072,LineaA:1063,62.0
hpt,LineaA:1072,LineaA:1064,58.0
hpt,LineaA:1072,LineaA:1065,34.0
hpt,LineaA:1072,LineaA:1066,18.0
hpt,LineaA:1072,LineaA:1067,17.0
hpt,LineaA:1072,LineaA:1068,61.0
hpt,LineaA:1072,LineaA:1070,2.0
hpt,LineaA:1072,LineaA:1071,5.0
hpt,LineaA:1072,LineaA:1073,2.0
hpt,LineaA:1072,LineaA:1074,2.0
hpt,LineaA:1072,LineaA:1075,4.0
hpt,LineaA:1072,LineaA:1076,10.0
hpt,LineaA:1072,LineaB:1077,4.0
hpt,LineaA:1072,LineaB:1081,2.0
hpt,LineaA:1072,LineaB:1084,2.0
hpt,LineaA:1072,LineaB:1083,6.0
hpt,LineaA:1072,LineaB:1085,4.0
hpt,LineaA:1072,LineaB:1086,2.0
hpt,LineaA:1072,LineaB:1087,4.0
hpt,LineaA:1072,LineaB:1091,2.0
hpt,LineaA:1072,LineaC:1094,32.0
hpt,LineaA:1072,LineaC:1095,2.0
hpt,LineaA:1072,LineaC:1096,2.0
hpt,LineaA:1072,LineaC:1100,2.0
hpt,LineaA:1072,LineaC:1101,4.0
hpt,LineaA:1072,LineaC:1102,18.0
hpt,LineaA:1072,LineaD:1103,14.0
hpt,LineaA:1072,LineaD:1104,8.0
hpt,LineaA:1072,LineaD:1105,4.0
hpt,LineaA:1072,LineaD:1106,6.0
hpt,LineaA:1072,LineaD:1107,2.0
hpt,LineaA:1072,LineaD:1108,2.0
hpt,LineaA:1072,LineaD:1111,5.0
hpt,LineaA:1072,LineaD:1112,2.0
hpt,LineaA:1072,LineaD:1118,2.0
hpt,LineaA:1072,LineaE:1133,4.0
hpt,LineaA:1072,LineaE:1131,4.0
hpt,LineaA:1072,LineaE:1130,2.0
hpt,LineaA:1072,LineaE:1129,4.0
hpt,LineaA:1072,LineaE:1128,4.0
hpt,LineaA:1072,LineaE:1127,4.0
hpt,LineaA:1072,LineaE:1121,3.0
hpt,LineaA:1072,LineaE:1119,2.0
hpt,LineaA:1072,LineaH:1134,8.0
hpt,LineaA:1072,LineaH:1135,7.0
hpt,LineaA:1072,LineaH:1136,2.0
hpt,LineaA:1072,LineaH:1137,2.0
hpt,LineaA:1072,LineaH:1138,4.0
hpt,LineaA:1072,LineaH:1139,2.0
hpt,LineaA:1072,LineaH:1140,6.0
hpt,LineaA:1072,LineaH:1160,4.0
hpt,LineaA:1072,LineaH:1162,2.0
hpt,LineaA:1072,LineaH:1163,2.0
hpt,LineaA:1073,LineaA:1059,120.0
hpt,LineaA:1073,LineaA:1060,63.0
hpt,LineaA:1073,LineaA:1061,51.0
hpt,LineaA:1073,LineaA:1062,33.0
hpt,LineaA:1073,LineaA:1063,59.0
hpt,LineaA:1073,LineaA:1064,54.0
hpt,LineaA:1073,LineaA:1065,32.0
hpt,LineaA:1073,LineaA:1066,29.0
hpt,LineaA:1073,LineaA:1067,27.0
hpt,LineaA:1073,LineaA:1068,77.0
hpt,LineaA:1073,LineaA:1069,2.0
hpt,LineaA:1073,LineaA:1070,8.0
hpt,LineaA:1073,LineaA:1071,6.0
hpt,LineaA:1073,LineaA:1072,2.0
hpt,LineaA:1073,LineaA:1076,6.0
hpt,LineaA:1073,LineaB:1077,2.0
hpt,LineaA:1073,LineaB:1081,6.0
hpt,LineaA:1073,LineaB:1082,4.0
hpt,LineaA:1073,LineaB:1083,4.0
hpt,LineaA:1073,LineaB:1085,4.0
hpt,LineaA:1073,LineaB:1087,4.0
hpt,LineaA:1073,LineaB:1091,2.0
hpt,LineaA:1073,LineaC:1094,34.0
hpt,LineaA:1073,LineaC:1095,2.0
hpt,LineaA:1073,LineaC:1100,2.0
hpt,LineaA:1073,LineaC:1102,15.0
hpt,LineaA:1073,LineaD:1103,9.0
hpt,LineaA:1073,LineaD:1104,2.0
hpt,LineaA:1073,LineaD:1105,6.0
hpt,LineaA:1073,LineaD:1106,2.0
hpt,LineaA:1073,LineaD:1107,2.0
hpt,LineaA:1073,LineaD:1108,2.0
hpt,LineaA:1073,LineaD:1109,6.0
hpt,LineaA:1073,LineaD:1110,2.0
hpt,LineaA:1073,LineaD:1111,2.0
hpt,LineaA:1073,LineaD:1112,2.0
hpt,LineaA:1073,LineaD:1113,2.0
hpt,LineaA:1073,LineaE:1133,8.0
hpt,LineaA:1073,LineaE:1131,2.0
hpt,LineaA:1073,LineaE:1130,4.0
hpt,LineaA:1073,LineaE:1129,8.0
hpt,LineaA:1073,LineaE:1128,6.0
hpt,LineaA:1073,LineaE:1123,2.0
hpt,LineaA:1073,LineaH:1134,4.0
hpt,LineaA:1073,LineaH:1137,4.0
hpt,LineaA:1073,LineaH:1138,2.0
hpt,LineaA:1073,LineaH:1140,12.0
hpt,LineaA:1073,LineaH:1141,2.0
hpt,LineaA:1073,LineaH:1160,4.0
hpt,LineaA:1073,LineaH:1162,2.0
hpt,LineaA:1073,LineaH:1163,2.0
hpt,LineaA:1074,LineaA:1059,171.0
hpt,LineaA:1074,LineaA:1060,82.0
hpt,LineaA:1074,LineaA:1061,71.0
hpt,LineaA:1074,LineaA:1062,45.0
hpt,LineaA:1074,LineaA:1063,73.0
hpt,LineaA:1074,LineaA:1064,85.0
hpt,LineaA:1074,LineaA:1065,59.0
hpt,LineaA:1074,LineaA:1066,28.0
hpt,LineaA:1074,LineaA:1067,23.0
hpt,LineaA:1074,LineaA:1068,92.0
hpt,LineaA:1074,LineaA:1069,4.0
hpt,LineaA:1074,LineaA:1070,14.0
hpt,LineaA:1074,LineaA:1071,14.0
hpt,LineaA:1074,LineaA:1072,4.0
hpt,LineaA:1074,LineaA:1075,1.0
hpt,LineaA:1074,LineaA:1076,1.0
hpt,LineaA:1074,LineaB:1077,3.0
hpt,LineaA:1074,LineaB:1081,3.0
hpt,LineaA:1074,LineaB:1082,1.0
hpt,LineaA:1074,LineaB:1084,1.0
hpt,LineaA:1074,LineaB:1083,5.0
hpt,LineaA:1074,LineaB:1085,3.0
hpt,LineaA:1074,LineaB:1086,1.0
hpt,LineaA:1074,LineaB:1087,1.0
hpt,LineaA:1074,LineaB:1088,3.0
hpt,LineaA:1074,LineaC:1094,12.0
hpt,LineaA:1074,LineaC:1097,1.0
hpt,LineaA:1074,LineaC:1098,1.0
hpt,LineaA:1074,LineaC:1101,1.0
hpt,LineaA:1074,LineaC:1102,6.0
hpt,LineaA:1074,LineaD:1103,5.0
hpt,LineaA:1074,LineaD:1107,1.0
hpt,LineaA:1074,LineaD:1109,2.0
hpt,LineaA:1074,LineaD:1110,1.0
hpt,LineaA:1074,LineaD:1111,3.0
hpt,LineaA:1074,LineaD:1113,2.0
hpt,LineaA:1074,LineaD:1115,1.0
hpt,LineaA:1074,LineaE:1133,12.0
hpt,LineaA:1074,LineaE:1132,1.0
hpt,LineaA:1074,LineaE:1131,1.0
hpt,LineaA:1074,LineaE:1130,2.0
hpt,LineaA:1074,LineaE:1129,6.0
hpt,LineaA:1074,LineaE:1128,2.0
hpt,LineaA:1074,LineaE:1127,2.0
hpt,LineaA:1074,LineaE:1126,5.0
hpt,LineaA:1074,LineaE:1120,4.0
hpt,LineaA:1074,LineaH:1134,6.0
hpt,LineaA:1074,LineaH:1135,3.0
hpt,LineaA:1074,LineaH:1137,7.0
hpt,LineaA:1074,LineaH:1138,1.0
hpt,LineaA:1074,LineaH:1140,3.0
hpt,LineaA:1074,LineaH:1160,3.0
hpt,LineaA:1074,LineaH:1162,1.0
hpt,LineaA:1074,LineaH:1163,1.0
hpt,LineaA:1075,LineaA:1059,217.0
hpt,LineaA:1075,LineaA:1060,112.0
hpt,LineaA:1075,LineaA:1061,95.0
hpt,LineaA:1075,LineaA:1062,56.0
hpt,LineaA:1075,LineaA:1063,115.0
hpt,LineaA:1075,LineaA:1064,97.0
hpt,LineaA:1075,LineaA:1065,68.0
hpt,LineaA:1075,LineaA:1066,42.0
hpt,LineaA:1075,LineaA:1067,32.0
hpt,LineaA:1075,LineaA:1068,129.0
hpt,LineaA:1075,LineaA:1069,5.0
hpt,LineaA:1075,LineaA:1070,14.0
hpt,LineaA:1075,LineaA:1071,31.0
hpt,LineaA:1075,LineaA:1072,9.0
hpt,LineaA:1075,LineaA:1073,6.0
hpt,LineaA:1075,LineaA:1076,2.0
hpt,LineaA:1075,LineaB:1077,6.0
hpt,LineaA:1075,LineaB:1081,8.0
hpt,LineaA:1075,LineaB:1082,2.0
hpt,LineaA:1075,LineaB:1084,8.0
hpt,LineaA:1075,LineaB:1083,7.0
hpt,LineaA:1075,LineaB:1085,7.0
hpt,LineaA:1075,LineaB:1087,8.0
hpt,LineaA:1075,LineaB:1088,4.0
hpt,LineaA:1075,LineaB:1089,4.0
hpt,LineaA:1075,LineaC:1094,21.0
hpt,LineaA:1075,LineaC:1100,2.0
hpt,LineaA:1075,LineaC:1102,4.0
hpt,LineaA:1075,LineaD:1103,11.0
hpt,LineaA:1075,LineaD:1104,2.0
hpt,LineaA:1075,LineaD:1106,4.0
hpt,LineaA:1075,LineaD:1107,4.0
hpt,LineaA:1075,LineaD:1108,8.0
hpt,LineaA:1075,LineaD:1111,4.0
hpt,LineaA:1075,LineaD:1112,2.0
hpt,LineaA:1075,LineaD:1114,2.0
hpt,LineaA:1075,LineaD:1115,4.0
hpt,LineaA:1075,LineaD:1118,2.0
hpt,LineaA:1075,LineaE:1133,14.0
hpt,LineaA:1075,LineaE:1132,4.0
hpt,LineaA:1075,LineaE:1131,4.0
hpt,LineaA:1075,LineaE:1130,12.0
hpt,LineaA:1075,LineaE:1129,8.0
hpt,LineaA:1075,LineaE:1128,7.0
hpt,LineaA:1075,LineaE:1127,6.0
hpt,LineaA:1075,LineaE:1126,3.0
hpt,LineaA:1075,LineaE:1125,2.0
hpt,LineaA:1075,LineaE:1124,2.0
hpt,LineaA:1075,LineaE:1121,4.0
hpt,LineaA:1075,LineaH:1134,10.0
hpt,LineaA:1075,LineaH:1135,2.0
hpt,LineaA:1075,LineaH:1136,2.0
hpt,LineaA:1075,LineaH:1137,4.0
hpt,LineaA:1075,LineaH:1139,3.0
hpt,LineaA:1075,LineaH:1140,6.0
hpt,LineaA:1075,LineaH:1163,2.0
hpt,LineaA:1075,LineaE:1164,5.0
hpt,LineaA:1076,LineaA:1059,430.0
hpt,LineaA:1076,LineaA:1060,201.0
hpt,LineaA:1076,LineaA:1061,224.0
hpt,LineaA:1076,LineaA:1062,126.0
hpt,LineaA:1076,LineaA:1063,216.0
hpt,LineaA:1076,LineaA:1064,210.0
hpt,LineaA:1076,LineaA:1065,152.0
hpt,LineaA:1076,LineaA:1066,91.0
hpt,LineaA:1076,LineaA:1067,68.0
hpt,LineaA:1076,LineaA:1068,212.0
hpt,LineaA:1076,LineaA:1069,9.0
hpt,LineaA:1076,LineaA:1070,22.0
hpt,LineaA:1076,LineaA:1071,40.0
hpt,LineaA:1076,LineaA:1072,14.0
hpt,LineaA:1076,LineaA:1073,10.0
hpt,LineaA:1076,LineaA:1074,2.0
hpt,LineaA:1076,LineaB:1077,16.0
hpt,LineaA:1076,LineaB:1079,2.0
hpt,LineaA:1076,LineaB:1081,8.0
hpt,LineaA:1076,LineaB:1082,6.0
hpt,LineaA:1076,LineaB:1084,16.0
hpt,LineaA:1076,LineaB:1083,12.0
hpt,LineaA:1076,LineaB:1085,12.0
hpt,LineaA:1076,LineaB:1086,6.0
hpt,LineaA:1076,LineaB:1087,14.0
hpt,LineaA:1076,LineaB:1088,8.0
hpt,LineaA:1076,LineaB:1089,6.0
hpt,LineaA:1076,LineaB:1090,4.0
hpt,LineaA:1076,LineaC:1094,65.0
hpt,LineaA:1076,LineaC:1097,2.0
hpt,LineaA:1076,LineaC:1098,3.0
hpt,LineaA:1076,LineaC:1102,4.0
hpt,LineaA:1076,LineaD:1103,10.0
hpt,LineaA:1076,LineaD:1104,8.0
hpt,LineaA:1076,LineaD:1105,4.0
hpt,LineaA:1076,LineaD:1106,4.0
hpt,LineaA:1076,LineaD:1107,5.0
hpt,LineaA:1076,LineaD:1108,4.0
hpt,LineaA:1076,LineaD:1109,4.0
hpt,LineaA:1076,LineaD:1110,4.0
hpt,LineaA:1076,LineaD:1111,5.0
hpt,LineaA:1076,LineaD:1112,2.0
hpt,LineaA:1076,LineaD:1113,8.0
hpt,LineaA:1076,LineaD:1114,6.0
hpt,LineaA:1076,LineaD:1115,5.0
hpt,LineaA:1076,LineaD:1116,2.0
hpt,LineaA:1076,LineaD:1117,2.0
hpt,LineaA:1076,LineaD:1118,2.0
hpt,LineaA:1076,LineaE:1133,17.0
hpt,LineaA:1076,LineaE:1132,8.0
hpt,LineaA:1076,LineaE:1131,7.0
hpt,LineaA:1076,LineaE:1130,16.0
hpt,LineaA:1076,LineaE:1129,17.0
hpt,LineaA:1076,LineaE:1128,8.0
hpt,LineaA:1076,LineaE:1127,6.0
hpt,LineaA:1076,LineaE:1126,4.0
hpt,LineaA:1076,LineaH:1134,15.0
hpt,LineaA:1076,LineaH:1135,8.0
hpt,LineaA:1076,LineaH:1136,6.0
hpt,LineaA:1076,LineaH:1137,4.0
hpt,LineaA:1076,LineaH:1139,6.0
hpt,LineaA:1076,LineaH:1140,14.0
hpt,LineaA:1076,LineaH:1141,4.0
hpt,LineaA:1076,LineaH:1160,2.0
hpt,LineaA:1076,LineaH:1161,2.0
hpt,LineaA:1076,LineaH:1162,2.0
hpt,LineaB:1077,LineaA:1059,4.0
hpt,LineaB:1077,LineaA:1060,2.0
hpt,LineaB:1077,LineaA:1061,4.0
hpt,LineaB:1077,LineaA:1062,2.0
hpt,LineaB:1077,LineaA:1063,8.0
hpt,LineaB:1077,LineaA:1064,10.0
hpt,LineaB:1077,LineaA:1065,4.0
hpt,LineaB:1077,LineaA:1066,2.0
hpt,LineaB:1077,LineaA:1067,4.0
hpt,LineaB:1077,LineaA:1068,4.0
hpt,LineaB:1077,LineaA:1069,6.0
hpt,LineaB:1077,LineaA:1070,2.0
hpt,LineaB:1077,LineaA:1071,2.0
hpt,LineaB:1077,LineaA:1072,2.0
hpt,LineaB:1077,LineaA:1073,2.0
hpt,LineaB:1077,LineaA:1076,2.0
hpt,LineaB:1077,LineaB:1078,4.0
hpt,LineaB:1077,LineaB:1079,14.0
hpt,LineaB:1077,LineaB:1080,16.0
hpt,LineaB:1077,LineaB:1081,18.0
hpt,LineaB:1077,LineaB:1082,23.0
hpt,LineaB:1077,LineaB:1084,72.0
hpt,LineaB:1077,LineaB:1083,71.0
hpt,LineaB:1077,LineaB:1085,77.0
hpt,LineaB:1077,LineaB:1086,56.0
hpt,LineaB:1077,LineaB:1087,56.0
hpt,LineaB:1077,LineaB:1088,44.0
hpt,LineaB:1077,LineaB:1089,94.0
hpt,LineaB:1077,LineaB:1090,60.0
hpt,LineaB:1077,LineaB:1091,68.0
hpt,LineaB:1077,LineaB:1092,31.0
hpt,LineaB:1077,LineaB:1093,68.0
hpt,LineaB:1077,LineaC:1094,204.0
hpt,LineaB:1077,LineaC:1095,10.0
hpt,LineaB:1077,LineaC:1096,12.0
hpt,LineaB:1077,LineaC:1097,4.0
hpt,LineaB:1077,LineaC:1098,2.0
hpt,LineaB:1077,LineaC:1099,4.0
hpt,LineaB:1077,LineaD:1107,2.0
hpt,LineaB:1077,LineaD:1108,2.0
hpt,LineaB:1077,LineaD:1109,2.0
hpt,LineaB:1077,LineaD:1110,2.0
hpt,LineaB:1077,LineaD:1111,4.0
hpt,LineaB:1077,LineaD:1112,2.0
hpt,LineaB:1077,LineaD:1113,6.0
hpt,LineaB:1077,LineaD:1114,2.0
hpt,LineaB:1077,LineaD:1115,16.0
hpt,LineaB:1077,LineaD:1117,6.0
hpt,LineaB:1077,LineaD:1118,14.0
hpt,LineaB:1077,LineaE:1133,8.0
hpt,LineaB:1077,LineaE:1131,2.0
hpt,LineaB:1077,LineaE:1130,6.0
hpt,LineaB:1077,LineaE:1128,6.0
hpt,LineaB:1077,LineaE:1127,6.0
hpt,LineaB:1077,LineaE:1125,4.0
hpt,LineaB:1077,LineaE:1124,4.0
hpt,LineaB:1077,LineaE:1123,4.0
hpt,LineaB:1077,LineaE:1122,2.0
hpt,LineaB:1077,LineaE:1121,65.0
hpt,LineaB:1077,LineaE:1120,2.0
hpt,LineaB:1077,LineaE:1119,4.0
hpt,LineaB:1077,LineaH:1134,46.0
hpt,LineaB:1077,LineaH:1135,37.0
hpt,LineaB:1077,LineaH:1136,8.0
hpt,LineaB:1077,LineaH:1137,17.0
hpt,LineaB:1077,LineaH:1138,16.0
hpt,LineaB:1077,LineaH:1139,23.0
hpt,LineaB:1077,LineaH:1140,19.0
hpt,LineaB:1077,LineaH:1141,2.0
hpt,LineaB:1077,LineaH:1160,10.0
hpt,LineaB:1077,LineaH:1161,19.0
hpt,LineaB:1077,LineaH:1162,12.0
hpt,LineaB:1077,LineaH:1163,8.0
hpt,LineaB:1077,LineaE:1166,10.0
hpt,LineaB:1077,LineaE:1165,2.0
hpt,LineaB:1077,LineaE:1164,2.0
hpt,LineaB:1078,LineaA:1060,2.0
hpt,LineaB:1078,LineaA:1061,2.0
hpt,LineaB:1078,LineaA:1063,2.0
hpt,LineaB:1078,LineaA:1064,2.0
hpt,LineaB:1078,LineaA:1066,2.0
hpt,LineaB:1078,LineaA:1067,4.0
hpt,LineaB:1078,LineaA:1068,2.0
hpt,LineaB:1078,LineaB:1077,2.0
hpt,LineaB:1078,LineaB:1079,2.0
hpt,LineaB:1078,LineaB:1080,4.0
hpt,LineaB:1078,LineaB:1081,12.0
hpt,LineaB:1078,LineaB:1082,10.0
hpt,LineaB:1078,LineaB:1084,18.0
hpt,LineaB:1078,LineaB:1083,18.0
hpt,LineaB:1078,LineaB:1085,25.0
hpt,LineaB:1078,LineaB:1086,17.0
hpt,LineaB:1078,LineaB:1087,15.0
hpt,LineaB:1078,LineaB:1088,10.0
hpt,LineaB:1078,LineaB:1089,27.0
hpt,LineaB:1078,LineaB:1090,19.0
hpt,LineaB:1078,LineaB:1091,18.0
hpt,LineaB:1078,LineaB:1092,6.0
hpt,LineaB:1078,LineaB:1093,18.0
hpt,LineaB:1078,LineaC:1094,34.0
hpt,LineaB:1078,LineaC:1096,4.0
hpt,LineaB:1078,LineaC:1098,4.0
hpt,LineaB:1078,LineaC:1099,2.0
hpt,LineaB:1078,LineaC:1102,2.0
hpt,LineaB:1078,LineaD:1106,2.0
hpt,LineaB:1078,LineaD:1110,2.0
hpt,LineaB:1078,LineaD:1111,4.0
hpt,LineaB:1078,LineaD:1115,2.0
hpt,LineaB:1078,LineaE:1130,2.0
hpt,LineaB:1078,LineaE:1128,2.0
hpt,LineaB:1078,LineaE:1123,2.0
hpt,LineaB:1078,LineaE:1122,2.0
hpt,LineaB:1078,LineaE:1121,27.0
hpt,LineaB:1078,LineaE:1119,2.0
hpt,LineaB:1078,LineaH:1134,10.0
hpt,LineaB:1078,LineaH:1135,8.0
hpt,LineaB:1078,LineaH:1136,4.0
hpt,LineaB:1078,LineaH:1138,2.0
hpt,LineaB:1078,LineaH:1139,2.0
hpt,LineaB:1078,LineaH:1140,6.0
hpt,LineaB:1078,LineaH:1161,10.0
hpt,LineaB:1078,LineaH:1162,4.0
hpt,LineaB:1078,LineaH:1163,2.0
hpt,LineaB:1078,LineaE:1166,2.0
hpt,LineaB:1079,LineaA:1062,2.0
hpt,LineaB:1079,LineaA:1063,2.0
hpt,LineaB:1079,LineaA:1064,2.0
hpt,LineaB:1079,LineaB:1077,29.0
hpt,LineaB:1079,LineaB:1078,2.0
hpt,LineaB:1079,LineaB:1080,2.0
hpt,LineaB:1079,LineaB:1081,22.0
hpt,LineaB:1079,LineaB:1082,13.0
hpt,LineaB:1079,LineaB:1084,20.0
hpt,LineaB:1079,LineaB:1083,29.0
hpt,LineaB:1079,LineaB:1085,37.0
hpt,LineaB:1079,LineaB:1086,24.0
hpt,LineaB:1079,LineaB:1087,18.0
hpt,LineaB:1079,LineaB:1088,14.0
hpt,LineaB:1079,LineaB:1089,28.0
hpt,LineaB:1079,LineaB:1090,19.0
hpt,LineaB:1079,LineaB:1091,14.0
hpt,LineaB:1079,LineaB:1092,8.0
hpt,LineaB:1079,LineaB:1093,49.0
hpt,LineaB:1079,LineaC:1094,83.0
hpt,LineaB:1079,LineaC:1095,2.0
hpt,LineaB:1079,LineaC:1096,2.0
hpt,LineaB:1079,LineaC:1097,4.0
hpt,LineaB:1079,LineaC:1098,2.0
hpt,LineaB:1079,LineaC:1099,4.0
hpt,LineaB:1079,LineaC:1100,2.0
hpt,LineaB:1079,LineaC:1101,2.0
hpt,LineaB:1079,LineaC:1102,8.0
hpt,LineaB:1079,LineaD:1110,2.0
hpt,LineaB:1079,LineaD:1111,2.0
hpt,LineaB:1079,LineaD:1112,2.0
hpt,LineaB:1079,LineaD:1114,2.0
hpt,LineaB:1079,LineaD:1117,4.0
hpt,LineaB:1079,LineaE:1124,2.0
hpt,LineaB:1079,LineaE:1123,4.0
hpt,LineaB:1079,LineaE:1121,27.0
hpt,LineaB:1079,LineaE:1120,5.0
hpt,LineaB:1079,LineaE:1119,4.0
hpt,LineaB:1079,LineaH:1134,13.0
hpt,LineaB:1079,LineaH:1135,8.0
hpt,LineaB:1079,LineaH:1136,9.0
hpt,LineaB:1079,LineaH:1137,4.0
hpt,LineaB:1079,LineaH:1138,4.0
hpt,LineaB:1079,LineaH:1139,6.0
hpt,LineaB:1079,LineaH:1140,4.0
hpt,LineaB:1079,LineaH:1141,4.0
hpt,LineaB:1079,LineaH:1160,4.0
hpt,LineaB:1079,LineaH:1161,10.0
hpt,LineaB:1079,LineaH:1162,10.0
hpt,LineaB:1079,LineaH:1163,4.0
hpt,LineaB:1079,LineaE:1166,6.0
hpt,LineaB:1079,LineaE:1165,2.0
hpt,LineaB:1079,LineaE:1164,2.0
hpt,LineaB:1080,LineaA:1060,2.0
hpt,LineaB:1080,LineaA:1063,6.0
hpt,LineaB:1080,LineaA:1071,2.0
hpt,LineaB:1080,LineaB:1077,25.0
hpt,LineaB:1080,LineaB:1078,6.0
hpt,LineaB:1080,LineaB:1079,4.0
hpt,LineaB:1080,LineaB:1081,10.0
hpt,LineaB:1080,LineaB:1082,10.0
hpt,LineaB:1080,LineaB:1084,19.0
hpt,LineaB:1080,LineaB:1083,21.0
hpt,LineaB:1080,LineaB:1085,28.0
hpt,LineaB:1080,LineaB:1086,12.0
hpt,LineaB:1080,LineaB:1087,22.0
hpt,LineaB:1080,LineaB:1088,18.0
hpt,LineaB:1080,LineaB:1089,25.0
hpt,LineaB:1080,LineaB:1090,18.0
hpt,LineaB:1080,LineaB:1091,27.0
hpt,LineaB:1080,LineaB:1092,4.0
hpt,LineaB:1080,LineaB:1093,48.0
hpt,LineaB:1080,LineaC:1094,73.0
hpt,LineaB:1080,LineaC:1096,4.0
hpt,LineaB:1080,LineaC:1102,8.0
hpt,LineaB:1080,LineaD:1115,2.0
hpt,LineaB:1080,LineaD:1117,2.0
hpt,LineaB:1080,LineaD:1118,2.0
hpt,LineaB:1080,LineaE:1133,2.0
hpt,LineaB:1080,LineaE:1128,2.0
hpt,LineaB:1080,LineaE:1123,4.0
hpt,LineaB:1080,LineaE:1122,2.0
hpt,LineaB:1080,LineaE:1121,10.0
hpt,LineaB:1080,LineaE:1120,2.0
hpt,LineaB:1080,LineaH:1134,16.0
hpt,LineaB:1080,LineaH:1135,13.0
hpt,LineaB:1080,LineaH:1136,6.0
hpt,LineaB:1080,LineaH:1137,4.0
hpt,LineaB:1080,LineaH:1138,8.0
hpt,LineaB:1080,LineaH:1139,8.0
hpt,LineaB:1080,LineaH:1140,9.0
hpt,LineaB:1080,LineaH:1160,2.0
hpt,LineaB:1080,LineaH:1161,6.0
hpt,LineaB:1080,LineaH:1163,2.0
hpt,LineaB:1080,LineaE:1166,4.0
hpt,LineaB:1081,LineaA:1060,2.0
hpt,LineaB:1081,LineaA:1064,4.0
hpt,LineaB:1081,LineaA:1065,2.0
hpt,LineaB:1081,LineaA:1066,6.0
hpt,LineaB:1081,LineaA:1068,2.0
hpt,LineaB:1081,LineaA:1069,4.0
hpt,LineaB:1081,LineaA:1070,2.0
hpt,LineaB:1081,LineaA:1071,6.0
hpt,LineaB:1081,LineaA:1073,2.0
hpt,LineaB:1081,LineaA:1076,2.0
hpt,LineaB:1081,LineaB:1077,42.0
hpt,LineaB:1081,LineaB:1078,11.0
hpt,LineaB:1081,LineaB:1079,12.0
hpt,LineaB:1081,LineaB:1080,6.0
hpt,LineaB:1081,LineaB:1082,6.0
hpt,LineaB:1081,LineaB:1084,29.0
hpt,LineaB:1081,LineaB:1083,44.0
hpt,LineaB:1081,LineaB:1085,69.0
hpt,LineaB:1081,LineaB:1086,47.0
hpt,LineaB:1081,LineaB:1087,49.0
hpt,LineaB:1081,LineaB:1088,46.0
hpt,LineaB:1081,LineaB:1089,77.0
hpt,LineaB:1081,LineaB:1090,46.0
hpt,LineaB:1081,LineaB:1091,74.0
hpt,LineaB:1081,LineaB:1092,38.0
hpt,LineaB:1081,LineaB:1093,79.0
hpt,LineaB:1081,LineaC:1094,210.0
hpt,LineaB:1081,LineaC:1095,14.0
hpt,LineaB:1081,LineaC:1096,19.0
hpt,LineaB:1081,LineaC:1097,2.0
hpt,LineaB:1081,LineaC:1098,2.0
hpt,LineaB:1081,LineaC:1099,2.0
hpt,LineaB:1081,LineaC:1100,2.0
hpt,LineaB:1081,LineaC:1101,4.0
hpt,LineaB:1081,LineaC:1102,8.0
hpt,LineaB:1081,LineaD:1104,2.0
hpt,LineaB:1081,LineaD:1106,4.0
hpt,LineaB:1081,LineaD:1111,2.0
hpt,LineaB:1081,LineaD:1114,2.0
hpt,LineaB:1081,LineaD:1115,2.0
hpt,LineaB:1081,LineaD:1116,4.0
hpt,LineaB:1081,LineaD:1117,7.0
hpt,LineaB:1081,LineaD:1118,9.0
hpt,LineaB:1081,LineaE:1133,6.0
hpt,LineaB:1081,LineaE:1132,4.0
hpt,LineaB:1081,LineaE:1127,2.0
hpt,LineaB:1081,LineaE:1126,4.0
hpt,LineaB:1081,LineaE:1125,2.0
hpt,LineaB:1081,LineaE:1124,4.0
hpt,LineaB:1081,LineaE:1123,2.0
hpt,LineaB:1081,LineaE:1122,2.0
hpt,LineaB:1081,LineaE:1121,73.0
hpt,LineaB:1081,LineaE:1120,6.0
hpt,LineaB:1081,LineaE:1119,10.0
hpt,LineaB:1081,LineaH:1134,37.0
hpt,LineaB:1081,LineaH:1135,19.0
hpt,LineaB:1081,LineaH:1136,16.0
hpt,LineaB:1081,LineaH:1137,9.0
hpt,LineaB:1081,LineaH:1138,17.0
hpt,LineaB:1081,LineaH:1139,20.0
hpt,LineaB:1081,LineaH:1140,15.0
hpt,LineaB:1081,LineaH:1141,8.0
hpt,LineaB:1081,LineaH:1160,9.0
hpt,LineaB:1081,LineaH:1161,14.0
hpt,LineaB:1081,LineaH:1162,10.0
hpt,LineaB:1081,LineaH:1163,8.0
hpt,LineaB:1081,LineaE:1166,11.0
hpt,LineaB:1082,LineaA:1059,4.0
hpt,LineaB:1082,LineaA:1060,4.0
hpt,LineaB:1082,LineaA:1063,3.0
hpt,LineaB:1082,LineaA:1065,1.0
hpt,LineaB:1082,LineaA:1066,1.0
hpt,LineaB:1082,LineaA:1067,2.0
hpt,LineaB:1082,LineaA:1069,2.0
hpt,LineaB:1082,LineaA:1071,6.0
hpt,LineaB:1082,LineaA:1072,4.0
hpt,LineaB:1082,LineaA:1073,2.0
hpt,LineaB:1082,LineaA:1076,2.0
hpt,LineaB:1082,LineaB:1077,46.0
hpt,LineaB:1082,LineaB:1078,15.0
hpt,LineaB:1082,LineaB:1079,10.0
hpt,LineaB:1082,LineaB:1080,7.0
hpt,LineaB:1082,LineaB:1081,14.0
hpt,LineaB:1082,LineaB:1084,16.0
hpt,LineaB:1082,LineaB:1083,37.0
hpt,LineaB:1082,LineaB:1085,35.0
hpt,LineaB:1082,LineaB:1086,47.0
hpt,LineaB:1082,LineaB:1087,41.0
hpt,LineaB:1082,LineaB:1088,27.0
hpt,LineaB:1082,LineaB:1089,52.0
hpt,LineaB:1082,LineaB:1090,28.0
hpt,LineaB:1082,LineaB:1091,50.0
hpt,LineaB:1082,LineaB:1092,19.0
hpt,LineaB:1082,LineaB:1093,71.0
hpt,LineaB:1082,LineaC:1094,218.0
hpt,LineaB:1082,LineaC:1095,5.0
hpt,LineaB:1082,LineaC:1096,9.0
hpt,LineaB:1082,LineaC:1099,1.0
hpt,LineaB:1082,LineaC:1100,1.0
hpt,LineaB:1082,LineaC:1101,1.0
hpt,LineaB:1082,LineaC:1102,2.0
hpt,LineaB:1082,LineaD:1103,3.0
hpt,LineaB:1082,LineaD:1104,2.0
hpt,LineaB:1082,LineaD:1108,2.0
hpt,LineaB:1082,LineaD:1111,2.0
hpt,LineaB:1082,LineaD:1112,4.0
hpt,LineaB:1082,LineaD:1113,1.0
hpt,LineaB:1082,LineaD:1114,3.0
hpt,LineaB:1082,LineaD:1115,3.0
hpt,LineaB:1082,LineaD:1116,5.0
hpt,LineaB:1082,LineaD:1117,3.0
hpt,LineaB:1082,LineaD:1118,6.0
hpt,LineaB:1082,LineaE:1133,9.0
hpt,LineaB:1082,LineaE:1131,1.0
hpt,LineaB:1082,LineaE:1130,2.0
hpt,LineaB:1082,LineaE:1129,2.0
hpt,LineaB:1082,LineaE:1128,1.0
hpt,LineaB:1082,LineaE:1127,1.0
hpt,LineaB:1082,LineaE:1126,5.0
hpt,LineaB:1082,LineaE:1125,4.0
hpt,LineaB:1082,LineaE:1123,5.0
hpt,LineaB:1082,LineaE:1122,4.0
hpt,LineaB:1082,LineaE:1121,20.0
hpt,LineaB:1082,LineaE:1119,4.0
hpt,LineaB:1082,LineaH:1134,30.0
hpt,LineaB:1082,LineaH:1135,21.0
hpt,LineaB:1082,LineaH:1136,14.0
hpt,LineaB:1082,LineaH:1137,14.0
hpt,LineaB:1082,LineaH:1138,10.0
hpt,LineaB:1082,LineaH:1139,14.0
hpt,LineaB:1082,LineaH:1140,10.0
hpt,LineaB:1082,LineaH:1141,5.0
hpt,LineaB:1082,LineaH:1160,5.0
hpt,LineaB:1082,LineaH:1161,2.0
hpt,LineaB:1082,LineaH:1162,4.0
hpt,LineaB:1082,LineaH:1163,3.0
hpt,LineaB:1082,LineaE:1166,6.0
hpt,LineaB:1084,LineaA:1059,6.0
hpt,LineaB:1084,LineaA:1060,2.0
hpt,LineaB:1084,LineaA:1061,2.0
hpt,LineaB:1084,LineaA:1063,2.0
hpt,LineaB:1084,LineaA:1064,3.0
hpt,LineaB:1084,LineaA:1066,2.0
hpt,LineaB:1084,LineaA:1067,2.0
hpt,LineaB:1084,LineaA:1068,4.0
hpt,LineaB:1084,LineaA:1069,2.0
hpt,LineaB:1084,LineaA:1071,6.0
hpt,LineaB:1084,LineaA:1072,2.0
hpt,LineaB:1084,LineaA:1073,4.0
hpt,LineaB:1084,LineaA:1076,3.0
hpt,LineaB:1084,LineaB:1077,77.0
hpt,LineaB:1084,LineaB:1078,30.0
hpt,LineaB:1084,LineaB:1079,23.0
hpt,LineaB:1084,LineaB:1080,8.0
hpt,LineaB:1084,LineaB:1081,56.0
hpt,LineaB:1084,LineaB:1082,20.0
hpt,LineaB:1084,LineaB:1083,11.0
hpt,LineaB:1084,LineaB:1085,27.0
hpt,LineaB:1084,LineaB:1086,46.0
hpt,LineaB:1084,LineaB:1087,50.0
hpt,LineaB:1084,LineaB:1088,32.0
hpt,LineaB:1084,LineaB:1089,60.0
hpt,LineaB:1084,LineaB:1090,36.0
hpt,LineaB:1084,LineaB:1091,52.0
hpt,LineaB:1084,LineaB:1092,23.0
hpt,LineaB:1084,LineaB:1093,75.0
hpt,LineaB:1084,LineaC:1094,253.0
hpt,LineaB:1084,LineaC:1095,4.0
hpt,LineaB:1084,LineaC:1096,11.0
hpt,LineaB:1084,LineaC:1097,2.0
hpt,LineaB:1084,LineaC:1098,6.0
hpt,LineaB:1084,LineaC:1099,2.0
hpt,LineaB:1084,LineaC:1101,2.0
hpt,LineaB:1084,LineaC:1102,12.0
hpt,LineaB:1084,LineaD:1103,4.0
hpt,LineaB:1084,LineaD:1104,2.0
hpt,LineaB:1084,LineaD:1107,2.0
hpt,LineaB:1084,LineaD:1108,2.0
hpt,LineaB:1084,LineaD:1109,2.0
hpt,LineaB:1084,LineaD:1111,2.0
hpt,LineaB:1084,LineaD:1113,4.0
hpt,LineaB:1084,LineaD:1114,4.0
hpt,LineaB:1084,LineaD:1115,4.0
hpt,LineaB:1084,LineaD:1116,2.0
hpt,LineaB:1084,LineaD:1117,6.0
hpt,LineaB:1084,LineaD:1118,8.0
hpt,LineaB:1084,LineaE:1133,5.0
hpt,LineaB:1084,LineaE:1132,2.0
hpt,LineaB:1084,LineaE:1130,4.0
hpt,LineaB:1084,LineaE:1129,4.0
hpt,LineaB:1084,LineaE:1127,4.0
hpt,LineaB:1084,LineaE:1126,7.0
hpt,LineaB:1084,LineaE:1125,4.0
hpt,LineaB:1084,LineaE:1124,2.0
hpt,LineaB:1084,LineaE:1123,6.0
hpt,LineaB:1084,LineaE:1122,2.0
hpt,LineaB:1084,LineaE:1121,54.0
hpt,LineaB:1084,LineaE:1120,4.0
hpt,LineaB:1084,LineaE:1119,4.0
hpt,LineaB:1084,LineaH:1134,29.0
hpt,LineaB:1084,LineaH:1135,27.0
hpt,LineaB:1084,LineaH:1136,10.0
hpt,LineaB:1084,LineaH:1137,9.0
hpt,LineaB:1084,LineaH:1138,12.0
hpt,LineaB:1084,LineaH:1139,11.0
hpt,LineaB:1084,LineaH:1140,13.0
hpt,LineaB:1084,LineaH:1141,6.0
hpt,LineaB:1084,LineaH:1160,3.0
hpt,LineaB:1084,LineaH:1161,13.0
hpt,LineaB:1084,LineaH:1162,12.0
hpt,LineaB:1084,LineaH:1163,4.0
hpt,LineaB:1084,LineaE:1166,8.0
hpt,LineaB:1084,LineaE:1165,2.0
hpt,LineaB:1084,LineaE:1164,2.0
hpt,LineaB:1083,LineaA:1059,6.0
hpt,LineaB:1083,LineaA:1060,6.0
hpt,LineaB:1083,LineaA:1061,2.0
hpt,LineaB:1083,LineaA:1063,2.0
hpt,LineaB:1083,LineaA:1067,4.0
hpt,LineaB:1083,LineaA:1068,4.0
hpt,LineaB:1083,LineaA:1070,2.0
hpt,LineaB:1083,LineaA:1071,4.0
hpt,LineaB:1083,LineaA:1074,4.0
hpt,LineaB:1083,LineaA:1075,4.0
hpt,LineaB:1083,LineaA:1076,4.0
hpt,LineaB:1083,LineaB:1077,64.0
hpt,LineaB:1083,LineaB:1078,22.0
hpt,LineaB:1083,LineaB:1079,32.0
hpt,LineaB:1083,LineaB:1080,10.0
hpt,LineaB:1083,LineaB:1081,52.0
hpt,LineaB:1083,LineaB:1082,28.0
hpt,LineaB:1083,LineaB:1084,10.0
hpt,LineaB:1083,LineaB:1085,12.0
hpt,LineaB:1083,LineaB:1086,37.0
hpt,LineaB:1083,LineaB:1087,35.0
hpt,LineaB:1083,LineaB:1088,19.0
hpt,LineaB:1083,LineaB:1089,40.0
hpt,LineaB:1083,LineaB:1090,38.0
hpt,LineaB:1083,LineaB:1091,35.0
hpt,LineaB:1083,LineaB:1092,14.0
hpt,LineaB:1083,LineaB:1093,58.0
hpt,LineaB:1083,LineaC:1094,139.0
hpt,LineaB:1083,LineaC:1095,6.0
hpt,LineaB:1083,LineaC:1096,6.0
hpt,LineaB:1083,LineaC:1097,2.0
hpt,LineaB:1083,LineaC:1098,2.0
hpt,LineaB:1083,LineaC:1099,2.0
hpt,LineaB:1083,LineaC:1100,4.0
hpt,LineaB:1083,LineaC:1101,2.0
hpt,LineaB:1083,LineaC:1102,16.0
hpt,LineaB:1083,LineaD:1103,2.0
hpt,LineaB:1083,LineaD:1104,2.0
hpt,LineaB:1083,LineaD:1105,6.0
hpt,LineaB:1083,LineaD:1106,2.0
hpt,LineaB:1083,LineaD:1107,2.0
hpt,LineaB:1083,LineaD:1108,2.0
hpt,LineaB:1083,LineaD:1110,4.0
hpt,LineaB:1083,LineaD:1112,2.0
hpt,LineaB:1083,LineaD:1113,2.0
hpt,LineaB:1083,LineaD:1114,2.0
hpt,LineaB:1083,LineaD:1115,4.0
hpt,LineaB:1083,LineaD:1116,2.0
hpt,LineaB:1083,LineaD:1117,2.0
hpt,LineaB:1083,LineaD:1118,6.0
hpt,LineaB:1083,LineaE:1133,4.0
hpt,LineaB:1083,LineaE:1132,2.0
hpt,LineaB:1083,LineaE:1130,2.0
hpt,LineaB:1083,LineaE:1129,2.0
hpt,LineaB:1083,LineaE:1126,2.0
hpt,LineaB:1083,LineaE:1125,10.0
hpt,LineaB:1083,LineaE:1124,2.0
hpt,LineaB:1083,LineaE:1123,6.0
hpt,LineaB:1083,LineaE:1122,4.0
hpt,LineaB:1083,LineaE:1121,28.0
hpt,LineaB:1083,LineaE:1120,4.0
hpt,LineaB:1083,LineaE:1119,6.0
hpt,LineaB:1083,LineaH:1134,17.0
hpt,LineaB:1083,LineaH:1135,17.0
hpt,LineaB:1083,LineaH:1136,12.0
hpt,LineaB:1083,LineaH:1137,14.0
hpt,LineaB:1083,LineaH:1138,8.0
hpt,LineaB:1083,LineaH:1139,12.0
hpt,LineaB:1083,LineaH:1140,14.0
hpt,LineaB:1083,LineaH:1141,6.0
hpt,LineaB:1083,LineaH:1161,8.0
hpt,LineaB:1083,LineaH:1162,10.0
hpt,LineaB:1083,LineaE:1166,10.0
hpt,LineaB:1083,LineaE:1165,4.0
hpt,LineaB:1083,LineaE:1164,2.0
hpt,LineaB:1085,LineaA:1059,4.0
hpt,LineaB:1085,LineaA:1060,2.0
hpt,LineaB:1085,LineaA:1061,4.0
hpt,LineaB:1085,LineaA:1063,4.0
hpt,LineaB:1085,LineaA:1064,2.0
hpt,LineaB:1085,LineaA:1065,4.0
hpt,LineaB:1085,LineaA:1066,2.0
hpt,LineaB:1085,LineaA:1067,2.0
hpt,LineaB:1085,LineaA:1068,2.0
hpt,LineaB:1085,LineaA:1069,2.0
hpt,LineaB:1085,LineaA:1070,2.0
hpt,LineaB:1085,LineaA:1071,4.0
hpt,LineaB:1085,LineaA:1072,2.0
hpt,LineaB:1085,LineaA:1073,2.0
hpt,LineaB:1085,LineaA:1074,2.0
hpt,LineaB:1085,LineaA:1075,2.0
hpt,LineaB:1085,LineaA:1076,2.0
hpt,LineaB:1085,LineaB:1077,138.0
hpt,LineaB:1085,LineaB:1078,22.0
hpt,LineaB:1085,LineaB:1079,31.0
hpt,LineaB:1085,LineaB:1080,21.0
hpt,LineaB:1085,LineaB:1081,102.0
hpt,LineaB:1085,LineaB:1082,58.0
hpt,LineaB:1085,LineaB:1084,33.0
hpt,LineaB:1085,LineaB:1083,11.0
hpt,LineaB:1085,LineaB:1086,30.0
hpt,LineaB:1085,LineaB:1087,27.0
hpt,LineaB:1085,LineaB:1088,27.0
hpt,LineaB:1085,LineaB:1089,46.0
hpt,LineaB:1085,LineaB:1090,28.0
hpt,LineaB:1085,LineaB:1091,50.0
hpt,LineaB:1085,LineaB:1092,24.0
hpt,LineaB:1085,LineaB:1093,57.0
hpt,LineaB:1085,LineaC:1094,164.0
hpt,LineaB:1085,LineaC:1095,4.0
hpt,LineaB:1085,LineaC:1096,10.0
hpt,LineaB:1085,LineaC:1097,4.0
hpt,LineaB:1085,LineaC:1098,2.0
hpt,LineaB:1085,LineaC:1099,6.0
hpt,LineaB:1085,LineaC:1100,4.0
hpt,LineaB:1085,LineaC:1101,4.0
hpt,LineaB:1085,LineaC:1102,11.0
hpt,LineaB:1085,LineaD:1103,6.0
hpt,LineaB:1085,LineaD:1104,6.0
hpt,LineaB:1085,LineaD:1105,2.0
hpt,LineaB:1085,LineaD:1106,4.0
hpt,LineaB:1085,LineaD:1107,2.0
hpt,LineaB:1085,LineaD:1108,2.0
hpt,LineaB:1085,LineaD:1109,6.0
hpt,LineaB:1085,LineaD:1111,2.0
hpt,LineaB:1085,LineaD:1112,2.0
hpt,LineaB:1085,LineaD:1113,2.0
hpt,LineaB:1085,LineaD:1114,8.0
hpt,LineaB:1085,LineaD:1115,4.0
hpt,LineaB:1085,LineaD:1116,7.0
hpt,LineaB:1085,LineaD:1117,2.0
hpt,LineaB:1085,LineaD:1118,4.0
hpt,LineaB:1085,LineaE:1133,8.0
hpt,LineaB:1085,LineaE:1131,2.0
hpt,LineaB:1085,LineaE:1125,2.0
hpt,LineaB:1085,LineaE:1124,2.0
hpt,LineaB:1085,LineaE:1123,4.0
hpt,LineaB:1085,LineaE:1122,2.0
hpt,LineaB:1085,LineaE:1121,40.0
hpt,LineaB:1085,LineaE:1120,4.0
hpt,LineaB:1085,LineaE:1119,8.0
hpt,LineaB:1085,LineaH:1134,30.0
hpt,LineaB:1085,LineaH:1135,24.0
hpt,LineaB:1085,LineaH:1136,11.0
hpt,LineaB:1085,LineaH:1137,12.0
hpt,LineaB:1085,LineaH:1138,18.0
hpt,LineaB:1085,LineaH:1139,6.0
hpt,LineaB:1085,LineaH:1140,14.0
hpt,LineaB:1085,LineaH:1160,9.0
hpt,LineaB:1085,LineaH:1161,17.0
hpt,LineaB:1085,LineaH:1162,11.0
hpt,LineaB:1085,LineaH:1163,4.0
hpt,LineaB:1085,LineaE:1166,6.0
hpt,LineaB:1085,LineaE:1165,2.0
hpt,LineaB:1086,LineaA:1059,8.0
hpt,LineaB:1086,LineaA:1060,6.0
hpt,LineaB:1086,LineaA:1061,5.0
hpt,LineaB:1086,LineaA:1062,1.0
hpt,LineaB:1086,LineaA:1063,2.0
hpt,LineaB:1086,LineaA:1064,6.0
hpt,LineaB:1086,LineaA:1065,2.0
hpt,LineaB:1086,LineaA:1066,1.0
hpt,LineaB:1086,LineaA:1068,2.0
hpt,LineaB:1086,LineaA:1071,9.0
hpt,LineaB:1086,LineaA:1072,1.0
hpt,LineaB:1086,LineaA:1073,7.0
hpt,LineaB:1086,LineaA:1074,2.0
hpt,LineaB:1086,LineaA:1076,4.0
hpt,LineaB:1086,LineaB:1077,105.0
hpt,LineaB:1086,LineaB:1078,28.0
hpt,LineaB:1086,LineaB:1079,26.0
hpt,LineaB:1086,LineaB:1080,6.0
hpt,LineaB:1086,LineaB:1081,113.0
hpt,LineaB:1086,LineaB:1082,51.0
hpt,LineaB:1086,LineaB:1084,49.0
hpt,LineaB:1086,LineaB:1083,42.0
hpt,LineaB:1086,LineaB:1085,19.0
hpt,LineaB:1086,LineaB:1087,18.0
hpt,LineaB:1086,LineaB:1088,22.0
hpt,LineaB:1086,LineaB:1089,38.0
hpt,LineaB:1086,LineaB:1090,31.0
hpt,LineaB:1086,LineaB:1091,45.0
hpt,LineaB:1086,LineaB:1092,19.0
hpt,LineaB:1086,LineaB:1093,52.0
hpt,LineaB:1086,LineaC:1094,145.0
hpt,LineaB:1086,LineaC:1095,6.0
hpt,LineaB:1086,LineaC:1096,7.0
hpt,LineaB:1086,LineaC:1097,3.0
hpt,LineaB:1086,LineaC:1099,1.0
hpt,LineaB:1086,LineaC:1101,1.0
hpt,LineaB:1086,LineaC:1102,13.0
hpt,LineaB:1086,LineaD:1103,10.0
hpt,LineaB:1086,LineaD:1104,8.0
hpt,LineaB:1086,LineaD:1105,4.0
hpt,LineaB:1086,LineaD:1106,3.0
hpt,LineaB:1086,LineaD:1107,2.0
hpt,LineaB:1086,LineaD:1108,5.0
hpt,LineaB:1086,LineaD:1109,2.0
hpt,LineaB:1086,LineaD:1110,2.0
hpt,LineaB:1086,LineaD:1111,2.0
hpt,LineaB:1086,LineaD:1113,4.0
hpt,LineaB:1086,LineaD:1114,3.0
hpt,LineaB:1086,LineaD:1115,3.0
hpt,LineaB:1086,LineaD:1116,1.0
hpt,LineaB:1086,LineaD:1117,6.0
hpt,LineaB:1086,LineaD:1118,8.0
hpt,LineaB:1086,LineaE:1133,8.0
hpt,LineaB:1086,LineaE:1132,2.0
hpt,LineaB:1086,LineaE:1131,2.0
hpt,LineaB:1086,LineaE:1130,4.0
hpt,LineaB:1086,LineaE:1129,2.0
hpt,LineaB:1086,LineaE:1128,2.0
hpt,LineaB:1086,LineaE:1127,2.0
hpt,LineaB:1086,LineaE:1126,2.0
hpt,LineaB:1086,LineaE:1125,5.0
hpt,LineaB:1086,LineaE:1124,6.0
hpt,LineaB:1086,LineaE:1123,3.0
hpt,LineaB:1086,LineaE:1121,25.0
hpt,LineaB:1086,LineaE:1120,4.0
hpt,LineaB:1086,LineaH:1134,17.0
hpt,LineaB:1086,LineaH:1135,33.0
hpt,LineaB:1086,LineaH:1136,11.0
hpt,LineaB:1086,LineaH:1137,10.0
hpt,LineaB:1086,LineaH:1138,10.0
hpt,LineaB:1086,LineaH:1139,8.0
hpt,LineaB:1086,LineaH:1140,9.0
hpt,LineaB:1086,LineaH:1141,5.0
hpt,LineaB:1086,LineaH:1160,1.0
hpt,LineaB:1086,LineaH:1161,9.0
hpt,LineaB:1086,LineaH:1162,9.0
hpt,LineaB:1086,LineaH:1163,5.0
hpt,LineaB:1086,LineaE:1166,12.0
hpt,LineaB:1086,LineaE:1165,2.0
hpt,LineaB:1086,LineaE:1164,3.0
hpt,LineaB:1087,LineaA:1059,12.0
hpt,LineaB:1087,LineaA:1060,1.0
hpt,LineaB:1087,LineaA:1061,2.0
hpt,LineaB:1087,LineaA:1062,2.0
hpt,LineaB:1087,LineaA:1063,3.0
hpt,LineaB:1087,LineaA:1064,8.0
hpt,LineaB:1087,LineaA:1065,4.0
hpt,LineaB:1087,LineaA:1071,1.0
hpt,LineaB:1087,LineaA:1073,3.0
hpt,LineaB:1087,LineaA:1075,2.0
hpt,LineaB:1087,LineaA:1076,6.0
hpt,LineaB:1087,LineaB:1077,150.0
hpt,LineaB:1087,LineaB:1078,31.0
hpt,LineaB:1087,LineaB:1079,35.0
hpt,LineaB:1087,LineaB:1080,18.0
hpt,LineaB:1087,LineaB:1081,150.0
hpt,LineaB:1087,LineaB:1082,70.0
hpt,LineaB:1087,LineaB:1084,58.0
hpt,LineaB:1087,LineaB:1083,43.0
hpt,LineaB:1087,LineaB:1085,29.0
hpt,LineaB:1087,LineaB:1086,20.0
hpt,LineaB:1087,LineaB:1088,4.0
hpt,LineaB:1087,LineaB:1089,27.0
hpt,LineaB:1087,LineaB:1090,19.0
hpt,LineaB:1087,LineaB:1091,34.0
hpt,LineaB:1087,LineaB:1092,27.0
hpt,LineaB:1087,LineaB:1093,43.0
hpt,LineaB:1087,LineaC:1094,102.0
hpt,LineaB:1087,LineaC:1095,4.0
hpt,LineaB:1087,LineaC:1096,6.0
hpt,LineaB:1087,LineaC:1097,2.0
hpt,LineaB:1087,LineaC:1100,3.0
hpt,LineaB:1087,LineaC:1101,3.0
hpt,LineaB:1087,LineaC:1102,6.0
hpt,LineaB:1087,LineaD:1103,6.0
hpt,LineaB:1087,LineaD:1104,2.0
hpt,LineaB:1087,LineaD:1105,2.0
hpt,LineaB:1087,LineaD:1106,5.0
hpt,LineaB:1087,LineaD:1107,6.0
hpt,LineaB:1087,LineaD:1108,3.0
hpt,LineaB:1087,LineaD:1109,2.0
hpt,LineaB:1087,LineaD:1110,3.0
hpt,LineaB:1087,LineaD:1111,2.0
hpt,LineaB:1087,LineaD:1112,2.0
hpt,LineaB:1087,LineaD:1115,6.0
hpt,LineaB:1087,LineaD:1116,2.0
hpt,LineaB:1087,LineaD:1117,8.0
hpt,LineaB:1087,LineaD:1118,6.0
hpt,LineaB:1087,LineaE:1133,6.0
hpt,LineaB:1087,LineaE:1131,2.0
hpt,LineaB:1087,LineaE:1128,2.0
hpt,LineaB:1087,LineaE:1124,2.0
hpt,LineaB:1087,LineaE:1122,2.0
hpt,LineaB:1087,LineaE:1121,4.0
hpt,LineaB:1087,LineaE:1120,3.0
hpt,LineaB:1087,LineaH:1134,6.0
hpt,LineaB:1087,LineaH:1135,1.0
hpt,LineaB:1087,LineaH:1136,2.0
hpt,LineaB:1087,LineaH:1137,2.0
hpt,LineaB:1087,LineaH:1139,1.0
hpt,LineaB:1087,LineaH:1140,2.0
hpt,LineaB:1087,LineaH:1141,8.0
hpt,LineaB:1087,LineaH:1160,2.0
hpt,LineaB:1087,LineaH:1161,3.0
hpt,LineaB:1087,LineaH:1162,3.0
hpt,LineaB:1087,LineaH:1163,2.0
hpt,LineaB:1087,LineaE:1166,8.0
hpt,LineaB:1087,LineaE:1165,2.0
hpt,LineaB:1087,LineaE:1164,2.0
hpt,LineaB:1088,LineaA:1059,12.0
hpt,LineaB:1088,LineaA:1061,6.0
hpt,LineaB:1088,LineaA:1063,2.0
hpt,LineaB:1088,LineaA:1064,4.0
hpt,LineaB:1088,LineaA:1065,6.0
hpt,LineaB:1088,LineaA:1066,4.0
hpt,LineaB:1088,LineaA:1070,2.0
hpt,LineaB:1088,LineaA:1072,2.0
hpt,LineaB:1088,LineaA:1073,2.0
hpt,LineaB:1088,LineaA:1074,2.0
hpt,LineaB:1088,LineaA:1075,4.0
hpt,LineaB:1088,LineaA:1076,4.0
hpt,LineaB:1088,LineaB:1077,114.0
hpt,LineaB:1088,LineaB:1078,22.0
hpt,LineaB:1088,LineaB:1079,37.0
hpt,LineaB:1088,LineaB:1080,21.0
hpt,LineaB:1088,LineaB:1081,129.0
hpt,LineaB:1088,LineaB:1082,43.0
hpt,LineaB:1088,LineaB:1084,54.0
hpt,LineaB:1088,LineaB:1083,48.0
hpt,LineaB:1088,LineaB:1085,38.0
hpt,LineaB:1088,LineaB:1086,21.0
hpt,LineaB:1088,LineaB:1087,8.0
hpt,LineaB:1088,LineaB:1089,6.0
hpt,LineaB:1088,LineaB:1090,17.0
hpt,LineaB:1088,LineaB:1091,21.0
hpt,LineaB:1088,LineaB:1092,20.0
hpt,LineaB:1088,LineaB:1093,34.0
hpt,LineaB:1088,LineaC:1094,93.0
hpt,LineaB:1088,LineaC:1095,2.0
hpt,LineaB:1088,LineaC:1096,6.0
hpt,LineaB:1088,LineaC:1097,2.0
hpt,LineaB:1088,LineaC:1098,2.0
hpt,LineaB:1088,LineaC:1099,2.0
hpt,LineaB:1088,LineaC:1100,2.0
hpt,LineaB:1088,LineaC:1101,2.0
hpt,LineaB:1088,LineaC:1102,16.0
hpt,LineaB:1088,LineaD:1103,12.0
hpt,LineaB:1088,LineaD:1104,2.0
hpt,LineaB:1088,LineaD:1105,4.0
hpt,LineaB:1088,LineaD:1106,2.0
hpt,LineaB:1088,LineaD:1107,4.0
hpt,LineaB:1088,LineaD:1108,6.0
hpt,LineaB:1088,LineaD:1109,2.0
hpt,LineaB:1088,LineaD:1110,2.0
hpt,LineaB:1088,LineaD:1111,2.0
hpt,LineaB:1088,LineaD:1112,2.0
hpt,LineaB:1088,LineaD:1114,6.0
hpt,LineaB:1088,LineaD:1116,4.0
hpt,LineaB:1088,LineaD:1117,2.0
hpt,LineaB:1088,LineaD:1118,2.0
hpt,LineaB:1088,LineaE:1133,8.0
hpt,LineaB:1088,LineaE:1132,2.0
hpt,LineaB:1088,LineaE:1130,2.0
hpt,LineaB:1088,LineaE:1129,2.0
hpt,LineaB:1088,LineaE:1128,4.0
hpt,LineaB:1088,LineaE:1127,4.0
hpt,LineaB:1088,LineaE:1125,4.0
hpt,LineaB:1088,LineaE:1121,6.0
hpt,LineaB:1088,LineaE:1120,4.0
hpt,LineaB:1088,LineaH:1134,16.0
hpt,LineaB:1088,LineaH:1135,8.0
hpt,LineaB:1088,LineaH:1136,6.0
hpt,LineaB:1088,LineaH:1137,6.0
hpt,LineaB:1088,LineaH:1138,2.0
hpt,LineaB:1088,LineaH:1139,10.0
hpt,LineaB:1088,LineaH:1140,8.0
hpt,LineaB:1088,LineaH:1141,2.0
hpt,LineaB:1088,LineaH:1161,8.0
hpt,LineaB:1088,LineaH:1162,4.0
hpt,LineaB:1088,LineaH:1163,2.0
hpt,LineaB:1088,LineaE:1166,6.0
hpt,LineaB:1088,LineaE:1164,2.0
hpt,LineaB:1089,LineaA:1059,13.0
hpt,LineaB:1089,LineaA:1060,6.0
hpt,LineaB:1089,LineaA:1061,2.0
hpt,LineaB:1089,LineaA:1062,2.0
hpt,LineaB:1089,LineaA:1063,6.0
hpt,LineaB:1089,LineaA:1064,6.0
hpt,LineaB:1089,LineaA:1065,6.0
hpt,LineaB:1089,LineaA:1066,4.0
hpt,LineaB:1089,LineaA:1067,2.0
hpt,LineaB:1089,LineaA:1068,10.0
hpt,LineaB:1089,LineaA:1071,4.0
hpt,LineaB:1089,LineaA:1075,4.0
hpt,LineaB:1089,LineaA:1076,6.0
hpt,LineaB:1089,LineaB:1077,241.0
hpt,LineaB:1089,LineaB:1078,61.0
hpt,LineaB:1089,LineaB:1079,70.0
hpt,LineaB:1089,LineaB:1080,19.0
hpt,LineaB:1089,LineaB:1081,226.0
hpt,LineaB:1089,LineaB:1082,64.0
hpt,LineaB:1089,LineaB:1084,90.0
hpt,LineaB:1089,LineaB:1083,70.0
hpt,LineaB:1089,LineaB:1085,70.0
hpt,LineaB:1089,LineaB:1086,57.0
hpt,LineaB:1089,LineaB:1087,19.0
hpt,LineaB:1089,LineaB:1088,12.0
hpt,LineaB:1089,LineaB:1090,2.0
hpt,LineaB:1089,LineaB:1091,15.0
hpt,LineaB:1089,LineaB:1092,29.0
hpt,LineaB:1089,LineaB:1093,37.0
hpt,LineaB:1089,LineaC:1094,62.0
hpt,LineaB:1089,LineaC:1095,8.0
hpt,LineaB:1089,LineaC:1096,4.0
hpt,LineaB:1089,LineaC:1097,2.0
hpt,LineaB:1089,LineaC:1099,2.0
hpt,LineaB:1089,LineaC:1100,2.0
hpt,LineaB:1089,LineaC:1102,15.0
hpt,LineaB:1089,LineaD:1103,14.0
hpt,LineaB:1089,LineaD:1104,6.0
hpt,LineaB:1089,LineaD:1106,2.0
hpt,LineaB:1089,LineaD:1107,4.0
hpt,LineaB:1089,LineaD:1108,6.0
hpt,LineaB:1089,LineaD:1109,2.0
hpt,LineaB:1089,LineaD:1110,6.0
hpt,LineaB:1089,LineaD:1111,2.0
hpt,LineaB:1089,LineaD:1112,2.0
hpt,LineaB:1089,LineaD:1114,4.0
hpt,LineaB:1089,LineaD:1115,4.0
hpt,LineaB:1089,LineaD:1116,2.0
hpt,LineaB:1089,LineaD:1117,2.0
hpt,LineaB:1089,LineaD:1118,6.0
hpt,LineaB:1089,LineaE:1133,4.0
hpt,LineaB:1089,LineaE:1131,4.0
hpt,LineaB:1089,LineaE:1130,4.0
hpt,LineaB:1089,LineaE:1129,2.0
hpt,LineaB:1089,LineaE:1128,2.0
hpt,LineaB:1089,LineaE:1127,2.0
hpt,LineaB:1089,LineaE:1126,6.0
hpt,LineaB:1089,LineaE:1125,4.0
hpt,LineaB:1089,LineaE:1122,2.0
hpt,LineaB:1089,LineaE:1121,14.0
hpt,LineaB:1089,LineaE:1120,2.0
hpt,LineaB:1089,LineaE:1119,4.0
hpt,LineaB:1089,LineaH:1134,15.0
hpt,LineaB:1089,LineaH:1135,4.0
hpt,LineaB:1089,LineaH:1136,4.0
hpt,LineaB:1089,LineaH:1137,8.0
hpt,LineaB:1089,LineaH:1138,8.0
hpt,LineaB:1089,LineaH:1139,10.0
hpt,LineaB:1089,LineaH:1140,16.0
hpt,LineaB:1089,LineaH:1141,4.0
hpt,LineaB:1089,LineaH:1160,8.0
hpt,LineaB:1089,LineaH:1161,2.0
hpt,LineaB:1089,LineaH:1162,4.0
hpt,LineaB:1089,LineaH:1163,4.0
hpt,LineaB:1089,LineaE:1166,8.0
hpt,LineaB:1089,LineaE:1165,2.0
hpt,LineaB:1089,LineaE:1164,4.0
hpt,LineaB:1090,LineaA:1059,16.0
hpt,LineaB:1090,LineaA:1060,6.0
hpt,LineaB:1090,LineaA:1061,4.0
hpt,LineaB:1090,LineaA:1062,4.0
hpt,LineaB:1090,LineaA:1063,8.0
hpt,LineaB:1090,LineaA:1064,10.0
hpt,LineaB:1090,LineaA:1065,6.0
hpt,LineaB:1090,LineaA:1066,6.0
hpt,LineaB:1090,LineaA:1067,4.0
hpt,LineaB:1090,LineaA:1068,7.0
hpt,LineaB:1090,LineaA:1072,2.0
hpt,LineaB:1090,LineaA:1076,6.0
hpt,LineaB:1090,LineaB:1077,201.0
hpt,LineaB:1090,LineaB:1078,66.0
hpt,LineaB:1090,LineaB:1079,60.0
hpt,LineaB:1090,LineaB:1080,22.0
hpt,LineaB:1090,LineaB:1081,206.0
hpt,LineaB:1090,LineaB:1082,56.0
hpt,LineaB:1090,LineaB:1084,98.0
hpt,LineaB:1090,LineaB:1083,66.0
hpt,LineaB:1090,LineaB:1085,60.0
hpt,LineaB:1090,LineaB:1086,58.0
hpt,LineaB:1090,LineaB:1087,31.0
hpt,LineaB:1090,LineaB:1088,11.0
hpt,LineaB:1090,LineaB:1089,2.0
hpt,LineaB:1090,LineaB:1091,5.0
hpt,LineaB:1090,LineaB:1092,21.0
hpt,LineaB:1090,LineaB:1093,25.0
hpt,LineaB:1090,LineaC:1094,34.0
hpt,LineaB:1090,LineaC:1102,8.0
hpt,LineaB:1090,LineaD:1103,14.0
hpt,LineaB:1090,LineaD:1104,7.0
hpt,LineaB:1090,LineaD:1105,2.0
hpt,LineaB:1090,LineaD:1106,4.0
hpt,LineaB:1090,LineaD:1107,8.0
hpt,LineaB:1090,LineaD:1108,5.0
hpt,LineaB:1090,LineaD:1110,3.0
hpt,LineaB:1090,LineaD:1111,4.0
hpt,LineaB:1090,LineaD:1112,2.0
hpt,LineaB:1090,LineaD:1113,4.0
hpt,LineaB:1090,LineaD:1116,2.0
hpt,LineaB:1090,LineaE:1133,10.0
hpt,LineaB:1090,LineaE:1132,5.0
hpt,LineaB:1090,LineaE:1130,8.0
hpt,LineaB:1090,LineaE:1129,10.0
hpt,LineaB:1090,LineaE:1128,6.0
hpt,LineaB:1090,LineaE:1127,4.0
hpt,LineaB:1090,LineaE:1126,2.0
hpt,LineaB:1090,LineaE:1124,4.0
hpt,LineaB:1090,LineaE:1121,2.0
hpt,LineaB:1090,LineaE:1120,2.0
hpt,LineaB:1090,LineaH:1134,28.0
hpt,LineaB:1090,LineaH:1135,5.0
hpt,LineaB:1090,LineaH:1136,6.0
hpt,LineaB:1090,LineaH:1137,4.0
hpt,LineaB:1090,LineaH:1138,11.0
hpt,LineaB:1090,LineaH:1139,5.0
hpt,LineaB:1090,LineaH:1140,15.0
hpt,LineaB:1090,LineaH:1141,2.0
hpt,LineaB:1090,LineaH:1160,3.0
hpt,LineaB:1090,LineaH:1161,2.0
hpt,LineaB:1090,LineaH:1162,2.0
hpt,LineaB:1090,LineaE:1166,6.0
hpt,LineaB:1091,LineaA:1059,19.0
hpt,LineaB:1091,LineaA:1060,6.0
hpt,LineaB:1091,LineaA:1061,10.0
hpt,LineaB:1091,LineaA:1062,2.0
hpt,LineaB:1091,LineaA:1063,6.0
hpt,LineaB:1091,LineaA:1064,4.0
hpt,LineaB:1091,LineaA:1065,13.0
hpt,LineaB:1091,LineaA:1066,8.0
hpt,LineaB:1091,LineaA:1067,4.0
hpt,LineaB:1091,LineaA:1068,6.0
hpt,LineaB:1091,LineaA:1071,2.0
hpt,LineaB:1091,LineaB:1077,208.0
hpt,LineaB:1091,LineaB:1078,63.0
hpt,LineaB:1091,LineaB:1079,61.0
hpt,LineaB:1091,LineaB:1080,20.0
hpt,LineaB:1091,LineaB:1081,208.0
hpt,LineaB:1091,LineaB:1082,54.0
hpt,LineaB:1091,LineaB:1084,86.0
hpt,LineaB:1091,LineaB:1083,81.0
hpt,LineaB:1091,LineaB:1085,56.0
hpt,LineaB:1091,LineaB:1086,47.0
hpt,LineaB:1091,LineaB:1087,43.0
hpt,LineaB:1091,LineaB:1088,12.0
hpt,LineaB:1091,LineaB:1089,13.0
hpt,LineaB:1091,LineaB:1090,6.0
hpt,LineaB:1091,LineaB:1092,2.0
hpt,LineaB:1091,LineaB:1093,15.0
hpt,LineaB:1091,LineaC:1094,93.0
hpt,LineaB:1091,LineaC:1095,4.0
hpt,LineaB:1091,LineaC:1096,6.0
hpt,LineaB:1091,LineaC:1099,2.0
hpt,LineaB:1091,LineaC:1101,2.0
hpt,LineaB:1091,LineaC:1102,44.0
hpt,LineaB:1091,LineaD:1103,66.0
hpt,LineaB:1091,LineaD:1104,31.0
hpt,LineaB:1091,LineaD:1105,22.0
hpt,LineaB:1091,LineaD:1106,24.0
hpt,LineaB:1091,LineaD:1107,10.0
hpt,LineaB:1091,LineaD:1108,28.0
hpt,LineaB:1091,LineaD:1109,28.0
hpt,LineaB:1091,LineaD:1110,22.0
hpt,LineaB:1091,LineaD:1111,30.0
hpt,LineaB:1091,LineaD:1112,25.0
hpt,LineaB:1091,LineaD:1113,17.0
hpt,LineaB:1091,LineaD:1114,12.0
hpt,LineaB:1091,LineaD:1115,6.0
hpt,LineaB:1091,LineaD:1118,4.0
hpt,LineaB:1091,LineaE:1133,13.0
hpt,LineaB:1091,LineaE:1131,4.0
hpt,LineaB:1091,LineaE:1130,4.0
hpt,LineaB:1091,LineaE:1129,4.0
hpt,LineaB:1091,LineaE:1128,4.0
hpt,LineaB:1091,LineaE:1127,6.0
hpt,LineaB:1091,LineaE:1126,2.0
hpt,LineaB:1091,LineaE:1125,2.0
hpt,LineaB:1091,LineaE:1124,2.0
hpt,LineaB:1091,LineaE:1122,2.0
hpt,LineaB:1091,LineaE:1121,4.0
hpt,LineaB:1091,LineaE:1119,2.0
hpt,LineaB:1091,LineaH:1134,10.0
hpt,LineaB:1091,LineaH:1135,8.0
hpt,LineaB:1091,LineaH:1136,6.0
hpt,LineaB:1091,LineaH:1137,8.0
hpt,LineaB:1091,LineaH:1138,2.0
hpt,LineaB:1091,LineaH:1139,10.0
hpt,LineaB:1091,LineaH:1140,14.0
hpt,LineaB:1091,LineaH:1141,10.0
hpt,LineaB:1091,LineaH:1161,8.0
hpt,LineaB:1091,LineaH:1162,4.0
hpt,LineaB:1091,LineaE:1166,2.0
hpt,LineaB:1092,LineaA:1059,20.0
hpt,LineaB:1092,LineaA:1060,8.0
hpt,LineaB:1092,LineaA:1061,4.0
hpt,LineaB:1092,LineaA:1062,2.0
hpt,LineaB:1092,LineaA:1063,9.0
hpt,LineaB:1092,LineaA:1064,12.0
hpt,LineaB:1092,LineaA:1065,8.0
hpt,LineaB:1092,LineaA:1066,8.0
hpt,LineaB:1092,LineaA:1067,4.0
hpt,LineaB:1092,LineaA:1068,16.0
hpt,LineaB:1092,LineaA:1069,2.0
hpt,LineaB:1092,LineaA:1070,2.0
hpt,LineaB:1092,LineaA:1071,7.0
hpt,LineaB:1092,LineaA:1072,2.0
hpt,LineaB:1092,LineaA:1074,2.0
hpt,LineaB:1092,LineaB:1077,334.0
hpt,LineaB:1092,LineaB:1078,86.0
hpt,LineaB:1092,LineaB:1079,100.0
hpt,LineaB:1092,LineaB:1080,42.0
hpt,LineaB:1092,LineaB:1081,309.0
hpt,LineaB:1092,LineaB:1082,89.0
hpt,LineaB:1092,LineaB:1084,159.0
hpt,LineaB:1092,LineaB:1083,112.0
hpt,LineaB:1092,LineaB:1085,97.0
hpt,LineaB:1092,LineaB:1086,61.0
hpt,LineaB:1092,LineaB:1087,54.0
hpt,LineaB:1092,LineaB:1088,15.0
hpt,LineaB:1092,LineaB:1089,29.0
hpt,LineaB:1092,LineaB:1090,25.0
hpt,LineaB:1092,LineaB:1091,2.0
hpt,LineaB:1092,LineaB:1093,2.0
hpt,LineaB:1092,LineaC:1094,25.0
hpt,LineaB:1092,LineaC:1096,2.0
hpt,LineaB:1092,LineaC:1098,4.0
hpt,LineaB:1092,LineaC:1102,17.0
hpt,LineaB:1092,LineaD:1103,25.0
hpt,LineaB:1092,LineaD:1104,10.0
hpt,LineaB:1092,LineaD:1105,4.0
hpt,LineaB:1092,LineaD:1106,6.0
hpt,LineaB:1092,LineaD:1107,2.0
hpt,LineaB:1092,LineaD:1108,16.0
hpt,LineaB:1092,LineaD:1109,8.0
hpt,LineaB:1092,LineaD:1110,8.0
hpt,LineaB:1092,LineaD:1111,13.0
hpt,LineaB:1092,LineaD:1112,9.0
hpt,LineaB:1092,LineaD:1113,2.0
hpt,LineaB:1092,LineaD:1114,10.0
hpt,LineaB:1092,LineaD:1115,10.0
hpt,LineaB:1092,LineaD:1116,5.0
hpt,LineaB:1092,LineaD:1118,4.0
hpt,LineaB:1092,LineaE:1133,7.0
hpt,LineaB:1092,LineaE:1130,4.0
hpt,LineaB:1092,LineaE:1129,4.0
hpt,LineaB:1092,LineaE:1128,4.0
hpt,LineaB:1092,LineaE:1127,6.0
hpt,LineaB:1092,LineaE:1126,6.0
hpt,LineaB:1092,LineaE:1125,2.0
hpt,LineaB:1092,LineaE:1123,2.0
hpt,LineaB:1092,LineaE:1122,2.0
hpt,LineaB:1092,LineaE:1121,7.0
hpt,LineaB:1092,LineaH:1134,24.0
hpt,LineaB:1092,LineaH:1135,12.0
hpt,LineaB:1092,LineaH:1136,9.0
hpt,LineaB:1092,LineaH:1137,11.0
hpt,LineaB:1092,LineaH:1138,4.0
hpt,LineaB:1092,LineaH:1139,10.0
hpt,LineaB:1092,LineaH:1140,15.0
hpt,LineaB:1092,LineaH:1160,4.0
hpt,LineaB:1092,LineaH:1161,4.0
hpt,LineaB:1092,LineaH:1162,8.0
hpt,LineaB:1092,LineaH:1163,2.0
hpt,LineaB:1092,LineaE:1166,2.0
hpt,LineaB:1092,LineaE:1164,2.0
hpt,LineaB:1093,LineaA:1059,21.0
hpt,LineaB:1093,LineaA:1060,8.0
hpt,LineaB:1093,LineaA:1061,12.0
hpt,LineaB:1093,LineaA:1062,4.0
hpt,LineaB:1093,LineaA:1063,4.0
hpt,LineaB:1093,LineaA:1064,10.0
hpt,LineaB:1093,LineaA:1065,6.0
hpt,LineaB:1093,LineaA:1066,4.0
hpt,LineaB:1093,LineaA:1067,7.0
hpt,LineaB:1093,LineaA:1068,14.0
hpt,LineaB:1093,LineaA:1069,2.0
hpt,LineaB:1093,LineaA:1071,4.0
hpt,LineaB:1093,LineaA:1072,2.0
hpt,LineaB:1093,LineaA:1076,2.0
hpt,LineaB:1093,LineaB:1077,457.0
hpt,LineaB:1093,LineaB:1078,133.0
hpt,LineaB:1093,LineaB:1079,122.0
hpt,LineaB:1093,LineaB:1080,40.0
hpt,LineaB:1093,LineaB:1081,361.0
hpt,LineaB:1093,LineaB:1082,101.0
hpt,LineaB:1093,LineaB:1084,203.0
hpt,LineaB:1093,LineaB:1083,137.0
hpt,LineaB:1093,LineaB:1085,103.0
hpt,LineaB:1093,LineaB:1086,66.0
hpt,LineaB:1093,LineaB:1087,64.0
hpt,LineaB:1093,LineaB:1088,23.0
hpt,LineaB:1093,LineaB:1089,47.0
hpt,LineaB:1093,LineaB:1090,15.0
hpt,LineaB:1093,LineaB:1091,9.0
hpt,LineaB:1093,LineaC:1094,33.0
hpt,LineaB:1093,LineaC:1095,2.0
hpt,LineaB:1093,LineaC:1096,6.0
hpt,LineaB:1093,LineaC:1099,2.0
hpt,LineaB:1093,LineaC:1100,2.0
hpt,LineaB:1093,LineaC:1101,2.0
hpt,LineaB:1093,LineaC:1102,6.0
hpt,LineaB:1093,LineaD:1103,52.0
hpt,LineaB:1093,LineaD:1104,22.0
hpt,LineaB:1093,LineaD:1105,17.0
hpt,LineaB:1093,LineaD:1106,19.0
hpt,LineaB:1093,LineaD:1107,18.0
hpt,LineaB:1093,LineaD:1108,18.0
hpt,LineaB:1093,LineaD:1109,20.0
hpt,LineaB:1093,LineaD:1110,22.0
hpt,LineaB:1093,LineaD:1111,25.0
hpt,LineaB:1093,LineaD:1112,12.0
hpt,LineaB:1093,LineaD:1113,9.0
hpt,LineaB:1093,LineaD:1114,8.0
hpt,LineaB:1093,LineaD:1115,10.0
hpt,LineaB:1093,LineaD:1116,4.0
hpt,LineaB:1093,LineaE:1133,6.0
hpt,LineaB:1093,LineaE:1132,2.0
hpt,LineaB:1093,LineaE:1131,4.0
hpt,LineaB:1093,LineaE:1130,4.0
hpt,LineaB:1093,LineaE:1128,4.0
hpt,LineaB:1093,LineaE:1127,2.0
hpt,LineaB:1093,LineaE:1126,4.0
hpt,LineaB:1093,LineaE:1124,4.0
hpt,LineaB:1093,LineaE:1123,2.0
hpt,LineaB:1093,LineaE:1121,4.0
hpt,LineaB:1093,LineaH:1134,10.0
hpt,LineaB:1093,LineaH:1135,2.0
hpt,LineaB:1093,LineaH:1136,6.0
hpt,LineaB:1093,LineaH:1137,2.0
hpt,LineaB:1093,LineaH:1138,4.0
hpt,LineaB:1093,LineaH:1139,6.0
hpt,LineaB:1093,LineaH:1140,18.0
hpt,LineaB:1093,LineaH:1141,6.0
hpt,LineaB:1093,LineaH:1160,8.0
hpt,LineaB:1093,LineaH:1161,6.0
hpt,LineaB:1093,LineaH:1162,11.0
hpt,LineaB:1093,LineaH:1163,2.0
hpt,LineaB:1093,LineaE:1166,6.0
hpt,LineaB:1093,LineaE:1164,8.0
hpt,LineaC:1094,LineaA:1059,51.0
hpt,LineaC:1094,LineaA:1060,44.0
hpt,LineaC:1094,LineaA:1061,27.0
hpt,LineaC:1094,LineaA:1062,21.0
hpt,LineaC:1094,LineaA:1063,35.0
hpt,LineaC:1094,LineaA:1064,33.0
hpt,LineaC:1094,LineaA:1065,27.0
hpt,LineaC:1094,LineaA:1066,24.0
hpt,LineaC:1094,LineaA:1067,39.0
hpt,LineaC:1094,LineaA:1068,58.0
hpt,LineaC:1094,LineaA:1069,4.0
hpt,LineaC:1094,LineaA:1070,10.0
hpt,LineaC:1094,LineaA:1071,14.0
hpt,LineaC:1094,LineaA:1072,14.0
hpt,LineaC:1094,LineaA:1073,16.0
hpt,LineaC:1094,LineaA:1075,4.0
hpt,LineaC:1094,LineaA:1076,8.0
hpt,LineaC:1094,LineaB:1077,73.0
hpt,LineaC:1094,LineaB:1078,17.0
hpt,LineaC:1094,LineaB:1079,23.0
hpt,LineaC:1094,LineaB:1080,15.0
hpt,LineaC:1094,LineaB:1081,68.0
hpt,LineaC:1094,LineaB:1082,42.0
hpt,LineaC:1094,LineaB:1084,62.0
hpt,LineaC:1094,LineaB:1083,38.0
hpt,LineaC:1094,LineaB:1085,56.0
hpt,LineaC:1094,LineaB:1086,50.0
hpt,LineaC:1094,LineaB:1087,19.0
hpt,LineaC:1094,LineaB:1088,19.0
hpt,LineaC:1094,LineaB:1089,41.0
hpt,LineaC:1094,LineaB:1090,20.0
hpt,LineaC:1094,LineaB:1091,61.0
hpt,LineaC:1094,LineaB:1092,6.0
hpt,LineaC:1094,LineaB:1093,2.0
hpt,LineaC:1094,LineaC:1095,56.0
hpt,LineaC:1094,LineaC:1096,46.0
hpt,LineaC:1094,LineaC:1097,26.0
hpt,LineaC:1094,LineaC:1098,42.0
hpt,LineaC:1094,LineaC:1099,35.0
hpt,LineaC:1094,LineaC:1100,88.0
hpt,LineaC:1094,LineaC:1101,43.0
hpt,LineaC:1094,LineaC:1102,374.0
hpt,LineaC:1094,LineaD:1103,81.0
hpt,LineaC:1094,LineaD:1104,50.0
hpt,LineaC:1094,LineaD:1105,23.0
hpt,LineaC:1094,LineaD:1106,30.0
hpt,LineaC:1094,LineaD:1107,25.0
hpt,LineaC:1094,LineaD:1108,35.0
hpt,LineaC:1094,LineaD:1109,35.0
hpt,LineaC:1094,LineaD:1110,29.0
hpt,LineaC:1094,LineaD:1111,52.0
hpt,LineaC:1094,LineaD:1112,24.0
hpt,LineaC:1094,LineaD:1113,27.0
hpt,LineaC:1094,LineaD:1114,38.0
hpt,LineaC:1094,LineaD:1115,37.0
hpt,LineaC:1094,LineaD:1116,23.0
hpt,LineaC:1094,LineaD:1117,8.0
hpt,LineaC:1094,LineaD:1118,8.0
hpt,LineaC:1094,LineaE:1133,10.0
hpt,LineaC:1094,LineaE:1132,8.0
hpt,LineaC:1094,LineaE:1131,13.0
hpt,LineaC:1094,LineaE:1130,13.0
hpt,LineaC:1094,LineaE:1129,24.0
hpt,LineaC:1094,LineaE:1128,10.0
hpt,LineaC:1094,LineaE:1127,14.0
hpt,LineaC:1094,LineaE:1126,10.0
hpt,LineaC:1094,LineaE:1125,6.0
hpt,LineaC:1094,LineaE:1124,12.0
hpt,LineaC:1094,LineaE:1123,10.0
hpt,LineaC:1094,LineaE:1121,218.0
hpt,LineaC:1094,LineaE:1120,6.0
hpt,LineaC:1094,LineaE:1119,12.0
hpt,LineaC:1094,LineaH:1134,6.0
hpt,LineaC:1094,LineaH:1135,2.0
hpt,LineaC:1094,LineaH:1136,2.0
hpt,LineaC:1094,LineaH:1137,2.0
hpt,LineaC:1094,LineaH:1138,2.0
hpt,LineaC:1094,LineaH:1139,4.0
hpt,LineaC:1094,LineaH:1140,8.0
hpt,LineaC:1094,LineaH:1141,4.0
hpt,LineaC:1094,LineaH:1160,8.0
hpt,LineaC:1094,LineaH:1161,10.0
hpt,LineaC:1094,LineaH:1162,6.0
hpt,LineaC:1094,LineaH:1163,14.0
hpt,LineaC:1094,LineaE:1166,8.0
hpt,LineaC:1094,LineaE:1165,6.0
hpt,LineaC:1094,LineaE:1164,9.0
hpt,LineaC:1095,LineaA:1059,10.0
hpt,LineaC:1095,LineaA:1060,2.0
hpt,LineaC:1095,LineaA:1061,2.0
hpt,LineaC:1095,LineaA:1063,8.0
hpt,LineaC:1095,LineaA:1064,8.0
hpt,LineaC:1095,LineaA:1065,2.0
hpt,LineaC:1095,LineaA:1066,2.0
hpt,LineaC:1095,LineaA:1067,8.0
hpt,LineaC:1095,LineaA:1068,17.0
hpt,LineaC:1095,LineaA:1070,2.0
hpt,LineaC:1095,LineaA:1073,2.0
hpt,LineaC:1095,LineaB:1077,18.0
hpt,LineaC:1095,LineaB:1078,4.0
hpt,LineaC:1095,LineaB:1079,4.0
hpt,LineaC:1095,LineaB:1081,8.0
hpt,LineaC:1095,LineaB:1082,4.0
hpt,LineaC:1095,LineaB:1084,4.0
hpt,LineaC:1095,LineaB:1083,8.0
hpt,LineaC:1095,LineaB:1085,12.0
hpt,LineaC:1095,LineaB:1086,6.0
hpt,LineaC:1095,LineaB:1087,2.0
hpt,LineaC:1095,LineaB:1088,4.0
hpt,LineaC:1095,LineaB:1089,6.0
hpt,LineaC:1095,LineaB:1090,2.0
hpt,LineaC:1095,LineaB:1091,6.0
hpt,LineaC:1095,LineaB:1092,2.0
hpt,LineaC:1095,LineaC:1094,16.0
hpt,LineaC:1095,LineaC:1097,2.0
hpt,LineaC:1095,LineaC:1098,2.0
hpt,LineaC:1095,LineaC:1099,4.0
hpt,LineaC:1095,LineaC:1100,10.0
hpt,LineaC:1095,LineaC:1101,8.0
hpt,LineaC:1095,LineaC:1102,37.0
hpt,LineaC:1095,LineaD:1103,12.0
hpt,LineaC:1095,LineaD:1104,4.0
hpt,LineaC:1095,LineaD:1105,6.0
hpt,LineaC:1095,LineaD:1106,4.0
hpt,LineaC:1095,LineaD:1107,4.0
hpt,LineaC:1095,LineaD:1108,2.0
hpt,LineaC:1095,LineaD:1109,4.0
hpt,LineaC:1095,LineaD:1110,8.0
hpt,LineaC:1095,LineaD:1111,6.0
hpt,LineaC:1095,LineaD:1112,6.0
hpt,LineaC:1095,LineaD:1114,10.0
hpt,LineaC:1095,LineaD:1115,2.0
hpt,LineaC:1095,LineaD:1116,2.0
hpt,LineaC:1095,LineaD:1117,4.0
hpt,LineaC:1095,LineaE:1133,4.0
hpt,LineaC:1095,LineaE:1131,2.0
hpt,LineaC:1095,LineaE:1130,2.0
hpt,LineaC:1095,LineaE:1129,2.0
hpt,LineaC:1095,LineaE:1128,2.0
hpt,LineaC:1095,LineaE:1127,2.0
hpt,LineaC:1095,LineaE:1126,2.0
hpt,LineaC:1095,LineaE:1121,2.0
hpt,LineaC:1095,LineaE:1119,2.0
hpt,LineaC:1095,LineaH:1135,2.0
hpt,LineaC:1095,LineaH:1136,2.0
hpt,LineaC:1095,LineaH:1138,2.0
hpt,LineaC:1095,LineaH:1140,2.0
hpt,LineaC:1095,LineaH:1160,4.0
hpt,LineaC:1095,LineaH:1161,2.0
hpt,LineaC:1095,LineaH:1162,2.0
hpt,LineaC:1095,LineaH:1163,2.0
hpt,LineaC:1095,LineaE:1165,2.0
hpt,LineaC:1096,LineaA:1059,6.0
hpt,LineaC:1096,LineaA:1060,6.0
hpt,LineaC:1096,LineaA:1061,7.0
hpt,LineaC:1096,LineaA:1062,1.0
hpt,LineaC:1096,LineaA:1063,7.0
hpt,LineaC:1096,LineaA:1064,7.0
hpt,LineaC:1096,LineaA:1065,6.0
hpt,LineaC:1096,LineaA:1067,7.0
hpt,LineaC:1096,LineaA:1068,15.0
hpt,LineaC:1096,LineaA:1069,1.0
hpt,LineaC:1096,LineaA:1071,3.0
hpt,LineaC:1096,LineaA:1072,2.0
hpt,LineaC:1096,LineaA:1073,2.0
hpt,LineaC:1096,LineaA:1076,1.0
hpt,LineaC:1096,LineaB:1077,16.0
hpt,LineaC:1096,LineaB:1078,2.0
hpt,LineaC:1096,LineaB:1079,6.0
hpt,LineaC:1096,LineaB:1080,3.0
hpt,LineaC:1096,LineaB:1081,16.0
hpt,LineaC:1096,LineaB:1082,6.0
hpt,LineaC:1096,LineaB:1084,6.0
hpt,LineaC:1096,LineaB:1083,6.0
hpt,LineaC:1096,LineaB:1085,7.0
hpt,LineaC:1096,LineaB:1086,7.0
hpt,LineaC:1096,LineaB:1087,3.0
hpt,LineaC:1096,LineaB:1088,3.0
hpt,LineaC:1096,LineaB:1089,1.0
hpt,LineaC:1096,LineaB:1090,1.0
hpt,LineaC:1096,LineaB:1091,5.0
hpt,LineaC:1096,LineaB:1093,1.0
hpt,LineaC:1096,LineaC:1094,65.0
hpt,LineaC:1096,LineaC:1095,3.0
hpt,LineaC:1096,LineaC:1097,3.0
hpt,LineaC:1096,LineaC:1098,3.0
hpt,LineaC:1096,LineaC:1100,1.0
hpt,LineaC:1096,LineaC:1101,2.0
hpt,LineaC:1096,LineaC:1102,70.0
hpt,LineaC:1096,LineaD:1103,31.0
hpt,LineaC:1096,LineaD:1104,6.0
hpt,LineaC:1096,LineaD:1105,6.0
hpt,LineaC:1096,LineaD:1106,2.0
hpt,LineaC:1096,LineaD:1107,6.0
hpt,LineaC:1096,LineaD:1108,4.0
hpt,LineaC:1096,LineaD:1109,8.0
hpt,LineaC:1096,LineaD:1110,1.0
hpt,LineaC:1096,LineaD:1111,7.0
hpt,LineaC:1096,LineaD:1112,6.0
hpt,LineaC:1096,LineaD:1113,5.0
hpt,LineaC:1096,LineaD:1114,6.0
hpt,LineaC:1096,LineaD:1115,5.0
hpt,LineaC:1096,LineaD:1116,1.0
hpt,LineaC:1096,LineaD:1117,3.0
hpt,LineaC:1096,LineaD:1118,4.0
hpt,LineaC:1096,LineaE:1133,21.0
hpt,LineaC:1096,LineaE:1132,2.0
hpt,LineaC:1096,LineaE:1131,6.0
hpt,LineaC:1096,LineaE:1130,9.0
hpt,LineaC:1096,LineaE:1129,16.0
hpt,LineaC:1096,LineaE:1128,12.0
hpt,LineaC:1096,LineaE:1127,12.0
hpt,LineaC:1096,LineaE:1126,12.0
hpt,LineaC:1096,LineaE:1125,7.0
hpt,LineaC:1096,LineaE:1124,6.0
hpt,LineaC:1096,LineaE:1123,2.0
hpt,LineaC:1096,LineaE:1122,1.0
hpt,LineaC:1096,LineaE:1121,1.0
hpt,LineaC:1096,LineaH:1134,4.0
hpt,LineaC:1096,LineaH:1135,1.0
hpt,LineaC:1096,LineaH:1136,4.0
hpt,LineaC:1096,LineaH:1137,4.0
hpt,LineaC:1096,LineaH:1138,3.0
hpt,LineaC:1096,LineaH:1160,3.0
hpt,LineaC:1096,LineaE:1166,2.0
hpt,LineaC:1096,LineaE:1165,4.0
hpt,LineaC:1096,LineaE:1164,1.0
hpt,LineaC:1097,LineaA:1059,6.0
hpt,LineaC:1097,LineaA:1060,6.0
hpt,LineaC:1097,LineaA:1061,8.0
hpt,LineaC:1097,LineaA:1062,4.0
hpt,LineaC:1097,LineaA:1064,2.0
hpt,LineaC:1097,LineaA:1065,2.0
hpt,LineaC:1097,LineaA:1068,6.0
hpt,LineaC:1097,LineaA:1071,2.0
hpt,LineaC:1097,LineaB:1077,29.0
hpt,LineaC:1097,LineaB:1078,9.0
hpt,LineaC:1097,LineaB:1079,10.0
hpt,LineaC:1097,LineaB:1080,4.0
hpt,LineaC:1097,LineaB:1081,25.0
hpt,LineaC:1097,LineaB:1082,6.0
hpt,LineaC:1097,LineaB:1084,16.0
hpt,LineaC:1097,LineaB:1083,10.0
hpt,LineaC:1097,LineaB:1085,14.0
hpt,LineaC:1097,LineaB:1086,2.0
hpt,LineaC:1097,LineaB:1089,2.0
hpt,LineaC:1097,LineaB:1091,2.0
hpt,LineaC:1097,LineaC:1094,149.0
hpt,LineaC:1097,LineaC:1095,6.0
hpt,LineaC:1097,LineaC:1100,13.0
hpt,LineaC:1097,LineaC:1102,141.0
hpt,LineaC:1097,LineaD:1103,31.0
hpt,LineaC:1097,LineaD:1104,13.0
hpt,LineaC:1097,LineaD:1105,12.0
hpt,LineaC:1097,LineaD:1106,10.0
hpt,LineaC:1097,LineaD:1107,6.0
hpt,LineaC:1097,LineaD:1108,9.0
hpt,LineaC:1097,LineaD:1109,8.0
hpt,LineaC:1097,LineaD:1110,10.0
hpt,LineaC:1097,LineaD:1111,16.0
hpt,LineaC:1097,LineaD:1112,12.0
hpt,LineaC:1097,LineaD:1113,2.0
hpt,LineaC:1097,LineaD:1114,4.0
hpt,LineaC:1097,LineaD:1115,6.0
hpt,LineaC:1097,LineaE:1123,2.0
hpt,LineaC:1097,LineaE:1121,2.0
hpt,LineaC:1097,LineaE:1120,2.0
hpt,LineaC:1097,LineaH:1134,2.0
hpt,LineaC:1097,LineaH:1135,2.0
hpt,LineaC:1097,LineaH:1141,2.0
hpt,LineaC:1097,LineaH:1161,2.0
hpt,LineaC:1097,LineaE:1166,2.0
hpt,LineaC:1097,LineaE:1164,4.0
hpt,LineaC:1098,LineaA:1059,17.0
hpt,LineaC:1098,LineaA:1060,10.0
hpt,LineaC:1098,LineaA:1061,8.0
hpt,LineaC:1098,LineaA:1062,2.0
hpt,LineaC:1098,LineaA:1063,15.0
hpt,LineaC:1098,LineaA:1064,12.0
hpt,LineaC:1098,LineaA:1065,8.0
hpt,LineaC:1098,LineaA:1066,8.0
hpt,LineaC:1098,LineaA:1067,2.0
hpt,LineaC:1098,LineaA:1068,17.0
hpt,LineaC:1098,LineaA:1070,2.0
hpt,LineaC:1098,LineaA:1071,2.0
hpt,LineaC:1098,LineaA:1072,2.0
hpt,LineaC:1098,LineaA:1073,2.0
hpt,LineaC:1098,LineaA:1076,2.0
hpt,LineaC:1098,LineaB:1077,11.0
hpt,LineaC:1098,LineaB:1081,10.0
hpt,LineaC:1098,LineaB:1084,4.0
hpt,LineaC:1098,LineaB:1088,2.0
hpt,LineaC:1098,LineaB:1091,2.0
hpt,LineaC:1098,LineaC:1094,170.0
hpt,LineaC:1098,LineaC:1095,8.0
hpt,LineaC:1098,LineaC:1096,4.0
hpt,LineaC:1098,LineaC:1100,4.0
hpt,LineaC:1098,LineaC:1101,4.0
hpt,LineaC:1098,LineaC:1102,89.0
hpt,LineaC:1098,LineaD:1103,11.0
hpt,LineaC:1098,LineaD:1104,2.0
hpt,LineaC:1098,LineaD:1105,2.0
hpt,LineaC:1098,LineaD:1108,2.0
hpt,LineaC:1098,LineaD:1111,2.0
hpt,LineaC:1098,LineaD:1112,2.0
hpt,LineaC:1098,LineaD:1113,2.0
hpt,LineaC:1098,LineaD:1115,2.0
hpt,LineaC:1098,LineaE:1133,4.0
hpt,LineaC:1098,LineaE:1129,4.0
hpt,LineaC:1098,LineaE:1128,2.0
hpt,LineaC:1098,LineaE:1122,2.0
hpt,LineaC:1098,LineaE:1121,2.0
hpt,LineaC:1098,LineaH:1134,2.0
hpt,LineaC:1098,LineaH:1137,2.0
hpt,LineaC:1098,LineaH:1138,2.0
hpt,LineaC:1098,LineaH:1140,4.0
hpt,LineaC:1099,LineaA:1059,2.0
hpt,LineaC:1099,LineaA:1062,2.0
hpt,LineaC:1099,LineaA:1063,2.0
hpt,LineaC:1099,LineaA:1064,2.0
hpt,LineaC:1099,LineaA:1065,2.0
hpt,LineaC:1099,LineaA:1067,2.0
hpt,LineaC:1099,LineaA:1068,2.0
hpt,LineaC:1099,LineaB:1077,16.0
hpt,LineaC:1099,LineaB:1079,4.0
hpt,LineaC:1099,LineaB:1081,14.0
hpt,LineaC:1099,LineaB:1082,6.0
hpt,LineaC:1099,LineaB:1084,8.0
hpt,LineaC:1099,LineaB:1083,6.0
hpt,LineaC:1099,LineaB:1085,6.0
hpt,LineaC:1099,LineaB:1086,6.0
hpt,LineaC:1099,LineaB:1089,2.0
hpt,LineaC:1099,LineaB:1091,2.0
hpt,LineaC:1099,LineaC:1094,235.0
hpt,LineaC:1099,LineaC:1095,6.0
hpt,LineaC:1099,LineaC:1096,2.0
hpt,LineaC:1099,LineaC:1102,117.0
hpt,LineaC:1099,LineaD:1103,30.0
hpt,LineaC:1099,LineaD:1104,9.0
hpt,LineaC:1099,LineaD:1105,6.0
hpt,LineaC:1099,LineaD:1106,6.0
hpt,LineaC:1099,LineaD:1107,10.0
hpt,LineaC:1099,LineaD:1108,11.0
hpt,LineaC:1099,LineaD:1109,10.0
hpt,LineaC:1099,LineaD:1110,10.0
hpt,LineaC:1099,LineaD:1111,18.0
hpt,LineaC:1099,LineaD:1112,16.0
hpt,LineaC:1099,LineaD:1113,6.0
hpt,LineaC:1099,LineaD:1114,4.0
hpt,LineaC:1099,LineaD:1115,2.0
hpt,LineaC:1099,LineaE:1133,2.0
hpt,LineaC:1099,LineaE:1132,2.0
hpt,LineaC:1099,LineaE:1131,2.0
hpt,LineaC:1099,LineaE:1130,2.0
hpt,LineaC:1099,LineaE:1126,2.0
hpt,LineaC:1099,LineaE:1121,6.0
hpt,LineaC:1099,LineaH:1134,4.0
hpt,LineaC:1099,LineaH:1135,2.0
hpt,LineaC:1099,LineaH:1137,2.0
hpt,LineaC:1099,LineaH:1140,2.0
hpt,LineaC:1099,LineaH:1141,2.0
hpt,LineaC:1099,LineaH:1161,4.0
hpt,LineaC:1099,LineaH:1162,2.0
hpt,LineaC:1099,LineaE:1164,4.0
hpt,LineaC:1100,LineaA:1059,42.0
hpt,LineaC:1100,LineaA:1060,16.0
hpt,LineaC:1100,LineaA:1061,8.0
hpt,LineaC:1100,LineaA:1062,6.0
hpt,LineaC:1100,LineaA:1063,10.0
hpt,LineaC:1100,LineaA:1064,10.0
hpt,LineaC:1100,LineaA:1065,10.0
hpt,LineaC:1100,LineaA:1066,4.0
hpt,LineaC:1100,LineaA:1067,6.0
hpt,LineaC:1100,LineaA:1068,20.0
hpt,LineaC:1100,LineaA:1069,2.0
hpt,LineaC:1100,LineaA:1070,2.0
hpt,LineaC:1100,LineaA:1071,2.0
hpt,LineaC:1100,LineaA:1072,2.0
hpt,LineaC:1100,LineaA:1073,2.0
hpt,LineaC:1100,LineaB:1077,8.0
hpt,LineaC:1100,LineaB:1081,14.0
hpt,LineaC:1100,LineaB:1082,4.0
hpt,LineaC:1100,LineaB:1084,4.0
hpt,LineaC:1100,LineaB:1086,2.0
hpt,LineaC:1100,LineaB:1087,4.0
hpt,LineaC:1100,LineaB:1091,6.0
hpt,LineaC:1100,LineaB:1092,6.0
hpt,LineaC:1100,LineaB:1093,2.0
hpt,LineaC:1100,LineaC:1094,563.0
hpt,LineaC:1100,LineaC:1095,20.0
hpt,LineaC:1100,LineaC:1096,8.0
hpt,LineaC:1100,LineaC:1097,10.0
hpt,LineaC:1100,LineaC:1098,2.0
hpt,LineaC:1100,LineaC:1102,145.0
hpt,LineaC:1100,LineaD:1103,6.0
hpt,LineaC:1100,LineaD:1104,4.0
hpt,LineaC:1100,LineaD:1105,2.0
hpt,LineaC:1100,LineaD:1107,4.0
hpt,LineaC:1100,LineaD:1108,6.0
hpt,LineaC:1100,LineaD:1109,2.0
hpt,LineaC:1100,LineaD:1110,2.0
hpt,LineaC:1100,LineaD:1111,2.0
hpt,LineaC:1100,LineaD:1112,2.0
hpt,LineaC:1100,LineaD:1113,2.0
hpt,LineaC:1100,LineaD:1117,2.0
hpt,LineaC:1100,LineaD:1118,2.0
hpt,LineaC:1100,LineaE:1133,18.0
hpt,LineaC:1100,LineaE:1132,6.0
hpt,LineaC:1100,LineaE:1131,6.0
hpt,LineaC:1100,LineaE:1130,4.0
hpt,LineaC:1100,LineaE:1129,4.0
hpt,LineaC:1100,LineaE:1128,6.0
hpt,LineaC:1100,LineaE:1127,4.0
hpt,LineaC:1100,LineaE:1126,2.0
hpt,LineaC:1100,LineaE:1125,2.0
hpt,LineaC:1100,LineaE:1124,6.0
hpt,LineaC:1100,LineaE:1123,2.0
hpt,LineaC:1100,LineaE:1122,2.0
hpt,LineaC:1100,LineaE:1121,10.0
hpt,LineaC:1100,LineaH:1134,4.0
hpt,LineaC:1100,LineaH:1135,4.0
hpt,LineaC:1100,LineaH:1138,4.0
hpt,LineaC:1100,LineaH:1139,4.0
hpt,LineaC:1100,LineaH:1140,2.0
hpt,LineaC:1100,LineaE:1164,2.0
hpt,LineaC:1101,LineaA:1059,40.0
hpt,LineaC:1101,LineaA:1060,23.0
hpt,LineaC:1101,LineaA:1061,12.0
hpt,LineaC:1101,LineaA:1062,8.0
hpt,LineaC:1101,LineaA:1063,21.0
hpt,LineaC:1101,LineaA:1064,11.0
hpt,LineaC:1101,LineaA:1065,10.0
hpt,LineaC:1101,LineaA:1066,10.0
hpt,LineaC:1101,LineaA:1067,4.0
hpt,LineaC:1101,LineaA:1068,42.0
hpt,LineaC:1101,LineaA:1069,2.0
hpt,LineaC:1101,LineaA:1070,2.0
hpt,LineaC:1101,LineaA:1071,2.0
hpt,LineaC:1101,LineaA:1073,4.0
hpt,LineaC:1101,LineaB:1077,8.0
hpt,LineaC:1101,LineaB:1078,6.0
hpt,LineaC:1101,LineaB:1079,5.0
hpt,LineaC:1101,LineaB:1080,2.0
hpt,LineaC:1101,LineaB:1081,4.0
hpt,LineaC:1101,LineaB:1082,6.0
hpt,LineaC:1101,LineaB:1084,2.0
hpt,LineaC:1101,LineaB:1083,10.0
hpt,LineaC:1101,LineaB:1085,6.0
hpt,LineaC:1101,LineaB:1086,2.0
hpt,LineaC:1101,LineaB:1089,2.0
hpt,LineaC:1101,LineaB:1091,2.0
hpt,LineaC:1101,LineaC:1094,289.0
hpt,LineaC:1101,LineaC:1095,15.0
hpt,LineaC:1101,LineaC:1096,8.0
hpt,LineaC:1101,LineaC:1097,2.0
hpt,LineaC:1101,LineaC:1098,4.0
hpt,LineaC:1101,LineaC:1099,6.0
hpt,LineaC:1101,LineaC:1102,21.0
hpt,LineaC:1101,LineaD:1103,10.0
hpt,LineaC:1101,LineaD:1104,7.0
hpt,LineaC:1101,LineaD:1105,6.0
hpt,LineaC:1101,LineaD:1106,7.0
hpt,LineaC:1101,LineaD:1107,4.0
hpt,LineaC:1101,LineaD:1108,6.0
hpt,LineaC:1101,LineaD:1109,4.0
hpt,LineaC:1101,LineaD:1110,4.0
hpt,LineaC:1101,LineaD:1111,4.0
hpt,LineaC:1101,LineaD:1112,8.0
hpt,LineaC:1101,LineaD:1114,2.0
hpt,LineaC:1101,LineaD:1117,2.0
hpt,LineaC:1101,LineaD:1118,4.0
hpt,LineaC:1101,LineaE:1133,8.0
hpt,LineaC:1101,LineaE:1131,2.0
hpt,LineaC:1101,LineaE:1130,4.0
hpt,LineaC:1101,LineaE:1128,4.0
hpt,LineaC:1101,LineaE:1127,2.0
hpt,LineaC:1101,LineaE:1126,2.0
hpt,LineaC:1101,LineaE:1124,2.0
hpt,LineaC:1101,LineaE:1123,2.0
hpt,LineaC:1101,LineaE:1121,16.0
hpt,LineaC:1101,LineaE:1119,2.0
hpt,LineaC:1101,LineaH:1135,2.0
hpt,LineaC:1101,LineaH:1139,4.0
hpt,LineaC:1101,LineaH:1141,2.0
hpt,LineaC:1101,LineaH:1163,2.0
hpt,LineaC:1101,LineaE:1166,2.0
hpt,LineaC:1102,LineaA:1059,28.0
hpt,LineaC:1102,LineaA:1060,25.0
hpt,LineaC:1102,LineaA:1061,11.0
hpt,LineaC:1102,LineaA:1062,13.0
hpt,LineaC:1102,LineaA:1063,18.0
hpt,LineaC:1102,LineaA:1064,30.0
hpt,LineaC:1102,LineaA:1065,19.0
hpt,LineaC:1102,LineaA:1066,27.0
hpt,LineaC:1102,LineaA:1067,16.0
hpt,LineaC:1102,LineaA:1068,49.0
hpt,LineaC:1102,LineaA:1069,2.0
hpt,LineaC:1102,LineaA:1070,8.0
hpt,LineaC:1102,LineaA:1071,18.0
hpt,LineaC:1102,LineaA:1072,11.0
hpt,LineaC:1102,LineaA:1073,14.0
hpt,LineaC:1102,LineaA:1074,2.0
hpt,LineaC:1102,LineaA:1075,2.0
hpt,LineaC:1102,LineaA:1076,2.0
hpt,LineaC:1102,LineaB:1077,4.0
hpt,LineaC:1102,LineaB:1079,6.0
hpt,LineaC:1102,LineaB:1080,2.0
hpt,LineaC:1102,LineaB:1081,16.0
hpt,LineaC:1102,LineaB:1082,2.0
hpt,LineaC:1102,LineaB:1084,13.0
hpt,LineaC:1102,LineaB:1083,23.0
hpt,LineaC:1102,LineaB:1085,9.0
hpt,LineaC:1102,LineaB:1086,12.0
hpt,LineaC:1102,LineaB:1087,4.0
hpt,LineaC:1102,LineaB:1088,4.0
hpt,LineaC:1102,LineaB:1089,6.0
hpt,LineaC:1102,LineaB:1090,9.0
hpt,LineaC:1102,LineaB:1091,37.0
hpt,LineaC:1102,LineaB:1092,6.0
hpt,LineaC:1102,LineaB:1093,9.0
hpt,LineaC:1102,LineaC:1094,1619.0
hpt,LineaC:1102,LineaC:1095,41.0
hpt,LineaC:1102,LineaC:1096,45.0
hpt,LineaC:1102,LineaC:1097,24.0
hpt,LineaC:1102,LineaC:1098,34.0
hpt,LineaC:1102,LineaC:1099,12.0
hpt,LineaC:1102,LineaC:1100,34.0
hpt,LineaC:1102,LineaC:1101,2.0
hpt,LineaC:1102,LineaD:1103,4.0
hpt,LineaC:1102,LineaD:1104,2.0
hpt,LineaC:1102,LineaD:1105,4.0
hpt,LineaC:1102,LineaD:1106,2.0
hpt,LineaC:1102,LineaD:1107,4.0
hpt,LineaC:1102,LineaD:1108,4.0
hpt,LineaC:1102,LineaD:1109,2.0
hpt,LineaC:1102,LineaD:1110,13.0
hpt,LineaC:1102,LineaD:1111,15.0
hpt,LineaC:1102,LineaD:1112,6.0
hpt,LineaC:1102,LineaD:1113,6.0
hpt,LineaC:1102,LineaD:1114,11.0
hpt,LineaC:1102,LineaD:1115,16.0
hpt,LineaC:1102,LineaD:1116,8.0
hpt,LineaC:1102,LineaD:1117,4.0
hpt,LineaC:1102,LineaD:1118,8.0
hpt,LineaC:1102,LineaE:1133,27.0
hpt,LineaC:1102,LineaE:1132,4.0
hpt,LineaC:1102,LineaE:1131,4.0
hpt,LineaC:1102,LineaE:1130,7.0
hpt,LineaC:1102,LineaE:1129,18.0
hpt,LineaC:1102,LineaE:1128,19.0
hpt,LineaC:1102,LineaE:1127,9.0
hpt,LineaC:1102,LineaE:1126,11.0
hpt,LineaC:1102,LineaE:1125,4.0
hpt,LineaC:1102,LineaE:1124,10.0
hpt,LineaC:1102,LineaE:1123,4.0
hpt,LineaC:1102,LineaE:1122,4.0
hpt,LineaC:1102,LineaE:1121,221.0
hpt,LineaC:1102,LineaE:1120,10.0
hpt,LineaC:1102,LineaE:1119,6.0
hpt,LineaC:1102,LineaH:1134,12.0
hpt,LineaC:1102,LineaH:1135,4.0
hpt,LineaC:1102,LineaH:1136,2.0
hpt,LineaC:1102,LineaH:1137,2.0
hpt,LineaC:1102,LineaH:1138,4.0
hpt,LineaC:1102,LineaH:1139,7.0
hpt,LineaC:1102,LineaH:1140,6.0
hpt,LineaC:1102,LineaH:1160,2.0
hpt,LineaC:1102,LineaH:1162,4.0
hpt,LineaC:1102,LineaH:1163,4.0
hpt,LineaC:1102,LineaE:1166,10.0
hpt,LineaC:1102,LineaE:1164,2.0
hpt,LineaD:1103,LineaA:1059,22.0
hpt,LineaD:1103,LineaA:1060,15.0
hpt,LineaD:1103,LineaA:1061,14.0
hpt,LineaD:1103,LineaA:1062,7.0
hpt,LineaD:1103,LineaA:1063,24.0
hpt,LineaD:1103,LineaA:1064,9.0
hpt,LineaD:1103,LineaA:1065,9.0
hpt,LineaD:1103,LineaA:1066,12.0
hpt,LineaD:1103,LineaA:1067,10.0
hpt,LineaD:1103,LineaA:1068,3.0
hpt,LineaD:1103,LineaA:1069,9.0
hpt,LineaD:1103,LineaA:1070,1.0
hpt,LineaD:1103,LineaA:1071,8.0
hpt,LineaD:1103,LineaA:1072,6.0
hpt,LineaD:1103,LineaA:1073,4.0
hpt,LineaD:1103,LineaA:1074,3.0
hpt,LineaD:1103,LineaA:1075,4.0
hpt,LineaD:1103,LineaA:1076,13.0
hpt,LineaD:1103,LineaB:1077,2.0
hpt,LineaD:1103,LineaB:1081,3.0
hpt,LineaD:1103,LineaB:1082,1.0
hpt,LineaD:1103,LineaB:1084,7.0
hpt,LineaD:1103,LineaB:1083,5.0
hpt,LineaD:1103,LineaB:1085,9.0
hpt,LineaD:1103,LineaB:1086,11.0
hpt,LineaD:1103,LineaB:1087,3.0
hpt,LineaD:1103,LineaB:1088,15.0
hpt,LineaD:1103,LineaB:1089,15.0
hpt,LineaD:1103,LineaB:1090,9.0
hpt,LineaD:1103,LineaB:1091,47.0
hpt,LineaD:1103,LineaB:1092,4.0
hpt,LineaD:1103,LineaB:1093,11.0
hpt,LineaD:1103,LineaC:1094,277.0
hpt,LineaD:1103,LineaC:1095,11.0
hpt,LineaD:1103,LineaC:1096,19.0
hpt,LineaD:1103,LineaC:1097,6.0
hpt,LineaD:1103,LineaC:1098,1.0
hpt,LineaD:1103,LineaC:1099,10.0
hpt,LineaD:1103,LineaC:1100,3.0
hpt,LineaD:1103,LineaC:1101,4.0
hpt,LineaD:1103,LineaC:1102,6.0
hpt,LineaD:1103,LineaD:1104,18.0
hpt,LineaD:1103,LineaD:1105,37.0
hpt,LineaD:1103,LineaD:1106,34.0
hpt,LineaD:1103,LineaD:1107,34.0
hpt,LineaD:1103,LineaD:1108,73.0
hpt,LineaD:1103,LineaD:1109,44.0
hpt,LineaD:1103,LineaD:1110,52.0
hpt,LineaD:1103,LineaD:1111,83.0
hpt,LineaD:1103,LineaD:1112,52.0
hpt,LineaD:1103,LineaD:1113,50.0
hpt,LineaD:1103,LineaD:1114,79.0
hpt,LineaD:1103,LineaD:1115,118.0
hpt,LineaD:1103,LineaD:1116,68.0
hpt,LineaD:1103,LineaD:1117,27.0
hpt,LineaD:1103,LineaD:1118,88.0
hpt,LineaD:1103,LineaE:1133,20.0
hpt,LineaD:1103,LineaE:1132,5.0
hpt,LineaD:1103,LineaE:1131,4.0
hpt,LineaD:1103,LineaE:1130,9.0
hpt,LineaD:1103,LineaE:1129,11.0
hpt,LineaD:1103,LineaE:1128,8.0
hpt,LineaD:1103,LineaE:1127,19.0
hpt,LineaD:1103,LineaE:1126,4.0
hpt,LineaD:1103,LineaE:1125,6.0
hpt,LineaD:1103,LineaE:1124,4.0
hpt,LineaD:1103,LineaE:1123,7.0
hpt,LineaD:1103,LineaE:1122,6.0
hpt,LineaD:1103,LineaE:1121,117.0
hpt,LineaD:1103,LineaE:1120,3.0
hpt,LineaD:1103,LineaE:1119,11.0
hpt,LineaD:1103,LineaH:1134,91.0
hpt,LineaD:1103,LineaH:1135,48.0
hpt,LineaD:1103,LineaH:1136,16.0
hpt,LineaD:1103,LineaH:1137,17.0
hpt,LineaD:1103,LineaH:1138,17.0
hpt,LineaD:1103,LineaH:1139,21.0
hpt,LineaD:1103,LineaH:1140,41.0
hpt,LineaD:1103,LineaH:1141,15.0
hpt,LineaD:1103,LineaH:1160,8.0
hpt,LineaD:1103,LineaH:1161,23.0
hpt,LineaD:1103,LineaH:1162,5.0
hpt,LineaD:1103,LineaH:1163,8.0
hpt,LineaD:1103,LineaE:1166,3.0
hpt,LineaD:1103,LineaE:1165,1.0
hpt,LineaD:1103,LineaE:1164,2.0
hpt,LineaD:1104,LineaA:1059,8.0
hpt,LineaD:1104,LineaA:1060,4.0
hpt,LineaD:1104,LineaA:1061,2.0
hpt,LineaD:1104,LineaA:1062,8.0
hpt,LineaD:1104,LineaA:1063,8.0
hpt,LineaD:1104,LineaA:1064,8.0
hpt,LineaD:1104,LineaA:1065,11.0
hpt,LineaD:1104,LineaA:1066,6.0
hpt,LineaD:1104,LineaA:1067,5.0
hpt,LineaD:1104,LineaA:1068,2.0
hpt,LineaD:1104,LineaA:1069,2.0
hpt,LineaD:1104,LineaA:1070,4.0
hpt,LineaD:1104,LineaA:1071,9.0
hpt,LineaD:1104,LineaA:1072,6.0
hpt,LineaD:1104,LineaA:1073,2.0
hpt,LineaD:1104,LineaA:1075,2.0
hpt,LineaD:1104,LineaA:1076,6.0
hpt,LineaD:1104,LineaB:1080,2.0
hpt,LineaD:1104,LineaB:1081,4.0
hpt,LineaD:1104,LineaB:1082,4.0
hpt,LineaD:1104,LineaB:1084,2.0
hpt,LineaD:1104,LineaB:1083,4.0
hpt,LineaD:1104,LineaB:1085,8.0
hpt,LineaD:1104,LineaB:1086,12.0
hpt,LineaD:1104,LineaB:1087,6.0
hpt,LineaD:1104,LineaB:1088,2.0
hpt,LineaD:1104,LineaB:1089,4.0
hpt,LineaD:1104,LineaB:1090,2.0
hpt,LineaD:1104,LineaB:1091,29.0
hpt,LineaD:1104,LineaB:1092,2.0
hpt,LineaD:1104,LineaB:1093,12.0
hpt,LineaD:1104,LineaC:1094,124.0
hpt,LineaD:1104,LineaC:1095,9.0
hpt,LineaD:1104,LineaC:1096,4.0
hpt,LineaD:1104,LineaC:1097,4.0
hpt,LineaD:1104,LineaC:1098,6.0
hpt,LineaD:1104,LineaC:1099,6.0
hpt,LineaD:1104,LineaC:1100,4.0
hpt,LineaD:1104,LineaC:1102,6.0
hpt,LineaD:1104,LineaD:1103,8.0
hpt,LineaD:1104,LineaD:1105,6.0
hpt,LineaD:1104,LineaD:1106,25.0
hpt,LineaD:1104,LineaD:1107,28.0
hpt,LineaD:1104,LineaD:1108,73.0
hpt,LineaD:1104,LineaD:1109,40.0
hpt,LineaD:1104,LineaD:1110,41.0
hpt,LineaD:1104,LineaD:1111,59.0
hpt,LineaD:1104,LineaD:1112,34.0
hpt,LineaD:1104,LineaD:1113,38.0
hpt,LineaD:1104,LineaD:1114,42.0
hpt,LineaD:1104,LineaD:1115,65.0
hpt,LineaD:1104,LineaD:1116,30.0
hpt,LineaD:1104,LineaD:1117,16.0
hpt,LineaD:1104,LineaD:1118,54.0
hpt,LineaD:1104,LineaE:1133,11.0
hpt,LineaD:1104,LineaE:1130,6.0
hpt,LineaD:1104,LineaE:1129,4.0
hpt,LineaD:1104,LineaE:1128,4.0
hpt,LineaD:1104,LineaE:1127,6.0
hpt,LineaD:1104,LineaE:1126,2.0
hpt,LineaD:1104,LineaE:1125,2.0
hpt,LineaD:1104,LineaE:1124,2.0
hpt,LineaD:1104,LineaE:1123,6.0
hpt,LineaD:1104,LineaE:1122,2.0
hpt,LineaD:1104,LineaE:1121,29.0
hpt,LineaD:1104,LineaE:1120,2.0
hpt,LineaD:1104,LineaE:1119,9.0
hpt,LineaD:1104,LineaH:1134,46.0
hpt,LineaD:1104,LineaH:1135,27.0
hpt,LineaD:1104,LineaH:1136,8.0
hpt,LineaD:1104,LineaH:1137,9.0
hpt,LineaD:1104,LineaH:1138,11.0
hpt,LineaD:1104,LineaH:1139,11.0
hpt,LineaD:1104,LineaH:1140,34.0
hpt,LineaD:1104,LineaH:1141,8.0
hpt,LineaD:1104,LineaH:1160,8.0
hpt,LineaD:1104,LineaH:1161,19.0
hpt,LineaD:1104,LineaH:1162,4.0
hpt,LineaD:1104,LineaH:1163,2.0
hpt,LineaD:1104,LineaE:1166,4.0
hpt,LineaD:1105,LineaA:1059,8.0
hpt,LineaD:1105,LineaA:1060,4.0
hpt,LineaD:1105,LineaA:1061,1.0
hpt,LineaD:1105,LineaA:1062,1.0
hpt,LineaD:1105,LineaA:1063,3.0
hpt,LineaD:1105,LineaA:1064,4.0
hpt,LineaD:1105,LineaA:1065,1.0
hpt,LineaD:1105,LineaA:1066,3.0
hpt,LineaD:1105,LineaA:1068,2.0
hpt,LineaD:1105,LineaA:1069,1.0
hpt,LineaD:1105,LineaA:1070,2.0
hpt,LineaD:1105,LineaA:1071,2.0
hpt,LineaD:1105,LineaA:1072,3.0
hpt,LineaD:1105,LineaA:1073,2.0
hpt,LineaD:1105,LineaA:1075,3.0
hpt,LineaD:1105,LineaB:1078,2.0
hpt,LineaD:1105,LineaB:1081,1.0
hpt,LineaD:1105,LineaB:1084,2.0
hpt,LineaD:1105,LineaB:1083,2.0
hpt,LineaD:1105,LineaB:1085,1.0
hpt,LineaD:1105,LineaB:1086,4.0
hpt,LineaD:1105,LineaB:1087,1.0
hpt,LineaD:1105,LineaB:1088,2.0
hpt,LineaD:1105,LineaB:1089,2.0
hpt,LineaD:1105,LineaB:1090,1.0
hpt,LineaD:1105,LineaB:1091,6.0
hpt,LineaD:1105,LineaB:1093,5.0
hpt,LineaD:1105,LineaC:1094,95.0
hpt,LineaD:1105,LineaC:1095,4.0
hpt,LineaD:1105,LineaC:1096,3.0
hpt,LineaD:1105,LineaC:1097,2.0
hpt,LineaD:1105,LineaC:1099,2.0
hpt,LineaD:1105,LineaC:1100,3.0
hpt,LineaD:1105,LineaC:1101,1.0
hpt,LineaD:1105,LineaC:1102,1.0
hpt,LineaD:1105,LineaD:1103,36.0
hpt,LineaD:1105,LineaD:1104,5.0
hpt,LineaD:1105,LineaD:1106,16.0
hpt,LineaD:1105,LineaD:1107,23.0
hpt,LineaD:1105,LineaD:1108,38.0
hpt,LineaD:1105,LineaD:1109,22.0
hpt,LineaD:1105,LineaD:1110,28.0
hpt,LineaD:1105,LineaD:1111,36.0
hpt,LineaD:1105,LineaD:1112,21.0
hpt,LineaD:1105,LineaD:1113,21.0
hpt,LineaD:1105,LineaD:1114,33.0
hpt,LineaD:1105,LineaD:1115,28.0
hpt,LineaD:1105,LineaD:1116,23.0
hpt,LineaD:1105,LineaD:1117,13.0
hpt,LineaD:1105,LineaD:1118,26.0
hpt,LineaD:1105,LineaE:1133,8.0
hpt,LineaD:1105,LineaE:1131,1.0
hpt,LineaD:1105,LineaE:1130,3.0
hpt,LineaD:1105,LineaE:1129,4.0
hpt,LineaD:1105,LineaE:1128,2.0
hpt,LineaD:1105,LineaE:1127,2.0
hpt,LineaD:1105,LineaE:1123,3.0
hpt,LineaD:1105,LineaE:1122,3.0
hpt,LineaD:1105,LineaE:1121,24.0
hpt,LineaD:1105,LineaE:1120,1.0
hpt,LineaD:1105,LineaE:1119,1.0
hpt,LineaD:1105,LineaH:1134,29.0
hpt,LineaD:1105,LineaH:1135,19.0
hpt,LineaD:1105,LineaH:1136,4.0
hpt,LineaD:1105,LineaH:1137,7.0
hpt,LineaD:1105,LineaH:1138,5.0
hpt,LineaD:1105,LineaH:1139,4.0
hpt,LineaD:1105,LineaH:1140,14.0
hpt,LineaD:1105,LineaH:1141,3.0
hpt,LineaD:1105,LineaH:1160,1.0
hpt,LineaD:1105,LineaH:1161,7.0
hpt,LineaD:1105,LineaH:1162,2.0
hpt,LineaD:1105,LineaH:1163,1.0
hpt,LineaD:1105,LineaE:1165,1.0
hpt,LineaD:1106,LineaA:1059,7.0
hpt,LineaD:1106,LineaA:1060,6.0
hpt,LineaD:1106,LineaA:1061,2.0
hpt,LineaD:1106,LineaA:1062,4.0
hpt,LineaD:1106,LineaA:1063,6.0
hpt,LineaD:1106,LineaA:1064,4.0
hpt,LineaD:1106,LineaA:1065,2.0
hpt,LineaD:1106,LineaA:1066,4.0
hpt,LineaD:1106,LineaA:1067,2.0
hpt,LineaD:1106,LineaA:1068,2.0
hpt,LineaD:1106,LineaA:1072,2.0
hpt,LineaD:1106,LineaA:1073,2.0
hpt,LineaD:1106,LineaA:1075,2.0
hpt,LineaD:1106,LineaA:1076,6.0
hpt,LineaD:1106,LineaB:1077,2.0
hpt,LineaD:1106,LineaB:1081,4.0
hpt,LineaD:1106,LineaB:1084,2.0
hpt,LineaD:1106,LineaB:1083,6.0
hpt,LineaD:1106,LineaB:1085,8.0
hpt,LineaD:1106,LineaB:1087,2.0
hpt,LineaD:1106,LineaB:1088,2.0
hpt,LineaD:1106,LineaB:1089,4.0
hpt,LineaD:1106,LineaB:1090,4.0
hpt,LineaD:1106,LineaB:1091,16.0
hpt,LineaD:1106,LineaB:1092,2.0
hpt,LineaD:1106,LineaB:1093,4.0
hpt,LineaD:1106,LineaC:1094,112.0
hpt,LineaD:1106,LineaC:1095,2.0
hpt,LineaD:1106,LineaC:1096,2.0
hpt,LineaD:1106,LineaC:1102,2.0
hpt,LineaD:1106,LineaD:1103,40.0
hpt,LineaD:1106,LineaD:1104,23.0
hpt,LineaD:1106,LineaD:1105,12.0
hpt,LineaD:1106,LineaD:1107,6.0
hpt,LineaD:1106,LineaD:1108,37.0
hpt,LineaD:1106,LineaD:1109,12.0
hpt,LineaD:1106,LineaD:1110,29.0
hpt,LineaD:1106,LineaD:1111,45.0
hpt,LineaD:1106,LineaD:1112,31.0
hpt,LineaD:1106,LineaD:1113,24.0
hpt,LineaD:1106,LineaD:1114,22.0
hpt,LineaD:1106,LineaD:1115,38.0
hpt,LineaD:1106,LineaD:1116,22.0
hpt,LineaD:1106,LineaD:1117,12.0
hpt,LineaD:1106,LineaD:1118,23.0
hpt,LineaD:1106,LineaE:1133,10.0
hpt,LineaD:1106,LineaE:1132,2.0
hpt,LineaD:1106,LineaE:1131,4.0
hpt,LineaD:1106,LineaE:1130,4.0
hpt,LineaD:1106,LineaE:1128,4.0
hpt,LineaD:1106,LineaE:1127,6.0
hpt,LineaD:1106,LineaE:1125,2.0
hpt,LineaD:1106,LineaE:1123,4.0
hpt,LineaD:1106,LineaE:1121,17.0
hpt,LineaD:1106,LineaE:1119,8.0
hpt,LineaD:1106,LineaH:1134,42.0
hpt,LineaD:1106,LineaH:1135,14.0
hpt,LineaD:1106,LineaH:1136,10.0
hpt,LineaD:1106,LineaH:1137,6.0
hpt,LineaD:1106,LineaH:1138,10.0
hpt,LineaD:1106,LineaH:1139,8.0
hpt,LineaD:1106,LineaH:1140,12.0
hpt,LineaD:1106,LineaH:1141,2.0
hpt,LineaD:1106,LineaH:1160,4.0
hpt,LineaD:1106,LineaH:1161,6.0
hpt,LineaD:1106,LineaH:1162,2.0
hpt,LineaD:1106,LineaH:1163,2.0
hpt,LineaD:1106,LineaE:1166,4.0
hpt,LineaD:1106,LineaE:1164,2.0
hpt,LineaD:1107,LineaA:1059,6.0
hpt,LineaD:1107,LineaA:1060,8.0
hpt,LineaD:1107,LineaA:1061,4.0
hpt,LineaD:1107,LineaA:1062,7.0
hpt,LineaD:1107,LineaA:1063,8.0
hpt,LineaD:1107,LineaA:1064,2.0
hpt,LineaD:1107,LineaA:1065,6.0
hpt,LineaD:1107,LineaA:1067,3.0
hpt,LineaD:1107,LineaA:1068,2.0
hpt,LineaD:1107,LineaA:1071,1.0
hpt,LineaD:1107,LineaA:1072,2.0
hpt,LineaD:1107,LineaA:1073,2.0
hpt,LineaD:1107,LineaA:1076,3.0
hpt,LineaD:1107,LineaB:1077,2.0
hpt,LineaD:1107,LineaB:1082,2.0
hpt,LineaD:1107,LineaB:1084,1.0
hpt,LineaD:1107,LineaB:1085,2.0
hpt,LineaD:1107,LineaB:1086,2.0
hpt,LineaD:1107,LineaB:1088,1.0
hpt,LineaD:1107,LineaB:1089,7.0
hpt,LineaD:1107,LineaB:1090,2.0
hpt,LineaD:1107,LineaB:1091,16.0
hpt,LineaD:1107,LineaB:1092,2.0
hpt,LineaD:1107,LineaB:1093,4.0
hpt,LineaD:1107,LineaC:1094,127.0
hpt,LineaD:1107,LineaC:1095,6.0
hpt,LineaD:1107,LineaC:1096,6.0
hpt,LineaD:1107,LineaC:1097,2.0
hpt,LineaD:1107,LineaC:1098,1.0
hpt,LineaD:1107,LineaC:1099,2.0
hpt,LineaD:1107,LineaC:1102,2.0
hpt,LineaD:1107,LineaD:1103,31.0
hpt,LineaD:1107,LineaD:1104,37.0
hpt,LineaD:1107,LineaD:1105,24.0
hpt,LineaD:1107,LineaD:1106,6.0
hpt,LineaD:1107,LineaD:1108,13.0
hpt,LineaD:1107,LineaD:1109,19.0
hpt,LineaD:1107,LineaD:1110,23.0
hpt,LineaD:1107,LineaD:1111,60.0
hpt,LineaD:1107,LineaD:1112,29.0
hpt,LineaD:1107,LineaD:1113,19.0
hpt,LineaD:1107,LineaD:1114,19.0
hpt,LineaD:1107,LineaD:1115,29.0
hpt,LineaD:1107,LineaD:1116,13.0
hpt,LineaD:1107,LineaD:1117,13.0
hpt,LineaD:1107,LineaD:1118,31.0
hpt,LineaD:1107,LineaE:1133,16.0
hpt,LineaD:1107,LineaE:1132,2.0
hpt,LineaD:1107,LineaE:1130,3.0
hpt,LineaD:1107,LineaE:1129,3.0
hpt,LineaD:1107,LineaE:1127,2.0
hpt,LineaD:1107,LineaE:1124,2.0
hpt,LineaD:1107,LineaE:1122,1.0
hpt,LineaD:1107,LineaE:1121,11.0
hpt,LineaD:1107,LineaE:1119,2.0
hpt,LineaD:1107,LineaH:1134,38.0
hpt,LineaD:1107,LineaH:1135,21.0
hpt,LineaD:1107,LineaH:1136,7.0
hpt,LineaD:1107,LineaH:1137,6.0
hpt,LineaD:1107,LineaH:1138,3.0
hpt,LineaD:1107,LineaH:1139,8.0
hpt,LineaD:1107,LineaH:1140,22.0
hpt,LineaD:1107,LineaH:1141,3.0
hpt,LineaD:1107,LineaH:1160,2.0
hpt,LineaD:1107,LineaH:1161,9.0
hpt,LineaD:1107,LineaH:1162,4.0
hpt,LineaD:1107,LineaH:1163,7.0
hpt,LineaD:1107,LineaE:1166,1.0
hpt,LineaD:1108,LineaA:1059,12.0
hpt,LineaD:1108,LineaA:1060,9.0
hpt,LineaD:1108,LineaA:1061,7.0
hpt,LineaD:1108,LineaA:1062,1.0
hpt,LineaD:1108,LineaA:1063,11.0
hpt,LineaD:1108,LineaA:1064,6.0
hpt,LineaD:1108,LineaA:1065,6.0
hpt,LineaD:1108,LineaA:1066,6.0
hpt,LineaD:1108,LineaA:1067,4.0
hpt,LineaD:1108,LineaA:1068,4.0
hpt,LineaD:1108,LineaA:1071,5.0
hpt,LineaD:1108,LineaA:1072,7.0
hpt,LineaD:1108,LineaA:1073,1.0
hpt,LineaD:1108,LineaA:1075,5.0
hpt,LineaD:1108,LineaA:1076,3.0
hpt,LineaD:1108,LineaB:1077,4.0
hpt,LineaD:1108,LineaB:1079,2.0
hpt,LineaD:1108,LineaB:1082,1.0
hpt,LineaD:1108,LineaB:1084,1.0
hpt,LineaD:1108,LineaB:1083,2.0
hpt,LineaD:1108,LineaB:1085,4.0
hpt,LineaD:1108,LineaB:1086,16.0
hpt,LineaD:1108,LineaB:1087,1.0
hpt,LineaD:1108,LineaB:1089,6.0
hpt,LineaD:1108,LineaB:1090,7.0
hpt,LineaD:1108,LineaB:1091,22.0
hpt,LineaD:1108,LineaB:1092,8.0
hpt,LineaD:1108,LineaB:1093,8.0
hpt,LineaD:1108,LineaC:1094,285.0
hpt,LineaD:1108,LineaC:1095,8.0
hpt,LineaD:1108,LineaC:1096,7.0
hpt,LineaD:1108,LineaC:1097,4.0
hpt,LineaD:1108,LineaC:1098,2.0
hpt,LineaD:1108,LineaC:1099,3.0
hpt,LineaD:1108,LineaC:1100,1.0
hpt,LineaD:1108,LineaC:1102,7.0
hpt,LineaD:1108,LineaD:1103,71.0
hpt,LineaD:1108,LineaD:1104,39.0
hpt,LineaD:1108,LineaD:1105,36.0
hpt,LineaD:1108,LineaD:1106,29.0
hpt,LineaD:1108,LineaD:1107,10.0
hpt,LineaD:1108,LineaD:1109,6.0
hpt,LineaD:1108,LineaD:1110,18.0
hpt,LineaD:1108,LineaD:1111,64.0
hpt,LineaD:1108,LineaD:1112,36.0
hpt,LineaD:1108,LineaD:1113,23.0
hpt,LineaD:1108,LineaD:1114,41.0
hpt,LineaD:1108,LineaD:1115,33.0
hpt,LineaD:1108,LineaD:1116,23.0
hpt,LineaD:1108,LineaD:1117,19.0
hpt,LineaD:1108,LineaD:1118,43.0
hpt,LineaD:1108,LineaE:1133,18.0
hpt,LineaD:1108,LineaE:1131,1.0
hpt,LineaD:1108,LineaE:1130,6.0
hpt,LineaD:1108,LineaE:1129,6.0
hpt,LineaD:1108,LineaE:1128,5.0
hpt,LineaD:1108,LineaE:1127,5.0
hpt,LineaD:1108,LineaE:1126,2.0
hpt,LineaD:1108,LineaE:1125,1.0
hpt,LineaD:1108,LineaE:1124,3.0
hpt,LineaD:1108,LineaE:1122,2.0
hpt,LineaD:1108,LineaE:1121,25.0
hpt,LineaD:1108,LineaE:1120,3.0
hpt,LineaD:1108,LineaE:1119,10.0
hpt,LineaD:1108,LineaH:1134,46.0
hpt,LineaD:1108,LineaH:1135,32.0
hpt,LineaD:1108,LineaH:1136,6.0
hpt,LineaD:1108,LineaH:1137,17.0
hpt,LineaD:1108,LineaH:1138,10.0
hpt,LineaD:1108,LineaH:1139,8.0
hpt,LineaD:1108,LineaH:1140,19.0
hpt,LineaD:1108,LineaH:1141,5.0
hpt,LineaD:1108,LineaH:1160,3.0
hpt,LineaD:1108,LineaH:1161,9.0
hpt,LineaD:1108,LineaH:1162,10.0
hpt,LineaD:1108,LineaH:1163,8.0
hpt,LineaD:1108,LineaE:1166,3.0
hpt,LineaD:1109,LineaA:1059,8.0
hpt,LineaD:1109,LineaA:1060,10.0
hpt,LineaD:1109,LineaA:1061,2.0
hpt,LineaD:1109,LineaA:1062,2.0
hpt,LineaD:1109,LineaA:1063,4.0
hpt,LineaD:1109,LineaA:1064,4.0
hpt,LineaD:1109,LineaA:1065,2.0
hpt,LineaD:1109,LineaA:1066,2.0
hpt,LineaD:1109,LineaA:1067,2.0
hpt,LineaD:1109,LineaA:1068,2.0
hpt,LineaD:1109,LineaA:1069,6.0
hpt,LineaD:1109,LineaA:1070,2.0
hpt,LineaD:1109,LineaA:1071,4.0
hpt,LineaD:1109,LineaA:1072,4.0
hpt,LineaD:1109,LineaA:1073,4.0
hpt,LineaD:1109,LineaA:1074,2.0
hpt,LineaD:1109,LineaA:1075,4.0
hpt,LineaD:1109,LineaA:1076,14.0
hpt,LineaD:1109,LineaB:1077,4.0
hpt,LineaD:1109,LineaB:1081,4.0
hpt,LineaD:1109,LineaB:1083,4.0
hpt,LineaD:1109,LineaB:1085,2.0
hpt,LineaD:1109,LineaB:1086,8.0
hpt,LineaD:1109,LineaB:1087,2.0
hpt,LineaD:1109,LineaB:1088,2.0
hpt,LineaD:1109,LineaB:1089,4.0
hpt,LineaD:1109,LineaB:1090,4.0
hpt,LineaD:1109,LineaB:1091,27.0
hpt,LineaD:1109,LineaB:1092,4.0
hpt,LineaD:1109,LineaB:1093,10.0
hpt,LineaD:1109,LineaC:1094,228.0
hpt,LineaD:1109,LineaC:1095,6.0
hpt,LineaD:1109,LineaC:1096,17.0
hpt,LineaD:1109,LineaC:1097,6.0
hpt,LineaD:1109,LineaC:1098,8.0
hpt,LineaD:1109,LineaC:1099,4.0
hpt,LineaD:1109,LineaC:1100,2.0
hpt,LineaD:1109,LineaC:1102,8.0
hpt,LineaD:1109,LineaD:1103,49.0
hpt,LineaD:1109,LineaD:1104,48.0
hpt,LineaD:1109,LineaD:1105,24.0
hpt,LineaD:1109,LineaD:1106,25.0
hpt,LineaD:1109,LineaD:1107,25.0
hpt,LineaD:1109,LineaD:1108,6.0
hpt,LineaD:1109,LineaD:1110,4.0
hpt,LineaD:1109,LineaD:1111,31.0
hpt,LineaD:1109,LineaD:1112,25.0
hpt,LineaD:1109,LineaD:1113,23.0
hpt,LineaD:1109,LineaD:1114,20.0
hpt,LineaD:1109,LineaD:1115,35.0
hpt,LineaD:1109,LineaD:1116,27.0
hpt,LineaD:1109,LineaD:1117,14.0
hpt,LineaD:1109,LineaD:1118,38.0
hpt,LineaD:1109,LineaE:1133,17.0
hpt,LineaD:1109,LineaE:1132,4.0
hpt,LineaD:1109,LineaE:1131,6.0
hpt,LineaD:1109,LineaE:1130,6.0
hpt,LineaD:1109,LineaE:1129,8.0
hpt,LineaD:1109,LineaE:1128,2.0
hpt,LineaD:1109,LineaE:1127,2.0
hpt,LineaD:1109,LineaE:1125,4.0
hpt,LineaD:1109,LineaE:1123,2.0
hpt,LineaD:1109,LineaE:1122,4.0
hpt,LineaD:1109,LineaE:1121,19.0
hpt,LineaD:1109,LineaE:1120,2.0
hpt,LineaD:1109,LineaE:1119,6.0
hpt,LineaD:1109,LineaH:1134,31.0
hpt,LineaD:1109,LineaH:1135,22.0
hpt,LineaD:1109,LineaH:1136,12.0
hpt,LineaD:1109,LineaH:1137,8.0
hpt,LineaD:1109,LineaH:1138,12.0
hpt,LineaD:1109,LineaH:1139,10.0
hpt,LineaD:1109,LineaH:1140,25.0
hpt,LineaD:1109,LineaH:1141,8.0
hpt,LineaD:1109,LineaH:1160,2.0
hpt,LineaD:1109,LineaH:1161,8.0
hpt,LineaD:1109,LineaH:1162,9.0
hpt,LineaD:1109,LineaH:1163,2.0
hpt,LineaD:1109,LineaE:1166,4.0
hpt,LineaD:1109,LineaE:1165,2.0
hpt,LineaD:1110,LineaA:1059,12.0
hpt,LineaD:1110,LineaA:1060,6.0
hpt,LineaD:1110,LineaA:1061,4.0
hpt,LineaD:1110,LineaA:1062,2.0
hpt,LineaD:1110,LineaA:1063,6.0
hpt,LineaD:1110,LineaA:1064,4.0
hpt,LineaD:1110,LineaA:1065,8.0
hpt,LineaD:1110,LineaA:1066,2.0
hpt,LineaD:1110,LineaA:1067,2.0
hpt,LineaD:1110,LineaA:1068,2.0
hpt,LineaD:1110,LineaA:1072,2.0
hpt,LineaD:1110,LineaA:1074,2.0
hpt,LineaD:1110,LineaA:1075,2.0
hpt,LineaD:1110,LineaA:1076,2.0
hpt,LineaD:1110,LineaB:1077,4.0
hpt,LineaD:1110,LineaB:1078,2.0
hpt,LineaD:1110,LineaB:1079,2.0
hpt,LineaD:1110,LineaB:1080,2.0
hpt,LineaD:1110,LineaB:1081,2.0
hpt,LineaD:1110,LineaB:1082,2.0
hpt,LineaD:1110,LineaB:1084,2.0
hpt,LineaD:1110,LineaB:1083,4.0
hpt,LineaD:1110,LineaB:1085,4.0
hpt,LineaD:1110,LineaB:1086,4.0
hpt,LineaD:1110,LineaB:1089,4.0
hpt,LineaD:1110,LineaB:1090,6.0
hpt,LineaD:1110,LineaB:1091,13.0
hpt,LineaD:1110,LineaB:1092,4.0
hpt,LineaD:1110,LineaB:1093,2.0
hpt,LineaD:1110,LineaC:1094,81.0
hpt,LineaD:1110,LineaC:1095,6.0
hpt,LineaD:1110,LineaC:1096,4.0
hpt,LineaD:1110,LineaC:1097,2.0
hpt,LineaD:1110,LineaC:1098,4.0
hpt,LineaD:1110,LineaC:1099,2.0
hpt,LineaD:1110,LineaC:1101,2.0
hpt,LineaD:1110,LineaC:1102,8.0
hpt,LineaD:1110,LineaD:1103,60.0
hpt,LineaD:1110,LineaD:1104,44.0
hpt,LineaD:1110,LineaD:1105,19.0
hpt,LineaD:1110,LineaD:1106,22.0
hpt,LineaD:1110,LineaD:1107,38.0
hpt,LineaD:1110,LineaD:1108,20.0
hpt,LineaD:1110,LineaD:1109,2.0
hpt,LineaD:1110,LineaD:1111,6.0
hpt,LineaD:1110,LineaD:1112,10.0
hpt,LineaD:1110,LineaD:1113,10.0
hpt,LineaD:1110,LineaD:1114,19.0
hpt,LineaD:1110,LineaD:1115,20.0
hpt,LineaD:1110,LineaD:1116,25.0
hpt,LineaD:1110,LineaD:1117,8.0
hpt,LineaD:1110,LineaD:1118,24.0
hpt,LineaD:1110,LineaE:1133,12.0
hpt,LineaD:1110,LineaE:1131,2.0
hpt,LineaD:1110,LineaE:1130,2.0
hpt,LineaD:1110,LineaE:1129,2.0
hpt,LineaD:1110,LineaE:1128,2.0
hpt,LineaD:1110,LineaE:1127,4.0
hpt,LineaD:1110,LineaE:1123,2.0
hpt,LineaD:1110,LineaE:1122,2.0
hpt,LineaD:1110,LineaE:1121,12.0
hpt,LineaD:1110,LineaE:1120,4.0
hpt,LineaD:1110,LineaE:1119,6.0
hpt,LineaD:1110,LineaH:1134,23.0
hpt,LineaD:1110,LineaH:1135,11.0
hpt,LineaD:1110,LineaH:1136,2.0
hpt,LineaD:1110,LineaH:1137,8.0
hpt,LineaD:1110,LineaH:1138,6.0
hpt,LineaD:1110,LineaH:1139,11.0
hpt,LineaD:1110,LineaH:1140,19.0
hpt,LineaD:1110,LineaH:1141,4.0
hpt,LineaD:1110,LineaH:1160,2.0
hpt,LineaD:1110,LineaH:1161,4.0
hpt,LineaD:1110,LineaH:1162,4.0
hpt,LineaD:1111,LineaA:1059,21.0
hpt,LineaD:1111,LineaA:1060,7.0
hpt,LineaD:1111,LineaA:1061,7.0
hpt,LineaD:1111,LineaA:1062,6.0
hpt,LineaD:1111,LineaA:1063,8.0
hpt,LineaD:1111,LineaA:1064,7.0
hpt,LineaD:1111,LineaA:1065,7.0
hpt,LineaD:1111,LineaA:1066,2.0
hpt,LineaD:1111,LineaA:1067,4.0
hpt,LineaD:1111,LineaA:1068,2.0
hpt,LineaD:1111,LineaA:1072,2.0
hpt,LineaD:1111,LineaA:1073,2.0
hpt,LineaD:1111,LineaA:1074,2.0
hpt,LineaD:1111,LineaA:1075,2.0
hpt,LineaD:1111,LineaA:1076,6.0
hpt,LineaD:1111,LineaB:1077,10.0
hpt,LineaD:1111,LineaB:1078,2.0
hpt,LineaD:1111,LineaB:1080,2.0
hpt,LineaD:1111,LineaB:1081,6.0
hpt,LineaD:1111,LineaB:1082,2.0
hpt,LineaD:1111,LineaB:1084,5.0
hpt,LineaD:1111,LineaB:1083,4.0
hpt,LineaD:1111,LineaB:1085,2.0
hpt,LineaD:1111,LineaB:1086,2.0
hpt,LineaD:1111,LineaB:1087,2.0
hpt,LineaD:1111,LineaB:1089,2.0
hpt,LineaD:1111,LineaB:1090,4.0
hpt,LineaD:1111,LineaB:1091,19.0
hpt,LineaD:1111,LineaB:1092,4.0
hpt,LineaD:1111,LineaB:1093,13.0
hpt,LineaD:1111,LineaC:1094,118.0
hpt,LineaD:1111,LineaC:1095,7.0
hpt,LineaD:1111,LineaC:1096,8.0
hpt,LineaD:1111,LineaC:1097,4.0
hpt,LineaD:1111,LineaC:1099,8.0
hpt,LineaD:1111,LineaC:1100,2.0
hpt,LineaD:1111,LineaC:1102,9.0
hpt,LineaD:1111,LineaD:1103,81.0
hpt,LineaD:1111,LineaD:1104,61.0
hpt,LineaD:1111,LineaD:1105,39.0
hpt,LineaD:1111,LineaD:1106,45.0
hpt,LineaD:1111,LineaD:1107,48.0
hpt,LineaD:1111,LineaD:1108,58.0
hpt,LineaD:1111,LineaD:1109,18.0
hpt,LineaD:1111,LineaD:1110,6.0
hpt,LineaD:1111,LineaD:1112,4.0
hpt,LineaD:1111,LineaD:1114,26.0
hpt,LineaD:1111,LineaD:1115,20.0
hpt,LineaD:1111,LineaD:1116,22.0
hpt,LineaD:1111,LineaD:1117,8.0
hpt,LineaD:1111,LineaD:1118,42.0
hpt,LineaD:1111,LineaE:1133,9.0
hpt,LineaD:1111,LineaE:1132,7.0
hpt,LineaD:1111,LineaE:1131,2.0
hpt,LineaD:1111,LineaE:1130,7.0
hpt,LineaD:1111,LineaE:1129,6.0
hpt,LineaD:1111,LineaE:1128,4.0
hpt,LineaD:1111,LineaE:1127,2.0
hpt,LineaD:1111,LineaE:1123,2.0
hpt,LineaD:1111,LineaE:1122,4.0
hpt,LineaD:1111,LineaE:1121,19.0
hpt,LineaD:1111,LineaH:1134,29.0
hpt,LineaD:1111,LineaH:1135,16.0
hpt,LineaD:1111,LineaH:1136,11.0
hpt,LineaD:1111,LineaH:1137,6.0
hpt,LineaD:1111,LineaH:1138,6.0
hpt,LineaD:1111,LineaH:1139,9.0
hpt,LineaD:1111,LineaH:1140,19.0
hpt,LineaD:1111,LineaH:1141,4.0
hpt,LineaD:1111,LineaH:1160,2.0
hpt,LineaD:1111,LineaH:1161,6.0
hpt,LineaD:1111,LineaH:1162,7.0
hpt,LineaD:1111,LineaH:1163,4.0
hpt,LineaD:1111,LineaE:1166,4.0
hpt,LineaD:1111,LineaE:1165,2.0
hpt,LineaD:1111,LineaE:1164,5.0
hpt,LineaD:1112,LineaA:1059,1.0
hpt,LineaD:1112,LineaA:1060,1.0
hpt,LineaD:1112,LineaA:1062,5.0
hpt,LineaD:1112,LineaA:1063,1.0
hpt,LineaD:1112,LineaA:1064,5.0
hpt,LineaD:1112,LineaA:1065,2.0
hpt,LineaD:1112,LineaA:1066,1.0
hpt,LineaD:1112,LineaA:1068,1.0
hpt,LineaD:1112,LineaA:1070,1.0
hpt,LineaD:1112,LineaA:1071,1.0
hpt,LineaD:1112,LineaA:1072,2.0
hpt,LineaD:1112,LineaA:1073,1.0
hpt,LineaD:1112,LineaA:1074,2.0
hpt,LineaD:1112,LineaA:1076,2.0
hpt,LineaD:1112,LineaB:1077,4.0
hpt,LineaD:1112,LineaB:1079,1.0
hpt,LineaD:1112,LineaB:1081,2.0
hpt,LineaD:1112,LineaB:1082,1.0
hpt,LineaD:1112,LineaB:1083,3.0
hpt,LineaD:1112,LineaB:1085,1.0
hpt,LineaD:1112,LineaB:1086,5.0
hpt,LineaD:1112,LineaB:1087,1.0
hpt,LineaD:1112,LineaB:1088,1.0
hpt,LineaD:1112,LineaB:1089,1.0
hpt,LineaD:1112,LineaB:1090,2.0
hpt,LineaD:1112,LineaB:1091,17.0
hpt,LineaD:1112,LineaB:1092,4.0
hpt,LineaD:1112,LineaB:1093,6.0
hpt,LineaD:1112,LineaC:1094,121.0
hpt,LineaD:1112,LineaC:1095,6.0
hpt,LineaD:1112,LineaC:1096,11.0
hpt,LineaD:1112,LineaC:1097,1.0
hpt,LineaD:1112,LineaC:1098,1.0
hpt,LineaD:1112,LineaC:1099,3.0
hpt,LineaD:1112,LineaC:1100,2.0
hpt,LineaD:1112,LineaC:1101,4.0
hpt,LineaD:1112,LineaC:1102,3.0
hpt,LineaD:1112,LineaD:1103,57.0
hpt,LineaD:1112,LineaD:1104,33.0
hpt,LineaD:1112,LineaD:1105,26.0
hpt,LineaD:1112,LineaD:1106,23.0
hpt,LineaD:1112,LineaD:1107,27.0
hpt,LineaD:1112,LineaD:1108,33.0
hpt,LineaD:1112,LineaD:1109,12.0
hpt,LineaD:1112,LineaD:1110,9.0
hpt,LineaD:1112,LineaD:1111,6.0
hpt,LineaD:1112,LineaD:1114,16.0
hpt,LineaD:1112,LineaD:1115,17.0
hpt,LineaD:1112,LineaD:1116,21.0
hpt,LineaD:1112,LineaD:1117,6.0
hpt,LineaD:1112,LineaD:1118,24.0
hpt,LineaD:1112,LineaE:1133,8.0
hpt,LineaD:1112,LineaE:1132,1.0
hpt,LineaD:1112,LineaE:1129,1.0
hpt,LineaD:1112,LineaE:1128,2.0
hpt,LineaD:1112,LineaE:1127,2.0
hpt,LineaD:1112,LineaE:1126,1.0
hpt,LineaD:1112,LineaE:1123,2.0
hpt,LineaD:1112,LineaE:1121,11.0
hpt,LineaD:1112,LineaE:1120,1.0
hpt,LineaD:1112,LineaE:1119,2.0
hpt,LineaD:1112,LineaH:1134,15.0
hpt,LineaD:1112,LineaH:1135,9.0
hpt,LineaD:1112,LineaH:1136,1.0
hpt,LineaD:1112,LineaH:1137,4.0
hpt,LineaD:1112,LineaH:1138,4.0
hpt,LineaD:1112,LineaH:1139,4.0
hpt,LineaD:1112,LineaH:1140,19.0
hpt,LineaD:1112,LineaH:1161,2.0
hpt,LineaD:1112,LineaH:1163,1.0
hpt,LineaD:1112,LineaE:1166,2.0
hpt,LineaD:1112,LineaE:1164,1.0
hpt,LineaD:1113,LineaA:1059,6.0
hpt,LineaD:1113,LineaA:1060,4.0
hpt,LineaD:1113,LineaA:1061,4.0
hpt,LineaD:1113,LineaA:1062,2.0
hpt,LineaD:1113,LineaA:1064,4.0
hpt,LineaD:1113,LineaA:1065,4.0
hpt,LineaD:1113,LineaA:1072,2.0
hpt,LineaD:1113,LineaA:1074,2.0
hpt,LineaD:1113,LineaB:1077,8.0
hpt,LineaD:1113,LineaB:1081,6.0
hpt,LineaD:1113,LineaB:1084,2.0
hpt,LineaD:1113,LineaB:1083,2.0
hpt,LineaD:1113,LineaB:1086,2.0
hpt,LineaD:1113,LineaB:1089,2.0
hpt,LineaD:1113,LineaB:1091,10.0
hpt,LineaD:1113,LineaB:1092,2.0
hpt,LineaD:1113,LineaC:1094,60.0
hpt,LineaD:1113,LineaC:1095,4.0
hpt,LineaD:1113,LineaC:1096,4.0
hpt,LineaD:1113,LineaC:1099,2.0
hpt,LineaD:1113,LineaC:1102,2.0
hpt,LineaD:1113,LineaD:1103,62.0
hpt,LineaD:1113,LineaD:1104,27.0
hpt,LineaD:1113,LineaD:1105,14.0
hpt,LineaD:1113,LineaD:1106,35.0
hpt,LineaD:1113,LineaD:1107,26.0
hpt,LineaD:1113,LineaD:1108,33.0
hpt,LineaD:1113,LineaD:1109,14.0
hpt,LineaD:1113,LineaD:1110,10.0
hpt,LineaD:1113,LineaD:1111,10.0
hpt,LineaD:1113,LineaD:1114,6.0
hpt,LineaD:1113,LineaD:1115,6.0
hpt,LineaD:1113,LineaD:1116,13.0
hpt,LineaD:1113,LineaD:1117,4.0
hpt,LineaD:1113,LineaD:1118,26.0
hpt,LineaD:1113,LineaE:1133,2.0
hpt,LineaD:1113,LineaE:1129,2.0
hpt,LineaD:1113,LineaE:1121,12.0
hpt,LineaD:1113,LineaE:1120,2.0
hpt,LineaD:1113,LineaE:1119,4.0
hpt,LineaD:1113,LineaH:1134,4.0
hpt,LineaD:1113,LineaH:1135,2.0
hpt,LineaD:1113,LineaH:1140,8.0
hpt,LineaD:1113,LineaH:1161,4.0
hpt,LineaD:1113,LineaH:1163,2.0
hpt,LineaD:1114,LineaA:1059,6.0
hpt,LineaD:1114,LineaA:1060,1.0
hpt,LineaD:1114,LineaA:1061,1.0
hpt,LineaD:1114,LineaA:1062,3.0
hpt,LineaD:1114,LineaA:1063,3.0
hpt,LineaD:1114,LineaA:1064,2.0
hpt,LineaD:1114,LineaA:1066,1.0
hpt,LineaD:1114,LineaA:1071,1.0
hpt,LineaD:1114,LineaA:1072,4.0
hpt,LineaD:1114,LineaA:1073,2.0
hpt,LineaD:1114,LineaA:1074,1.0
hpt,LineaD:1114,LineaA:1075,1.0
hpt,LineaD:1114,LineaA:1076,3.0
hpt,LineaD:1114,LineaB:1077,11.0
hpt,LineaD:1114,LineaB:1078,4.0
hpt,LineaD:1114,LineaB:1079,3.0
hpt,LineaD:1114,LineaB:1080,1.0
hpt,LineaD:1114,LineaB:1081,10.0
hpt,LineaD:1114,LineaB:1082,1.0
hpt,LineaD:1114,LineaB:1084,1.0
hpt,LineaD:1114,LineaB:1083,1.0
hpt,LineaD:1114,LineaB:1085,5.0
hpt,LineaD:1114,LineaB:1086,2.0
hpt,LineaD:1114,LineaB:1089,1.0
hpt,LineaD:1114,LineaB:1091,8.0
hpt,LineaD:1114,LineaB:1092,4.0
hpt,LineaD:1114,LineaB:1093,8.0
hpt,LineaD:1114,LineaC:1094,125.0
hpt,LineaD:1114,LineaC:1095,9.0
hpt,LineaD:1114,LineaC:1096,7.0
hpt,LineaD:1114,LineaC:1097,2.0
hpt,LineaD:1114,LineaC:1099,7.0
hpt,LineaD:1114,LineaC:1101,1.0
hpt,LineaD:1114,LineaC:1102,9.0
hpt,LineaD:1114,LineaD:1103,105.0
hpt,LineaD:1114,LineaD:1104,49.0
hpt,LineaD:1114,LineaD:1105,37.0
hpt,LineaD:1114,LineaD:1106,32.0
hpt,LineaD:1114,LineaD:1107,27.0
hpt,LineaD:1114,LineaD:1108,38.0
hpt,LineaD:1114,LineaD:1109,18.0
hpt,LineaD:1114,LineaD:1110,23.0
hpt,LineaD:1114,LineaD:1111,24.0
hpt,LineaD:1114,LineaD:1112,15.0
hpt,LineaD:1114,LineaD:1113,4.0
hpt,LineaD:1114,LineaD:1115,3.0
hpt,LineaD:1114,LineaD:1116,5.0
hpt,LineaD:1114,LineaD:1117,11.0
hpt,LineaD:1114,LineaD:1118,22.0
hpt,LineaD:1114,LineaE:1133,6.0
hpt,LineaD:1114,LineaE:1132,1.0
hpt,LineaD:1114,LineaE:1131,1.0
hpt,LineaD:1114,LineaE:1130,1.0
hpt,LineaD:1114,LineaE:1129,1.0
hpt,LineaD:1114,LineaE:1128,2.0
hpt,LineaD:1114,LineaE:1121,12.0
hpt,LineaD:1114,LineaE:1120,1.0
hpt,LineaD:1114,LineaE:1119,6.0
hpt,LineaD:1114,LineaH:1134,5.0
hpt,LineaD:1114,LineaH:1135,8.0
hpt,LineaD:1114,LineaH:1137,4.0
hpt,LineaD:1114,LineaH:1138,3.0
hpt,LineaD:1114,LineaH:1140,6.0
hpt,LineaD:1114,LineaH:1141,2.0
hpt,LineaD:1114,LineaH:1160,1.0
hpt,LineaD:1114,LineaH:1161,1.0
hpt,LineaD:1114,LineaH:1162,4.0
hpt,LineaD:1114,LineaE:1166,1.0
hpt,LineaD:1114,LineaE:1164,3.0
hpt,LineaD:1115,LineaA:1059,28.0
hpt,LineaD:1115,LineaA:1060,9.0
hpt,LineaD:1115,LineaA:1061,12.0
hpt,LineaD:1115,LineaA:1062,4.0
hpt,LineaD:1115,LineaA:1063,7.0
hpt,LineaD:1115,LineaA:1064,9.0
hpt,LineaD:1115,LineaA:1065,9.0
hpt,LineaD:1115,LineaA:1066,7.0
hpt,LineaD:1115,LineaA:1067,3.0
hpt,LineaD:1115,LineaA:1068,2.0
hpt,LineaD:1115,LineaA:1071,2.0
hpt,LineaD:1115,LineaA:1073,4.0
hpt,LineaD:1115,LineaA:1074,1.0
hpt,LineaD:1115,LineaA:1075,1.0
hpt,LineaD:1115,LineaA:1076,3.0
hpt,LineaD:1115,LineaB:1077,19.0
hpt,LineaD:1115,LineaB:1078,3.0
hpt,LineaD:1115,LineaB:1079,3.0
hpt,LineaD:1115,LineaB:1080,2.0
hpt,LineaD:1115,LineaB:1081,13.0
hpt,LineaD:1115,LineaB:1082,2.0
hpt,LineaD:1115,LineaB:1084,6.0
hpt,LineaD:1115,LineaB:1083,1.0
hpt,LineaD:1115,LineaB:1085,4.0
hpt,LineaD:1115,LineaB:1086,1.0
hpt,LineaD:1115,LineaB:1087,1.0
hpt,LineaD:1115,LineaB:1089,6.0
hpt,LineaD:1115,LineaB:1090,1.0
hpt,LineaD:1115,LineaB:1091,4.0
hpt,LineaD:1115,LineaB:1092,3.0
hpt,LineaD:1115,LineaB:1093,6.0
hpt,LineaD:1115,LineaC:1094,107.0
hpt,LineaD:1115,LineaC:1095,5.0
hpt,LineaD:1115,LineaC:1096,6.0
hpt,LineaD:1115,LineaC:1097,1.0
hpt,LineaD:1115,LineaC:1098,1.0
hpt,LineaD:1115,LineaC:1099,7.0
hpt,LineaD:1115,LineaC:1100,1.0
hpt,LineaD:1115,LineaC:1101,1.0
hpt,LineaD:1115,LineaC:1102,16.0
hpt,LineaD:1115,LineaD:1103,170.0
hpt,LineaD:1115,LineaD:1104,91.0
hpt,LineaD:1115,LineaD:1105,70.0
hpt,LineaD:1115,LineaD:1106,54.0
hpt,LineaD:1115,LineaD:1107,56.0
hpt,LineaD:1115,LineaD:1108,51.0
hpt,LineaD:1115,LineaD:1109,30.0
hpt,LineaD:1115,LineaD:1110,37.0
hpt,LineaD:1115,LineaD:1111,33.0
hpt,LineaD:1115,LineaD:1112,33.0
hpt,LineaD:1115,LineaD:1113,12.0
hpt,LineaD:1115,LineaD:1114,3.0
hpt,LineaD:1115,LineaD:1117,2.0
hpt,LineaD:1115,LineaD:1118,33.0
hpt,LineaD:1115,LineaE:1133,14.0
hpt,LineaD:1115,LineaE:1132,3.0
hpt,LineaD:1115,LineaE:1131,3.0
hpt,LineaD:1115,LineaE:1130,3.0
hpt,LineaD:1115,LineaE:1129,8.0
hpt,LineaD:1115,LineaE:1128,8.0
hpt,LineaD:1115,LineaE:1127,5.0
hpt,LineaD:1115,LineaE:1126,2.0
hpt,LineaD:1115,LineaE:1125,2.0
hpt,LineaD:1115,LineaE:1124,2.0
hpt,LineaD:1115,LineaE:1122,1.0
hpt,LineaD:1115,LineaE:1121,9.0
hpt,LineaD:1115,LineaE:1120,1.0
hpt,LineaD:1115,LineaE:1119,7.0
hpt,LineaD:1115,LineaH:1134,19.0
hpt,LineaD:1115,LineaH:1135,7.0
hpt,LineaD:1115,LineaH:1136,6.0
hpt,LineaD:1115,LineaH:1137,9.0
hpt,LineaD:1115,LineaH:1138,10.0
hpt,LineaD:1115,LineaH:1139,5.0
hpt,LineaD:1115,LineaH:1140,16.0
hpt,LineaD:1115,LineaH:1141,2.0
hpt,LineaD:1115,LineaH:1161,5.0
hpt,LineaD:1115,LineaH:1162,1.0
hpt,LineaD:1115,LineaE:1166,3.0
hpt,LineaD:1115,LineaE:1164,1.0
hpt,LineaD:1116,LineaA:1059,48.0
hpt,LineaD:1116,LineaA:1060,10.0
hpt,LineaD:1116,LineaA:1061,10.0
hpt,LineaD:1116,LineaA:1062,6.0
hpt,LineaD:1116,LineaA:1063,18.0
hpt,LineaD:1116,LineaA:1064,16.0
hpt,LineaD:1116,LineaA:1065,4.0
hpt,LineaD:1116,LineaA:1066,4.0
hpt,LineaD:1116,LineaA:1067,2.0
hpt,LineaD:1116,LineaA:1068,4.0
hpt,LineaD:1116,LineaA:1070,2.0
hpt,LineaD:1116,LineaA:1075,2.0
hpt,LineaD:1116,LineaA:1076,4.0
hpt,LineaD:1116,LineaB:1077,18.0
hpt,LineaD:1116,LineaB:1078,2.0
hpt,LineaD:1116,LineaB:1079,4.0
hpt,LineaD:1116,LineaB:1081,13.0
hpt,LineaD:1116,LineaB:1082,2.0
hpt,LineaD:1116,LineaB:1084,8.0
hpt,LineaD:1116,LineaB:1083,4.0
hpt,LineaD:1116,LineaB:1085,6.0
hpt,LineaD:1116,LineaB:1087,4.0
hpt,LineaD:1116,LineaB:1089,2.0
hpt,LineaD:1116,LineaB:1090,4.0
hpt,LineaD:1116,LineaB:1092,2.0
hpt,LineaD:1116,LineaC:1094,46.0
hpt,LineaD:1116,LineaC:1096,2.0
hpt,LineaD:1116,LineaC:1102,10.0
hpt,LineaD:1116,LineaD:1103,154.0
hpt,LineaD:1116,LineaD:1104,73.0
hpt,LineaD:1116,LineaD:1105,57.0
hpt,LineaD:1116,LineaD:1106,64.0
hpt,LineaD:1116,LineaD:1107,62.0
hpt,LineaD:1116,LineaD:1108,51.0
hpt,LineaD:1116,LineaD:1109,41.0
hpt,LineaD:1116,LineaD:1110,46.0
hpt,LineaD:1116,LineaD:1111,60.0
hpt,LineaD:1116,LineaD:1112,47.0
hpt,LineaD:1116,LineaD:1113,27.0
hpt,LineaD:1116,LineaD:1114,10.0
hpt,LineaD:1116,LineaD:1115,7.0
hpt,LineaD:1116,LineaD:1118,9.0
hpt,LineaD:1116,LineaE:1133,12.0
hpt,LineaD:1116,LineaE:1132,8.0
hpt,LineaD:1116,LineaE:1131,2.0
hpt,LineaD:1116,LineaE:1130,8.0
hpt,LineaD:1116,LineaE:1129,10.0
hpt,LineaD:1116,LineaE:1128,9.0
hpt,LineaD:1116,LineaE:1127,4.0
hpt,LineaD:1116,LineaE:1126,2.0
hpt,LineaD:1116,LineaE:1125,2.0
hpt,LineaD:1116,LineaE:1122,2.0
hpt,LineaD:1116,LineaE:1120,2.0
hpt,LineaD:1116,LineaE:1119,2.0
hpt,LineaD:1116,LineaH:1134,14.0
hpt,LineaD:1116,LineaH:1135,4.0
hpt,LineaD:1116,LineaH:1137,6.0
hpt,LineaD:1116,LineaH:1138,6.0
hpt,LineaD:1116,LineaH:1139,8.0
hpt,LineaD:1116,LineaH:1140,8.0
hpt,LineaD:1116,LineaH:1161,6.0
hpt,LineaD:1116,LineaH:1162,4.0
hpt,LineaD:1116,LineaH:1163,2.0
hpt,LineaD:1116,LineaE:1166,2.0
hpt,LineaD:1117,LineaA:1059,4.0
hpt,LineaD:1117,LineaA:1066,2.0
hpt,LineaD:1117,LineaA:1068,2.0
hpt,LineaD:1117,LineaB:1077,27.0
hpt,LineaD:1117,LineaB:1078,4.0
hpt,LineaD:1117,LineaB:1079,4.0
hpt,LineaD:1117,LineaB:1081,15.0
hpt,LineaD:1117,LineaB:1082,6.0
hpt,LineaD:1117,LineaB:1084,12.0
hpt,LineaD:1117,LineaB:1083,2.0
hpt,LineaD:1117,LineaB:1085,6.0
hpt,LineaD:1117,LineaB:1086,4.0
hpt,LineaD:1117,LineaB:1087,2.0
hpt,LineaD:1117,LineaB:1088,2.0
hpt,LineaD:1117,LineaB:1089,2.0
hpt,LineaD:1117,LineaC:1094,48.0
hpt,LineaD:1117,LineaC:1102,23.0
hpt,LineaD:1117,LineaD:1103,55.0
hpt,LineaD:1117,LineaD:1104,11.0
hpt,LineaD:1117,LineaD:1105,16.0
hpt,LineaD:1117,LineaD:1106,23.0
hpt,LineaD:1117,LineaD:1107,11.0
hpt,LineaD:1117,LineaD:1108,13.0
hpt,LineaD:1117,LineaD:1109,8.0
hpt,LineaD:1117,LineaD:1110,14.0
hpt,LineaD:1117,LineaD:1111,15.0
hpt,LineaD:1117,LineaD:1112,10.0
hpt,LineaD:1117,LineaD:1113,11.0
hpt,LineaD:1117,LineaD:1114,6.0
hpt,LineaD:1117,LineaD:1115,8.0
hpt,LineaD:1117,LineaD:1118,2.0
hpt,LineaD:1117,LineaE:1129,2.0
hpt,LineaD:1117,LineaE:1126,2.0
hpt,LineaD:1117,LineaE:1121,4.0
hpt,LineaD:1117,LineaH:1134,2.0
hpt,LineaD:1117,LineaH:1160,4.0
hpt,LineaD:1117,LineaH:1161,2.0
hpt,LineaD:1117,LineaE:1164,2.0
hpt,LineaD:1118,LineaA:1059,20.0
hpt,LineaD:1118,LineaA:1060,8.0
hpt,LineaD:1118,LineaA:1061,8.0
hpt,LineaD:1118,LineaA:1063,12.0
hpt,LineaD:1118,LineaA:1064,13.0
hpt,LineaD:1118,LineaA:1065,6.0
hpt,LineaD:1118,LineaA:1066,9.0
hpt,LineaD:1118,LineaA:1067,4.0
hpt,LineaD:1118,LineaA:1068,15.0
hpt,LineaD:1118,LineaA:1070,4.0
hpt,LineaD:1118,LineaA:1071,8.0
hpt,LineaD:1118,LineaA:1073,2.0
hpt,LineaD:1118,LineaA:1075,2.0
hpt,LineaD:1118,LineaB:1077,65.0
hpt,LineaD:1118,LineaB:1078,10.0
hpt,LineaD:1118,LineaB:1079,15.0
hpt,LineaD:1118,LineaB:1080,4.0
hpt,LineaD:1118,LineaB:1081,48.0
hpt,LineaD:1118,LineaB:1082,19.0
hpt,LineaD:1118,LineaB:1084,19.0
hpt,LineaD:1118,LineaB:1083,20.0
hpt,LineaD:1118,LineaB:1085,20.0
hpt,LineaD:1118,LineaB:1086,2.0
hpt,LineaD:1118,LineaB:1087,2.0
hpt,LineaD:1118,LineaB:1088,4.0
hpt,LineaD:1118,LineaB:1089,12.0
hpt,LineaD:1118,LineaB:1090,4.0
hpt,LineaD:1118,LineaB:1091,4.0
hpt,LineaD:1118,LineaB:1092,2.0
hpt,LineaD:1118,LineaB:1093,2.0
hpt,LineaD:1118,LineaC:1094,56.0
hpt,LineaD:1118,LineaC:1095,4.0
hpt,LineaD:1118,LineaC:1100,2.0
hpt,LineaD:1118,LineaC:1102,41.0
hpt,LineaD:1118,LineaD:1103,538.0
hpt,LineaD:1118,LineaD:1104,215.0
hpt,LineaD:1118,LineaD:1105,193.0
hpt,LineaD:1118,LineaD:1106,185.0
hpt,LineaD:1118,LineaD:1107,151.0
hpt,LineaD:1118,LineaD:1108,135.0
hpt,LineaD:1118,LineaD:1109,119.0
hpt,LineaD:1118,LineaD:1110,168.0
hpt,LineaD:1118,LineaD:1111,188.0
hpt,LineaD:1118,LineaD:1112,152.0
hpt,LineaD:1118,LineaD:1113,99.0
hpt,LineaD:1118,LineaD:1114,52.0
hpt,LineaD:1118,LineaD:1115,54.0
hpt,LineaD:1118,LineaD:1116,24.0
hpt,LineaD:1118,LineaD:1117,2.0
hpt,LineaD:1118,LineaE:1133,7.0
hpt,LineaD:1118,LineaE:1130,4.0
hpt,LineaD:1118,LineaE:1129,2.0
hpt,LineaD:1118,LineaE:1128,4.0
hpt,LineaD:1118,LineaE:1127,4.0
hpt,LineaD:1118,LineaE:1126,2.0
hpt,LineaD:1118,LineaE:1125,2.0
hpt,LineaD:1118,LineaE:1124,2.0
hpt,LineaD:1118,LineaE:1123,2.0
hpt,LineaD:1118,LineaE:1122,2.0
hpt,LineaD:1118,LineaE:1121,6.0
hpt,LineaD:1118,LineaE:1120,2.0
hpt,LineaD:1118,LineaE:1119,2.0
hpt,LineaD:1118,LineaH:1134,4.0
hpt,LineaD:1118,LineaH:1135,4.0
hpt,LineaD:1118,LineaH:1136,8.0
hpt,LineaD:1118,LineaH:1140,2.0
hpt,LineaD:1118,LineaH:1160,4.0
hpt,LineaD:1118,LineaH:1161,30.0
hpt,LineaD:1118,LineaH:1162,29.0
hpt,LineaD:1118,LineaH:1163,8.0
hpt,LineaD:1118,LineaE:1164,8.0
hpt,LineaE:1133,LineaA:1059,4.0
hpt,LineaE:1133,LineaA:1063,2.0
hpt,LineaE:1133,LineaA:1066,2.0
hpt,LineaE:1133,LineaA:1068,2.0
hpt,LineaE:1133,LineaA:1073,2.0
hpt,LineaE:1133,LineaA:1074,2.0
hpt,LineaE:1133,LineaA:1076,4.0
hpt,LineaE:1133,LineaB:1077,4.0
hpt,LineaE:1133,LineaB:1081,4.0
hpt,LineaE:1133,LineaB:1084,4.0
hpt,LineaE:1133,LineaB:1083,2.0
hpt,LineaE:1133,LineaB:1085,6.0
hpt,LineaE:1133,LineaB:1086,4.0
hpt,LineaE:1133,LineaB:1087,2.0
hpt,LineaE:1133,LineaB:1088,2.0
hpt,LineaE:1133,LineaB:1089,6.0
hpt,LineaE:1133,LineaB:1090,4.0
hpt,LineaE:1133,LineaB:1091,8.0
hpt,LineaE:1133,LineaB:1092,6.0
hpt,LineaE:1133,LineaB:1093,2.0
hpt,LineaE:1133,LineaC:1094,38.0
hpt,LineaE:1133,LineaC:1095,6.0
hpt,LineaE:1133,LineaC:1096,14.0
hpt,LineaE:1133,LineaC:1097,2.0
hpt,LineaE:1133,LineaC:1099,2.0
hpt,LineaE:1133,LineaC:1100,4.0
hpt,LineaE:1133,LineaC:1101,2.0
hpt,LineaE:1133,LineaC:1102,12.0
hpt,LineaE:1133,LineaD:1103,4.0
hpt,LineaE:1133,LineaD:1104,4.0
hpt,LineaE:1133,LineaD:1106,2.0
hpt,LineaE:1133,LineaD:1107,2.0
hpt,LineaE:1133,LineaD:1108,8.0
hpt,LineaE:1133,LineaD:1109,4.0
hpt,LineaE:1133,LineaD:1110,8.0
hpt,LineaE:1133,LineaD:1111,6.0
hpt,LineaE:1133,LineaD:1112,4.0
hpt,LineaE:1133,LineaD:1114,2.0
hpt,LineaE:1133,LineaD:1115,4.0
hpt,LineaE:1133,LineaD:1116,2.0
hpt,LineaE:1133,LineaD:1118,4.0
hpt,LineaE:1133,LineaE:1131,6.0
hpt,LineaE:1133,LineaE:1130,12.0
hpt,LineaE:1133,LineaE:1129,6.0
hpt,LineaE:1133,LineaE:1128,8.0
hpt,LineaE:1133,LineaE:1127,14.0
hpt,LineaE:1133,LineaE:1126,6.0
hpt,LineaE:1133,LineaE:1125,4.0
hpt,LineaE:1133,LineaE:1124,4.0
hpt,LineaE:1133,LineaE:1123,6.0
hpt,LineaE:1133,LineaE:1122,8.0
hpt,LineaE:1133,LineaE:1121,66.0
hpt,LineaE:1133,LineaE:1120,12.0
hpt,LineaE:1133,LineaE:1119,10.0
hpt,LineaE:1133,LineaH:1135,2.0
hpt,LineaE:1133,LineaH:1136,8.0
hpt,LineaE:1133,LineaH:1137,2.0
hpt,LineaE:1133,LineaH:1138,2.0
hpt,LineaE:1133,LineaH:1139,4.0
hpt,LineaE:1133,LineaH:1140,6.0
hpt,LineaE:1133,LineaH:1141,8.0
hpt,LineaE:1133,LineaH:1160,13.0
hpt,LineaE:1133,LineaH:1161,15.0
hpt,LineaE:1133,LineaH:1162,12.0
hpt,LineaE:1133,LineaH:1163,4.0
hpt,LineaE:1133,LineaE:1166,9.0
hpt,LineaE:1133,LineaE:1165,4.0
hpt,LineaE:1133,LineaE:1164,6.0
hpt,LineaE:1132,LineaA:1060,1.0
hpt,LineaE:1132,LineaB:1085,1.0
hpt,LineaE:1132,LineaB:1088,1.0
hpt,LineaE:1132,LineaB:1089,1.0
hpt,LineaE:1132,LineaB:1090,1.0
hpt,LineaE:1132,LineaB:1091,4.0
hpt,LineaE:1132,LineaC:1094,21.0
hpt,LineaE:1132,LineaC:1095,3.0
hpt,LineaE:1132,LineaC:1096,4.0
hpt,LineaE:1132,LineaC:1102,5.0
hpt,LineaE:1132,LineaD:1104,1.0
hpt,LineaE:1132,LineaD:1107,1.0
hpt,LineaE:1132,LineaD:1108,2.0
hpt,LineaE:1132,LineaD:1109,1.0
hpt,LineaE:1132,LineaD:1116,1.0
hpt,LineaE:1132,LineaE:1131,2.0
hpt,LineaE:1132,LineaE:1130,2.0
hpt,LineaE:1132,LineaE:1129,2.0
hpt,LineaE:1132,LineaE:1128,1.0
hpt,LineaE:1132,LineaE:1127,4.0
hpt,LineaE:1132,LineaE:1126,1.0
hpt,LineaE:1132,LineaE:1124,4.0
hpt,LineaE:1132,LineaE:1123,3.0
hpt,LineaE:1132,LineaE:1121,11.0
hpt,LineaE:1132,LineaE:1119,1.0
hpt,LineaE:1132,LineaH:1134,2.0
hpt,LineaE:1132,LineaH:1135,3.0
hpt,LineaE:1132,LineaH:1136,2.0
hpt,LineaE:1132,LineaH:1138,1.0
hpt,LineaE:1132,LineaH:1141,2.0
hpt,LineaE:1132,LineaH:1161,2.0
hpt,LineaE:1132,LineaH:1162,1.0
hpt,LineaE:1132,LineaH:1163,2.0
hpt,LineaE:1132,LineaE:1166,4.0
hpt,LineaE:1132,LineaE:1165,2.0
hpt,LineaE:1132,LineaE:1164,4.0
hpt,LineaE:1131,LineaA:1075,2.0
hpt,LineaE:1131,LineaB:1083,2.0
hpt,LineaE:1131,LineaB:1089,2.0
hpt,LineaE:1131,LineaC:1094,12.0
hpt,LineaE:1131,LineaC:1096,2.0
hpt,LineaE:1131,LineaC:1098,2.0
hpt,LineaE:1131,LineaC:1100,2.0
hpt,LineaE:1131,LineaC:1102,2.0
hpt,LineaE:1131,LineaD:1106,2.0
hpt,LineaE:1131,LineaD:1109,2.0
hpt,LineaE:1131,LineaD:1110,2.0
hpt,LineaE:1131,LineaD:1111,2.0
hpt,LineaE:1131,LineaD:1112,2.0
hpt,LineaE:1131,LineaD:1118,2.0
hpt,LineaE:1131,LineaE:1133,4.0
hpt,LineaE:1131,LineaE:1129,7.0
hpt,LineaE:1131,LineaE:1127,9.0
hpt,LineaE:1131,LineaE:1126,4.0
hpt,LineaE:1131,LineaE:1125,2.0
hpt,LineaE:1131,LineaE:1123,2.0
hpt,LineaE:1131,LineaE:1121,31.0
hpt,LineaE:1131,LineaE:1120,2.0
hpt,LineaE:1131,LineaE:1119,2.0
hpt,LineaE:1131,LineaH:1134,2.0
hpt,LineaE:1131,LineaH:1135,2.0
hpt,LineaE:1131,LineaH:1141,2.0
hpt,LineaE:1131,LineaH:1160,4.0
hpt,LineaE:1131,LineaH:1161,2.0
hpt,LineaE:1131,LineaH:1162,2.0
hpt,LineaE:1131,LineaH:1163,2.0
hpt,LineaE:1131,LineaE:1166,4.0
hpt,LineaE:1131,LineaE:1165,2.0
hpt,LineaE:1131,LineaE:1164,2.0
hpt,LineaE:1130,LineaA:1062,2.0
hpt,LineaE:1130,LineaA:1069,2.0
hpt,LineaE:1130,LineaA:1074,2.0
hpt,LineaE:1130,LineaA:1076,2.0
hpt,LineaE:1130,LineaB:1077,2.0
hpt,LineaE:1130,LineaB:1084,2.0
hpt,LineaE:1130,LineaB:1088,2.0
hpt,LineaE:1130,LineaB:1089,4.0
hpt,LineaE:1130,LineaB:1090,4.0
hpt,LineaE:1130,LineaC:1094,29.0
hpt,LineaE:1130,LineaC:1095,2.0
hpt,LineaE:1130,LineaC:1096,14.0
hpt,LineaE:1130,LineaC:1097,2.0
hpt,LineaE:1130,LineaC:1098,2.0
hpt,LineaE:1130,LineaC:1099,4.0
hpt,LineaE:1130,LineaC:1100,2.0
hpt,LineaE:1130,LineaC:1101,2.0
hpt,LineaE:1130,LineaC:1102,6.0
hpt,LineaE:1130,LineaD:1103,2.0
hpt,LineaE:1130,LineaD:1108,4.0
hpt,LineaE:1130,LineaD:1110,6.0
hpt,LineaE:1130,LineaD:1114,2.0
hpt,LineaE:1130,LineaD:1115,4.0
hpt,LineaE:1130,LineaE:1133,8.0
hpt,LineaE:1130,LineaE:1132,2.0
hpt,LineaE:1130,LineaE:1131,4.0
hpt,LineaE:1130,LineaE:1129,2.0
hpt,LineaE:1130,LineaE:1128,8.0
hpt,LineaE:1130,LineaE:1127,15.0
hpt,LineaE:1130,LineaE:1126,13.0
hpt,LineaE:1130,LineaE:1125,6.0
hpt,LineaE:1130,LineaE:1124,4.0
hpt,LineaE:1130,LineaE:1123,12.0
hpt,LineaE:1130,LineaE:1122,4.0
hpt,LineaE:1130,LineaE:1121,57.0
hpt,LineaE:1130,LineaE:1120,4.0
hpt,LineaE:1130,LineaE:1119,6.0
hpt,LineaE:1130,LineaH:1134,4.0
hpt,LineaE:1130,LineaH:1135,2.0
hpt,LineaE:1130,LineaH:1136,2.0
hpt,LineaE:1130,LineaH:1138,4.0
hpt,LineaE:1130,LineaH:1140,6.0
hpt,LineaE:1130,LineaH:1160,2.0
hpt,LineaE:1130,LineaH:1161,4.0
hpt,LineaE:1130,LineaH:1162,6.0
hpt,LineaE:1130,LineaH:1163,2.0
hpt,LineaE:1130,LineaE:1166,11.0
hpt,LineaE:1130,LineaE:1164,8.0
hpt,LineaE:1129,LineaA:1059,1.0
hpt,LineaE:1129,LineaA:1060,1.0
hpt,LineaE:1129,LineaA:1061,1.0
hpt,LineaE:1129,LineaA:1063,1.0
hpt,LineaE:1129,LineaA:1064,6.0
hpt,LineaE:1129,LineaA:1067,1.0
hpt,LineaE:1129,LineaA:1068,2.0
hpt,LineaE:1129,LineaA:1069,6.0
hpt,LineaE:1129,LineaA:1071,5.0
hpt,LineaE:1129,LineaA:1073,3.0
hpt,LineaE:1129,LineaA:1076,2.0
hpt,LineaE:1129,LineaB:1077,2.0
hpt,LineaE:1129,LineaB:1086,1.0
hpt,LineaE:1129,LineaB:1089,2.0
hpt,LineaE:1129,LineaB:1091,1.0
hpt,LineaE:1129,LineaC:1094,29.0
hpt,LineaE:1129,LineaC:1095,1.0
hpt,LineaE:1129,LineaC:1096,7.0
hpt,LineaE:1129,LineaC:1099,2.0
hpt,LineaE:1129,LineaC:1101,1.0
hpt,LineaE:1129,LineaC:1102,7.0
hpt,LineaE:1129,LineaD:1103,2.0
hpt,LineaE:1129,LineaD:1104,2.0
hpt,LineaE:1129,LineaD:1105,1.0
hpt,LineaE:1129,LineaD:1109,3.0
hpt,LineaE:1129,LineaD:1110,1.0
hpt,LineaE:1129,LineaD:1111,2.0
hpt,LineaE:1129,LineaD:1112,1.0
hpt,LineaE:1129,LineaD:1115,1.0
hpt,LineaE:1129,LineaD:1116,2.0
hpt,LineaE:1129,LineaE:1133,9.0
hpt,LineaE:1129,LineaE:1132,4.0
hpt,LineaE:1129,LineaE:1131,5.0
hpt,LineaE:1129,LineaE:1130,4.0
hpt,LineaE:1129,LineaE:1128,3.0
hpt,LineaE:1129,LineaE:1127,6.0
hpt,LineaE:1129,LineaE:1126,7.0
hpt,LineaE:1129,LineaE:1125,2.0
hpt,LineaE:1129,LineaE:1124,3.0
hpt,LineaE:1129,LineaE:1123,3.0
hpt,LineaE:1129,LineaE:1122,4.0
hpt,LineaE:1129,LineaE:1121,69.0
hpt,LineaE:1129,LineaE:1120,4.0
hpt,LineaE:1129,LineaE:1119,5.0
hpt,LineaE:1129,LineaH:1134,1.0
hpt,LineaE:1129,LineaH:1135,5.0
hpt,LineaE:1129,LineaH:1136,2.0
hpt,LineaE:1129,LineaH:1138,1.0
hpt,LineaE:1129,LineaH:1139,1.0
hpt,LineaE:1129,LineaH:1141,1.0
hpt,LineaE:1129,LineaH:1160,5.0
hpt,LineaE:1129,LineaH:1161,14.0
hpt,LineaE:1129,LineaH:1162,1.0
hpt,LineaE:1129,LineaH:1163,3.0
hpt,LineaE:1129,LineaE:1166,5.0
hpt,LineaE:1129,LineaE:1165,1.0
hpt,LineaE:1129,LineaE:1164,8.0
hpt,LineaE:1128,LineaA:1059,2.0
hpt,LineaE:1128,LineaA:1060,2.0
hpt,LineaE:1128,LineaA:1061,2.0
hpt,LineaE:1128,LineaA:1065,2.0
hpt,LineaE:1128,LineaA:1068,2.0
hpt,LineaE:1128,LineaA:1069,2.0
hpt,LineaE:1128,LineaA:1071,3.0
hpt,LineaE:1128,LineaA:1072,2.0
hpt,LineaE:1128,LineaA:1075,2.0
hpt,LineaE:1128,LineaA:1076,2.0
hpt,LineaE:1128,LineaB:1077,4.0
hpt,LineaE:1128,LineaB:1078,2.0
hpt,LineaE:1128,LineaB:1079,2.0
hpt,LineaE:1128,LineaB:1080,2.0
hpt,LineaE:1128,LineaB:1082,2.0
hpt,LineaE:1128,LineaB:1085,2.0
hpt,LineaE:1128,LineaB:1086,2.0
hpt,LineaE:1128,LineaB:1089,2.0
hpt,LineaE:1128,LineaB:1090,4.0
hpt,LineaE:1128,LineaB:1092,2.0
hpt,LineaE:1128,LineaB:1093,2.0
hpt,LineaE:1128,LineaC:1094,34.0
hpt,LineaE:1128,LineaC:1096,8.0
hpt,LineaE:1128,LineaC:1100,2.0
hpt,LineaE:1128,LineaC:1102,12.0
hpt,LineaE:1128,LineaD:1103,6.0
hpt,LineaE:1128,LineaD:1104,4.0
hpt,LineaE:1128,LineaD:1105,2.0
hpt,LineaE:1128,LineaD:1107,2.0
hpt,LineaE:1128,LineaD:1108,2.0
hpt,LineaE:1128,LineaD:1109,2.0
hpt,LineaE:1128,LineaD:1110,2.0
hpt,LineaE:1128,LineaD:1111,2.0
hpt,LineaE:1128,LineaD:1113,2.0
hpt,LineaE:1128,LineaD:1114,2.0
hpt,LineaE:1128,LineaD:1115,2.0
hpt,LineaE:1128,LineaD:1116,4.0
hpt,LineaE:1128,LineaD:1118,3.0
hpt,LineaE:1128,LineaE:1133,13.0
hpt,LineaE:1128,LineaE:1132,2.0
hpt,LineaE:1128,LineaE:1131,6.0
hpt,LineaE:1128,LineaE:1130,4.0
hpt,LineaE:1128,LineaE:1129,2.0
hpt,LineaE:1128,LineaE:1127,2.0
hpt,LineaE:1128,LineaE:1126,10.0
hpt,LineaE:1128,LineaE:1124,2.0
hpt,LineaE:1128,LineaE:1123,7.0
hpt,LineaE:1128,LineaE:1122,4.0
hpt,LineaE:1128,LineaE:1121,49.0
hpt,LineaE:1128,LineaE:1120,6.0
hpt,LineaE:1128,LineaE:1119,7.0
hpt,LineaE:1128,LineaH:1134,2.0
hpt,LineaE:1128,LineaH:1135,2.0
hpt,LineaE:1128,LineaH:1136,4.0
hpt,LineaE:1128,LineaH:1137,6.0
hpt,LineaE:1128,LineaH:1139,2.0
hpt,LineaE:1128,LineaH:1141,4.0
hpt,LineaE:1128,LineaH:1160,4.0
hpt,LineaE:1128,LineaH:1161,16.0
hpt,LineaE:1128,LineaH:1162,5.0
hpt,LineaE:1128,LineaE:1166,12.0
hpt,LineaE:1128,LineaE:1165,2.0
hpt,LineaE:1128,LineaE:1164,19.0
hpt,LineaE:1127,LineaA:1059,4.0
hpt,LineaE:1127,LineaA:1060,2.0
hpt,LineaE:1127,LineaA:1062,2.0
hpt,LineaE:1127,LineaA:1063,4.0
hpt,LineaE:1127,LineaA:1064,2.0
hpt,LineaE:1127,LineaA:1065,2.0
hpt,LineaE:1127,LineaA:1067,2.0
hpt,LineaE:1127,LineaA:1069,2.0
hpt,LineaE:1127,LineaA:1071,6.0
hpt,LineaE:1127,LineaA:1073,4.0
hpt,LineaE:1127,LineaA:1074,2.0
hpt,LineaE:1127,LineaA:1075,4.0
hpt,LineaE:1127,LineaA:1076,6.0
hpt,LineaE:1127,LineaB:1077,2.0
hpt,LineaE:1127,LineaB:1081,2.0
hpt,LineaE:1127,LineaB:1084,2.0
hpt,LineaE:1127,LineaB:1083,4.0
hpt,LineaE:1127,LineaB:1085,2.0
hpt,LineaE:1127,LineaB:1089,4.0
hpt,LineaE:1127,LineaC:1094,33.0
hpt,LineaE:1127,LineaC:1095,4.0
hpt,LineaE:1127,LineaC:1096,4.0
hpt,LineaE:1127,LineaC:1097,2.0
hpt,LineaE:1127,LineaC:1098,2.0
hpt,LineaE:1127,LineaC:1099,2.0
hpt,LineaE:1127,LineaC:1100,6.0
hpt,LineaE:1127,LineaC:1101,6.0
hpt,LineaE:1127,LineaC:1102,10.0
hpt,LineaE:1127,LineaD:1103,8.0
hpt,LineaE:1127,LineaD:1104,8.0
hpt,LineaE:1127,LineaD:1105,4.0
hpt,LineaE:1127,LineaD:1106,4.0
hpt,LineaE:1127,LineaD:1107,4.0
hpt,LineaE:1127,LineaD:1108,2.0
hpt,LineaE:1127,LineaD:1109,4.0
hpt,LineaE:1127,LineaD:1112,4.0
hpt,LineaE:1127,LineaD:1113,2.0
hpt,LineaE:1127,LineaD:1114,2.0
hpt,LineaE:1127,LineaD:1115,2.0
hpt,LineaE:1127,LineaD:1116,4.0
hpt,LineaE:1127,LineaD:1118,2.0
hpt,LineaE:1127,LineaE:1133,16.0
hpt,LineaE:1127,LineaE:1132,4.0
hpt,LineaE:1127,LineaE:1131,8.0
hpt,LineaE:1127,LineaE:1130,6.0
hpt,LineaE:1127,LineaE:1129,10.0
hpt,LineaE:1127,LineaE:1128,6.0
hpt,LineaE:1127,LineaE:1126,4.0
hpt,LineaE:1127,LineaE:1125,8.0
hpt,LineaE:1127,LineaE:1124,12.0
hpt,LineaE:1127,LineaE:1123,10.0
hpt,LineaE:1127,LineaE:1122,6.0
hpt,LineaE:1127,LineaE:1121,51.0
hpt,LineaE:1127,LineaE:1120,8.0
hpt,LineaE:1127,LineaE:1119,13.0
hpt,LineaE:1127,LineaH:1134,2.0
hpt,LineaE:1127,LineaH:1135,6.0
hpt,LineaE:1127,LineaH:1136,12.0
hpt,LineaE:1127,LineaH:1137,6.0
hpt,LineaE:1127,LineaH:1138,4.0
hpt,LineaE:1127,LineaH:1139,6.0
hpt,LineaE:1127,LineaH:1140,8.0
hpt,LineaE:1127,LineaH:1141,4.0
hpt,LineaE:1127,LineaH:1160,8.0
hpt,LineaE:1127,LineaH:1161,12.0
hpt,LineaE:1127,LineaH:1162,8.0
hpt,LineaE:1127,LineaH:1163,4.0
hpt,LineaE:1127,LineaE:1166,8.0
hpt,LineaE:1127,LineaE:1165,8.0
hpt,LineaE:1127,LineaE:1164,6.0
hpt,LineaE:1126,LineaA:1059,2.0
hpt,LineaE:1126,LineaA:1065,2.0
hpt,LineaE:1126,LineaA:1071,2.0
hpt,LineaE:1126,LineaB:1077,2.0
hpt,LineaE:1126,LineaB:1084,2.0
hpt,LineaE:1126,LineaB:1086,2.0
hpt,LineaE:1126,LineaB:1088,2.0
hpt,LineaE:1126,LineaB:1089,2.0
hpt,LineaE:1126,LineaB:1090,2.0
hpt,LineaE:1126,LineaC:1094,8.0
hpt,LineaE:1126,LineaC:1096,4.0
hpt,LineaE:1126,LineaC:1097,2.0
hpt,LineaE:1126,LineaC:1098,2.0
hpt,LineaE:1126,LineaC:1100,2.0
hpt,LineaE:1126,LineaC:1102,2.0
hpt,LineaE:1126,LineaD:1103,2.0
hpt,LineaE:1126,LineaD:1104,2.0
hpt,LineaE:1126,LineaD:1112,2.0
hpt,LineaE:1126,LineaD:1114,2.0
hpt,LineaE:1126,LineaE:1133,8.0
hpt,LineaE:1126,LineaE:1132,6.0
hpt,LineaE:1126,LineaE:1131,2.0
hpt,LineaE:1126,LineaE:1130,12.0
hpt,LineaE:1126,LineaE:1129,7.0
hpt,LineaE:1126,LineaE:1128,10.0
hpt,LineaE:1126,LineaE:1127,4.0
hpt,LineaE:1126,LineaE:1124,5.0
hpt,LineaE:1126,LineaE:1123,2.0
hpt,LineaE:1126,LineaE:1122,4.0
hpt,LineaE:1126,LineaE:1121,19.0
hpt,LineaE:1126,LineaE:1120,2.0
hpt,LineaE:1126,LineaE:1119,2.0
hpt,LineaE:1126,LineaH:1134,2.0
hpt,LineaE:1126,LineaH:1136,2.0
hpt,LineaE:1126,LineaH:1138,4.0
hpt,LineaE:1126,LineaH:1161,4.0
hpt,LineaE:1126,LineaH:1162,4.0
hpt,LineaE:1126,LineaH:1163,4.0
hpt,LineaE:1126,LineaE:1166,4.0
hpt,LineaE:1126,LineaE:1165,2.0
hpt,LineaE:1126,LineaE:1164,9.0
hpt,LineaE:1125,LineaA:1060,1.0
hpt,LineaE:1125,LineaA:1061,1.0
hpt,LineaE:1125,LineaA:1062,1.0
hpt,LineaE:1125,LineaA:1063,2.0
hpt,LineaE:1125,LineaA:1064,3.0
hpt,LineaE:1125,LineaA:1065,2.0
hpt,LineaE:1125,LineaA:1066,1.0
hpt,LineaE:1125,LineaA:1067,1.0
hpt,LineaE:1125,LineaA:1071,5.0
hpt,LineaE:1125,LineaA:1072,2.0
hpt,LineaE:1125,LineaA:1076,1.0
hpt,LineaE:1125,LineaB:1077,5.0
hpt,LineaE:1125,LineaB:1078,2.0
hpt,LineaE:1125,LineaB:1079,1.0
hpt,LineaE:1125,LineaB:1081,4.0
hpt,LineaE:1125,LineaB:1082,3.0
hpt,LineaE:1125,LineaB:1083,1.0
hpt,LineaE:1125,LineaB:1085,7.0
hpt,LineaE:1125,LineaB:1086,1.0
hpt,LineaE:1125,LineaB:1087,1.0
hpt,LineaE:1125,LineaB:1088,1.0
hpt,LineaE:1125,LineaB:1089,3.0
hpt,LineaE:1125,LineaB:1091,1.0
hpt,LineaE:1125,LineaB:1092,3.0
hpt,LineaE:1125,LineaC:1094,10.0
hpt,LineaE:1125,LineaC:1096,3.0
hpt,LineaE:1125,LineaC:1098,1.0
hpt,LineaE:1125,LineaC:1100,1.0
hpt,LineaE:1125,LineaC:1102,9.0
hpt,LineaE:1125,LineaD:1103,7.0
hpt,LineaE:1125,LineaD:1104,4.0
hpt,LineaE:1125,LineaD:1105,1.0
hpt,LineaE:1125,LineaD:1107,1.0
hpt,LineaE:1125,LineaD:1108,1.0
hpt,LineaE:1125,LineaD:1110,2.0
hpt,LineaE:1125,LineaD:1111,1.0
hpt,LineaE:1125,LineaD:1113,1.0
hpt,LineaE:1125,LineaD:1115,1.0
hpt,LineaE:1125,LineaE:1133,12.0
hpt,LineaE:1125,LineaE:1132,5.0
hpt,LineaE:1125,LineaE:1131,5.0
hpt,LineaE:1125,LineaE:1130,9.0
hpt,LineaE:1125,LineaE:1129,7.0
hpt,LineaE:1125,LineaE:1128,4.0
hpt,LineaE:1125,LineaE:1127,7.0
hpt,LineaE:1125,LineaE:1123,4.0
hpt,LineaE:1125,LineaE:1122,5.0
hpt,LineaE:1125,LineaE:1121,6.0
hpt,LineaE:1125,LineaE:1120,3.0
hpt,LineaE:1125,LineaE:1119,6.0
hpt,LineaE:1125,LineaH:1134,2.0
hpt,LineaE:1125,LineaH:1135,2.0
hpt,LineaE:1125,LineaH:1136,2.0
hpt,LineaE:1125,LineaH:1137,1.0
hpt,LineaE:1125,LineaH:1138,1.0
hpt,LineaE:1125,LineaH:1140,6.0
hpt,LineaE:1125,LineaH:1141,2.0
hpt,LineaE:1125,LineaH:1161,4.0
hpt,LineaE:1125,LineaH:1162,3.0
hpt,LineaE:1125,LineaE:1166,6.0
hpt,LineaE:1125,LineaE:1165,3.0
hpt,LineaE:1125,LineaE:1164,7.0
hpt,LineaE:1124,LineaA:1061,2.0
hpt,LineaE:1124,LineaA:1064,2.0
hpt,LineaE:1124,LineaA:1074,2.0
hpt,LineaE:1124,LineaB:1077,4.0
hpt,LineaE:1124,LineaB:1078,2.0
hpt,LineaE:1124,LineaB:1081,4.0
hpt,LineaE:1124,LineaB:1084,4.0
hpt,LineaE:1124,LineaB:1083,2.0
hpt,LineaE:1124,LineaB:1090,2.0
hpt,LineaE:1124,LineaB:1091,2.0
hpt,LineaE:1124,LineaB:1092,2.0
hpt,LineaE:1124,LineaC:1094,6.0
hpt,LineaE:1124,LineaC:1095,2.0
hpt,LineaE:1124,LineaC:1096,4.0
hpt,LineaE:1124,LineaC:1098,2.0
hpt,LineaE:1124,LineaC:1101,4.0
hpt,LineaE:1124,LineaC:1102,2.0
hpt,LineaE:1124,LineaD:1115,2.0
hpt,LineaE:1124,LineaE:1133,13.0
hpt,LineaE:1124,LineaE:1132,2.0
hpt,LineaE:1124,LineaE:1131,2.0
hpt,LineaE:1124,LineaE:1130,8.0
hpt,LineaE:1124,LineaE:1129,10.0
hpt,LineaE:1124,LineaE:1128,2.0
hpt,LineaE:1124,LineaE:1127,13.0
hpt,LineaE:1124,LineaE:1126,2.0
hpt,LineaE:1124,LineaE:1123,2.0
hpt,LineaE:1124,LineaE:1122,8.0
hpt,LineaE:1124,LineaE:1121,12.0
hpt,LineaE:1124,LineaE:1120,2.0
hpt,LineaE:1124,LineaE:1119,6.0
hpt,LineaE:1124,LineaH:1135,2.0
hpt,LineaE:1124,LineaH:1136,2.0
hpt,LineaE:1124,LineaH:1138,2.0
hpt,LineaE:1124,LineaH:1139,2.0
hpt,LineaE:1124,LineaH:1140,2.0
hpt,LineaE:1124,LineaH:1161,2.0
hpt,LineaE:1124,LineaE:1166,6.0
hpt,LineaE:1124,LineaE:1165,2.0
hpt,LineaE:1124,LineaE:1164,4.0
hpt,LineaE:1123,LineaA:1059,2.0
hpt,LineaE:1123,LineaA:1060,2.0
hpt,LineaE:1123,LineaA:1062,2.0
hpt,LineaE:1123,LineaA:1063,2.0
hpt,LineaE:1123,LineaA:1064,4.0
hpt,LineaE:1123,LineaA:1066,2.0
hpt,LineaE:1123,LineaA:1067,2.0
hpt,LineaE:1123,LineaA:1069,2.0
hpt,LineaE:1123,LineaA:1073,2.0
hpt,LineaE:1123,LineaA:1076,2.0
hpt,LineaE:1123,LineaB:1077,8.0
hpt,LineaE:1123,LineaB:1078,2.0
hpt,LineaE:1123,LineaB:1079,2.0
hpt,LineaE:1123,LineaB:1081,10.0
hpt,LineaE:1123,LineaB:1082,2.0
hpt,LineaE:1123,LineaB:1083,2.0
hpt,LineaE:1123,LineaB:1086,4.0
hpt,LineaE:1123,LineaB:1091,4.0
hpt,LineaE:1123,LineaB:1093,2.0
hpt,LineaE:1123,LineaC:1094,6.0
hpt,LineaE:1123,LineaC:1095,2.0
hpt,LineaE:1123,LineaC:1096,2.0
hpt,LineaE:1123,LineaC:1098,2.0
hpt,LineaE:1123,LineaC:1100,2.0
hpt,LineaE:1123,LineaC:1102,6.0
hpt,LineaE:1123,LineaD:1103,8.0
hpt,LineaE:1123,LineaD:1104,2.0
hpt,LineaE:1123,LineaD:1105,2.0
hpt,LineaE:1123,LineaD:1106,4.0
hpt,LineaE:1123,LineaD:1109,2.0
hpt,LineaE:1123,LineaD:1111,2.0
hpt,LineaE:1123,LineaD:1118,2.0
hpt,LineaE:1123,LineaE:1133,19.0
hpt,LineaE:1123,LineaE:1132,8.0
hpt,LineaE:1123,LineaE:1131,8.0
hpt,LineaE:1123,LineaE:1130,16.0
hpt,LineaE:1123,LineaE:1129,18.0
hpt,LineaE:1123,LineaE:1128,8.0
hpt,LineaE:1123,LineaE:1127,10.0
hpt,LineaE:1123,LineaE:1126,8.0
hpt,LineaE:1123,LineaE:1125,4.0
hpt,LineaE:1123,LineaE:1122,2.0
hpt,LineaE:1123,LineaE:1121,12.0
hpt,LineaE:1123,LineaE:1120,4.0
hpt,LineaE:1123,LineaE:1119,10.0
hpt,LineaE:1123,LineaH:1135,4.0
hpt,LineaE:1123,LineaH:1136,4.0
hpt,LineaE:1123,LineaH:1137,2.0
hpt,LineaE:1123,LineaH:1138,2.0
hpt,LineaE:1123,LineaH:1139,2.0
hpt,LineaE:1123,LineaH:1140,4.0
hpt,LineaE:1123,LineaH:1141,4.0
hpt,LineaE:1123,LineaH:1160,4.0
hpt,LineaE:1123,LineaH:1161,4.0
hpt,LineaE:1123,LineaH:1162,2.0
hpt,LineaE:1123,LineaH:1163,2.0
hpt,LineaE:1123,LineaE:1166,2.0
hpt,LineaE:1123,LineaE:1165,2.0
hpt,LineaE:1123,LineaE:1164,21.0
hpt,LineaE:1122,LineaA:1059,2.0
hpt,LineaE:1122,LineaA:1060,2.0
hpt,LineaE:1122,LineaA:1062,2.0
hpt,LineaE:1122,LineaA:1063,2.0
hpt,LineaE:1122,LineaA:1068,4.0
hpt,LineaE:1122,LineaB:1077,8.0
hpt,LineaE:1122,LineaB:1078,2.0
hpt,LineaE:1122,LineaB:1079,4.0
hpt,LineaE:1122,LineaB:1081,4.0
hpt,LineaE:1122,LineaB:1082,6.0
hpt,LineaE:1122,LineaB:1084,4.0
hpt,LineaE:1122,LineaB:1083,2.0
hpt,LineaE:1122,LineaB:1085,4.0
hpt,LineaE:1122,LineaB:1086,4.0
hpt,LineaE:1122,LineaB:1091,2.0
hpt,LineaE:1122,LineaC:1099,2.0
hpt,LineaE:1122,LineaC:1102,17.0
hpt,LineaE:1122,LineaD:1103,2.0
hpt,LineaE:1122,LineaD:1104,2.0
hpt,LineaE:1122,LineaD:1105,4.0
hpt,LineaE:1122,LineaD:1106,2.0
hpt,LineaE:1122,LineaD:1110,2.0
hpt,LineaE:1122,LineaD:1111,2.0
hpt,LineaE:1122,LineaD:1113,2.0
hpt,LineaE:1122,LineaD:1114,2.0
hpt,LineaE:1122,LineaE:1133,10.0
hpt,LineaE:1122,LineaE:1132,2.0
hpt,LineaE:1122,LineaE:1131,6.0
hpt,LineaE:1122,LineaE:1130,8.0
hpt,LineaE:1122,LineaE:1129,15.0
hpt,LineaE:1122,LineaE:1128,7.0
hpt,LineaE:1122,LineaE:1127,7.0
hpt,LineaE:1122,LineaE:1126,2.0
hpt,LineaE:1122,LineaE:1125,4.0
hpt,LineaE:1122,LineaE:1124,2.0
hpt,LineaE:1122,LineaE:1123,4.0
hpt,LineaE:1122,LineaE:1120,5.0
hpt,LineaE:1122,LineaE:1119,2.0
hpt,LineaE:1122,LineaH:1134,4.0
hpt,LineaE:1122,LineaH:1135,2.0
hpt,LineaE:1122,LineaH:1137,2.0
hpt,LineaE:1122,LineaH:1138,2.0
hpt,LineaE:1122,LineaH:1140,2.0
hpt,LineaE:1122,LineaH:1141,2.0
hpt,LineaE:1122,LineaH:1160,4.0
hpt,LineaE:1122,LineaH:1161,2.0
hpt,LineaE:1122,LineaH:1162,2.0
hpt,LineaE:1122,LineaE:1166,2.0
hpt,LineaE:1122,LineaE:1165,2.0
hpt,LineaE:1122,LineaE:1164,6.0
hpt,LineaE:1121,LineaA:1059,18.0
hpt,LineaE:1121,LineaA:1060,9.0
hpt,LineaE:1121,LineaA:1061,7.0
hpt,LineaE:1121,LineaA:1062,6.0
hpt,LineaE:1121,LineaA:1063,14.0
hpt,LineaE:1121,LineaA:1064,13.0
hpt,LineaE:1121,LineaA:1065,10.0
hpt,LineaE:1121,LineaA:1066,8.0
hpt,LineaE:1121,LineaA:1067,2.0
hpt,LineaE:1121,LineaA:1068,14.0
hpt,LineaE:1121,LineaA:1071,2.0
hpt,LineaE:1121,LineaA:1072,2.0
hpt,LineaE:1121,LineaB:1077,37.0
hpt,LineaE:1121,LineaB:1078,9.0
hpt,LineaE:1121,LineaB:1079,17.0
hpt,LineaE:1121,LineaB:1080,2.0
hpt,LineaE:1121,LineaB:1081,50.0
hpt,LineaE:1121,LineaB:1082,4.0
hpt,LineaE:1121,LineaB:1084,20.0
hpt,LineaE:1121,LineaB:1083,12.0
hpt,LineaE:1121,LineaB:1085,20.0
hpt,LineaE:1121,LineaB:1086,10.0
hpt,LineaE:1121,LineaB:1089,2.0
hpt,LineaE:1121,LineaB:1091,4.0
hpt,LineaE:1121,LineaC:1094,102.0
hpt,LineaE:1121,LineaC:1095,2.0
hpt,LineaE:1121,LineaC:1096,2.0
hpt,LineaE:1121,LineaC:1098,2.0
hpt,LineaE:1121,LineaC:1099,4.0
hpt,LineaE:1121,LineaC:1100,10.0
hpt,LineaE:1121,LineaC:1101,4.0
hpt,LineaE:1121,LineaC:1102,154.0
hpt,LineaE:1121,LineaD:1103,49.0
hpt,LineaE:1121,LineaD:1104,14.0
hpt,LineaE:1121,LineaD:1105,10.0
hpt,LineaE:1121,LineaD:1106,16.0
hpt,LineaE:1121,LineaD:1107,9.0
hpt,LineaE:1121,LineaD:1108,12.0
hpt,LineaE:1121,LineaD:1109,10.0
hpt,LineaE:1121,LineaD:1110,18.0
hpt,LineaE:1121,LineaD:1111,23.0
hpt,LineaE:1121,LineaD:1112,12.0
hpt,LineaE:1121,LineaD:1113,4.0
hpt,LineaE:1121,LineaD:1114,10.0
hpt,LineaE:1121,LineaD:1115,8.0
hpt,LineaE:1121,LineaD:1118,4.0
hpt,LineaE:1121,LineaE:1133,39.0
hpt,LineaE:1121,LineaE:1132,12.0
hpt,LineaE:1121,LineaE:1131,10.0
hpt,LineaE:1121,LineaE:1130,27.0
hpt,LineaE:1121,LineaE:1129,36.0
hpt,LineaE:1121,LineaE:1128,29.0
hpt,LineaE:1121,LineaE:1127,22.0
hpt,LineaE:1121,LineaE:1126,7.0
hpt,LineaE:1121,LineaE:1123,6.0
hpt,LineaE:1121,LineaE:1120,2.0
hpt,LineaE:1121,LineaE:1119,5.0
hpt,LineaE:1121,LineaH:1134,6.0
hpt,LineaE:1121,LineaH:1135,4.0
hpt,LineaE:1121,LineaH:1138,6.0
hpt,LineaE:1121,LineaH:1140,11.0
hpt,LineaE:1121,LineaH:1160,6.0
hpt,LineaE:1121,LineaH:1161,6.0
hpt,LineaE:1121,LineaH:1162,4.0
hpt,LineaE:1121,LineaH:1163,2.0
hpt,LineaE:1121,LineaE:1166,12.0
hpt,LineaE:1121,LineaE:1165,4.0
hpt,LineaE:1121,LineaE:1164,8.0
hpt,LineaE:1120,LineaA:1059,13.0
hpt,LineaE:1120,LineaA:1060,9.0
hpt,LineaE:1120,LineaA:1061,4.0
hpt,LineaE:1120,LineaA:1063,6.0
hpt,LineaE:1120,LineaA:1064,4.0
hpt,LineaE:1120,LineaA:1066,4.0
hpt,LineaE:1120,LineaA:1067,2.0
hpt,LineaE:1120,LineaA:1068,2.0
hpt,LineaE:1120,LineaA:1071,2.0
hpt,LineaE:1120,LineaB:1077,25.0
hpt,LineaE:1120,LineaB:1078,8.0
hpt,LineaE:1120,LineaB:1079,6.0
hpt,LineaE:1120,LineaB:1080,6.0
hpt,LineaE:1120,LineaB:1081,27.0
hpt,LineaE:1120,LineaB:1082,6.0
hpt,LineaE:1120,LineaB:1084,12.0
hpt,LineaE:1120,LineaB:1083,8.0
hpt,LineaE:1120,LineaB:1085,6.0
hpt,LineaE:1120,LineaB:1086,6.0
hpt,LineaE:1120,LineaB:1089,2.0
hpt,LineaE:1120,LineaB:1090,2.0
hpt,LineaE:1120,LineaC:1094,18.0
hpt,LineaE:1120,LineaC:1101,2.0
hpt,LineaE:1120,LineaC:1102,15.0
hpt,LineaE:1120,LineaD:1103,6.0
hpt,LineaE:1120,LineaD:1105,2.0
hpt,LineaE:1120,LineaD:1106,4.0
hpt,LineaE:1120,LineaD:1112,4.0
hpt,LineaE:1120,LineaD:1116,4.0
hpt,LineaE:1120,LineaE:1133,48.0
hpt,LineaE:1120,LineaE:1132,12.0
hpt,LineaE:1120,LineaE:1131,12.0
hpt,LineaE:1120,LineaE:1130,30.0
hpt,LineaE:1120,LineaE:1129,31.0
hpt,LineaE:1120,LineaE:1128,35.0
hpt,LineaE:1120,LineaE:1127,27.0
hpt,LineaE:1120,LineaE:1126,17.0
hpt,LineaE:1120,LineaE:1125,9.0
hpt,LineaE:1120,LineaE:1124,14.0
hpt,LineaE:1120,LineaE:1123,10.0
hpt,LineaE:1120,LineaE:1122,4.0
hpt,LineaE:1120,LineaE:1121,2.0
hpt,LineaE:1120,LineaH:1134,13.0
hpt,LineaE:1120,LineaH:1135,8.0
hpt,LineaE:1120,LineaH:1136,4.0
hpt,LineaE:1120,LineaH:1137,4.0
hpt,LineaE:1120,LineaH:1138,4.0
hpt,LineaE:1120,LineaH:1140,2.0
hpt,LineaE:1120,LineaH:1160,2.0
hpt,LineaE:1120,LineaH:1162,2.0
hpt,LineaE:1120,LineaE:1166,2.0
hpt,LineaE:1120,LineaE:1165,7.0
hpt,LineaE:1120,LineaE:1164,12.0
hpt,LineaE:1119,LineaA:1059,26.0
hpt,LineaE:1119,LineaA:1060,16.0
hpt,LineaE:1119,LineaA:1061,17.0
hpt,LineaE:1119,LineaA:1062,6.0
hpt,LineaE:1119,LineaA:1063,13.0
hpt,LineaE:1119,LineaA:1064,16.0
hpt,LineaE:1119,LineaA:1065,15.0
hpt,LineaE:1119,LineaA:1066,8.0
hpt,LineaE:1119,LineaA:1067,6.0
hpt,LineaE:1119,LineaA:1068,18.0
hpt,LineaE:1119,LineaA:1070,2.0
hpt,LineaE:1119,LineaA:1071,10.0
hpt,LineaE:1119,LineaA:1072,6.0
hpt,LineaE:1119,LineaA:1075,2.0
hpt,LineaE:1119,LineaA:1076,2.0
hpt,LineaE:1119,LineaB:1077,60.0
hpt,LineaE:1119,LineaB:1078,14.0
hpt,LineaE:1119,LineaB:1079,11.0
hpt,LineaE:1119,LineaB:1080,2.0
hpt,LineaE:1119,LineaB:1081,58.0
hpt,LineaE:1119,LineaB:1082,12.0
hpt,LineaE:1119,LineaB:1084,16.0
hpt,LineaE:1119,LineaB:1083,16.0
hpt,LineaE:1119,LineaB:1085,12.0
hpt,LineaE:1119,LineaB:1086,4.0
hpt,LineaE:1119,LineaB:1088,2.0
hpt,LineaE:1119,LineaB:1089,4.0
hpt,LineaE:1119,LineaB:1091,2.0
hpt,LineaE:1119,LineaC:1094,94.0
hpt,LineaE:1119,LineaC:1095,2.0
hpt,LineaE:1119,LineaC:1096,8.0
hpt,LineaE:1119,LineaC:1101,2.0
hpt,LineaE:1119,LineaC:1102,33.0
hpt,LineaE:1119,LineaD:1103,46.0
hpt,LineaE:1119,LineaD:1104,14.0
hpt,LineaE:1119,LineaD:1105,15.0
hpt,LineaE:1119,LineaD:1106,10.0
hpt,LineaE:1119,LineaD:1107,17.0
hpt,LineaE:1119,LineaD:1108,13.0
hpt,LineaE:1119,LineaD:1109,14.0
hpt,LineaE:1119,LineaD:1110,10.0
hpt,LineaE:1119,LineaD:1111,23.0
hpt,LineaE:1119,LineaD:1112,12.0
hpt,LineaE:1119,LineaD:1113,11.0
hpt,LineaE:1119,LineaD:1114,8.0
hpt,LineaE:1119,LineaD:1115,8.0
hpt,LineaE:1119,LineaD:1116,4.0
hpt,LineaE:1119,LineaD:1118,4.0
hpt,LineaE:1119,LineaE:1133,84.0
hpt,LineaE:1119,LineaE:1132,40.0
hpt,LineaE:1119,LineaE:1131,23.0
hpt,LineaE:1119,LineaE:1130,63.0
hpt,LineaE:1119,LineaE:1129,74.0
hpt,LineaE:1119,LineaE:1128,73.0
hpt,LineaE:1119,LineaE:1127,70.0
hpt,LineaE:1119,LineaE:1126,40.0
hpt,LineaE:1119,LineaE:1125,24.0
hpt,LineaE:1119,LineaE:1124,31.0
hpt,LineaE:1119,LineaE:1123,27.0
hpt,LineaE:1119,LineaE:1122,12.0
hpt,LineaE:1119,LineaE:1121,19.0
hpt,LineaE:1119,LineaE:1120,2.0
hpt,LineaE:1119,LineaH:1134,14.0
hpt,LineaE:1119,LineaH:1135,6.0
hpt,LineaE:1119,LineaH:1136,4.0
hpt,LineaE:1119,LineaH:1137,8.0
hpt,LineaE:1119,LineaH:1138,8.0
hpt,LineaE:1119,LineaH:1160,2.0
hpt,LineaE:1119,LineaH:1161,4.0
hpt,LineaE:1119,LineaE:1166,2.0
hpt,LineaE:1119,LineaE:1165,4.0
hpt,LineaE:1119,LineaE:1164,53.0
hpt,LineaH:1134,LineaA:1059,11.0
hpt,LineaH:1134,LineaA:1060,2.0
hpt,LineaH:1134,LineaA:1061,6.0
hpt,LineaH:1134,LineaA:1063,6.0
hpt,LineaH:1134,LineaA:1064,5.0
hpt,LineaH:1134,LineaA:1065,2.0
hpt,LineaH:1134,LineaA:1066,3.0
hpt,LineaH:1134,LineaA:1067,1.0
hpt,LineaH:1134,LineaA:1068,2.0
hpt,LineaH:1134,LineaA:1069,7.0
hpt,LineaH:1134,LineaA:1071,4.0
hpt,LineaH:1134,LineaA:1072,4.0
hpt,LineaH:1134,LineaA:1073,3.0
hpt,LineaH:1134,LineaA:1075,4.0
hpt,LineaH:1134,LineaA:1076,4.0
hpt,LineaH:1134,LineaB:1077,50.0
hpt,LineaH:1134,LineaB:1078,4.0
hpt,LineaH:1134,LineaB:1079,7.0
hpt,LineaH:1134,LineaB:1080,3.0
hpt,LineaH:1134,LineaB:1081,21.0
hpt,LineaH:1134,LineaB:1082,16.0
hpt,LineaH:1134,LineaB:1084,8.0
hpt,LineaH:1134,LineaB:1083,4.0
hpt,LineaH:1134,LineaB:1085,7.0
hpt,LineaH:1134,LineaB:1086,10.0
hpt,LineaH:1134,LineaB:1087,3.0
hpt,LineaH:1134,LineaB:1088,2.0
hpt,LineaH:1134,LineaB:1089,12.0
hpt,LineaH:1134,LineaB:1090,6.0
hpt,LineaH:1134,LineaB:1091,4.0
hpt,LineaH:1134,LineaB:1092,6.0
hpt,LineaH:1134,LineaB:1093,3.0
hpt,LineaH:1134,LineaC:1094,4.0
hpt,LineaH:1134,LineaC:1095,2.0
hpt,LineaH:1134,LineaC:1096,4.0
hpt,LineaH:1134,LineaC:1098,3.0
hpt,LineaH:1134,LineaC:1099,2.0
hpt,LineaH:1134,LineaC:1101,2.0
hpt,LineaH:1134,LineaC:1102,5.0
hpt,LineaH:1134,LineaD:1103,40.0
hpt,LineaH:1134,LineaD:1104,10.0
hpt,LineaH:1134,LineaD:1105,7.0
hpt,LineaH:1134,LineaD:1106,5.0
hpt,LineaH:1134,LineaD:1107,11.0
hpt,LineaH:1134,LineaD:1108,8.0
hpt,LineaH:1134,LineaD:1109,10.0
hpt,LineaH:1134,LineaD:1110,10.0
hpt,LineaH:1134,LineaD:1111,6.0
hpt,LineaH:1134,LineaD:1112,6.0
hpt,LineaH:1134,LineaD:1113,2.0
hpt,LineaH:1134,LineaD:1114,5.0
hpt,LineaH:1134,LineaD:1115,2.0
hpt,LineaH:1134,LineaD:1116,3.0
hpt,LineaH:1134,LineaD:1118,2.0
hpt,LineaH:1134,LineaE:1130,1.0
hpt,LineaH:1134,LineaE:1127,2.0
hpt,LineaH:1134,LineaE:1125,2.0
hpt,LineaH:1134,LineaE:1124,4.0
hpt,LineaH:1134,LineaE:1123,2.0
hpt,LineaH:1134,LineaE:1122,6.0
hpt,LineaH:1134,LineaE:1121,4.0
hpt,LineaH:1134,LineaE:1120,3.0
hpt,LineaH:1134,LineaE:1119,3.0
hpt,LineaH:1134,LineaH:1135,3.0
hpt,LineaH:1134,LineaH:1136,7.0
hpt,LineaH:1134,LineaH:1137,8.0
hpt,LineaH:1134,LineaH:1138,12.0
hpt,LineaH:1134,LineaH:1139,14.0
hpt,LineaH:1134,LineaH:1140,56.0
hpt,LineaH:1134,LineaH:1141,10.0
hpt,LineaH:1134,LineaH:1160,26.0
hpt,LineaH:1134,LineaH:1161,49.0
hpt,LineaH:1134,LineaH:1162,36.0
hpt,LineaH:1134,LineaH:1163,14.0
hpt,LineaH:1134,LineaE:1166,3.0
hpt,LineaH:1134,LineaE:1164,3.0
hpt,LineaH:1135,LineaA:1059,23.0
hpt,LineaH:1135,LineaA:1061,4.0
hpt,LineaH:1135,LineaA:1062,6.0
hpt,LineaH:1135,LineaA:1063,16.0
hpt,LineaH:1135,LineaA:1064,10.0
hpt,LineaH:1135,LineaA:1065,4.0
hpt,LineaH:1135,LineaA:1066,10.0
hpt,LineaH:1135,LineaA:1067,6.0
hpt,LineaH:1135,LineaA:1068,2.0
hpt,LineaH:1135,LineaA:1069,4.0
hpt,LineaH:1135,LineaA:1071,2.0
hpt,LineaH:1135,LineaA:1072,2.0
hpt,LineaH:1135,LineaA:1074,2.0
hpt,LineaH:1135,LineaA:1075,2.0
hpt,LineaH:1135,LineaA:1076,8.0
hpt,LineaH:1135,LineaB:1077,65.0
hpt,LineaH:1135,LineaB:1078,15.0
hpt,LineaH:1135,LineaB:1079,12.0
hpt,LineaH:1135,LineaB:1080,2.0
hpt,LineaH:1135,LineaB:1081,42.0
hpt,LineaH:1135,LineaB:1082,20.0
hpt,LineaH:1135,LineaB:1084,23.0
hpt,LineaH:1135,LineaB:1083,8.0
hpt,LineaH:1135,LineaB:1085,21.0
hpt,LineaH:1135,LineaB:1086,25.0
hpt,LineaH:1135,LineaB:1088,4.0
hpt,LineaH:1135,LineaB:1089,5.0
hpt,LineaH:1135,LineaB:1090,5.0
hpt,LineaH:1135,LineaB:1091,2.0
hpt,LineaH:1135,LineaB:1092,3.0
hpt,LineaH:1135,LineaB:1093,4.0
hpt,LineaH:1135,LineaC:1094,5.0
hpt,LineaH:1135,LineaC:1095,2.0
hpt,LineaH:1135,LineaC:1096,6.0
hpt,LineaH:1135,LineaC:1098,2.0
hpt,LineaH:1135,LineaC:1100,2.0
hpt,LineaH:1135,LineaC:1102,8.0
hpt,LineaH:1135,LineaD:1103,76.0
hpt,LineaH:1135,LineaD:1104,22.0
hpt,LineaH:1135,LineaD:1105,18.0
hpt,LineaH:1135,LineaD:1106,19.0
hpt,LineaH:1135,LineaD:1107,19.0
hpt,LineaH:1135,LineaD:1108,16.0
hpt,LineaH:1135,LineaD:1109,10.0
hpt,LineaH:1135,LineaD:1110,10.0
hpt,LineaH:1135,LineaD:1111,21.0
hpt,LineaH:1135,LineaD:1112,6.0
hpt,LineaH:1135,LineaD:1113,6.0
hpt,LineaH:1135,LineaD:1114,6.0
hpt,LineaH:1135,LineaD:1115,8.0
hpt,LineaH:1135,LineaD:1116,4.0
hpt,LineaH:1135,LineaD:1118,3.0
hpt,LineaH:1135,LineaE:1133,4.0
hpt,LineaH:1135,LineaE:1132,2.0
hpt,LineaH:1135,LineaE:1131,2.0
hpt,LineaH:1135,LineaE:1130,2.0
hpt,LineaH:1135,LineaE:1129,2.0
hpt,LineaH:1135,LineaE:1128,4.0
hpt,LineaH:1135,LineaE:1124,2.0
hpt,LineaH:1135,LineaE:1121,4.0
hpt,LineaH:1135,LineaE:1120,7.0
hpt,LineaH:1135,LineaE:1119,2.0
hpt,LineaH:1135,LineaH:1134,2.0
hpt,LineaH:1135,LineaH:1136,3.0
hpt,LineaH:1135,LineaH:1137,10.0
hpt,LineaH:1135,LineaH:1138,6.0
hpt,LineaH:1135,LineaH:1139,4.0
hpt,LineaH:1135,LineaH:1140,75.0
hpt,LineaH:1135,LineaH:1141,16.0
hpt,LineaH:1135,LineaH:1160,34.0
hpt,LineaH:1135,LineaH:1161,56.0
hpt,LineaH:1135,LineaH:1162,60.0
hpt,LineaH:1135,LineaH:1163,19.0
hpt,LineaH:1135,LineaE:1166,4.0
hpt,LineaH:1135,LineaE:1164,7.0
hpt,LineaH:1136,LineaA:1059,14.0
hpt,LineaH:1136,LineaA:1060,5.0
hpt,LineaH:1136,LineaA:1061,8.0
hpt,LineaH:1136,LineaA:1062,3.0
hpt,LineaH:1136,LineaA:1063,8.0
hpt,LineaH:1136,LineaA:1064,8.0
hpt,LineaH:1136,LineaA:1065,6.0
hpt,LineaH:1136,LineaA:1066,9.0
hpt,LineaH:1136,LineaA:1067,2.0
hpt,LineaH:1136,LineaA:1076,2.0
hpt,LineaH:1136,LineaB:1077,44.0
hpt,LineaH:1136,LineaB:1078,6.0
hpt,LineaH:1136,LineaB:1079,8.0
hpt,LineaH:1136,LineaB:1080,8.0
hpt,LineaH:1136,LineaB:1081,32.0
hpt,LineaH:1136,LineaB:1082,10.0
hpt,LineaH:1136,LineaB:1084,18.0
hpt,LineaH:1136,LineaB:1083,8.0
hpt,LineaH:1136,LineaB:1085,14.0
hpt,LineaH:1136,LineaB:1086,8.0
hpt,LineaH:1136,LineaB:1087,2.0
hpt,LineaH:1136,LineaB:1088,2.0
hpt,LineaH:1136,LineaB:1089,6.0
hpt,LineaH:1136,LineaB:1091,6.0
hpt,LineaH:1136,LineaC:1095,2.0
hpt,LineaH:1136,LineaC:1096,2.0
hpt,LineaH:1136,LineaC:1102,2.0
hpt,LineaH:1136,LineaD:1103,43.0
hpt,LineaH:1136,LineaD:1104,17.0
hpt,LineaH:1136,LineaD:1105,4.0
hpt,LineaH:1136,LineaD:1106,10.0
hpt,LineaH:1136,LineaD:1107,8.0
hpt,LineaH:1136,LineaD:1108,14.0
hpt,LineaH:1136,LineaD:1109,4.0
hpt,LineaH:1136,LineaD:1110,10.0
hpt,LineaH:1136,LineaD:1111,8.0
hpt,LineaH:1136,LineaD:1112,2.0
hpt,LineaH:1136,LineaD:1113,2.0
hpt,LineaH:1136,LineaD:1116,2.0
hpt,LineaH:1136,LineaD:1118,2.0
hpt,LineaH:1136,LineaE:1133,2.0
hpt,LineaH:1136,LineaE:1128,4.0
hpt,LineaH:1136,LineaE:1127,7.0
hpt,LineaH:1136,LineaE:1126,2.0
hpt,LineaH:1136,LineaE:1125,2.0
hpt,LineaH:1136,LineaE:1123,2.0
hpt,LineaH:1136,LineaE:1121,4.0
hpt,LineaH:1136,LineaE:1120,2.0
hpt,LineaH:1136,LineaE:1119,2.0
hpt,LineaH:1136,LineaH:1134,6.0
hpt,LineaH:1136,LineaH:1135,2.0
hpt,LineaH:1136,LineaH:1137,2.0
hpt,LineaH:1136,LineaH:1138,10.0
hpt,LineaH:1136,LineaH:1139,12.0
hpt,LineaH:1136,LineaH:1140,65.0
hpt,LineaH:1136,LineaH:1141,17.0
hpt,LineaH:1136,LineaH:1160,23.0
hpt,LineaH:1136,LineaH:1161,25.0
hpt,LineaH:1136,LineaH:1162,29.0
hpt,LineaH:1136,LineaH:1163,4.0
hpt,LineaH:1136,LineaE:1165,2.0
hpt,LineaH:1136,LineaE:1164,3.0
hpt,LineaH:1137,LineaA:1059,8.0
hpt,LineaH:1137,LineaA:1060,2.0
hpt,LineaH:1137,LineaA:1061,4.0
hpt,LineaH:1137,LineaA:1062,1.0
hpt,LineaH:1137,LineaA:1063,7.0
hpt,LineaH:1137,LineaA:1064,13.0
hpt,LineaH:1137,LineaA:1065,4.0
hpt,LineaH:1137,LineaA:1066,6.0
hpt,LineaH:1137,LineaA:1067,4.0
hpt,LineaH:1137,LineaA:1068,1.0
hpt,LineaH:1137,LineaA:1071,2.0
hpt,LineaH:1137,LineaA:1072,2.0
hpt,LineaH:1137,LineaA:1075,1.0
hpt,LineaH:1137,LineaA:1076,1.0
hpt,LineaH:1137,LineaB:1077,11.0
hpt,LineaH:1137,LineaB:1078,4.0
hpt,LineaH:1137,LineaB:1079,1.0
hpt,LineaH:1137,LineaB:1080,2.0
hpt,LineaH:1137,LineaB:1081,13.0
hpt,LineaH:1137,LineaB:1082,9.0
hpt,LineaH:1137,LineaB:1084,12.0
hpt,LineaH:1137,LineaB:1083,13.0
hpt,LineaH:1137,LineaB:1085,9.0
hpt,LineaH:1137,LineaB:1086,9.0
hpt,LineaH:1137,LineaB:1087,2.0
hpt,LineaH:1137,LineaB:1088,2.0
hpt,LineaH:1137,LineaB:1089,3.0
hpt,LineaH:1137,LineaB:1090,4.0
hpt,LineaH:1137,LineaB:1091,8.0
hpt,LineaH:1137,LineaB:1092,2.0
hpt,LineaH:1137,LineaB:1093,2.0
hpt,LineaH:1137,LineaC:1094,1.0
hpt,LineaH:1137,LineaC:1102,4.0
hpt,LineaH:1137,LineaD:1103,14.0
hpt,LineaH:1137,LineaD:1104,5.0
hpt,LineaH:1137,LineaD:1105,8.0
hpt,LineaH:1137,LineaD:1106,2.0
hpt,LineaH:1137,LineaD:1107,3.0
hpt,LineaH:1137,LineaD:1108,6.0
hpt,LineaH:1137,LineaD:1109,2.0
hpt,LineaH:1137,LineaD:1110,8.0
hpt,LineaH:1137,LineaD:1111,9.0
hpt,LineaH:1137,LineaD:1112,2.0
hpt,LineaH:1137,LineaD:1113,1.0
hpt,LineaH:1137,LineaD:1114,6.0
hpt,LineaH:1137,LineaD:1115,2.0
hpt,LineaH:1137,LineaD:1116,1.0
hpt,LineaH:1137,LineaD:1118,1.0
hpt,LineaH:1137,LineaE:1132,3.0
hpt,LineaH:1137,LineaE:1130,3.0
hpt,LineaH:1137,LineaE:1129,1.0
hpt,LineaH:1137,LineaE:1128,4.0
hpt,LineaH:1137,LineaE:1127,2.0
hpt,LineaH:1137,LineaE:1124,2.0
hpt,LineaH:1137,LineaE:1123,1.0
hpt,LineaH:1137,LineaE:1121,6.0
hpt,LineaH:1137,LineaE:1120,2.0
hpt,LineaH:1137,LineaH:1134,5.0
hpt,LineaH:1137,LineaH:1135,10.0
hpt,LineaH:1137,LineaH:1138,9.0
hpt,LineaH:1137,LineaH:1139,2.0
hpt,LineaH:1137,LineaH:1140,36.0
hpt,LineaH:1137,LineaH:1141,12.0
hpt,LineaH:1137,LineaH:1160,13.0
hpt,LineaH:1137,LineaH:1161,25.0
hpt,LineaH:1137,LineaH:1162,11.0
hpt,LineaH:1137,LineaH:1163,5.0
hpt,LineaH:1137,LineaE:1164,1.0
hpt,LineaH:1138,LineaA:1059,9.0
hpt,LineaH:1138,LineaA:1060,3.0
hpt,LineaH:1138,LineaA:1061,1.0
hpt,LineaH:1138,LineaA:1062,2.0
hpt,LineaH:1138,LineaA:1063,6.0
hpt,LineaH:1138,LineaA:1064,6.0
hpt,LineaH:1138,LineaA:1065,9.0
hpt,LineaH:1138,LineaA:1066,9.0
hpt,LineaH:1138,LineaA:1067,5.0
hpt,LineaH:1138,LineaA:1068,5.0
hpt,LineaH:1138,LineaA:1069,1.0
hpt,LineaH:1138,LineaA:1070,1.0
hpt,LineaH:1138,LineaA:1071,1.0
hpt,LineaH:1138,LineaA:1072,1.0
hpt,LineaH:1138,LineaA:1076,2.0
hpt,LineaH:1138,LineaB:1077,20.0
hpt,LineaH:1138,LineaB:1078,3.0
hpt,LineaH:1138,LineaB:1079,1.0
hpt,LineaH:1138,LineaB:1080,1.0
hpt,LineaH:1138,LineaB:1081,20.0
hpt,LineaH:1138,LineaB:1082,7.0
hpt,LineaH:1138,LineaB:1084,13.0
hpt,LineaH:1138,LineaB:1083,10.0
hpt,LineaH:1138,LineaB:1085,13.0
hpt,LineaH:1138,LineaB:1086,17.0
hpt,LineaH:1138,LineaB:1087,2.0
hpt,LineaH:1138,LineaB:1088,2.0
hpt,LineaH:1138,LineaB:1089,5.0
hpt,LineaH:1138,LineaB:1090,5.0
hpt,LineaH:1138,LineaB:1091,5.0
hpt,LineaH:1138,LineaB:1092,2.0
hpt,LineaH:1138,LineaC:1094,5.0
hpt,LineaH:1138,LineaC:1096,1.0
hpt,LineaH:1138,LineaC:1102,3.0
hpt,LineaH:1138,LineaD:1103,14.0
hpt,LineaH:1138,LineaD:1104,5.0
hpt,LineaH:1138,LineaD:1105,1.0
hpt,LineaH:1138,LineaD:1106,4.0
hpt,LineaH:1138,LineaD:1107,1.0
hpt,LineaH:1138,LineaD:1108,5.0
hpt,LineaH:1138,LineaD:1109,7.0
hpt,LineaH:1138,LineaD:1110,4.0
hpt,LineaH:1138,LineaD:1111,6.0
hpt,LineaH:1138,LineaD:1112,1.0
hpt,LineaH:1138,LineaD:1114,3.0
hpt,LineaH:1138,LineaD:1115,5.0
hpt,LineaH:1138,LineaD:1117,2.0
hpt,LineaH:1138,LineaE:1133,2.0
hpt,LineaH:1138,LineaE:1132,2.0
hpt,LineaH:1138,LineaE:1130,3.0
hpt,LineaH:1138,LineaE:1129,1.0
hpt,LineaH:1138,LineaE:1128,2.0
hpt,LineaH:1138,LineaE:1121,7.0
hpt,LineaH:1138,LineaE:1120,1.0
hpt,LineaH:1138,LineaH:1134,17.0
hpt,LineaH:1138,LineaH:1135,11.0
hpt,LineaH:1138,LineaH:1136,7.0
hpt,LineaH:1138,LineaH:1137,6.0
hpt,LineaH:1138,LineaH:1140,29.0
hpt,LineaH:1138,LineaH:1141,10.0
hpt,LineaH:1138,LineaH:1160,15.0
hpt,LineaH:1138,LineaH:1161,21.0
hpt,LineaH:1138,LineaH:1162,10.0
hpt,LineaH:1138,LineaH:1163,8.0
hpt,LineaH:1138,LineaE:1166,1.0
hpt,LineaH:1139,LineaA:1059,7.0
hpt,LineaH:1139,LineaA:1060,2.0
hpt,LineaH:1139,LineaA:1063,3.0
hpt,LineaH:1139,LineaA:1064,7.0
hpt,LineaH:1139,LineaA:1065,4.0
hpt,LineaH:1139,LineaA:1066,3.0
hpt,LineaH:1139,LineaA:1067,3.0
hpt,LineaH:1139,LineaA:1068,2.0
hpt,LineaH:1139,LineaA:1071,2.0
hpt,LineaH:1139,LineaA:1072,4.0
hpt,LineaH:1139,LineaA:1074,3.0
hpt,LineaH:1139,LineaA:1075,2.0
hpt,LineaH:1139,LineaB:1077,27.0
hpt,LineaH:1139,LineaB:1078,1.0
hpt,LineaH:1139,LineaB:1079,5.0
hpt,LineaH:1139,LineaB:1081,15.0
hpt,LineaH:1139,LineaB:1082,7.0
hpt,LineaH:1139,LineaB:1084,10.0
hpt,LineaH:1139,LineaB:1083,10.0
hpt,LineaH:1139,LineaB:1085,13.0
hpt,LineaH:1139,LineaB:1086,10.0
hpt,LineaH:1139,LineaB:1087,4.0
hpt,LineaH:1139,LineaB:1088,2.0
hpt,LineaH:1139,LineaB:1089,6.0
hpt,LineaH:1139,LineaB:1090,4.0
hpt,LineaH:1139,LineaB:1091,4.0
hpt,LineaH:1139,LineaB:1092,5.0
hpt,LineaH:1139,LineaB:1093,2.0
hpt,LineaH:1139,LineaC:1094,4.0
hpt,LineaH:1139,LineaC:1096,2.0
hpt,LineaH:1139,LineaC:1100,2.0
hpt,LineaH:1139,LineaD:1103,12.0
hpt,LineaH:1139,LineaD:1104,8.0
hpt,LineaH:1139,LineaD:1105,11.0
hpt,LineaH:1139,LineaD:1106,6.0
hpt,LineaH:1139,LineaD:1107,3.0
hpt,LineaH:1139,LineaD:1108,8.0
hpt,LineaH:1139,LineaD:1109,3.0
hpt,LineaH:1139,LineaD:1110,4.0
hpt,LineaH:1139,LineaD:1111,11.0
hpt,LineaH:1139,LineaD:1112,2.0
hpt,LineaH:1139,LineaD:1113,2.0
hpt,LineaH:1139,LineaD:1114,4.0
hpt,LineaH:1139,LineaD:1115,7.0
hpt,LineaH:1139,LineaD:1116,2.0
hpt,LineaH:1139,LineaD:1118,1.0
hpt,LineaH:1139,LineaE:1133,5.0
hpt,LineaH:1139,LineaE:1132,1.0
hpt,LineaH:1139,LineaE:1131,2.0
hpt,LineaH:1139,LineaE:1130,1.0
hpt,LineaH:1139,LineaE:1129,2.0
hpt,LineaH:1139,LineaE:1128,4.0
hpt,LineaH:1139,LineaE:1127,1.0
hpt,LineaH:1139,LineaE:1125,2.0
hpt,LineaH:1139,LineaE:1124,3.0
hpt,LineaH:1139,LineaE:1123,3.0
hpt,LineaH:1139,LineaH:1134,10.0
hpt,LineaH:1139,LineaH:1135,15.0
hpt,LineaH:1139,LineaH:1136,10.0
hpt,LineaH:1139,LineaH:1137,8.0
hpt,LineaH:1139,LineaH:1138,2.0
hpt,LineaH:1139,LineaH:1140,3.0
hpt,LineaH:1139,LineaH:1141,8.0
hpt,LineaH:1139,LineaH:1160,12.0
hpt,LineaH:1139,LineaH:1161,23.0
hpt,LineaH:1139,LineaH:1162,10.0
hpt,LineaH:1139,LineaH:1163,6.0
hpt,LineaH:1139,LineaE:1165,2.0
hpt,LineaH:1139,LineaE:1164,1.0
hpt,LineaH:1140,LineaA:1059,29.0
hpt,LineaH:1140,LineaA:1060,12.0
hpt,LineaH:1140,LineaA:1061,8.0
hpt,LineaH:1140,LineaA:1062,6.0
hpt,LineaH:1140,LineaA:1063,8.0
hpt,LineaH:1140,LineaA:1064,10.0
hpt,LineaH:1140,LineaA:1065,4.0
hpt,LineaH:1140,LineaA:1066,8.0
hpt,LineaH:1140,LineaA:1067,8.0
hpt,LineaH:1140,LineaA:1068,8.0
hpt,LineaH:1140,LineaA:1069,2.0
hpt,LineaH:1140,LineaA:1071,8.0
hpt,LineaH:1140,LineaA:1072,4.0
hpt,LineaH:1140,LineaA:1073,2.0
hpt,LineaH:1140,LineaA:1074,6.0
hpt,LineaH:1140,LineaA:1075,2.0
hpt,LineaH:1140,LineaA:1076,8.0
hpt,LineaH:1140,LineaB:1077,23.0
hpt,LineaH:1140,LineaB:1078,2.0
hpt,LineaH:1140,LineaB:1079,4.0
hpt,LineaH:1140,LineaB:1081,14.0
hpt,LineaH:1140,LineaB:1082,6.0
hpt,LineaH:1140,LineaB:1084,6.0
hpt,LineaH:1140,LineaB:1083,2.0
hpt,LineaH:1140,LineaB:1085,6.0
hpt,LineaH:1140,LineaB:1086,8.0
hpt,LineaH:1140,LineaB:1087,4.0
hpt,LineaH:1140,LineaB:1088,6.0
hpt,LineaH:1140,LineaB:1089,8.0
hpt,LineaH:1140,LineaB:1090,2.0
hpt,LineaH:1140,LineaB:1091,10.0
hpt,LineaH:1140,LineaB:1092,6.0
hpt,LineaH:1140,LineaB:1093,6.0
hpt,LineaH:1140,LineaC:1094,59.0
hpt,LineaH:1140,LineaC:1095,2.0
hpt,LineaH:1140,LineaC:1096,4.0
hpt,LineaH:1140,LineaC:1102,15.0
hpt,LineaH:1140,LineaD:1103,22.0
hpt,LineaH:1140,LineaD:1104,18.0
hpt,LineaH:1140,LineaD:1105,2.0
hpt,LineaH:1140,LineaD:1106,6.0
hpt,LineaH:1140,LineaD:1107,8.0
hpt,LineaH:1140,LineaD:1108,6.0
hpt,LineaH:1140,LineaD:1109,10.0
hpt,LineaH:1140,LineaD:1110,14.0
hpt,LineaH:1140,LineaD:1111,8.0
hpt,LineaH:1140,LineaD:1112,4.0
hpt,LineaH:1140,LineaD:1113,6.0
hpt,LineaH:1140,LineaD:1114,8.0
hpt,LineaH:1140,LineaD:1115,6.0
hpt,LineaH:1140,LineaD:1116,4.0
hpt,LineaH:1140,LineaD:1117,2.0
hpt,LineaH:1140,LineaD:1118,2.0
hpt,LineaH:1140,LineaE:1133,21.0
hpt,LineaH:1140,LineaE:1132,4.0
hpt,LineaH:1140,LineaE:1131,2.0
hpt,LineaH:1140,LineaE:1130,4.0
hpt,LineaH:1140,LineaE:1129,6.0
hpt,LineaH:1140,LineaE:1128,6.0
hpt,LineaH:1140,LineaE:1127,4.0
hpt,LineaH:1140,LineaE:1126,2.0
hpt,LineaH:1140,LineaE:1125,6.0
hpt,LineaH:1140,LineaE:1124,2.0
hpt,LineaH:1140,LineaE:1123,8.0
hpt,LineaH:1140,LineaE:1122,6.0
hpt,LineaH:1140,LineaE:1121,14.0
hpt,LineaH:1140,LineaH:1134,96.0
hpt,LineaH:1140,LineaH:1135,61.0
hpt,LineaH:1140,LineaH:1136,33.0
hpt,LineaH:1140,LineaH:1137,18.0
hpt,LineaH:1140,LineaH:1138,20.0
hpt,LineaH:1140,LineaH:1139,8.0
hpt,LineaH:1140,LineaH:1141,4.0
hpt,LineaH:1140,LineaH:1160,19.0
hpt,LineaH:1140,LineaH:1161,29.0
hpt,LineaH:1140,LineaH:1162,30.0
hpt,LineaH:1140,LineaH:1163,18.0
hpt,LineaH:1140,LineaE:1164,2.0
hpt,LineaH:1141,LineaA:1059,21.0
hpt,LineaH:1141,LineaA:1060,9.0
hpt,LineaH:1141,LineaA:1061,10.0
hpt,LineaH:1141,LineaA:1062,5.0
hpt,LineaH:1141,LineaA:1063,4.0
hpt,LineaH:1141,LineaA:1064,5.0
hpt,LineaH:1141,LineaA:1065,7.0
hpt,LineaH:1141,LineaA:1066,2.0
hpt,LineaH:1141,LineaA:1067,2.0
hpt,LineaH:1141,LineaA:1068,5.0
hpt,LineaH:1141,LineaA:1069,1.0
hpt,LineaH:1141,LineaA:1071,3.0
hpt,LineaH:1141,LineaA:1075,2.0
hpt,LineaH:1141,LineaA:1076,2.0
hpt,LineaH:1141,LineaB:1077,4.0
hpt,LineaH:1141,LineaB:1078,1.0
hpt,LineaH:1141,LineaB:1079,1.0
hpt,LineaH:1141,LineaB:1080,1.0
hpt,LineaH:1141,LineaB:1081,5.0
hpt,LineaH:1141,LineaB:1082,5.0
hpt,LineaH:1141,LineaB:1084,11.0
hpt,LineaH:1141,LineaB:1083,2.0
hpt,LineaH:1141,LineaB:1085,2.0
hpt,LineaH:1141,LineaB:1086,2.0
hpt,LineaH:1141,LineaB:1087,6.0
hpt,LineaH:1141,LineaB:1088,1.0
hpt,LineaH:1141,LineaB:1089,4.0
hpt,LineaH:1141,LineaB:1090,3.0
hpt,LineaH:1141,LineaB:1091,7.0
hpt,LineaH:1141,LineaB:1093,4.0
hpt,LineaH:1141,LineaC:1094,15.0
hpt,LineaH:1141,LineaC:1096,2.0
hpt,LineaH:1141,LineaC:1098,1.0
hpt,LineaH:1141,LineaC:1102,2.0
hpt,LineaH:1141,LineaD:1103,25.0
hpt,LineaH:1141,LineaD:1104,18.0
hpt,LineaH:1141,LineaD:1105,11.0
hpt,LineaH:1141,LineaD:1106,2.0
hpt,LineaH:1141,LineaD:1107,8.0
hpt,LineaH:1141,LineaD:1108,6.0
hpt,LineaH:1141,LineaD:1109,5.0
hpt,LineaH:1141,LineaD:1110,6.0
hpt,LineaH:1141,LineaD:1111,9.0
hpt,LineaH:1141,LineaD:1112,5.0
hpt,LineaH:1141,LineaD:1113,1.0
hpt,LineaH:1141,LineaD:1115,2.0
hpt,LineaH:1141,LineaD:1116,1.0
hpt,LineaH:1141,LineaD:1117,1.0
hpt,LineaH:1141,LineaD:1118,1.0
hpt,LineaH:1141,LineaE:1133,27.0
hpt,LineaH:1141,LineaE:1132,7.0
hpt,LineaH:1141,LineaE:1131,7.0
hpt,LineaH:1141,LineaE:1130,7.0
hpt,LineaH:1141,LineaE:1129,10.0
hpt,LineaH:1141,LineaE:1128,5.0
hpt,LineaH:1141,LineaE:1127,10.0
hpt,LineaH:1141,LineaE:1126,7.0
hpt,LineaH:1141,LineaE:1125,7.0
hpt,LineaH:1141,LineaE:1124,1.0
hpt,LineaH:1141,LineaE:1123,3.0
hpt,LineaH:1141,LineaE:1122,3.0
hpt,LineaH:1141,LineaE:1121,3.0
hpt,LineaH:1141,LineaE:1119,1.0
hpt,LineaH:1141,LineaH:1134,98.0
hpt,LineaH:1141,LineaH:1135,42.0
hpt,LineaH:1141,LineaH:1136,25.0
hpt,LineaH:1141,LineaH:1137,31.0
hpt,LineaH:1141,LineaH:1138,23.0
hpt,LineaH:1141,LineaH:1139,13.0
hpt,LineaH:1141,LineaH:1140,7.0
hpt,LineaH:1141,LineaH:1160,6.0
hpt,LineaH:1141,LineaH:1161,18.0
hpt,LineaH:1141,LineaH:1162,20.0
hpt,LineaH:1141,LineaH:1163,16.0
hpt,LineaH:1160,LineaA:1059,30.0
hpt,LineaH:1160,LineaA:1060,18.0
hpt,LineaH:1160,LineaA:1061,8.0
hpt,LineaH:1160,LineaA:1062,10.0
hpt,LineaH:1160,LineaA:1063,23.0
hpt,LineaH:1160,LineaA:1064,12.0
hpt,LineaH:1160,LineaA:1065,10.0
hpt,LineaH:1160,LineaA:1066,8.0
hpt,LineaH:1160,LineaA:1067,6.0
hpt,LineaH:1160,LineaA:1068,4.0
hpt,LineaH:1160,LineaA:1069,2.0
hpt,LineaH:1160,LineaA:1071,4.0
hpt,LineaH:1160,LineaA:1072,4.0
hpt,LineaH:1160,LineaA:1073,2.0
hpt,LineaH:1160,LineaB:1077,23.0
hpt,LineaH:1160,LineaB:1079,4.0
hpt,LineaH:1160,LineaB:1080,2.0
hpt,LineaH:1160,LineaB:1081,20.0
hpt,LineaH:1160,LineaB:1082,8.0
hpt,LineaH:1160,LineaB:1084,8.0
hpt,LineaH:1160,LineaB:1083,6.0
hpt,LineaH:1160,LineaB:1085,8.0
hpt,LineaH:1160,LineaB:1086,6.0
hpt,LineaH:1160,LineaB:1087,4.0
hpt,LineaH:1160,LineaB:1088,2.0
hpt,LineaH:1160,LineaB:1089,4.0
hpt,LineaH:1160,LineaB:1090,6.0
hpt,LineaH:1160,LineaB:1091,4.0
hpt,LineaH:1160,LineaB:1093,4.0
hpt,LineaH:1160,LineaC:1094,14.0
hpt,LineaH:1160,LineaC:1095,2.0
hpt,LineaH:1160,LineaC:1096,4.0
hpt,LineaH:1160,LineaC:1102,2.0
hpt,LineaH:1160,LineaD:1103,8.0
hpt,LineaH:1160,LineaD:1104,8.0
hpt,LineaH:1160,LineaD:1105,4.0
hpt,LineaH:1160,LineaD:1106,10.0
hpt,LineaH:1160,LineaD:1107,4.0
hpt,LineaH:1160,LineaD:1108,4.0
hpt,LineaH:1160,LineaD:1109,2.0
hpt,LineaH:1160,LineaD:1111,4.0
hpt,LineaH:1160,LineaD:1113,2.0
hpt,LineaH:1160,LineaD:1114,2.0
hpt,LineaH:1160,LineaD:1116,2.0
hpt,LineaH:1160,LineaD:1118,4.0
hpt,LineaH:1160,LineaE:1133,24.0
hpt,LineaH:1160,LineaE:1132,6.0
hpt,LineaH:1160,LineaE:1131,4.0
hpt,LineaH:1160,LineaE:1130,6.0
hpt,LineaH:1160,LineaE:1129,15.0
hpt,LineaH:1160,LineaE:1128,18.0
hpt,LineaH:1160,LineaE:1127,8.0
hpt,LineaH:1160,LineaE:1126,2.0
hpt,LineaH:1160,LineaE:1125,4.0
hpt,LineaH:1160,LineaE:1124,2.0
hpt,LineaH:1160,LineaE:1123,4.0
hpt,LineaH:1160,LineaE:1122,4.0
hpt,LineaH:1160,LineaE:1121,16.0
hpt,LineaH:1160,LineaE:1120,4.0
hpt,LineaH:1160,LineaE:1119,2.0
hpt,LineaH:1160,LineaH:1134,75.0
hpt,LineaH:1160,LineaH:1135,42.0
hpt,LineaH:1160,LineaH:1136,20.0
hpt,LineaH:1160,LineaH:1137,19.0
hpt,LineaH:1160,LineaH:1138,24.0
hpt,LineaH:1160,LineaH:1139,29.0
hpt,LineaH:1160,LineaH:1140,39.0
hpt,LineaH:1160,LineaH:1141,6.0
hpt,LineaH:1160,LineaH:1162,18.0
hpt,LineaH:1160,LineaH:1163,18.0
hpt,LineaH:1160,LineaE:1165,2.0
hpt,LineaH:1160,LineaE:1164,2.0
hpt,LineaH:1161,LineaA:1059,54.0
hpt,LineaH:1161,LineaA:1060,18.0
hpt,LineaH:1161,LineaA:1061,21.0
hpt,LineaH:1161,LineaA:1062,15.0
hpt,LineaH:1161,LineaA:1063,29.0
hpt,LineaH:1161,LineaA:1064,25.0
hpt,LineaH:1161,LineaA:1065,25.0
hpt,LineaH:1161,LineaA:1066,14.0
hpt,LineaH:1161,LineaA:1067,11.0
hpt,LineaH:1161,LineaA:1068,8.0
hpt,LineaH:1161,LineaA:1069,2.0
hpt,LineaH:1161,LineaA:1071,2.0
hpt,LineaH:1161,LineaA:1072,6.0
hpt,LineaH:1161,LineaA:1073,2.0
hpt,LineaH:1161,LineaA:1076,2.0
hpt,LineaH:1161,LineaB:1077,31.0
hpt,LineaH:1161,LineaB:1078,8.0
hpt,LineaH:1161,LineaB:1079,8.0
hpt,LineaH:1161,LineaB:1080,2.0
hpt,LineaH:1161,LineaB:1081,31.0
hpt,LineaH:1161,LineaB:1082,4.0
hpt,LineaH:1161,LineaB:1084,9.0
hpt,LineaH:1161,LineaB:1083,12.0
hpt,LineaH:1161,LineaB:1085,15.0
hpt,LineaH:1161,LineaB:1086,12.0
hpt,LineaH:1161,LineaB:1087,2.0
hpt,LineaH:1161,LineaB:1088,2.0
hpt,LineaH:1161,LineaB:1089,2.0
hpt,LineaH:1161,LineaB:1090,2.0
hpt,LineaH:1161,LineaB:1091,6.0
hpt,LineaH:1161,LineaB:1092,2.0
hpt,LineaH:1161,LineaB:1093,2.0
hpt,LineaH:1161,LineaC:1094,15.0
hpt,LineaH:1161,LineaC:1096,2.0
hpt,LineaH:1161,LineaC:1099,4.0
hpt,LineaH:1161,LineaD:1103,21.0
hpt,LineaH:1161,LineaD:1104,8.0
hpt,LineaH:1161,LineaD:1105,4.0
hpt,LineaH:1161,LineaD:1106,4.0
hpt,LineaH:1161,LineaD:1107,17.0
hpt,LineaH:1161,LineaD:1108,22.0
hpt,LineaH:1161,LineaD:1109,2.0
hpt,LineaH:1161,LineaD:1110,2.0
hpt,LineaH:1161,LineaD:1111,4.0
hpt,LineaH:1161,LineaD:1112,4.0
hpt,LineaH:1161,LineaD:1113,2.0
hpt,LineaH:1161,LineaD:1115,2.0
hpt,LineaH:1161,LineaD:1116,2.0
hpt,LineaH:1161,LineaD:1117,2.0
hpt,LineaH:1161,LineaD:1118,9.0
hpt,LineaH:1161,LineaE:1133,32.0
hpt,LineaH:1161,LineaE:1132,2.0
hpt,LineaH:1161,LineaE:1131,6.0
hpt,LineaH:1161,LineaE:1130,20.0
hpt,LineaH:1161,LineaE:1129,19.0
hpt,LineaH:1161,LineaE:1128,17.0
hpt,LineaH:1161,LineaE:1127,11.0
hpt,LineaH:1161,LineaE:1126,4.0
hpt,LineaH:1161,LineaE:1125,6.0
hpt,LineaH:1161,LineaE:1124,10.0
hpt,LineaH:1161,LineaE:1123,4.0
hpt,LineaH:1161,LineaE:1121,4.0
hpt,LineaH:1161,LineaE:1120,2.0
hpt,LineaH:1161,LineaE:1119,2.0
hpt,LineaH:1161,LineaH:1134,82.0
hpt,LineaH:1161,LineaH:1135,52.0
hpt,LineaH:1161,LineaH:1136,19.0
hpt,LineaH:1161,LineaH:1137,31.0
hpt,LineaH:1161,LineaH:1138,40.0
hpt,LineaH:1161,LineaH:1139,16.0
hpt,LineaH:1161,LineaH:1140,59.0
hpt,LineaH:1161,LineaH:1141,9.0
hpt,LineaH:1161,LineaH:1160,2.0
hpt,LineaH:1161,LineaH:1162,6.0
hpt,LineaH:1161,LineaH:1163,9.0
hpt,LineaH:1161,LineaE:1164,2.0
hpt,LineaH:1162,LineaA:1059,58.0
hpt,LineaH:1162,LineaA:1060,32.0
hpt,LineaH:1162,LineaA:1061,19.0
hpt,LineaH:1162,LineaA:1062,12.0
hpt,LineaH:1162,LineaA:1063,28.0
hpt,LineaH:1162,LineaA:1064,33.0
hpt,LineaH:1162,LineaA:1065,20.0
hpt,LineaH:1162,LineaA:1066,12.0
hpt,LineaH:1162,LineaA:1067,10.0
hpt,LineaH:1162,LineaA:1068,4.0
hpt,LineaH:1162,LineaA:1071,4.0
hpt,LineaH:1162,LineaA:1073,4.0
hpt,LineaH:1162,LineaA:1075,2.0
hpt,LineaH:1162,LineaA:1076,4.0
hpt,LineaH:1162,LineaB:1077,32.0
hpt,LineaH:1162,LineaB:1078,4.0
hpt,LineaH:1162,LineaB:1079,14.0
hpt,LineaH:1162,LineaB:1080,4.0
hpt,LineaH:1162,LineaB:1081,11.0
hpt,LineaH:1162,LineaB:1082,8.0
hpt,LineaH:1162,LineaB:1084,8.0
hpt,LineaH:1162,LineaB:1083,16.0
hpt,LineaH:1162,LineaB:1085,12.0
hpt,LineaH:1162,LineaB:1086,11.0
hpt,LineaH:1162,LineaB:1087,8.0
hpt,LineaH:1162,LineaB:1088,2.0
hpt,LineaH:1162,LineaB:1089,2.0
hpt,LineaH:1162,LineaB:1091,6.0
hpt,LineaH:1162,LineaB:1093,8.0
hpt,LineaH:1162,LineaC:1094,28.0
hpt,LineaH:1162,LineaC:1095,2.0
hpt,LineaH:1162,LineaC:1102,4.0
hpt,LineaH:1162,LineaD:1103,10.0
hpt,LineaH:1162,LineaD:1104,10.0
hpt,LineaH:1162,LineaD:1105,4.0
hpt,LineaH:1162,LineaD:1107,4.0
hpt,LineaH:1162,LineaD:1108,8.0
hpt,LineaH:1162,LineaD:1110,6.0
hpt,LineaH:1162,LineaD:1111,6.0
hpt,LineaH:1162,LineaD:1112,4.0
hpt,LineaH:1162,LineaD:1113,2.0
hpt,LineaH:1162,LineaD:1115,2.0
hpt,LineaH:1162,LineaD:1116,2.0
hpt,LineaH:1162,LineaD:1117,2.0
hpt,LineaH:1162,LineaD:1118,4.0
hpt,LineaH:1162,LineaE:1133,34.0
hpt,LineaH:1162,LineaE:1132,10.0
hpt,LineaH:1162,LineaE:1131,6.0
hpt,LineaH:1162,LineaE:1130,16.0
hpt,LineaH:1162,LineaE:1129,8.0
hpt,LineaH:1162,LineaE:1128,16.0
hpt,LineaH:1162,LineaE:1127,6.0
hpt,LineaH:1162,LineaE:1126,2.0
hpt,LineaH:1162,LineaE:1125,4.0
hpt,LineaH:1162,LineaE:1124,2.0
hpt,LineaH:1162,LineaE:1123,2.0
hpt,LineaH:1162,LineaE:1122,2.0
hpt,LineaH:1162,LineaE:1121,2.0
hpt,LineaH:1162,LineaE:1120,2.0
hpt,LineaH:1162,LineaE:1119,2.0
hpt,LineaH:1162,LineaH:1134,124.0
hpt,LineaH:1162,LineaH:1135,51.0
hpt,LineaH:1162,LineaH:1136,28.0
hpt,LineaH:1162,LineaH:1137,20.0
hpt,LineaH:1162,LineaH:1138,28.0
hpt,LineaH:1162,LineaH:1139,27.0
hpt,LineaH:1162,LineaH:1140,121.0
hpt,LineaH:1162,LineaH:1141,25.0
hpt,LineaH:1162,LineaH:1160,12.0
hpt,LineaH:1162,LineaH:1161,6.0
hpt,LineaH:1162,LineaH:1163,4.0
hpt,LineaH:1163,LineaA:1059,18.0
hpt,LineaH:1163,LineaA:1060,16.0
hpt,LineaH:1163,LineaA:1061,13.0
hpt,LineaH:1163,LineaA:1062,6.0
hpt,LineaH:1163,LineaA:1063,18.0
hpt,LineaH:1163,LineaA:1064,15.0
hpt,LineaH:1163,LineaA:1065,12.0
hpt,LineaH:1163,LineaA:1066,6.0
hpt,LineaH:1163,LineaA:1067,4.0
hpt,LineaH:1163,LineaA:1068,4.0
hpt,LineaH:1163,LineaA:1069,2.0
hpt,LineaH:1163,LineaA:1071,4.0
hpt,LineaH:1163,LineaA:1072,2.0
hpt,LineaH:1163,LineaA:1073,2.0
hpt,LineaH:1163,LineaA:1075,2.0
hpt,LineaH:1163,LineaA:1076,2.0
hpt,LineaH:1163,LineaB:1077,15.0
hpt,LineaH:1163,LineaB:1078,6.0
hpt,LineaH:1163,LineaB:1079,2.0
hpt,LineaH:1163,LineaB:1080,2.0
hpt,LineaH:1163,LineaB:1081,22.0
hpt,LineaH:1163,LineaB:1082,8.0
hpt,LineaH:1163,LineaB:1084,4.0
hpt,LineaH:1163,LineaB:1083,8.0
hpt,LineaH:1163,LineaB:1085,12.0
hpt,LineaH:1163,LineaB:1086,16.0
hpt,LineaH:1163,LineaB:1088,2.0
hpt,LineaH:1163,LineaB:1090,2.0
hpt,LineaH:1163,LineaB:1091,4.0
hpt,LineaH:1163,LineaB:1092,2.0
hpt,LineaH:1163,LineaC:1094,25.0
hpt,LineaH:1163,LineaC:1095,2.0
hpt,LineaH:1163,LineaC:1096,2.0
hpt,LineaH:1163,LineaC:1099,2.0
hpt,LineaH:1163,LineaC:1102,2.0
hpt,LineaH:1163,LineaD:1103,10.0
hpt,LineaH:1163,LineaD:1104,9.0
hpt,LineaH:1163,LineaD:1105,6.0
hpt,LineaH:1163,LineaD:1106,8.0
hpt,LineaH:1163,LineaD:1107,8.0
hpt,LineaH:1163,LineaD:1108,8.0
hpt,LineaH:1163,LineaD:1109,6.0
hpt,LineaH:1163,LineaD:1110,8.0
hpt,LineaH:1163,LineaD:1111,6.0
hpt,LineaH:1163,LineaD:1112,4.0
hpt,LineaH:1163,LineaD:1113,4.0
hpt,LineaH:1163,LineaD:1114,4.0
hpt,LineaH:1163,LineaD:1115,4.0
hpt,LineaH:1163,LineaD:1116,4.0
hpt,LineaH:1163,LineaD:1118,4.0
hpt,LineaH:1163,LineaE:1133,14.0
hpt,LineaH:1163,LineaE:1132,4.0
hpt,LineaH:1163,LineaE:1131,2.0
hpt,LineaH:1163,LineaE:1130,4.0
hpt,LineaH:1163,LineaE:1129,4.0
hpt,LineaH:1163,LineaE:1128,4.0
hpt,LineaH:1163,LineaE:1127,8.0
hpt,LineaH:1163,LineaE:1126,2.0
hpt,LineaH:1163,LineaE:1125,4.0
hpt,LineaH:1163,LineaE:1124,2.0
hpt,LineaH:1163,LineaE:1123,2.0
hpt,LineaH:1163,LineaE:1121,4.0
hpt,LineaH:1163,LineaE:1120,2.0
hpt,LineaH:1163,LineaE:1119,2.0
hpt,LineaH:1163,LineaH:1134,47.0
hpt,LineaH:1163,LineaH:1135,29.0
hpt,LineaH:1163,LineaH:1136,8.0
hpt,LineaH:1163,LineaH:1137,6.0
hpt,LineaH:1163,LineaH:1138,12.0
hpt,LineaH:1163,LineaH:1139,10.0
hpt,LineaH:1163,LineaH:1140,73.0
hpt,LineaH:1163,LineaH:1141,6.0
hpt,LineaH:1163,LineaH:1160,22.0
hpt,LineaH:1163,LineaH:1161,17.0
hpt,LineaH:1163,LineaH:1162,8.0
hpt,LineaE:1166,LineaA:1059,25.0
hpt,LineaE:1166,LineaA:1060,2.0
hpt,LineaE:1166,LineaA:1061,6.0
hpt,LineaE:1166,LineaA:1062,7.0
hpt,LineaE:1166,LineaA:1063,13.0
hpt,LineaE:1166,LineaA:1064,11.0
hpt,LineaE:1166,LineaA:1065,8.0
hpt,LineaE:1166,LineaA:1066,4.0
hpt,LineaE:1166,LineaA:1067,4.0
hpt,LineaE:1166,LineaA:1068,7.0
hpt,LineaE:1166,LineaA:1070,2.0
hpt,LineaE:1166,LineaB:1077,40.0
hpt,LineaE:1166,LineaB:1078,4.0
hpt,LineaE:1166,LineaB:1079,8.0
hpt,LineaE:1166,LineaB:1080,5.0
hpt,LineaE:1166,LineaB:1081,26.0
hpt,LineaE:1166,LineaB:1082,10.0
hpt,LineaE:1166,LineaB:1084,19.0
hpt,LineaE:1166,LineaB:1083,10.0
hpt,LineaE:1166,LineaB:1085,8.0
hpt,LineaE:1166,LineaB:1086,7.0
hpt,LineaE:1166,LineaB:1087,4.0
hpt,LineaE:1166,LineaB:1088,4.0
hpt,LineaE:1166,LineaB:1089,8.0
hpt,LineaE:1166,LineaB:1090,5.0
hpt,LineaE:1166,LineaB:1091,6.0
hpt,LineaE:1166,LineaB:1092,2.0
hpt,LineaE:1166,LineaB:1093,2.0
hpt,LineaE:1166,LineaC:1094,86.0
hpt,LineaE:1166,LineaC:1095,4.0
hpt,LineaE:1166,LineaC:1096,18.0
hpt,LineaE:1166,LineaC:1102,19.0
hpt,LineaE:1166,LineaD:1103,13.0
hpt,LineaE:1166,LineaD:1104,8.0
hpt,LineaE:1166,LineaD:1105,2.0
hpt,LineaE:1166,LineaD:1106,4.0
hpt,LineaE:1166,LineaD:1108,2.0
hpt,LineaE:1166,LineaD:1110,2.0
hpt,LineaE:1166,LineaD:1111,6.0
hpt,LineaE:1166,LineaD:1113,2.0
hpt,LineaE:1166,LineaD:1114,2.0
hpt,LineaE:1166,LineaD:1115,4.0
hpt,LineaE:1166,LineaE:1133,77.0
hpt,LineaE:1166,LineaE:1132,26.0
hpt,LineaE:1166,LineaE:1131,31.0
hpt,LineaE:1166,LineaE:1130,64.0
hpt,LineaE:1166,LineaE:1129,63.0
hpt,LineaE:1166,LineaE:1128,60.0
hpt,LineaE:1166,LineaE:1127,56.0
hpt,LineaE:1166,LineaE:1126,36.0
hpt,LineaE:1166,LineaE:1125,19.0
hpt,LineaE:1166,LineaE:1124,21.0
hpt,LineaE:1166,LineaE:1123,22.0
hpt,LineaE:1166,LineaE:1122,12.0
hpt,LineaE:1166,LineaE:1121,51.0
hpt,LineaE:1166,LineaE:1120,6.0
hpt,LineaE:1166,LineaH:1134,16.0
hpt,LineaE:1166,LineaH:1135,10.0
hpt,LineaE:1166,LineaH:1136,4.0
hpt,LineaE:1166,LineaH:1137,5.0
hpt,LineaE:1166,LineaH:1138,9.0
hpt,LineaE:1166,LineaH:1139,4.0
hpt,LineaE:1166,LineaH:1160,2.0
hpt,LineaE:1166,LineaH:1163,2.0
hpt,LineaE:1166,LineaE:1164,33.0
hpt,LineaE:1165,LineaA:1059,64.0
hpt,LineaE:1165,LineaA:1060,28.0
hpt,LineaE:1165,LineaA:1061,29.0
hpt,LineaE:1165,LineaA:1062,21.0
hpt,LineaE:1165,LineaA:1063,32.0
hpt,LineaE:1165,LineaA:1064,23.0
hpt,LineaE:1165,LineaA:1065,21.0
hpt,LineaE:1165,LineaA:1066,10.0
hpt,LineaE:1165,LineaA:1067,6.0
hpt,LineaE:1165,LineaA:1068,36.0
hpt,LineaE:1165,LineaA:1070,7.0
hpt,LineaE:1165,LineaA:1071,4.0
hpt,LineaE:1165,LineaA:1073,2.0
hpt,LineaE:1165,LineaA:1074,4.0
hpt,LineaE:1165,LineaA:1075,2.0
hpt,LineaE:1165,LineaB:1077,35.0
hpt,LineaE:1165,LineaB:1078,15.0
hpt,LineaE:1165,LineaB:1079,12.0
hpt,LineaE:1165,LineaB:1080,4.0
hpt,LineaE:1165,LineaB:1081,30.0
hpt,LineaE:1165,LineaB:1082,7.0
hpt,LineaE:1165,LineaB:1084,24.0
hpt,LineaE:1165,LineaB:1083,20.0
hpt,LineaE:1165,LineaB:1085,12.0
hpt,LineaE:1165,LineaB:1086,7.0
hpt,LineaE:1165,LineaB:1087,2.0
hpt,LineaE:1165,LineaB:1089,4.0
hpt,LineaE:1165,LineaB:1090,2.0
hpt,LineaE:1165,LineaB:1091,2.0
hpt,LineaE:1165,LineaC:1094,58.0
hpt,LineaE:1165,LineaC:1095,2.0
hpt,LineaE:1165,LineaC:1096,15.0
hpt,LineaE:1165,LineaC:1102,4.0
hpt,LineaE:1165,LineaD:1103,18.0
hpt,LineaE:1165,LineaD:1104,4.0
hpt,LineaE:1165,LineaD:1105,4.0
hpt,LineaE:1165,LineaD:1106,4.0
hpt,LineaE:1165,LineaD:1107,2.0
hpt,LineaE:1165,LineaD:1108,4.0
hpt,LineaE:1165,LineaD:1109,7.0
hpt,LineaE:1165,LineaD:1110,4.0
hpt,LineaE:1165,LineaD:1111,8.0
hpt,LineaE:1165,LineaD:1112,4.0
hpt,LineaE:1165,LineaD:1115,4.0
hpt,LineaE:1165,LineaE:1133,79.0
hpt,LineaE:1165,LineaE:1132,22.0
hpt,LineaE:1165,LineaE:1131,23.0
hpt,LineaE:1165,LineaE:1130,50.0
hpt,LineaE:1165,LineaE:1129,48.0
hpt,LineaE:1165,LineaE:1128,50.0
hpt,LineaE:1165,LineaE:1127,34.0
hpt,LineaE:1165,LineaE:1126,29.0
hpt,LineaE:1165,LineaE:1125,12.0
hpt,LineaE:1165,LineaE:1124,15.0
hpt,LineaE:1165,LineaE:1123,16.0
hpt,LineaE:1165,LineaE:1122,4.0
hpt,LineaE:1165,LineaE:1121,27.0
hpt,LineaE:1165,LineaE:1120,12.0
hpt,LineaE:1165,LineaE:1119,7.0
hpt,LineaE:1165,LineaH:1134,16.0
hpt,LineaE:1165,LineaH:1135,2.0
hpt,LineaE:1165,LineaH:1136,2.0
hpt,LineaE:1165,LineaH:1137,4.0
hpt,LineaE:1165,LineaH:1138,5.0
hpt,LineaE:1165,LineaH:1139,8.0
hpt,LineaE:1165,LineaH:1141,2.0
hpt,LineaE:1165,LineaH:1160,2.0
hpt,LineaE:1164,LineaA:1059,25.0
hpt,LineaE:1164,LineaA:1060,4.0
hpt,LineaE:1164,LineaA:1061,12.0
hpt,LineaE:1164,LineaA:1062,4.0
hpt,LineaE:1164,LineaA:1063,10.0
hpt,LineaE:1164,LineaA:1064,6.0
hpt,LineaE:1164,LineaA:1065,4.0
hpt,LineaE:1164,LineaA:1066,2.0
hpt,LineaE:1164,LineaA:1067,2.0
hpt,LineaE:1164,LineaA:1068,6.0
hpt,LineaE:1164,LineaA:1071,2.0
hpt,LineaE:1164,LineaB:1077,2.0
hpt,LineaE:1164,LineaB:1078,2.0
hpt,LineaE:1164,LineaB:1079,4.0
hpt,LineaE:1164,LineaB:1081,10.0
hpt,LineaE:1164,LineaB:1084,9.0
hpt,LineaE:1164,LineaB:1083,9.0
hpt,LineaE:1164,LineaB:1085,9.0
hpt,LineaE:1164,LineaB:1086,8.0
hpt,LineaE:1164,LineaB:1088,2.0
hpt,LineaE:1164,LineaB:1092,2.0
hpt,LineaE:1164,LineaB:1093,6.0
hpt,LineaE:1164,LineaC:1094,40.0
hpt,LineaE:1164,LineaC:1095,2.0
hpt,LineaE:1164,LineaC:1096,2.0
hpt,LineaE:1164,LineaC:1097,2.0
hpt,LineaE:1164,LineaC:1099,2.0
hpt,LineaE:1164,LineaC:1102,3.0
hpt,LineaE:1164,LineaD:1108,2.0
hpt,LineaE:1164,LineaD:1110,2.0
hpt,LineaE:1164,LineaD:1111,2.0
hpt,LineaE:1164,LineaD:1118,4.0
hpt,LineaE:1164,LineaE:1133,52.0
hpt,LineaE:1164,LineaE:1132,20.0
hpt,LineaE:1164,LineaE:1131,14.0
hpt,LineaE:1164,LineaE:1130,37.0
hpt,LineaE:1164,LineaE:1129,18.0
hpt,LineaE:1164,LineaE:1128,37.0
hpt,LineaE:1164,LineaE:1127,28.0
hpt,LineaE:1164,LineaE:1126,29.0
hpt,LineaE:1164,LineaE:1125,10.0
hpt,LineaE:1164,LineaE:1124,10.0
hpt,LineaE:1164,LineaE:1123,17.0
hpt,LineaE:1164,LineaE:1122,10.0
hpt,LineaE:1164,LineaE:1121,29.0
hpt,LineaE:1164,LineaE:1120,7.0
hpt,LineaE:1164,LineaE:1119,4.0
hpt,LineaE:1164,LineaH:1134,4.0
hpt,LineaE:1164,LineaH:1135,4.0
hpt,LineaE:1164,LineaH:1136,4.0
hpt,LineaE:1164,LineaH:1137,4.0
hpt,LineaE:1164,LineaH:1138,6.0
hpt,LineaE:1164,LineaH:1139,2.0
hpt,LineaE:1164,LineaH:1160,2.0
hpt,LineaE:1164,LineaE:1166,6.0
